ISO-10303-21;
HEADER;
FILE_DESCRIPTION (( 'STEP AP214' ),
    '1' );
FILE_NAME ('可安装电机的盖板平台.STEP',
    '2026-09-11T06:41:20',
    ( '' ),
    ( '' ),
    'SwSTEP 2.0',
    'SolidWorks 2025',
    '' );
FILE_SCHEMA (( 'AUTOMOTIVE_DESIGN' ));
ENDSEC;

DATA;
#1 = ORIENTED_EDGE ( 'NONE', *, *, #4065, .T. ) ;
#2 = DIRECTION ( 'NONE',  ( -0.000000000000000000, -0.000000000000000000, 1.000000000000000000 ) ) ;
#3 = DIRECTION ( 'NONE',  ( -1.000000000000000000, 0.000000000000000000, 0.000000000000000000 ) ) ;
#4 = FACE_BOUND ( 'NONE', #2947, .T. ) ;
#5 = VERTEX_POINT ( 'NONE', #2111 ) ;
#6 = CIRCLE ( 'NONE', #543, 2.499999999999245937 ) ;
#7 = CARTESIAN_POINT ( 'NONE',  ( 50.00000000000110134, 25.00000000000011724, -0.001000000000001000089 ) ) ;
#8 = CIRCLE ( 'NONE', #3116, 2.499999999999523492 ) ;
#9 = ORIENTED_EDGE ( 'NONE', *, *, #1901, .T. ) ;
#10 = DIRECTION ( 'NONE',  ( -1.000000000000000000, 0.000000000000000000, 0.000000000000000000 ) ) ;
#11 = ADVANCED_FACE ( 'NONE', ( #148 ), #1759, .F. ) ;
#12 = FACE_OUTER_BOUND ( 'NONE', #1079, .T. ) ;
#13 = ORIENTED_EDGE ( 'NONE', *, *, #3034, .T. ) ;
#14 = DIRECTION ( 'NONE',  ( -1.000000000000000000, 0.000000000000000000, 0.000000000000000000 ) ) ;
#15 = DIRECTION ( 'NONE',  ( 1.000000000000000000, 0.000000000000000000, 0.000000000000000000 ) ) ;
#16 = CARTESIAN_POINT ( 'NONE',  ( -59.99999999999995737, -45.00000000000007816, 0.000000000000000000 ) ) ;
#17 = CYLINDRICAL_SURFACE ( 'NONE', #1799, 41.50000000000000000 ) ;
#18 = VERTEX_POINT ( 'NONE', #3035 ) ;
#19 = CARTESIAN_POINT ( 'NONE',  ( -15.85928699750834348, -34.18354270291760599, 14.00000000000000000 ) ) ;
#20 = EDGE_CURVE ( 'NONE', #399, #3561, #877, .T. ) ;
#21 = AXIS2_PLACEMENT_3D ( 'NONE', #2446, #3732, #2037 ) ;
#22 = VECTOR ( 'NONE', #1485, 1000.000000000000000 ) ;
#23 = ADVANCED_FACE ( 'NONE', ( #2735 ), #2770, .F. ) ;
#24 = VERTEX_POINT ( 'NONE', #1065 ) ;
#25 = CIRCLE ( 'NONE', #3878, 2.500000000000009326 ) ;
#26 = EDGE_LOOP ( 'NONE', ( #2428, #2206, #734, #420 ) ) ;
#27 = CARTESIAN_POINT ( 'NONE',  ( 40.00000000000007816, 45.00000000000031974, 0.000000000000000000 ) ) ;
#28 = CYLINDRICAL_SURFACE ( 'NONE', #1399, 2.500000000000002220 ) ;
#29 = DIRECTION ( 'NONE',  ( -0.000000000000000000, -0.000000000000000000, 1.000000000000000000 ) ) ;
#30 = ADVANCED_FACE ( 'NONE', ( #3326 ), #425, .F. ) ;
#31 = VECTOR ( 'NONE', #2932, 1000.000000000000000 ) ;
#32 = VERTEX_POINT ( 'NONE', #610 ) ;
#33 = DIRECTION ( 'NONE',  ( -0.000000000000000000, -0.000000000000000000, 1.000000000000000000 ) ) ;
#34 = EDGE_LOOP ( 'NONE', ( #2286, #1825 ) ) ;
#35 = FACE_OUTER_BOUND ( 'NONE', #1557, .T. ) ;
#36 = CIRCLE ( 'NONE', #1388, 2.499999999999995115 ) ;
#37 = EDGE_CURVE ( 'NONE', #2092, #2033, #417, .T. ) ;
#38 = CYLINDRICAL_SURFACE ( 'NONE', #3226, 2.500000000000002220 ) ;
#39 = VECTOR ( 'NONE', #3984, 1000.000000000000000 ) ;
#40 = ORIENTED_EDGE ( 'NONE', *, *, #4032, .T. ) ;
#41 = EDGE_CURVE ( 'NONE', #4047, #18, #542, .T. ) ;
#42 = FACE_OUTER_BOUND ( 'NONE', #440, .T. ) ;
#43 = CARTESIAN_POINT ( 'NONE',  ( -15.85928699750834348, -34.18354270291760599, 0.000000000000000000 ) ) ;
#44 = DIRECTION ( 'NONE',  ( 1.000000000000000000, 0.000000000000000000, 0.000000000000000000 ) ) ;
#45 = AXIS2_PLACEMENT_3D ( 'NONE', #1256, #2590, #936 ) ;
#46 = CARTESIAN_POINT ( 'NONE',  ( -49.99999999999995737, -45.00000000000017764, 0.000000000000000000 ) ) ;
#47 = ORIENTED_EDGE ( 'NONE', *, *, #1282, .T. ) ;
#48 = VECTOR ( 'NONE', #1834, 1000.000000000000000 ) ;
#49 = LINE ( 'NONE', #1345, #1812 ) ;
#50 = AXIS2_PLACEMENT_3D ( 'NONE', #376, #2923, #69 ) ;
#51 = ADVANCED_FACE ( 'NONE', ( #3191 ), #2177, .F. ) ;
#52 = VECTOR ( 'NONE', #2032, 1000.000000000000000 ) ;
#53 = EDGE_CURVE ( 'NONE', #1544, #3713, #2313, .T. ) ;
#54 = VECTOR ( 'NONE', #3953, 1000.000000000000000 ) ;
#55 = VERTEX_POINT ( 'NONE', #2129 ) ;
#56 = ORIENTED_EDGE ( 'NONE', *, *, #145, .T. ) ;
#57 = DIRECTION ( 'NONE',  ( -0.000000000000000000, -0.000000000000000000, 1.000000000000000000 ) ) ;
#58 = DIRECTION ( 'NONE',  ( -0.000000000000000000, -0.000000000000000000, 1.000000000000000000 ) ) ;
#59 = FACE_OUTER_BOUND ( 'NONE', #955, .T. ) ;
#60 = AXIS2_PLACEMENT_3D ( 'NONE', #993, #2352, #2966 ) ;
#61 = AXIS2_PLACEMENT_3D ( 'NONE', #951, #2246, #4194 ) ;
#62 = ORIENTED_EDGE ( 'NONE', *, *, #2586, .F. ) ;
#63 = DIRECTION ( 'NONE',  ( -0.000000000000000000, -0.000000000000000000, 1.000000000000000000 ) ) ;
#64 = VERTEX_POINT ( 'NONE', #835 ) ;
#65 = DIRECTION ( 'NONE',  ( -0.000000000000000000, -0.000000000000000000, 1.000000000000000000 ) ) ;
#66 = CARTESIAN_POINT ( 'NONE',  ( 57.50000000000201794, -35.00000000000014211, 20.00000000000000000 ) ) ;
#67 = VERTEX_POINT ( 'NONE', #1836 ) ;
#68 = DIRECTION ( 'NONE',  ( -1.000000000000000000, 0.000000000000000000, 0.000000000000000000 ) ) ;
#69 = DIRECTION ( 'NONE',  ( 1.000000000000000000, 0.000000000000000000, 0.000000000000000000 ) ) ;
#70 = CARTESIAN_POINT ( 'NONE',  ( 45.00000000000044054, 15.00000000000018296, 20.00000000000000000 ) ) ;
#71 = FACE_BOUND ( 'NONE', #151, .T. ) ;
#72 = ORIENTED_EDGE ( 'NONE', *, *, #1718, .T. ) ;
#73 = ORIENTED_EDGE ( 'NONE', *, *, #894, .F. ) ;
#74 = ORIENTED_EDGE ( 'NONE', *, *, #1831, .F. ) ;
#75 = CARTESIAN_POINT ( 'NONE',  ( 62.50000000000072475, 45.00000000000007816, 0.000000000000000000 ) ) ;
#76 = DIRECTION ( 'NONE',  ( -1.000000000000000000, 0.000000000000000000, 0.000000000000000000 ) ) ;
#77 = CARTESIAN_POINT ( 'NONE',  ( 37.49999999999996447, 45.00000000000031974, 20.00000000000000000 ) ) ;
#78 = ORIENTED_EDGE ( 'NONE', *, *, #1294, .T. ) ;
#79 = DIRECTION ( 'NONE',  ( -1.000000000000000000, 0.000000000000000000, 0.000000000000000000 ) ) ;
#80 = ORIENTED_EDGE ( 'NONE', *, *, #2351, .F. ) ;
#81 = CARTESIAN_POINT ( 'NONE',  ( 54.99999999999985789, -35.00000000000014211, -0.001000000000001000089 ) ) ;
#82 = EDGE_CURVE ( 'NONE', #2015, #674, #3721, .T. ) ;
#83 = LINE ( 'NONE', #280, #1196 ) ;
#84 = ORIENTED_EDGE ( 'NONE', *, *, #903, .T. ) ;
#85 = CARTESIAN_POINT ( 'NONE',  ( 50.00000000000110134, 25.00000000000011724, 0.000000000000000000 ) ) ;
#86 = DIRECTION ( 'NONE',  ( 0.000000000000000000, 0.000000000000000000, 1.000000000000000000 ) ) ;
#87 = FACE_OUTER_BOUND ( 'NONE', #785, .T. ) ;
#88 = FACE_BOUND ( 'NONE', #156, .T. ) ;
#89 = EDGE_LOOP ( 'NONE', ( #2265, #3311, #47, #141 ) ) ;
#90 = ORIENTED_EDGE ( 'NONE', *, *, #1984, .T. ) ;
#91 = EDGE_CURVE ( 'NONE', #3744, #3567, #1246, .T. ) ;
#92 = ORIENTED_EDGE ( 'NONE', *, *, #985, .F. ) ;
#93 = ADVANCED_FACE ( 'NONE', ( #2834 ), #3420, .F. ) ;
#94 = CYLINDRICAL_SURFACE ( 'NONE', #1647, 2.500000000000543565 ) ;
#95 = CYLINDRICAL_SURFACE ( 'NONE', #1790, 2.500000000000293543 ) ;
#96 = AXIS2_PLACEMENT_3D ( 'NONE', #2318, #3583, #3261 ) ;
#97 = PRODUCT ( '\X2\53ef5b8988c57535673a768476d6677f5e7353f0\X0\', '\X2\53ef5b8988c57535673a768476d6677f5e7353f0\X0\', '', ( #3510 ) ) ;
#98 = AXIS2_PLACEMENT_3D ( 'NONE', #2392, #441, #3981 ) ;
#99 = ORIENTED_EDGE ( 'NONE', *, *, #3403, .T. ) ;
#100 = CARTESIAN_POINT ( 'NONE',  ( -35.00000000000009237, 35.00000000000041922, -0.001000000000001000089 ) ) ;
#101 = ORIENTED_EDGE ( 'NONE', *, *, #3285, .F. ) ;
#102 = DIRECTION ( 'NONE',  ( -0.000000000000000000, -0.000000000000000000, 1.000000000000000000 ) ) ;
#103 = AXIS2_PLACEMENT_3D ( 'NONE', #802, #2500, #3683 ) ;
#104 = LINE ( 'NONE', #2035, #1949 ) ;
#105 = EDGE_CURVE ( 'NONE', #3319, #950, #948, .T. ) ;
#106 = EDGE_LOOP ( 'NONE', ( #3997, #2089, #316, #3518 ) ) ;
#107 = CARTESIAN_POINT ( 'NONE',  ( 42.49999999999877787, -35.00000000000024869, 0.000000000000000000 ) ) ;
#108 = DIRECTION ( 'NONE',  ( 0.000000000000000000, 0.000000000000000000, 1.000000000000000000 ) ) ;
#109 = VECTOR ( 'NONE', #705, 1000.000000000000000 ) ;
#110 = CARTESIAN_POINT ( 'NONE',  ( -62.50000000000113687, 24.99999999999997868, -0.001000000000001000089 ) ) ;
#111 = EDGE_CURVE ( 'NONE', #2069, #674, #1884, .T. ) ;
#112 = FACE_BOUND ( 'NONE', #538, .T. ) ;
#113 = DIRECTION ( 'NONE',  ( -0.000000000000000000, -0.000000000000000000, 1.000000000000000000 ) ) ;
#114 = VECTOR ( 'NONE', #3730, 1000.000000000000000 ) ;
#115 = EDGE_LOOP ( 'NONE', ( #1006, #1305, #3168, #3807 ) ) ;
#116 = VERTEX_POINT ( 'NONE', #2512 ) ;
#117 = DIRECTION ( 'NONE',  ( -0.000000000000000000, -0.000000000000000000, 1.000000000000000000 ) ) ;
#118 = CARTESIAN_POINT ( 'NONE',  ( 47.49999999999810285, -45.00000000000017764, 20.00000000000000000 ) ) ;
#119 = AXIS2_PLACEMENT_3D ( 'NONE', #1795, #3348, #2128 ) ;
#120 = AXIS2_PLACEMENT_3D ( 'NONE', #991, #3230, #1329 ) ;
#121 = ORIENTED_EDGE ( 'NONE', *, *, #3386, .T. ) ;
#122 = CARTESIAN_POINT ( 'NONE',  ( -62.50000000000112266, -24.99999999999998934, 20.00000000000000000 ) ) ;
#123 = ORIENTED_EDGE ( 'NONE', *, *, #3192, .T. ) ;
#124 = CARTESIAN_POINT ( 'NONE',  ( -60.00000000000112266, 24.99999999999997868, 20.00000000000000000 ) ) ;
#125 = AXIS2_PLACEMENT_3D ( 'NONE', #1966, #3979, #1713 ) ;
#126 = DIRECTION ( 'NONE',  ( 0.000000000000000000, 0.000000000000000000, 1.000000000000000000 ) ) ;
#127 = ORIENTED_EDGE ( 'NONE', *, *, #4163, .T. ) ;
#128 = DIRECTION ( 'NONE',  ( 0.000000000000000000, 0.000000000000000000, 1.000000000000000000 ) ) ;
#129 = CARTESIAN_POINT ( 'NONE',  ( -50.00000000000110134, 25.00000000000011724, -0.001000000000001000089 ) ) ;
#130 = ADVANCED_BREP_SHAPE_REPRESENTATION ( '\X2\53ef5b8988c57535673a768476d6677f5e7353f0\X0\', ( #3269, #972 ), #1045 ) ;
#131 = CARTESIAN_POINT ( 'NONE',  ( 55.00000000000103029, -15.00000000000003020, -0.001000000000001000089 ) ) ;
#132 = ORIENTED_EDGE ( 'NONE', *, *, #1901, .F. ) ;
#133 = ORIENTED_EDGE ( 'NONE', *, *, #2696, .F. ) ;
#134 = ORIENTED_EDGE ( 'NONE', *, *, #1462, .T. ) ;
#135 = DIRECTION ( 'NONE',  ( -0.000000000000000000, -0.000000000000000000, 1.000000000000000000 ) ) ;
#136 = LINE ( 'NONE', #153, #2607 ) ;
#137 = ORIENTED_EDGE ( 'NONE', *, *, #2242, .F. ) ;
#138 = DIRECTION ( 'NONE',  ( 1.000000000000000000, 0.000000000000000000, 0.000000000000000000 ) ) ;
#139 = EDGE_LOOP ( 'NONE', ( #1608, #556, #1448, #2100 ) ) ;
#140 = CARTESIAN_POINT ( 'NONE',  ( 42.50000000000127187, -45.00000000000031974, 20.00000000000000000 ) ) ;
#141 = ORIENTED_EDGE ( 'NONE', *, *, #3482, .T. ) ;
#142 = DIRECTION ( 'NONE',  ( 1.000000000000000000, 0.000000000000000000, 0.000000000000000000 ) ) ;
#143 = CYLINDRICAL_SURFACE ( 'NONE', #498, 2.499999999999523492 ) ;
#144 = EDGE_CURVE ( 'NONE', #3194, #1321, #2653, .T. ) ;
#145 = EDGE_CURVE ( 'NONE', #3361, #2967, #418, .T. ) ;
#146 = DIRECTION ( 'NONE',  ( 1.000000000000000000, 0.000000000000000000, 0.000000000000000000 ) ) ;
#147 = AXIS2_PLACEMENT_3D ( 'NONE', #70, #1363, #2241 ) ;
#148 = FACE_OUTER_BOUND ( 'NONE', #4118, .T. ) ;
#149 = ORIENTED_EDGE ( 'NONE', *, *, #3339, .F. ) ;
#150 = ADVANCED_FACE ( 'NONE', ( #286 ), #4055, .F. ) ;
#151 = EDGE_LOOP ( 'NONE', ( #2389, #975 ) ) ;
#152 = LINE ( 'NONE', #528, #2118 ) ;
#153 = CARTESIAN_POINT ( 'NONE',  ( -32.50000000000071765, -45.00000000000038369, -0.001000000000001000089 ) ) ;
#154 = EDGE_CURVE ( 'NONE', #2791, #2654, #2576, .T. ) ;
#155 = EDGE_LOOP ( 'NONE', ( #3990, #3316 ) ) ;
#156 = EDGE_LOOP ( 'NONE', ( #2959, #1367 ) ) ;
#157 = CARTESIAN_POINT ( 'NONE',  ( 52.50000000000102318, 15.00000000000004441, 20.00000000000000000 ) ) ;
#158 = EDGE_CURVE ( 'NONE', #864, #3989, #902, .T. ) ;
#159 = AXIS2_PLACEMENT_3D ( 'NONE', #85, #1377, #1361 ) ;
#160 = CIRCLE ( 'NONE', #3399, 2.500000000000293543 ) ;
#161 = VERTEX_POINT ( 'NONE', #3107 ) ;
#162 = AXIS2_PLACEMENT_3D ( 'NONE', #944, #1219, #2510 ) ;
#163 = CARTESIAN_POINT ( 'NONE',  ( -32.48354270291755341, 14.15928699750846853, 14.00000000000000000 ) ) ;
#164 = LINE ( 'NONE', #1849, #2182 ) ;
#165 = AXIS2_PLACEMENT_3D ( 'NONE', #911, #2208, #935 ) ;
#166 = AXIS2_PLACEMENT_3D ( 'NONE', #4006, #1780, #3073 ) ;
#167 = DIRECTION ( 'NONE',  ( -0.000000000000000000, -0.000000000000000000, 1.000000000000000000 ) ) ;
#168 = EDGE_LOOP ( 'NONE', ( #2114, #3197 ) ) ;
#169 = ORIENTED_EDGE ( 'NONE', *, *, #3045, .T. ) ;
#170 = ORIENTED_EDGE ( 'NONE', *, *, #3397, .T. ) ;
#171 = CARTESIAN_POINT ( 'NONE',  ( -55.00000000000101608, -15.00000000000005862, 0.000000000000000000 ) ) ;
#172 = DIRECTION ( 'NONE',  ( -0.000000000000000000, -0.000000000000000000, 1.000000000000000000 ) ) ;
#173 = AXIS2_PLACEMENT_3D ( 'NONE', #2524, #867, #1850 ) ;
#174 = EDGE_CURVE ( 'NONE', #2244, #909, #2788, .T. ) ;
#175 = CIRCLE ( 'NONE', #2543, 2.500000000002160050 ) ;
#176 = ORIENTED_EDGE ( 'NONE', *, *, #4150, .T. ) ;
#177 = UNCERTAINTY_MEASURE_WITH_UNIT (LENGTH_MEASURE( 1.000000000000000082E-05 ), #1168, 'distance_accuracy_value', 'NONE');
#178 = ORIENTED_EDGE ( 'NONE', *, *, #3444, .F. ) ;
#179 = CARTESIAN_POINT ( 'NONE',  ( 67.50000000000000000, 49.99999999999999289, 20.00000000000000000 ) ) ;
#180 = CARTESIAN_POINT ( 'NONE',  ( 57.50000000000110845, -24.99999999999996447, 20.00000000000000000 ) ) ;
#181 = CIRCLE ( 'NONE', #3150, 2.499999999999253042 ) ;
#182 = VECTOR ( 'NONE', #1603, 1000.000000000000000 ) ;
#183 = ORIENTED_EDGE ( 'NONE', *, *, #3794, .T. ) ;
#184 = DIRECTION ( 'NONE',  ( 1.000000000000000000, 0.000000000000000000, 0.000000000000000000 ) ) ;
#185 = VECTOR ( 'NONE', #1355, 1000.000000000000000 ) ;
#186 = FACE_BOUND ( 'NONE', #1053, .T. ) ;
#187 = CARTESIAN_POINT ( 'NONE',  ( 34.18354270291755626, 14.15928699750848097, 0.000000000000000000 ) ) ;
#188 = VERTEX_POINT ( 'NONE', #1175 ) ;
#189 = VERTEX_POINT ( 'NONE', #4123 ) ;
#190 = CARTESIAN_POINT ( 'NONE',  ( 60.00000000000112266, 24.99999999999997868, -0.001000000000001000089 ) ) ;
#191 = DIRECTION ( 'NONE',  ( 0.000000000000000000, 0.000000000000000000, 1.000000000000000000 ) ) ;
#192 = EDGE_CURVE ( 'NONE', #1855, #2977, #2919, .T. ) ;
#193 = ORIENTED_EDGE ( 'NONE', *, *, #2167, .T. ) ;
#194 = ORIENTED_EDGE ( 'NONE', *, *, #1491, .T. ) ;
#195 = CYLINDRICAL_SURFACE ( 'NONE', #3284, 2.499999999998135713 ) ;
#196 = DIRECTION ( 'NONE',  ( 1.000000000000000000, 0.000000000000000000, 0.000000000000000000 ) ) ;
#197 = DIRECTION ( 'NONE',  ( -0.000000000000000000, -0.000000000000000000, 1.000000000000000000 ) ) ;
#198 = EDGE_CURVE ( 'NONE', #257, #2819, #876, .T. ) ;
#199 = ORIENTED_EDGE ( 'NONE', *, *, #3272, .F. ) ;
#200 = DIRECTION ( 'NONE',  ( -1.000000000000000000, 0.000000000000000000, 0.000000000000000000 ) ) ;
#201 = EDGE_CURVE ( 'NONE', #3562, #1366, #4001, .T. ) ;
#202 = EDGE_CURVE ( 'NONE', #1751, #214, #3279, .T. ) ;
#203 = PLANE ( 'NONE',  #655 ) ;
#204 = DIRECTION ( 'NONE',  ( 0.000000000000000000, 0.000000000000000000, 1.000000000000000000 ) ) ;
#205 = EDGE_CURVE ( 'NONE', #2915, #347, #1833, .T. ) ;
#206 = AXIS2_PLACEMENT_3D ( 'NONE', #1379, #2378, #2695 ) ;
#207 = ORIENTED_EDGE ( 'NONE', *, *, #3512, .F. ) ;
#208 = DIRECTION ( 'NONE',  ( -0.000000000000000000, -0.000000000000000000, 1.000000000000000000 ) ) ;
#209 = ORIENTED_EDGE ( 'NONE', *, *, #4074, .T. ) ;
#210 = LINE ( 'NONE', #3056, #2674 ) ;
#211 = CARTESIAN_POINT ( 'NONE',  ( -52.50000000000141398, 35.00000000000014211, 20.00000000000000000 ) ) ;
#212 = EDGE_CURVE ( 'NONE', #2244, #2411, #3792, .T. ) ;
#213 = VERTEX_POINT ( 'NONE', #1337 ) ;
#214 = VERTEX_POINT ( 'NONE', #3255 ) ;
#215 = CARTESIAN_POINT ( 'NONE',  ( -47.50000000000070344, -45.00000000000017764, 20.00000000000000000 ) ) ;
#216 = DIRECTION ( 'NONE',  ( 1.000000000000000000, 0.000000000000000000, 0.000000000000000000 ) ) ;
#217 = CARTESIAN_POINT ( 'NONE',  ( 14.15928699750835840, -34.18354270291759889, 0.000000000000000000 ) ) ;
#218 = ORIENTED_EDGE ( 'NONE', *, *, #2727, .T. ) ;
#219 = CARTESIAN_POINT ( 'NONE',  ( 60.00000000000112976, -24.99999999999996447, 0.000000000000000000 ) ) ;
#220 = AXIS2_PLACEMENT_3D ( 'NONE', #1675, #2968, #68 ) ;
#221 = CIRCLE ( 'NONE', #1380, 2.500000000000002220 ) ;
#222 = AXIS2_PLACEMENT_3D ( 'NONE', #2604, #2922, #3618 ) ;
#223 = DIRECTION ( 'NONE',  ( -0.000000000000000000, -0.000000000000000000, 1.000000000000000000 ) ) ;
#224 = DIRECTION ( 'NONE',  ( 1.000000000000000000, 0.000000000000000000, 0.000000000000000000 ) ) ;
#225 = CIRCLE ( 'NONE', #3264, 2.500000000000113243 ) ;
#226 = ORIENTED_EDGE ( 'NONE', *, *, #1844, .F. ) ;
#227 = FACE_BOUND ( 'NONE', #546, .T. ) ;
#228 = ORIENTED_EDGE ( 'NONE', *, *, #202, .T. ) ;
#229 = DIRECTION ( 'NONE',  ( -0.000000000000000000, -0.000000000000000000, 1.000000000000000000 ) ) ;
#230 = CARTESIAN_POINT ( 'NONE',  ( -44.99999999999997158, -35.00000000000024869, -0.001000000000001000089 ) ) ;
#231 = CIRCLE ( 'NONE', #1793, 2.500000000000550227 ) ;
#232 = ORIENTED_EDGE ( 'NONE', *, *, #1831, .T. ) ;
#233 = ORIENTED_EDGE ( 'NONE', *, *, #3649, .T. ) ;
#234 = CARTESIAN_POINT ( 'NONE',  ( -62.50000000000113687, 24.99999999999997868, 0.000000000000000000 ) ) ;
#235 = FACE_OUTER_BOUND ( 'NONE', #89, .T. ) ;
#236 = FACE_BOUND ( 'NONE', #1778, .T. ) ;
#237 = CARTESIAN_POINT ( 'NONE',  ( 52.49999999999769784, -35.00000000000014211, 0.000000000000000000 ) ) ;
#238 = ORIENTED_EDGE ( 'NONE', *, *, #2274, .T. ) ;
#239 = DIRECTION ( 'NONE',  ( 0.000000000000000000, 0.000000000000000000, 1.000000000000000000 ) ) ;
#240 = VECTOR ( 'NONE', #545, 1000.000000000000000 ) ;
#241 = AXIS2_PLACEMENT_3D ( 'NONE', #3436, #1174, #3506 ) ;
#242 = AXIS2_PLACEMENT_3D ( 'NONE', #4010, #1115, #3003 ) ;
#243 = PLANE ( 'NONE',  #2421 ) ;
#244 = LINE ( 'NONE', #2150, #2795 ) ;
#245 = DIRECTION ( 'NONE',  ( 1.000000000000000000, 0.000000000000000000, 0.000000000000000000 ) ) ;
#246 = DIRECTION ( 'NONE',  ( -0.000000000000000000, -0.000000000000000000, 1.000000000000000000 ) ) ;
#247 = CIRCLE ( 'NONE', #125, 1.700000000000001954 ) ;
#248 = CARTESIAN_POINT ( 'NONE',  ( -35.00000000000009237, -35.00000000000041922, -0.001000000000001000089 ) ) ;
#249 = EDGE_LOOP ( 'NONE', ( #3359, #2362 ) ) ;
#250 =( NAMED_UNIT ( * ) PLANE_ANGLE_UNIT ( ) SI_UNIT ( $, .RADIAN. ) );
#251 = DIRECTION ( 'NONE',  ( 1.000000000000000000, 0.000000000000000000, 0.000000000000000000 ) ) ;
#252 = ORIENTED_EDGE ( 'NONE', *, *, #1604, .T. ) ;
#253 = ORIENTED_EDGE ( 'NONE', *, *, #111, .T. ) ;
#254 = CARTESIAN_POINT ( 'NONE',  ( 15.85928699750810367, 34.18354270291769836, 0.000000000000000000 ) ) ;
#255 = CARTESIAN_POINT ( 'NONE',  ( -14.15928699750834419, -34.18354270291760599, 14.00000000000000000 ) ) ;
#256 = FACE_BOUND ( 'NONE', #1673, .T. ) ;
#257 = VERTEX_POINT ( 'NONE', #2945 ) ;
#258 = CARTESIAN_POINT ( 'NONE',  ( 52.50000000000071765, 45.00000000000017764, 20.00000000000000000 ) ) ;
#259 = ORIENTED_EDGE ( 'NONE', *, *, #198, .T. ) ;
#260 = FACE_OUTER_BOUND ( 'NONE', #2044, .T. ) ;
#261 = CARTESIAN_POINT ( 'NONE',  ( -32.50000000000071765, -45.00000000000038369, 0.000000000000000000 ) ) ;
#262 = EDGE_CURVE ( 'NONE', #2977, #1855, #2386, .T. ) ;
#263 = EDGE_CURVE ( 'NONE', #1866, #908, #3871, .T. ) ;
#264 = CARTESIAN_POINT ( 'NONE',  ( 47.50000000000116529, -35.00000000000024869, 20.00000000000000000 ) ) ;
#265 = CARTESIAN_POINT ( 'NONE',  ( 47.50000000000009237, 35.00000000000024869, -0.001000000000001000089 ) ) ;
#266 = CARTESIAN_POINT ( 'NONE',  ( 60.00000000000112266, 24.99999999999997868, 20.00000000000000000 ) ) ;
#267 = DIRECTION ( 'NONE',  ( 1.000000000000000000, 0.000000000000000000, 0.000000000000000000 ) ) ;
#268 = ORIENTED_EDGE ( 'NONE', *, *, #4165, .T. ) ;
#269 = DIRECTION ( 'NONE',  ( -1.000000000000000000, 0.000000000000000000, 0.000000000000000000 ) ) ;
#270 = VECTOR ( 'NONE', #589, 1000.000000000000000 ) ;
#271 = EDGE_CURVE ( 'NONE', #1376, #1443, #1097, .T. ) ;
#272 = EDGE_LOOP ( 'NONE', ( #475, #1158 ) ) ;
#273 = ORIENTED_EDGE ( 'NONE', *, *, #2784, .T. ) ;
#274 = DIRECTION ( 'NONE',  ( -0.000000000000000000, -0.000000000000000000, 1.000000000000000000 ) ) ;
#275 = CARTESIAN_POINT ( 'NONE',  ( -37.50000000000125766, 45.00000000000031974, 0.000000000000000000 ) ) ;
#276 = EDGE_CURVE ( 'NONE', #750, #994, #6, .T. ) ;
#277 = CARTESIAN_POINT ( 'NONE',  ( 57.50000000000091660, 35.00000000000014211, 20.00000000000000000 ) ) ;
#278 = ORIENTED_EDGE ( 'NONE', *, *, #2351, .T. ) ;
#279 = EDGE_CURVE ( 'NONE', #2024, #3452, #2925, .T. ) ;
#280 = CARTESIAN_POINT ( 'NONE',  ( 47.49999999999918998, 45.00000000000017764, -0.001000000000001000089 ) ) ;
#281 = VERTEX_POINT ( 'NONE', #626 ) ;
#282 = DIRECTION ( 'NONE',  ( 1.000000000000000000, 0.000000000000000000, 0.000000000000000000 ) ) ;
#283 = CARTESIAN_POINT ( 'NONE',  ( 32.48354270291765999, -14.15928699750821984, 0.000000000000000000 ) ) ;
#284 = CARTESIAN_POINT ( 'NONE',  ( 32.48354270291765999, -14.15928699750821984, 0.000000000000000000 ) ) ;
#285 =( NAMED_UNIT ( * ) SI_UNIT ( $, .STERADIAN. ) SOLID_ANGLE_UNIT ( ) );
#286 = FACE_OUTER_BOUND ( 'NONE', #2739, .T. ) ;
#287 = AXIS2_PLACEMENT_3D ( 'NONE', #1107, #790, #3072 ) ;
#288 = CARTESIAN_POINT ( 'NONE',  ( -42.50000000000043343, -15.00000000000019362, 0.000000000000000000 ) ) ;
#289 = VERTEX_POINT ( 'NONE', #1038 ) ;
#290 = CARTESIAN_POINT ( 'NONE',  ( -57.50000000000130740, -15.00000000000005862, -0.001000000000001000089 ) ) ;
#291 = ORIENTED_EDGE ( 'NONE', *, *, #158, .F. ) ;
#292 = AXIS2_PLACEMENT_3D ( 'NONE', #2438, #3406, #473 ) ;
#293 = VERTEX_POINT ( 'NONE', #946 ) ;
#294 = DIRECTION ( 'NONE',  ( -0.000000000000000000, -0.000000000000000000, 1.000000000000000000 ) ) ;
#295 = CARTESIAN_POINT ( 'NONE',  ( 47.50000000000044764, 15.00000000000018296, 0.000000000000000000 ) ) ;
#296 = FACE_BOUND ( 'NONE', #2400, .T. ) ;
#297 = ADVANCED_FACE ( 'NONE', ( #3893 ), #1971, .F. ) ;
#298 = DIRECTION ( 'NONE',  ( -1.000000000000000000, 0.000000000000000000, 0.000000000000000000 ) ) ;
#299 = EDGE_LOOP ( 'NONE', ( #2635, #1139, #2372, #3930 ) ) ;
#300 = CARTESIAN_POINT ( 'NONE',  ( 42.50000000000044054, 15.00000000000018296, 20.00000000000000000 ) ) ;
#301 = AXIS2_PLACEMENT_3D ( 'NONE', #2341, #2979, #76 ) ;
#302 = CYLINDRICAL_SURFACE ( 'NONE', #2895, 2.500000000000765610 ) ;
#303 = ORIENTED_EDGE ( 'NONE', *, *, #3339, .T. ) ;
#304 = CIRCLE ( 'NONE', #3900, 1.700000000000000178 ) ;
#305 = CARTESIAN_POINT ( 'NONE',  ( 54.99999999999985789, 35.00000000000014211, 20.00000000000000000 ) ) ;
#306 = CARTESIAN_POINT ( 'NONE',  ( 50.00000000000110845, -25.00000000000010303, 20.00000000000000000 ) ) ;
#307 = CARTESIAN_POINT ( 'NONE',  ( 12.45928699750810331, 34.18354270291769836, 0.000000000000000000 ) ) ;
#308 = AXIS2_PLACEMENT_3D ( 'NONE', #1064, #761, #146 ) ;
#309 = VECTOR ( 'NONE', #2281, 1000.000000000000000 ) ;
#310 = DIRECTION ( 'NONE',  ( -1.000000000000000000, 0.000000000000000000, 0.000000000000000000 ) ) ;
#311 = VERTEX_POINT ( 'NONE', #2290 ) ;
#312 = DIRECTION ( 'NONE',  ( -1.000000000000000000, 0.000000000000000000, 0.000000000000000000 ) ) ;
#313 = VECTOR ( 'NONE', #1990, 1000.000000000000000 ) ;
#314 = ORIENTED_EDGE ( 'NONE', *, *, #3204, .F. ) ;
#315 = CIRCLE ( 'NONE', #2700, 2.499999999998822720 ) ;
#316 = ORIENTED_EDGE ( 'NONE', *, *, #3366, .T. ) ;
#317 = EDGE_CURVE ( 'NONE', #2616, #1463, #2508, .T. ) ;
#318 = DIRECTION ( 'NONE',  ( -1.000000000000000000, 0.000000000000000000, 0.000000000000000000 ) ) ;
#319 = DIRECTION ( 'NONE',  ( -0.000000000000000000, -1.000000000000000000, -0.000000000000000000 ) ) ;
#320 = FACE_BOUND ( 'NONE', #2338, .T. ) ;
#321 = ORIENTED_EDGE ( 'NONE', *, *, #2457, .F. ) ;
#322 = FACE_OUTER_BOUND ( 'NONE', #3749, .T. ) ;
#323 = EDGE_LOOP ( 'NONE', ( #3409, #1933 ) ) ;
#324 = DIRECTION ( 'NONE',  ( -1.000000000000000000, 0.000000000000000000, 0.000000000000000000 ) ) ;
#325 = DIRECTION ( 'NONE',  ( 1.000000000000000000, 0.000000000000000000, 0.000000000000000000 ) ) ;
#326 = EDGE_CURVE ( 'NONE', #1366, #3194, #3621, .T. ) ;
#327 = ORIENTED_EDGE ( 'NONE', *, *, #4136, .T. ) ;
#328 = DIRECTION ( 'NONE',  ( -1.000000000000000000, 0.000000000000000000, 0.000000000000000000 ) ) ;
#329 = LINE ( 'NONE', #3919, #367 ) ;
#330 = DIRECTION ( 'NONE',  ( 0.000000000000000000, 0.000000000000000000, 1.000000000000000000 ) ) ;
#331 = ADVANCED_FACE ( 'NONE', ( #1270 ), #971, .F. ) ;
#332 = CARTESIAN_POINT ( 'NONE',  ( -60.00000000000112266, 24.99999999999997868, 20.00000000000000000 ) ) ;
#333 = EDGE_CURVE ( 'NONE', #569, #1046, #1224, .T. ) ;
#334 = ORIENTED_EDGE ( 'NONE', *, *, #3219, .F. ) ;
#335 = APPLICATION_PROTOCOL_DEFINITION ( 'draft international standard', 'automotive_design', 1998, #1783 ) ;
#336 = LINE ( 'NONE', #1298, #1272 ) ;
#337 = ORIENTED_EDGE ( 'NONE', *, *, #3653, .F. ) ;
#338 = EDGE_LOOP ( 'NONE', ( #3243, #2884, #1724, #770 ) ) ;
#339 = DIRECTION ( 'NONE',  ( 1.000000000000000000, 0.000000000000000000, 0.000000000000000000 ) ) ;
#340 = DIRECTION ( 'NONE',  ( 1.000000000000000000, 0.000000000000000000, 0.000000000000000000 ) ) ;
#341 = DIRECTION ( 'NONE',  ( -1.000000000000000000, 0.000000000000000000, 0.000000000000000000 ) ) ;
#342 = EDGE_CURVE ( 'NONE', #2761, #1622, #1635, .T. ) ;
#343 = EDGE_CURVE ( 'NONE', #674, #2015, #2173, .T. ) ;
#344 = EDGE_LOOP ( 'NONE', ( #2799, #3950, #2074, #2803 ) ) ;
#345 = AXIS2_PLACEMENT_3D ( 'NONE', #3528, #1926, #4191 ) ;
#346 = CARTESIAN_POINT ( 'NONE',  ( 47.49999999999918998, 45.00000000000017764, 0.000000000000000000 ) ) ;
#347 = VERTEX_POINT ( 'NONE', #307 ) ;
#348 = DIRECTION ( 'NONE',  ( -0.000000000000000000, -0.000000000000000000, 1.000000000000000000 ) ) ;
#349 = FACE_OUTER_BOUND ( 'NONE', #2836, .T. ) ;
#350 = EDGE_LOOP ( 'NONE', ( #3215, #1384 ) ) ;
#351 = CARTESIAN_POINT ( 'NONE',  ( -30.00000000000019185, -45.00000000000038369, -0.001000000000001000089 ) ) ;
#352 = DIRECTION ( 'NONE',  ( 1.000000000000000000, 0.000000000000000000, 0.000000000000000000 ) ) ;
#353 = CARTESIAN_POINT ( 'NONE',  ( 55.00000000000102318, 15.00000000000004441, -0.001000000000001000089 ) ) ;
#354 = ADVANCED_FACE ( 'NONE', ( #2902 ), #1292, .F. ) ;
#355 = EDGE_CURVE ( 'NONE', #4034, #213, #954, .T. ) ;
#356 = VECTOR ( 'NONE', #1118, 1000.000000000000000 ) ;
#357 = CARTESIAN_POINT ( 'NONE',  ( 30.00000000000019185, 45.00000000000038369, 0.000000000000000000 ) ) ;
#358 = VERTEX_POINT ( 'NONE', #2358 ) ;
#359 = DIRECTION ( 'NONE',  ( -0.000000000000000000, -0.000000000000000000, 1.000000000000000000 ) ) ;
#360 = AXIS2_PLACEMENT_3D ( 'NONE', #580, #893, #282 ) ;
#361 = EDGE_LOOP ( 'NONE', ( #1098, #2045, #988, #3392 ) ) ;
#362 = CIRCLE ( 'NONE', #2736, 2.500000000000113243 ) ;
#363 = ORIENTED_EDGE ( 'NONE', *, *, #53, .F. ) ;
#364 = CARTESIAN_POINT ( 'NONE',  ( 35.00000000000009237, -35.00000000000041922, -0.001000000000001000089 ) ) ;
#365 = FACE_OUTER_BOUND ( 'NONE', #2707, .T. ) ;
#366 = CARTESIAN_POINT ( 'NONE',  ( -59.99999999999995737, 45.00000000000007816, 20.00000000000000000 ) ) ;
#367 = VECTOR ( 'NONE', #2310, 1000.000000000000000 ) ;
#368 = EDGE_LOOP ( 'NONE', ( #2547, #3588 ) ) ;
#369 = CARTESIAN_POINT ( 'NONE',  ( 50.00000000000110845, -25.00000000000010303, 0.000000000000000000 ) ) ;
#370 = ORIENTED_EDGE ( 'NONE', *, *, #2099, .F. ) ;
#371 = CARTESIAN_POINT ( 'NONE',  ( -14.15928699750812925, 34.18354270291769126, 0.000000000000000000 ) ) ;
#372 = DIRECTION ( 'NONE',  ( 1.000000000000000000, 0.000000000000000000, 0.000000000000000000 ) ) ;
#373 = AXIS2_PLACEMENT_3D ( 'NONE', #1398, #534, #196 ) ;
#374 = EDGE_LOOP ( 'NONE', ( #483, #3593 ) ) ;
#375 = DIRECTION ( 'NONE',  ( 1.000000000000000000, 0.000000000000000000, 0.000000000000000000 ) ) ;
#376 = CARTESIAN_POINT ( 'NONE',  ( -49.99999999999995737, 45.00000000000017764, 20.00000000000000000 ) ) ;
#377 = DIRECTION ( 'NONE',  ( 1.000000000000000000, 0.000000000000000000, 0.000000000000000000 ) ) ;
#378 = COLOUR_RGB ( '',0.7921568627450980005, 0.8196078431372548767, 0.9333333333333333481 ) ;
#379 = AXIS2_PLACEMENT_3D ( 'NONE', #2580, #86, #3619 ) ;
#380 = DIRECTION ( 'NONE',  ( -1.000000000000000000, -0.000000000000000000, -0.000000000000000000 ) ) ;
#381 = ORIENTED_EDGE ( 'NONE', *, *, #2898, .F. ) ;
#382 = CIRCLE ( 'NONE', #3293, 2.499999999999995115 ) ;
#383 = AXIS2_PLACEMENT_3D ( 'NONE', #2787, #4072, #4142 ) ;
#384 = AXIS2_PLACEMENT_3D ( 'NONE', #1052, #434, #1729 ) ;
#385 = PRODUCT_RELATED_PRODUCT_CATEGORY ( 'part', '', ( #97 ) ) ;
#386 = AXIS2_PLACEMENT_3D ( 'NONE', #2305, #348, #3545 ) ;
#387 = EDGE_LOOP ( 'NONE', ( #3859, #878, #3472, #3367 ) ) ;
#388 = VERTEX_POINT ( 'NONE', #1717 ) ;
#389 = FACE_OUTER_BOUND ( 'NONE', #4129, .T. ) ;
#390 = CARTESIAN_POINT ( 'NONE',  ( -62.49999999999808864, 45.00000000000007816, 20.00000000000000000 ) ) ;
#391 = DIRECTION ( 'NONE',  ( 1.000000000000000000, 0.000000000000000000, 0.000000000000000000 ) ) ;
#392 = ADVANCED_FACE ( 'NONE', ( #2485 ), #4064, .F. ) ;
#393 = CIRCLE ( 'NONE', #3096, 41.50000000000000000 ) ;
#394 = EDGE_LOOP ( 'NONE', ( #2026, #2938, #4138, #3016 ) ) ;
#395 = DIRECTION ( 'NONE',  ( 1.000000000000000000, 0.000000000000000000, 0.000000000000000000 ) ) ;
#396 = EDGE_LOOP ( 'NONE', ( #3108, #3375, #1208, #2370 ) ) ;
#397 = CARTESIAN_POINT ( 'NONE',  ( 50.00000000000110845, -25.00000000000010303, -0.001000000000001000089 ) ) ;
#398 = CARTESIAN_POINT ( 'NONE',  ( -45.00000000000043343, -15.00000000000019362, 20.00000000000000000 ) ) ;
#399 = VERTEX_POINT ( 'NONE', #1082 ) ;
#400 = DIRECTION ( 'NONE',  ( -1.000000000000000000, 0.000000000000000000, 0.000000000000000000 ) ) ;
#401 = DIRECTION ( 'NONE',  ( -1.000000000000000000, 0.000000000000000000, 0.000000000000000000 ) ) ;
#402 = CARTESIAN_POINT ( 'NONE',  ( 62.50000000000115108, -24.99999999999996447, -0.001000000000001000089 ) ) ;
#403 = ADVANCED_FACE ( 'NONE', ( #2122 ), #3117, .F. ) ;
#404 = EDGE_CURVE ( 'NONE', #4184, #1870, #568, .T. ) ;
#405 = FACE_BOUND ( 'NONE', #1164, .T. ) ;
#406 = VERTEX_POINT ( 'NONE', #4090 ) ;
#407 = ORIENTED_EDGE ( 'NONE', *, *, #643, .F. ) ;
#408 = EDGE_LOOP ( 'NONE', ( #178, #1707, #1310, #1392 ) ) ;
#409 = DIRECTION ( 'NONE',  ( 1.000000000000000000, 0.000000000000000000, 0.000000000000000000 ) ) ;
#410 = CARTESIAN_POINT ( 'NONE',  ( -42.50000000000043343, -15.00000000000019362, 20.00000000000000000 ) ) ;
#411 = ADVANCED_FACE ( 'NONE', ( #3431 ), #1149, .F. ) ;
#412 = ORIENTED_EDGE ( 'NONE', *, *, #174, .T. ) ;
#413 = EDGE_CURVE ( 'NONE', #2725, #1432, #2059, .T. ) ;
#414 = CYLINDRICAL_SURFACE ( 'NONE', #792, 2.499999999999995115 ) ;
#415 = ORIENTED_EDGE ( 'NONE', *, *, #2646, .T. ) ;
#416 = CARTESIAN_POINT ( 'NONE',  ( 12.45928699750810331, 34.18354270291769836, 14.00000000000000000 ) ) ;
#417 = CIRCLE ( 'NONE', #3787, 2.500000000000002220 ) ;
#418 = CIRCLE ( 'NONE', #3323, 2.499999999998815614 ) ;
#419 = LINE ( 'NONE', #3274, #2289 ) ;
#420 = ORIENTED_EDGE ( 'NONE', *, *, #1491, .F. ) ;
#421 = FACE_OUTER_BOUND ( 'NONE', #3509, .T. ) ;
#422 = CARTESIAN_POINT ( 'NONE',  ( -30.00000000000019185, -45.00000000000038369, -0.001000000000001000089 ) ) ;
#423 = FACE_BOUND ( 'NONE', #3445, .T. ) ;
#424 = FACE_OUTER_BOUND ( 'NONE', #2192, .T. ) ;
#425 = CYLINDRICAL_SURFACE ( 'NONE', #3935, 2.500000000001064038 ) ;
#426 = ORIENTED_EDGE ( 'NONE', *, *, #1740, .F. ) ;
#427 = ORIENTED_EDGE ( 'NONE', *, *, #2467, .T. ) ;
#428 = DIRECTION ( 'NONE',  ( -0.000000000000000000, -0.000000000000000000, 1.000000000000000000 ) ) ;
#429 = AXIS2_PLACEMENT_3D ( 'NONE', #1262, #4068, #1170 ) ;
#430 = DIRECTION ( 'NONE',  ( 1.000000000000000000, 0.000000000000000000, 0.000000000000000000 ) ) ;
#431 = VECTOR ( 'NONE', #2084, 1000.000000000000000 ) ;
#432 = AXIS2_PLACEMENT_3D ( 'NONE', #1861, #2852, #3147 ) ;
#433 = ORIENTED_EDGE ( 'NONE', *, *, #1137, .T. ) ;
#434 = DIRECTION ( 'NONE',  ( -0.000000000000000000, -0.000000000000000000, -1.000000000000000000 ) ) ;
#435 = ORIENTED_EDGE ( 'NONE', *, *, #2167, .F. ) ;
#436 = DIRECTION ( 'NONE',  ( 1.000000000000000000, 0.000000000000000000, 0.000000000000000000 ) ) ;
#437 = AXIS2_PLACEMENT_3D ( 'NONE', #1368, #428, #2639 ) ;
#438 = DIRECTION ( 'NONE',  ( -0.000000000000000000, -0.000000000000000000, 1.000000000000000000 ) ) ;
#439 = EDGE_CURVE ( 'NONE', #3555, #1533, #1060, .T. ) ;
#440 = EDGE_LOOP ( 'NONE', ( #62, #1938, #3142, #3670 ) ) ;
#441 = DIRECTION ( 'NONE',  ( 0.000000000000000000, 0.000000000000000000, 1.000000000000000000 ) ) ;
#442 = CARTESIAN_POINT ( 'NONE',  ( -32.49999999999954525, -35.00000000000041922, 20.00000000000000000 ) ) ;
#443 = CIRCLE ( 'NONE', #2802, 2.500000000000293543 ) ;
#444 = DIRECTION ( 'NONE',  ( 1.000000000000000000, 0.000000000000000000, 0.000000000000000000 ) ) ;
#445 = AXIS2_PLACEMENT_3D ( 'NONE', #1412, #2704, #1071 ) ;
#446 = FACE_BOUND ( 'NONE', #1700, .T. ) ;
#447 = ORIENTED_EDGE ( 'NONE', *, *, #2530, .T. ) ;
#448 = AXIS2_PLACEMENT_3D ( 'NONE', #217, #3451, #3414 ) ;
#449 = EDGE_LOOP ( 'NONE', ( #2366, #3650, #194, #2120 ) ) ;
#450 = ORIENTED_EDGE ( 'NONE', *, *, #985, .T. ) ;
#451 = CIRCLE ( 'NONE', #2417, 2.499999999999245937 ) ;
#452 = DIRECTION ( 'NONE',  ( -1.000000000000000000, 0.000000000000000000, 0.000000000000000000 ) ) ;
#453 = DIRECTION ( 'NONE',  ( 1.000000000000000000, 0.000000000000000000, 0.000000000000000000 ) ) ;
#454 = CIRCLE ( 'NONE', #1744, 2.500000000000536460 ) ;
#455 = VECTOR ( 'NONE', #3317, 1000.000000000000000 ) ;
#456 = EDGE_CURVE ( 'NONE', #64, #3720, #1827, .T. ) ;
#457 = EDGE_CURVE ( 'NONE', #2231, #804, #715, .T. ) ;
#458 = ORIENTED_EDGE ( 'NONE', *, *, #158, .T. ) ;
#459 = CARTESIAN_POINT ( 'NONE',  ( 37.49999999999953815, 35.00000000000041922, -0.001000000000001000089 ) ) ;
#460 = ORIENTED_EDGE ( 'NONE', *, *, #4074, .F. ) ;
#461 = DIRECTION ( 'NONE',  ( -0.000000000000000000, -0.000000000000000000, 1.000000000000000000 ) ) ;
#462 = EDGE_LOOP ( 'NONE', ( #490, #321, #554, #1252 ) ) ;
#463 = CYLINDRICAL_SURFACE ( 'NONE', #1846, 2.500000000000765610 ) ;
#464 = CARTESIAN_POINT ( 'NONE',  ( -52.50000000000033396, -35.00000000000014211, 0.000000000000000000 ) ) ;
#465 = EDGE_CURVE ( 'NONE', #764, #3082, #2442, .T. ) ;
#466 = CARTESIAN_POINT ( 'NONE',  ( 52.49999999999879208, 35.00000000000014211, -0.001000000000001000089 ) ) ;
#467 = EDGE_CURVE ( 'NONE', #2977, #1570, #1490, .T. ) ;
#468 = ORIENTED_EDGE ( 'NONE', *, *, #882, .T. ) ;
#469 = EDGE_CURVE ( 'NONE', #3140, #1641, #1189, .T. ) ;
#470 = ORIENTED_EDGE ( 'NONE', *, *, #2613, .F. ) ;
#471 = VERTEX_POINT ( 'NONE', #180 ) ;
#472 = DIRECTION ( 'NONE',  ( 1.000000000000000000, 0.000000000000000000, 0.000000000000000000 ) ) ;
#473 = DIRECTION ( 'NONE',  ( -1.000000000000000000, 0.000000000000000000, 0.000000000000000000 ) ) ;
#474 = ORIENTED_EDGE ( 'NONE', *, *, #3036, .F. ) ;
#475 = ORIENTED_EDGE ( 'NONE', *, *, #1631, .T. ) ;
#476 = CARTESIAN_POINT ( 'NONE',  ( -14.15928699750812925, 34.18354270291769126, 0.000000000000000000 ) ) ;
#477 = ADVANCED_FACE ( 'NONE', ( #87 ), #3729, .F. ) ;
#478 = ORIENTED_EDGE ( 'NONE', *, *, #3482, .F. ) ;
#479 = CYLINDRICAL_SURFACE ( 'NONE', #2670, 2.500000000000002220 ) ;
#480 = DIRECTION ( 'NONE',  ( -0.000000000000000000, -0.000000000000000000, 1.000000000000000000 ) ) ;
#481 = AXIS2_PLACEMENT_3D ( 'NONE', #1549, #204, #3507 ) ;
#482 = FACE_BOUND ( 'NONE', #3668, .T. ) ;
#483 = ORIENTED_EDGE ( 'NONE', *, *, #780, .F. ) ;
#484 = ADVANCED_FACE ( 'NONE', ( #1474, #3958, #2781, #1509, #1698, #742, #2764, #3322, #423, #4049, #573, #1538, #602, #3165, #1598, #3540, #3201, #1914, #1895, #3882, #4182, #1576, #4158, #1233, #937, #2502, #3517, #1851, #296, #2210, #2571, #256, #2591, #1937, #2525, #2889, #2912, #236, #2251, #3817, #1280, #1257, #1304, #320, #3499, #639, #2844, #3862, #4, #959, #1560, #3182, #888 ), #4133, .T. ) ;
#485 = EDGE_CURVE ( 'NONE', #3314, #670, #3821, .T. ) ;
#486 = ORIENTED_EDGE ( 'NONE', *, *, #2538, .F. ) ;
#487 = VERTEX_POINT ( 'NONE', #1212 ) ;
#488 = DIRECTION ( 'NONE',  ( -0.000000000000000000, -0.000000000000000000, 1.000000000000000000 ) ) ;
#489 = CARTESIAN_POINT ( 'NONE',  ( 42.49999999999985079, 35.00000000000024869, 0.000000000000000000 ) ) ;
#490 = ORIENTED_EDGE ( 'NONE', *, *, #3046, .T. ) ;
#491 = VECTOR ( 'NONE', #1661, 1000.000000000000000 ) ;
#492 = ORIENTED_EDGE ( 'NONE', *, *, #355, .T. ) ;
#493 = DIRECTION ( 'NONE',  ( -0.000000000000000000, -0.000000000000000000, 1.000000000000000000 ) ) ;
#494 = CIRCLE ( 'NONE', #1920, 1.699999999999993072 ) ;
#495 = CIRCLE ( 'NONE', #2521, 2.499999999999245937 ) ;
#496 = EDGE_LOOP ( 'NONE', ( #1226, #2036, #1348, #3739 ) ) ;
#497 = CARTESIAN_POINT ( 'NONE',  ( 37.49999999999888445, -45.00000000000031974, -0.001000000000001000089 ) ) ;
#498 = AXIS2_PLACEMENT_3D ( 'NONE', #866, #2730, #3447 ) ;
#499 = AXIS2_PLACEMENT_3D ( 'NONE', #4176, #932, #596 ) ;
#500 = CYLINDRICAL_SURFACE ( 'NONE', #119, 1.700000000000000178 ) ;
#501 = VERTEX_POINT ( 'NONE', #277 ) ;
#502 = ORIENTED_EDGE ( 'NONE', *, *, #3539, .F. ) ;
#503 = CIRCLE ( 'NONE', #445, 1.700000000000000178 ) ;
#504 = EDGE_LOOP ( 'NONE', ( #259, #1714, #3839, #1204 ) ) ;
#505 = CARTESIAN_POINT ( 'NONE',  ( -34.18354270291762731, -14.15928699750824293, 14.00000000000000000 ) ) ;
#506 = CARTESIAN_POINT ( 'NONE',  ( -67.50000000000000000, -50.00000000000000711, 20.00000000000000000 ) ) ;
#507 = AXIS2_PLACEMENT_3D ( 'NONE', #4157, #2549, #1049 ) ;
#508 = AXIS2_PLACEMENT_3D ( 'NONE', #1835, #3756, #1200 ) ;
#509 = ORIENTED_EDGE ( 'NONE', *, *, #2127, .F. ) ;
#510 = EDGE_LOOP ( 'NONE', ( #1092, #747, #238, #133 ) ) ;
#511 = CYLINDRICAL_SURFACE ( 'NONE', #2617, 1.700000000000000178 ) ;
#512 = EDGE_CURVE ( 'NONE', #1376, #3257, #2234, .T. ) ;
#513 = DIRECTION ( 'NONE',  ( -1.000000000000000000, 0.000000000000000000, 0.000000000000000000 ) ) ;
#514 = VECTOR ( 'NONE', #1155, 1000.000000000000000 ) ;
#515 = CIRCLE ( 'NONE', #2420, 2.499999999999245937 ) ;
#516 = EDGE_CURVE ( 'NONE', #1274, #2662, #2273, .T. ) ;
#517 = DIRECTION ( 'NONE',  ( 0.000000000000000000, 0.000000000000000000, 1.000000000000000000 ) ) ;
#518 = ORIENTED_EDGE ( 'NONE', *, *, #576, .T. ) ;
#519 = DIRECTION ( 'NONE',  ( 1.000000000000000000, 0.000000000000000000, 0.000000000000000000 ) ) ;
#520 = CIRCLE ( 'NONE', #2364, 2.500000000000002220 ) ;
#521 = CARTESIAN_POINT ( 'NONE',  ( -42.49999999999889866, 45.00000000000031974, 0.000000000000000000 ) ) ;
#522 = CARTESIAN_POINT ( 'NONE',  ( -60.00000000000111555, -24.99999999999998934, 20.00000000000000000 ) ) ;
#523 = EDGE_CURVE ( 'NONE', #1274, #2747, #1119, .T. ) ;
#524 = EDGE_CURVE ( 'NONE', #2269, #3731, #1665, .T. ) ;
#525 = EDGE_LOOP ( 'NONE', ( #1932, #2845 ) ) ;
#526 = CARTESIAN_POINT ( 'NONE',  ( -47.49999999999986500, -35.00000000000024869, 20.00000000000000000 ) ) ;
#527 = ORIENTED_EDGE ( 'NONE', *, *, #3101, .T. ) ;
#528 = CARTESIAN_POINT ( 'NONE',  ( -27.50000000000069633, 45.00000000000038369, -0.001000000000001000089 ) ) ;
#529 = DIRECTION ( 'NONE',  ( 0.000000000000000000, 0.000000000000000000, 1.000000000000000000 ) ) ;
#530 = EDGE_CURVE ( 'NONE', #1633, #116, #1387, .T. ) ;
#531 = ORIENTED_EDGE ( 'NONE', *, *, #1154, .F. ) ;
#532 = VERTEX_POINT ( 'NONE', #410 ) ;
#533 = DIRECTION ( 'NONE',  ( 0.000000000000000000, 0.000000000000000000, 1.000000000000000000 ) ) ;
#534 = DIRECTION ( 'NONE',  ( -0.000000000000000000, -0.000000000000000000, 1.000000000000000000 ) ) ;
#535 = EDGE_CURVE ( 'NONE', #311, #917, #2980, .T. ) ;
#536 = EDGE_CURVE ( 'NONE', #1572, #839, #4021, .T. ) ;
#537 = LINE ( 'NONE', #3167, #1868 ) ;
#538 = EDGE_LOOP ( 'NONE', ( #3183, #3075 ) ) ;
#539 = CARTESIAN_POINT ( 'NONE',  ( 52.49999999999879208, 35.00000000000014211, 0.000000000000000000 ) ) ;
#540 = CARTESIAN_POINT ( 'NONE',  ( -31.00000000000000000, 3.796405077356795115E-15, 20.00000000000000000 ) ) ;
#541 = DIRECTION ( 'NONE',  ( -1.000000000000000000, 0.000000000000000000, 0.000000000000000000 ) ) ;
#542 = LINE ( 'NONE', #3460, #4127 ) ;
#543 = AXIS2_PLACEMENT_3D ( 'NONE', #16, #2606, #1677 ) ;
#544 = VERTEX_POINT ( 'NONE', #3018 ) ;
#545 = DIRECTION ( 'NONE',  ( -0.000000000000000000, -0.000000000000000000, 1.000000000000000000 ) ) ;
#546 = EDGE_LOOP ( 'NONE', ( #3855, #1695 ) ) ;
#547 = LINE ( 'NONE', #3405, #2666 ) ;
#548 = DIRECTION ( 'NONE',  ( 1.000000000000000000, 0.000000000000000000, 0.000000000000000000 ) ) ;
#549 = VERTEX_POINT ( 'NONE', #3263 ) ;
#550 = ORIENTED_EDGE ( 'NONE', *, *, #3933, .F. ) ;
#551 = CARTESIAN_POINT ( 'NONE',  ( 47.50000000000044764, 15.00000000000018296, -0.001000000000001000089 ) ) ;
#552 = DIRECTION ( 'NONE',  ( 1.000000000000000000, 0.000000000000000000, 0.000000000000000000 ) ) ;
#553 = CARTESIAN_POINT ( 'NONE',  ( 62.50000000000184741, -45.00000000000007816, -0.001000000000001000089 ) ) ;
#554 = ORIENTED_EDGE ( 'NONE', *, *, #3988, .F. ) ;
#555 = CARTESIAN_POINT ( 'NONE',  ( 59.99999999999995737, 45.00000000000007816, 0.000000000000000000 ) ) ;
#556 = ORIENTED_EDGE ( 'NONE', *, *, #3653, .T. ) ;
#557 = CARTESIAN_POINT ( 'NONE',  ( 35.00000000000009237, 35.00000000000041922, 0.000000000000000000 ) ) ;
#558 = AXIS2_PLACEMENT_3D ( 'NONE', #996, #2287, #375 ) ;
#559 = AXIS2_PLACEMENT_3D ( 'NONE', #3550, #4189, #717 ) ;
#560 = FACE_OUTER_BOUND ( 'NONE', #2825, .T. ) ;
#561 = FACE_OUTER_BOUND ( 'NONE', #1829, .T. ) ;
#562 = DIRECTION ( 'NONE',  ( 1.000000000000000000, 0.000000000000000000, 0.000000000000000000 ) ) ;
#563 = CARTESIAN_POINT ( 'NONE',  ( -54.99999999999985079, 35.00000000000014211, 20.00000000000000000 ) ) ;
#564 = EDGE_LOOP ( 'NONE', ( #2588, #3910 ) ) ;
#565 = DIRECTION ( 'NONE',  ( 1.000000000000000000, 0.000000000000000000, 0.000000000000000000 ) ) ;
#566 = VERTEX_POINT ( 'NONE', #118 ) ;
#567 = FACE_OUTER_BOUND ( 'NONE', #3104, .T. ) ;
#568 = CIRCLE ( 'NONE', #2006, 2.499999999999904965 ) ;
#569 = VERTEX_POINT ( 'NONE', #2998 ) ;
#570 = ORIENTED_EDGE ( 'NONE', *, *, #1223, .T. ) ;
#571 = CARTESIAN_POINT ( 'NONE',  ( 54.99999999999985789, 35.00000000000014211, -0.001000000000001000089 ) ) ;
#572 = DIRECTION ( 'NONE',  ( -0.000000000000000000, -0.000000000000000000, 1.000000000000000000 ) ) ;
#573 = FACE_BOUND ( 'NONE', #4043, .T. ) ;
#574 = EDGE_CURVE ( 'NONE', #2228, #2791, #1705, .T. ) ;
#576 = EDGE_CURVE ( 'NONE', #3567, #2679, #231, .T. ) ;
#575 = CIRCLE ( 'NONE', #2683, 2.500000000000543565 ) ;
#577 = ORIENTED_EDGE ( 'NONE', *, *, #3470, .T. ) ;
#578 = DIRECTION ( 'NONE',  ( 1.000000000000000000, 0.000000000000000000, 0.000000000000000000 ) ) ;
#579 = ORIENTED_EDGE ( 'NONE', *, *, #2479, .F. ) ;
#580 = CARTESIAN_POINT ( 'NONE',  ( 49.99999999999995737, -45.00000000000017764, -0.001000000000001000089 ) ) ;
#581 = AXIS2_PLACEMENT_3D ( 'NONE', #1654, #1364, #2264 ) ;
#582 = VECTOR ( 'NONE', #4190, 1000.000000000000000 ) ;
#583 = AXIS2_PLACEMENT_3D ( 'NONE', #1391, #3423, #3333 ) ;
#584 = AXIS2_PLACEMENT_3D ( 'NONE', #2597, #2939, #3589 ) ;
#585 = FACE_OUTER_BOUND ( 'NONE', #4153, .T. ) ;
#586 = DIRECTION ( 'NONE',  ( -1.000000000000000000, -0.000000000000000000, -0.000000000000000000 ) ) ;
#587 = LINE ( 'NONE', #265, #582 ) ;
#588 = CIRCLE ( 'NONE', #1413, 2.500000000000002220 ) ;
#589 = DIRECTION ( 'NONE',  ( -0.000000000000000000, -0.000000000000000000, 1.000000000000000000 ) ) ;
#590 = ADVANCED_FACE ( 'NONE', ( #2682 ), #3652, .F. ) ;
#591 = CIRCLE ( 'NONE', #2426, 2.500000000000002220 ) ;
#592 = EDGE_CURVE ( 'NONE', #2908, #189, #503, .T. ) ;
#593 = LINE ( 'NONE', #3489, #849 ) ;
#594 = EDGE_LOOP ( 'NONE', ( #3837, #2644, #3980, #2436 ) ) ;
#595 =( NAMED_UNIT ( * ) SI_UNIT ( $, .STERADIAN. ) SOLID_ANGLE_UNIT ( ) );
#596 = DIRECTION ( 'NONE',  ( -1.000000000000000000, 0.000000000000000000, 0.000000000000000000 ) ) ;
#597 = EDGE_CURVE ( 'NONE', #917, #1637, #1056, .T. ) ;
#598 = ORIENTED_EDGE ( 'NONE', *, *, #1523, .F. ) ;
#599 = EDGE_LOOP ( 'NONE', ( #132, #1344, #3784, #193 ) ) ;
#600 = DIRECTION ( 'NONE',  ( -0.000000000000000000, -0.000000000000000000, 1.000000000000000000 ) ) ;
#601 = LINE ( 'NONE', #3164, #1806 ) ;
#602 = FACE_BOUND ( 'NONE', #3766, .T. ) ;
#603 = ORIENTED_EDGE ( 'NONE', *, *, #640, .F. ) ;
#604 = DIRECTION ( 'NONE',  ( -0.000000000000000000, -0.000000000000000000, 1.000000000000000000 ) ) ;
#605 = ORIENTED_EDGE ( 'NONE', *, *, #2030, .T. ) ;
#606 = DIRECTION ( 'NONE',  ( -0.000000000000000000, -0.000000000000000000, 1.000000000000000000 ) ) ;
#607 = DIRECTION ( 'NONE',  ( 1.000000000000000000, 0.000000000000000000, 0.000000000000000000 ) ) ;
#608 = DIRECTION ( 'NONE',  ( -0.000000000000000000, -0.000000000000000000, 1.000000000000000000 ) ) ;
#609 = DIRECTION ( 'NONE',  ( -1.000000000000000000, 0.000000000000000000, 0.000000000000000000 ) ) ;
#610 = CARTESIAN_POINT ( 'NONE',  ( -52.50000000000110134, 25.00000000000011724, 20.00000000000000000 ) ) ;
#611 = EDGE_CURVE ( 'NONE', #116, #3989, #3548, .T. ) ;
#612 = DIRECTION ( 'NONE',  ( -0.000000000000000000, -0.000000000000000000, 1.000000000000000000 ) ) ;
#613 = ORIENTED_EDGE ( 'NONE', *, *, #1974, .T. ) ;
#614 = CARTESIAN_POINT ( 'NONE',  ( 15.85928699750836124, -34.18354270291759889, 0.000000000000000000 ) ) ;
#615 = EDGE_LOOP ( 'NONE', ( #1964, #1505, #1614, #1987 ) ) ;
#616 = ORIENTED_EDGE ( 'NONE', *, *, #1734, .F. ) ;
#617 = CYLINDRICAL_SURFACE ( 'NONE', #3459, 2.500000000000002220 ) ;
#618 = CARTESIAN_POINT ( 'NONE',  ( 67.50000000000000000, -50.00000000000000711, 20.00000000000000000 ) ) ;
#619 = DIRECTION ( 'NONE',  ( -1.000000000000000000, 0.000000000000000000, 0.000000000000000000 ) ) ;
#620 = APPLICATION_CONTEXT ( 'automotive_design' ) ;
#621 = CARTESIAN_POINT ( 'NONE',  ( -30.00000000000019185, 45.00000000000038369, 0.000000000000000000 ) ) ;
#622 = ORIENTED_EDGE ( 'NONE', *, *, #1701, .T. ) ;
#623 = DIRECTION ( 'NONE',  ( 1.000000000000000000, 0.000000000000000000, 0.000000000000000000 ) ) ;
#624 = DIRECTION ( 'NONE',  ( 1.000000000000000000, 0.000000000000000000, 0.000000000000000000 ) ) ;
#625 = LINE ( 'NONE', #3777, #3809 ) ;
#626 = CARTESIAN_POINT ( 'NONE',  ( -52.49999999999920419, -45.00000000000017764, 20.00000000000000000 ) ) ;
#627 = AXIS2_PLACEMENT_3D ( 'NONE', #3740, #1181, #3240 ) ;
#628 = CIRCLE ( 'NONE', #2733, 2.499999999999995115 ) ;
#629 = EDGE_CURVE ( 'NONE', #1556, #566, #4085, .T. ) ;
#630 = CARTESIAN_POINT ( 'NONE',  ( 30.00000000000019185, -45.00000000000038369, 20.00000000000000000 ) ) ;
#631 = EDGE_LOOP ( 'NONE', ( #1624, #1730 ) ) ;
#632 = DIRECTION ( 'NONE',  ( -0.000000000000000000, -0.000000000000000000, 1.000000000000000000 ) ) ;
#633 = AXIS2_PLACEMENT_3D ( 'NONE', #1872, #2523, #4130 ) ;
#634 = ORIENTED_EDGE ( 'NONE', *, *, #4108, .F. ) ;
#635 = AXIS2_PLACEMENT_3D ( 'NONE', #1128, #3709, #453 ) ;
#636 = EDGE_LOOP ( 'NONE', ( #2985, #1300, #3478, #2705 ) ) ;
#637 = CARTESIAN_POINT ( 'NONE',  ( 44.99999999999997158, 35.00000000000024869, -0.001000000000001000089 ) ) ;
#638 = CARTESIAN_POINT ( 'NONE',  ( -59.99999999999995737, 45.00000000000007816, 0.000000000000000000 ) ) ;
#639 = FACE_BOUND ( 'NONE', #961, .T. ) ;
#640 = EDGE_CURVE ( 'NONE', #24, #3093, #2807, .T. ) ;
#641 = EDGE_CURVE ( 'NONE', #4188, #1046, #1961, .T. ) ;
#642 = ORIENTED_EDGE ( 'NONE', *, *, #629, .F. ) ;
#643 = EDGE_CURVE ( 'NONE', #1880, #24, #3313, .T. ) ;
#644 = DIRECTION ( 'NONE',  ( -1.000000000000000000, 0.000000000000000000, 0.000000000000000000 ) ) ;
#645 = ORIENTED_EDGE ( 'NONE', *, *, #1424, .T. ) ;
#646 = CARTESIAN_POINT ( 'NONE',  ( -47.50000000000070344, -45.00000000000017764, -0.001000000000001000089 ) ) ;
#647 = AXIS2_PLACEMENT_3D ( 'NONE', #2888, #3881, #340 ) ;
#648 = EDGE_CURVE ( 'NONE', #64, #3641, #1927, .T. ) ;
#649 = DIRECTION ( 'NONE',  ( 0.000000000000000000, 0.000000000000000000, 1.000000000000000000 ) ) ;
#650 = EDGE_LOOP ( 'NONE', ( #4052, #56 ) ) ;
#651 = AXIS2_PLACEMENT_3D ( 'NONE', #3148, #857, #1519 ) ;
#652 = CARTESIAN_POINT ( 'NONE',  ( 40.00000000000007816, -45.00000000000031974, 20.00000000000000000 ) ) ;
#653 = DIRECTION ( 'NONE',  ( 1.000000000000000000, 0.000000000000000000, 0.000000000000000000 ) ) ;
#654 = DIRECTION ( 'NONE',  ( -0.000000000000000000, -0.000000000000000000, 1.000000000000000000 ) ) ;
#655 = AXIS2_PLACEMENT_3D ( 'NONE', #1903, #2468, #3189 ) ;
#656 = CIRCLE ( 'NONE', #1407, 2.500000000000293543 ) ;
#657 = FACE_BOUND ( 'NONE', #374, .T. ) ;
#658 = ADVANCED_FACE ( 'NONE', ( #59 ), #95, .F. ) ;
#659 = ORIENTED_EDGE ( 'NONE', *, *, #597, .T. ) ;
#660 = DIRECTION ( 'NONE',  ( 0.000000000000000000, 0.000000000000000000, 1.000000000000000000 ) ) ;
#661 = CARTESIAN_POINT ( 'NONE',  ( -47.50000000000108713, -25.00000000000013145, -0.001000000000001000089 ) ) ;
#662 = EDGE_CURVE ( 'NONE', #3641, #64, #2870, .T. ) ;
#663 = VERTEX_POINT ( 'NONE', #1689 ) ;
#664 = VERTEX_POINT ( 'NONE', #3947 ) ;
#665 = CARTESIAN_POINT ( 'NONE',  ( -45.00000000000043343, -15.00000000000019362, -0.001000000000001000089 ) ) ;
#666 = CARTESIAN_POINT ( 'NONE',  ( -14.15928699750834419, -34.18354270291760599, 14.00000000000000000 ) ) ;
#667 = DIRECTION ( 'NONE',  ( 1.000000000000000000, 0.000000000000000000, 0.000000000000000000 ) ) ;
#668 = ORIENTED_EDGE ( 'NONE', *, *, #2731, .T. ) ;
#669 = FACE_OUTER_BOUND ( 'NONE', #2839, .T. ) ;
#670 = VERTEX_POINT ( 'NONE', #77 ) ;
#671 = ADVANCED_FACE ( 'NONE', ( #1370 ), #2661, .F. ) ;
#672 = CARTESIAN_POINT ( 'NONE',  ( -40.00000000000007816, -45.00000000000031974, 20.00000000000000000 ) ) ;
#673 = DIRECTION ( 'NONE',  ( -0.000000000000000000, -0.000000000000000000, 1.000000000000000000 ) ) ;
#674 = VERTEX_POINT ( 'NONE', #211 ) ;
#675 = DIRECTION ( 'NONE',  ( -1.000000000000000000, 0.000000000000000000, 0.000000000000000000 ) ) ;
#676 = DIRECTION ( 'NONE',  ( 1.000000000000000000, 0.000000000000000000, 0.000000000000000000 ) ) ;
#677 = CARTESIAN_POINT ( 'NONE',  ( 30.00000000000019185, 45.00000000000038369, 20.00000000000000000 ) ) ;
#678 = FACE_BOUND ( 'NONE', #1891, .T. ) ;
#679 = ORIENTED_EDGE ( 'NONE', *, *, #3582, .F. ) ;
#680 = DIRECTION ( 'NONE',  ( 1.000000000000000000, 0.000000000000000000, 0.000000000000000000 ) ) ;
#681 = ORIENTED_EDGE ( 'NONE', *, *, #4163, .F. ) ;
#682 = VERTEX_POINT ( 'NONE', #2425 ) ;
#683 = CARTESIAN_POINT ( 'NONE',  ( -32.50000000000071765, -45.00000000000038369, 20.00000000000000000 ) ) ;
#684 = CARTESIAN_POINT ( 'NONE',  ( 52.50000000000110845, -25.00000000000010303, 0.000000000000000000 ) ) ;
#685 = DIRECTION ( 'NONE',  ( -0.000000000000000000, -0.000000000000000000, 1.000000000000000000 ) ) ;
#686 = EDGE_LOOP ( 'NONE', ( #232, #3491 ) ) ;
#687 = CARTESIAN_POINT ( 'NONE',  ( -52.49999999999813127, 45.00000000000017764, 0.000000000000000000 ) ) ;
#688 = VERTEX_POINT ( 'NONE', #3057 ) ;
#689 = FACE_OUTER_BOUND ( 'NONE', #2891, .T. ) ;
#690 = FACE_OUTER_BOUND ( 'NONE', #496, .T. ) ;
#691 = ORIENTED_EDGE ( 'NONE', *, *, #2365, .T. ) ;
#692 = CARTESIAN_POINT ( 'NONE',  ( -12.45928699750813706, 34.18354270291769126, 0.000000000000000000 ) ) ;
#693 = CARTESIAN_POINT ( 'NONE',  ( 40.00000000000007816, -45.00000000000031974, 20.00000000000000000 ) ) ;
#694 = DIRECTION ( 'NONE',  ( -1.000000000000000000, 0.000000000000000000, 0.000000000000000000 ) ) ;
#695 = VECTOR ( 'NONE', #3651, 1000.000000000000000 ) ;
#696 = DIRECTION ( 'NONE',  ( 1.000000000000000000, 0.000000000000000000, 0.000000000000000000 ) ) ;
#697 = EDGE_CURVE ( 'NONE', #2756, #1880, #2678, .T. ) ;
#698 = ORIENTED_EDGE ( 'NONE', *, *, #198, .F. ) ;
#699 = AXIS2_PLACEMENT_3D ( 'NONE', #2075, #1117, #4014 ) ;
#700 = ORIENTED_EDGE ( 'NONE', *, *, #279, .F. ) ;
#701 = CIRCLE ( 'NONE', #1998, 1.700000000000000178 ) ;
#702 = EDGE_LOOP ( 'NONE', ( #1709, #1636, #233, #1722 ) ) ;
#703 = DIRECTION ( 'NONE',  ( 1.000000000000000000, 0.000000000000000000, 0.000000000000000000 ) ) ;
#704 = FACE_OUTER_BOUND ( 'NONE', #3252, .T. ) ;
#705 = DIRECTION ( 'NONE',  ( -0.000000000000000000, -0.000000000000000000, 1.000000000000000000 ) ) ;
#706 = CIRCLE ( 'NONE', #2531, 2.500000000000002220 ) ;
#707 = VECTOR ( 'NONE', #1931, 1000.000000000000000 ) ;
#708 = EDGE_LOOP ( 'NONE', ( #3410, #698, #2237, #1430 ) ) ;
#709 = DIRECTION ( 'NONE',  ( 0.000000000000000000, 0.000000000000000000, 1.000000000000000000 ) ) ;
#710 = ORIENTED_EDGE ( 'NONE', *, *, #2138, .T. ) ;
#711 = CARTESIAN_POINT ( 'NONE',  ( 35.88354270291765857, -14.15928699750821984, 0.000000000000000000 ) ) ;
#712 = EDGE_CURVE ( 'NONE', #471, #908, #3686, .T. ) ;
#713 = ADVANCED_FACE ( 'NONE', ( #3741 ), #4060, .F. ) ;
#714 = CARTESIAN_POINT ( 'NONE',  ( 57.49999999999918288, 45.00000000000007816, 0.000000000000000000 ) ) ;
#715 = CIRCLE ( 'NONE', #2948, 2.499999999998177458 ) ;
#716 = VERTEX_POINT ( 'NONE', #489 ) ;
#717 = DIRECTION ( 'NONE',  ( 1.000000000000000000, 0.000000000000000000, 0.000000000000000000 ) ) ;
#718 = CARTESIAN_POINT ( 'NONE',  ( 42.49999999999877787, -35.00000000000024869, 20.00000000000000000 ) ) ;
#719 = DIRECTION ( 'NONE',  ( -1.000000000000000000, 0.000000000000000000, 0.000000000000000000 ) ) ;
#720 = CIRCLE ( 'NONE', #1794, 2.500000000001889600 ) ;
#721 = CIRCLE ( 'NONE', #3488, 2.500000000000293543 ) ;
#722 = FACE_BOUND ( 'NONE', #3604, .T. ) ;
#723 = ORIENTED_EDGE ( 'NONE', *, *, #1144, .F. ) ;
#724 = AXIS2_PLACEMENT_3D ( 'NONE', #46, #1999, #2676 ) ;
#725 = EDGE_CURVE ( 'NONE', #3464, #388, #1517, .T. ) ;
#726 = AXIS2_PLACEMENT_3D ( 'NONE', #1133, #2429, #811 ) ;
#727 = ADVANCED_FACE ( 'NONE', ( #768 ), #2085, .F. ) ;
#728 = AXIS2_PLACEMENT_3D ( 'NONE', #735, #2685, #3655 ) ;
#729 = ORIENTED_EDGE ( 'NONE', *, *, #467, .F. ) ;
#730 = ORIENTED_EDGE ( 'NONE', *, *, #2295, .F. ) ;
#731 = CARTESIAN_POINT ( 'NONE',  ( -67.50000000000000000, 49.99999999999999289, 20.00000000000000000 ) ) ;
#732 = CARTESIAN_POINT ( 'NONE',  ( -50.00000000000109424, -25.00000000000013145, 0.000000000000000000 ) ) ;
#733 = CARTESIAN_POINT ( 'NONE',  ( 40.00000000000007816, -45.00000000000031974, -0.001000000000001000089 ) ) ;
#734 = ORIENTED_EDGE ( 'NONE', *, *, #1206, .F. ) ;
#735 = CARTESIAN_POINT ( 'NONE',  ( 59.99999999999995737, 45.00000000000007816, 20.00000000000000000 ) ) ;
#736 = ORIENTED_EDGE ( 'NONE', *, *, #629, .T. ) ;
#737 = FACE_OUTER_BOUND ( 'NONE', #3179, .T. ) ;
#738 = LINE ( 'NONE', #3916, #3032 ) ;
#739 = ORIENTED_EDGE ( 'NONE', *, *, #1593, .F. ) ;
#740 = DIRECTION ( 'NONE',  ( -0.000000000000000000, -0.000000000000000000, 1.000000000000000000 ) ) ;
#741 = CARTESIAN_POINT ( 'NONE',  ( 42.49999999999877787, -35.00000000000024869, -0.001000000000001000089 ) ) ;
#742 = FACE_BOUND ( 'NONE', #1595, .T. ) ;
#743 = FACE_BOUND ( 'NONE', #2587, .T. ) ;
#744 = ORIENTED_EDGE ( 'NONE', *, *, #3534, .F. ) ;
#745 = EDGE_CURVE ( 'NONE', #1085, #3995, #136, .T. ) ;
#746 = ORIENTED_EDGE ( 'NONE', *, *, #3202, .T. ) ;
#747 = ORIENTED_EDGE ( 'NONE', *, *, #2712, .T. ) ;
#748 = DIRECTION ( 'NONE',  ( 1.000000000000000000, 0.000000000000000000, 0.000000000000000000 ) ) ;
#749 = DIRECTION ( 'NONE',  ( 0.000000000000000000, 0.000000000000000000, 1.000000000000000000 ) ) ;
#750 = VERTEX_POINT ( 'NONE', #3112 ) ;
#751 = FACE_OUTER_BOUND ( 'NONE', #702, .T. ) ;
#752 = ORIENTED_EDGE ( 'NONE', *, *, #1211, .F. ) ;
#753 = CARTESIAN_POINT ( 'NONE',  ( -52.50000000000033396, -35.00000000000014211, -0.001000000000001000089 ) ) ;
#754 = AXIS2_PLACEMENT_3D ( 'NONE', #3827, #3149, #2470 ) ;
#755 = VECTOR ( 'NONE', #654, 1000.000000000000000 ) ;
#756 = DIRECTION ( 'NONE',  ( -0.000000000000000000, -0.000000000000000000, 1.000000000000000000 ) ) ;
#757 = ORIENTED_EDGE ( 'NONE', *, *, #3754, .F. ) ;
#758 = CARTESIAN_POINT ( 'NONE',  ( -47.50000000000109424, 25.00000000000011724, 20.00000000000000000 ) ) ;
#759 = CARTESIAN_POINT ( 'NONE',  ( -41.50000000000000000, 5.082284216461515748E-15, 14.00000000000000000 ) ) ;
#760 = DIRECTION ( 'NONE',  ( 1.000000000000000000, 0.000000000000000000, 0.000000000000000000 ) ) ;
#761 = DIRECTION ( 'NONE',  ( -0.000000000000000000, -0.000000000000000000, 1.000000000000000000 ) ) ;
#762 = ORIENTED_EDGE ( 'NONE', *, *, #271, .T. ) ;
#763 = EDGE_CURVE ( 'NONE', #908, #471, #2068, .T. ) ;
#764 = VERTEX_POINT ( 'NONE', #506 ) ;
#765 = ORIENTED_EDGE ( 'NONE', *, *, #798, .T. ) ;
#766 = DIRECTION ( 'NONE',  ( -0.000000000000000000, -0.000000000000000000, 1.000000000000000000 ) ) ;
#767 = AXIS2_PLACEMENT_3D ( 'NONE', #2193, #1581, #1856 ) ;
#768 = FACE_OUTER_BOUND ( 'NONE', #1373, .T. ) ;
#769 = AXIS2_PLACEMENT_3D ( 'NONE', #2260, #1993, #2900 ) ;
#770 = ORIENTED_EDGE ( 'NONE', *, *, #1341, .T. ) ;
#771 = CYLINDRICAL_SURFACE ( 'NONE', #1875, 2.499999999999460876 ) ;
#772 = ORIENTED_EDGE ( 'NONE', *, *, #3346, .F. ) ;
#773 = DIRECTION ( 'NONE',  ( 1.000000000000000000, 0.000000000000000000, 0.000000000000000000 ) ) ;
#774 = EDGE_CURVE ( 'NONE', #716, #1259, #1803, .T. ) ;
#775 = CIRCLE ( 'NONE', #2401, 41.50000000000000000 ) ;
#776 = EDGE_CURVE ( 'NONE', #1728, #2662, #3407, .T. ) ;
#777 = ORIENTED_EDGE ( 'NONE', *, *, #317, .F. ) ;
#778 = DIRECTION ( 'NONE',  ( -0.000000000000000000, -0.000000000000000000, 1.000000000000000000 ) ) ;
#779 = LINE ( 'NONE', #551, #4076 ) ;
#780 = EDGE_CURVE ( 'NONE', #2654, #2791, #36, .T. ) ;
#781 = AXIS2_PLACEMENT_3D ( 'NONE', #366, #749, #667 ) ;
#782 = CYLINDRICAL_SURFACE ( 'NONE', #2882, 2.499999999999891198 ) ;
#783 = VERTEX_POINT ( 'NONE', #808 ) ;
#784 = ADVANCED_FACE ( 'NONE', ( #1749 ), #2774, .F. ) ;
#785 = EDGE_LOOP ( 'NONE', ( #1307, #3038, #3401, #2573 ) ) ;
#786 = CIRCLE ( 'NONE', #1190, 2.500000000000002220 ) ;
#787 = VERTEX_POINT ( 'NONE', #3390 ) ;
#789 = EDGE_CURVE ( 'NONE', #864, #1633, #3742, .T. ) ;
#788 = AXIS2_PLACEMENT_3D ( 'NONE', #3458, #3122, #1567 ) ;
#790 = DIRECTION ( 'NONE',  ( -0.000000000000000000, -0.000000000000000000, 1.000000000000000000 ) ) ;
#791 = CARTESIAN_POINT ( 'NONE',  ( 14.15928699750810438, 34.18354270291769836, 0.000000000000000000 ) ) ;
#792 = AXIS2_PLACEMENT_3D ( 'NONE', #1708, #1415, #138 ) ;
#793 = VECTOR ( 'NONE', #3694, 1000.000000000000000 ) ;
#794 = EDGE_LOOP ( 'NONE', ( #334, #1, #3308, #1385 ) ) ;
#795 = ORIENTED_EDGE ( 'NONE', *, *, #3386, .F. ) ;
#796 = DIRECTION ( 'NONE',  ( -0.000000000000000000, -0.000000000000000000, 1.000000000000000000 ) ) ;
#797 = AXIS2_PLACEMENT_3D ( 'NONE', #3823, #2851, #1607 ) ;
#798 = EDGE_CURVE ( 'NONE', #1321, #3194, #3014, .T. ) ;
#799 = ADVANCED_FACE ( 'NONE', ( #1143 ), #1109, .F. ) ;
#800 = ORIENTED_EDGE ( 'NONE', *, *, #2226, .T. ) ;
#801 = DIRECTION ( 'NONE',  ( -1.000000000000000000, 0.000000000000000000, 0.000000000000000000 ) ) ;
#802 = CARTESIAN_POINT ( 'NONE',  ( 0.000000000000000000, 0.000000000000000000, 20.00000000000000000 ) ) ;
#803 = DIRECTION ( 'NONE',  ( -0.000000000000000000, -0.000000000000000000, 1.000000000000000000 ) ) ;
#804 = VERTEX_POINT ( 'NONE', #3691 ) ;
#805 = VERTEX_POINT ( 'NONE', #841 ) ;
#806 = ORIENTED_EDGE ( 'NONE', *, *, #3089, .T. ) ;
#807 = FACE_OUTER_BOUND ( 'NONE', #2541, .T. ) ;
#808 = CARTESIAN_POINT ( 'NONE',  ( -67.50000000000000000, 49.99999999999999289, 20.00000000000000000 ) ) ;
#809 = EDGE_LOOP ( 'NONE', ( #1141, #327, #3722, #2259 ) ) ;
#810 = VERTEX_POINT ( 'NONE', #2137 ) ;
#811 = DIRECTION ( 'NONE',  ( 1.000000000000000000, 0.000000000000000000, 0.000000000000000000 ) ) ;
#812 = EDGE_LOOP ( 'NONE', ( #1916, #4080, #2480, #2354 ) ) ;
#813 = DIRECTION ( 'NONE',  ( 1.000000000000000000, 0.000000000000000000, 0.000000000000000000 ) ) ;
#814 = FACE_OUTER_BOUND ( 'NONE', #2488, .T. ) ;
#815 = ORIENTED_EDGE ( 'NONE', *, *, #3735, .T. ) ;
#816 = EDGE_CURVE ( 'NONE', #501, #2027, #2405, .T. ) ;
#817 = ORIENTED_EDGE ( 'NONE', *, *, #37, .T. ) ;
#818 = ORIENTED_EDGE ( 'NONE', *, *, #111, .F. ) ;
#819 = DIRECTION ( 'NONE',  ( -0.000000000000000000, -0.000000000000000000, 1.000000000000000000 ) ) ;
#820 = DIRECTION ( 'NONE',  ( 0.000000000000000000, 0.000000000000000000, 1.000000000000000000 ) ) ;
#821 = ORIENTED_EDGE ( 'NONE', *, *, #2831, .T. ) ;
#822 = VECTOR ( 'NONE', #488, 1000.000000000000000 ) ;
#823 = ORIENTED_EDGE ( 'NONE', *, *, #2143, .T. ) ;
#824 = DIRECTION ( 'NONE',  ( -0.000000000000000000, -0.000000000000000000, 1.000000000000000000 ) ) ;
#825 = CARTESIAN_POINT ( 'NONE',  ( 35.00000000000009237, 35.00000000000041922, -0.001000000000001000089 ) ) ;
#826 = AXIS2_PLACEMENT_3D ( 'NONE', #2057, #3716, #184 ) ;
#827 = AXIS2_PLACEMENT_3D ( 'NONE', #3111, #3389, #2403 ) ;
#828 = FACE_OUTER_BOUND ( 'NONE', #2744, .T. ) ;
#829 = ORIENTED_EDGE ( 'NONE', *, *, #512, .F. ) ;
#830 = LINE ( 'NONE', #2556, #1311 ) ;
#831 = EDGE_CURVE ( 'NONE', #3026, #836, #3493, .T. ) ;
#832 = EDGE_CURVE ( 'NONE', #1005, #4179, #1588, .T. ) ;
#833 = AXIS2_PLACEMENT_3D ( 'NONE', #4082, #1446, #2067 ) ;
#834 = CYLINDRICAL_SURFACE ( 'NONE', #3695, 2.500000000000765610 ) ;
#835 = CARTESIAN_POINT ( 'NONE',  ( -57.49999999999937472, -35.00000000000014211, 0.000000000000000000 ) ) ;
#836 = VERTEX_POINT ( 'NONE', #3762 ) ;
#837 = LINE ( 'NONE', #2706, #52 ) ;
#838 = EDGE_CURVE ( 'NONE', #2002, #3514, #4110, .T. ) ;
#839 = VERTEX_POINT ( 'NONE', #2515 ) ;
#840 = LINE ( 'NONE', #862, #431 ) ;
#841 = CARTESIAN_POINT ( 'NONE',  ( 47.50000000000116529, -35.00000000000024869, 0.000000000000000000 ) ) ;
#842 = CIRCLE ( 'NONE', #507, 2.500000000000002220 ) ;
#843 = EDGE_CURVE ( 'NONE', #2323, #2999, #443, .T. ) ;
#844 = CIRCLE ( 'NONE', #651, 2.500000000000550227 ) ;
#845 = ORIENTED_EDGE ( 'NONE', *, *, #2646, .F. ) ;
#846 = ORIENTED_EDGE ( 'NONE', *, *, #263, .F. ) ;
#847 = DIRECTION ( 'NONE',  ( -0.000000000000000000, -0.000000000000000000, 1.000000000000000000 ) ) ;
#848 = CARTESIAN_POINT ( 'NONE',  ( -49.99999999999995737, 45.00000000000017764, 20.00000000000000000 ) ) ;
#849 = VECTOR ( 'NONE', #612, 1000.000000000000000 ) ;
#850 = AXIS2_PLACEMENT_3D ( 'NONE', #2828, #2149, #519 ) ;
#851 = DIRECTION ( 'NONE',  ( -0.000000000000000000, -0.000000000000000000, 1.000000000000000000 ) ) ;
#852 = ORIENTED_EDGE ( 'NONE', *, *, #2864, .T. ) ;
#853 = DIRECTION ( 'NONE',  ( -0.000000000000000000, -0.000000000000000000, -1.000000000000000000 ) ) ;
#854 = AXIS2_PLACEMENT_3D ( 'NONE', #1671, #126, #3888 ) ;
#855 = VECTOR ( 'NONE', #632, 1000.000000000000000 ) ;
#856 = CARTESIAN_POINT ( 'NONE',  ( -57.49999999999828049, 35.00000000000014211, 20.00000000000000000 ) ) ;
#857 = DIRECTION ( 'NONE',  ( -0.000000000000000000, -0.000000000000000000, 1.000000000000000000 ) ) ;
#858 = DIRECTION ( 'NONE',  ( -0.000000000000000000, -0.000000000000000000, 1.000000000000000000 ) ) ;
#859 = ORIENTED_EDGE ( 'NONE', *, *, #576, .F. ) ;
#860 = FACE_BOUND ( 'NONE', #2308, .T. ) ;
#861 = ORIENTED_EDGE ( 'NONE', *, *, #1997, .T. ) ;
#862 = CARTESIAN_POINT ( 'NONE',  ( 35.88354270291765857, -14.15928699750821984, 0.000000000000000000 ) ) ;
#863 = CARTESIAN_POINT ( 'NONE',  ( 32.49999999999955236, -35.00000000000041922, 20.00000000000000000 ) ) ;
#864 = VERTEX_POINT ( 'NONE', #2181 ) ;
#865 = ORIENTED_EDGE ( 'NONE', *, *, #1740, .T. ) ;
#866 = CARTESIAN_POINT ( 'NONE',  ( -54.99999999999985789, -35.00000000000014211, -0.001000000000001000089 ) ) ;
#867 = DIRECTION ( 'NONE',  ( 0.000000000000000000, 0.000000000000000000, 1.000000000000000000 ) ) ;
#868 = DIRECTION ( 'NONE',  ( 1.000000000000000000, 0.000000000000000000, 0.000000000000000000 ) ) ;
#869 = ORIENTED_EDGE ( 'NONE', *, *, #3273, .F. ) ;
#870 = DIRECTION ( 'NONE',  ( -0.000000000000000000, -0.000000000000000000, 1.000000000000000000 ) ) ;
#871 = ORIENTED_EDGE ( 'NONE', *, *, #1886, .T. ) ;
#872 = FACE_OUTER_BOUND ( 'NONE', #2445, .T. ) ;
#873 = CARTESIAN_POINT ( 'NONE',  ( 59.99999999999995737, 45.00000000000007816, 0.000000000000000000 ) ) ;
#874 = CARTESIAN_POINT ( 'NONE',  ( 15.85928699750836124, -34.18354270291759889, 0.000000000000000000 ) ) ;
#875 = CARTESIAN_POINT ( 'NONE',  ( -34.18354270291755626, 14.15928699750846853, 0.000000000000000000 ) ) ;
#876 = LINE ( 'NONE', #2197, #3325 ) ;
#877 = CIRCLE ( 'NONE', #2847, 1.699999999999993072 ) ;
#878 = ORIENTED_EDGE ( 'NONE', *, *, #271, .F. ) ;
#879 = DIRECTION ( 'NONE',  ( 0.000000000000000000, 0.000000000000000000, 1.000000000000000000 ) ) ;
#880 = ORIENTED_EDGE ( 'NONE', *, *, #2721, .T. ) ;
#881 = DIRECTION ( 'NONE',  ( 1.000000000000000000, 0.000000000000000000, 0.000000000000000000 ) ) ;
#882 = EDGE_CURVE ( 'NONE', #2081, #4161, #981, .T. ) ;
#883 = EDGE_CURVE ( 'NONE', #67, #3720, #8, .T. ) ;
#884 = ORIENTED_EDGE ( 'NONE', *, *, #3151, .T. ) ;
#885 = VERTEX_POINT ( 'NONE', #863 ) ;
#886 = DIRECTION ( 'NONE',  ( 0.000000000000000000, 0.000000000000000000, 1.000000000000000000 ) ) ;
#887 = DIRECTION ( 'NONE',  ( 0.000000000000000000, 0.000000000000000000, 1.000000000000000000 ) ) ;
#888 = FACE_OUTER_BOUND ( 'NONE', #708, .T. ) ;
#889 = AXIS2_PLACEMENT_3D ( 'NONE', #1638, #3473, #4156 ) ;
#890 = ORIENTED_EDGE ( 'NONE', *, *, #105, .F. ) ;
#891 = CARTESIAN_POINT ( 'NONE',  ( -57.49999999999828049, 35.00000000000014211, 0.000000000000000000 ) ) ;
#892 = EDGE_LOOP ( 'NONE', ( #3001, #1507 ) ) ;
#893 = DIRECTION ( 'NONE',  ( -0.000000000000000000, -0.000000000000000000, 1.000000000000000000 ) ) ;
#894 = EDGE_CURVE ( 'NONE', #664, #1570, #315, .T. ) ;
#895 = AXIS2_PLACEMENT_3D ( 'NONE', #2529, #3820, #1815 ) ;
#896 = AXIS2_PLACEMENT_3D ( 'NONE', #1554, #1953, #2245 ) ;
#897 = EDGE_CURVE ( 'NONE', #915, #909, #520, .T. ) ;
#898 = CIRCLE ( 'NONE', #2455, 2.499999999998815614 ) ;
#899 = CARTESIAN_POINT ( 'NONE',  ( 49.99999999999995737, 45.00000000000017764, 20.00000000000000000 ) ) ;
#900 = CYLINDRICAL_SURFACE ( 'NONE', #432, 2.500000000000113243 ) ;
#901 = DIRECTION ( 'NONE',  ( 0.000000000000000000, 0.000000000000000000, 1.000000000000000000 ) ) ;
#902 = LINE ( 'NONE', #3734, #3664 ) ;
#903 = EDGE_CURVE ( 'NONE', #3660, #3713, #3177, .T. ) ;
#904 = VECTOR ( 'NONE', #1187, 1000.000000000000000 ) ;
#905 = CARTESIAN_POINT ( 'NONE',  ( -35.88354270291755199, 14.15928699750846853, 14.00000000000000000 ) ) ;
#906 = ORIENTED_EDGE ( 'NONE', *, *, #536, .T. ) ;
#907 = CARTESIAN_POINT ( 'NONE',  ( -32.48354270291762447, -14.15928699750824293, 0.000000000000000000 ) ) ;
#908 = VERTEX_POINT ( 'NONE', #1555 ) ;
#909 = VERTEX_POINT ( 'NONE', #2907 ) ;
#910 = VECTOR ( 'NONE', #851, 1000.000000000000000 ) ;
#911 = CARTESIAN_POINT ( 'NONE',  ( 54.99999999999985789, -35.00000000000014211, -0.001000000000001000089 ) ) ;
#912 = DIRECTION ( 'NONE',  ( 1.000000000000000000, 0.000000000000000000, 0.000000000000000000 ) ) ;
#913 = DIRECTION ( 'NONE',  ( 0.000000000000000000, 0.000000000000000000, 1.000000000000000000 ) ) ;
#914 = VECTOR ( 'NONE', #3643, 1000.000000000000000 ) ;
#915 = VERTEX_POINT ( 'NONE', #1182 ) ;
#916 = FILL_AREA_STYLE ('',( #4066 ) ) ;
#917 = VERTEX_POINT ( 'NONE', #2857 ) ;
#918 = LINE ( 'NONE', #2783, #1240 ) ;
#919 = VECTOR ( 'NONE', #3831, 1000.000000000000000 ) ;
#920 = CIRCLE ( 'NONE', #1876, 2.499999999999995115 ) ;
#921 = EDGE_CURVE ( 'NONE', #3125, #1544, #1591, .T. ) ;
#922 = AXIS2_PLACEMENT_3D ( 'NONE', #1011, #2916, #1284 ) ;
#923 = AXIS2_PLACEMENT_3D ( 'NONE', #371, #3250, #623 ) ;
#924 = DIRECTION ( 'NONE',  ( -1.000000000000000000, 0.000000000000000000, 0.000000000000000000 ) ) ;
#925 = FACE_OUTER_BOUND ( 'NONE', #2680, .T. ) ;
#926 = CARTESIAN_POINT ( 'NONE',  ( -35.00000000000009237, -35.00000000000041922, 20.00000000000000000 ) ) ;
#927 = CIRCLE ( 'NONE', #1342, 1.700000000000000178 ) ;
#928 = DIRECTION ( 'NONE',  ( 0.000000000000000000, 0.000000000000000000, 1.000000000000000000 ) ) ;
#929 = CIRCLE ( 'NONE', #2557, 2.499999999999447109 ) ;
#930 = CARTESIAN_POINT ( 'NONE',  ( 45.00000000000044054, 15.00000000000018296, 20.00000000000000000 ) ) ;
#931 = ORIENTED_EDGE ( 'NONE', *, *, #2743, .T. ) ;
#932 = DIRECTION ( 'NONE',  ( -0.000000000000000000, -0.000000000000000000, 1.000000000000000000 ) ) ;
#933 = ORIENTED_EDGE ( 'NONE', *, *, #641, .T. ) ;
#934 = EDGE_LOOP ( 'NONE', ( #4061, #3917, #253, #4009 ) ) ;
#935 = DIRECTION ( 'NONE',  ( 1.000000000000000000, 0.000000000000000000, 0.000000000000000000 ) ) ;
#936 = DIRECTION ( 'NONE',  ( -1.000000000000000000, 0.000000000000000000, 0.000000000000000000 ) ) ;
#937 = FACE_BOUND ( 'NONE', #2885, .T. ) ;
#938 = ORIENTED_EDGE ( 'NONE', *, *, #574, .T. ) ;
#939 = LINE ( 'NONE', #2236, #4033 ) ;
#940 = EDGE_LOOP ( 'NONE', ( #3521, #2303, #3601, #3624 ) ) ;
#941 = CARTESIAN_POINT ( 'NONE',  ( 37.50000000000063949, -35.00000000000041922, 20.00000000000000000 ) ) ;
#942 = EDGE_CURVE ( 'NONE', #3995, #2065, #3231, .T. ) ;
#943 = DIRECTION ( 'NONE',  ( 1.000000000000000000, 0.000000000000000000, 0.000000000000000000 ) ) ;
#944 = CARTESIAN_POINT ( 'NONE',  ( -44.99999999999997158, 35.00000000000024869, 0.000000000000000000 ) ) ;
#945 = CARTESIAN_POINT ( 'NONE',  ( -54.99999999999985079, 35.00000000000014211, -0.001000000000001000089 ) ) ;
#946 = CARTESIAN_POINT ( 'NONE',  ( 42.50000000000127187, -45.00000000000031974, 0.000000000000000000 ) ) ;
#947 = FACE_BOUND ( 'NONE', #3603, .T. ) ;
#948 = CIRCLE ( 'NONE', #481, 1.700000000000000178 ) ;
#949 = ADVANCED_FACE ( 'NONE', ( #567 ), #1228, .F. ) ;
#950 = VERTEX_POINT ( 'NONE', #907 ) ;
#951 = CARTESIAN_POINT ( 'NONE',  ( -30.00000000000019185, -45.00000000000038369, 20.00000000000000000 ) ) ;
#952 = ADVANCED_FACE ( 'NONE', ( #4126 ), #2818, .F. ) ;
#953 = EDGE_CURVE ( 'NONE', #4161, #2081, #393, .T. ) ;
#954 = CIRCLE ( 'NONE', #206, 1.700000000000000178 ) ;
#955 = EDGE_LOOP ( 'NONE', ( #4058, #3689, #1022, #3782 ) ) ;
#956 = ORIENTED_EDGE ( 'NONE', *, *, #4031, .T. ) ;
#957 = CYLINDRICAL_SURFACE ( 'NONE', #889, 2.500000000000543565 ) ;
#958 = DIRECTION ( 'NONE',  ( -1.000000000000000000, 0.000000000000000000, 0.000000000000000000 ) ) ;
#959 = FACE_BOUND ( 'NONE', #1512, .T. ) ;
#960 = ADVANCED_FACE ( 'NONE', ( #3835 ), #3511, .F. ) ;
#961 = EDGE_LOOP ( 'NONE', ( #2952, #3402 ) ) ;
#962 = CYLINDRICAL_SURFACE ( 'NONE', #3697, 2.499999999998177458 ) ;
#963 = ORIENTED_EDGE ( 'NONE', *, *, #2983, .F. ) ;
#964 = CARTESIAN_POINT ( 'NONE',  ( -14.15928699750834419, -34.18354270291760599, 0.000000000000000000 ) ) ;
#965 = DIRECTION ( 'NONE',  ( -0.000000000000000000, -0.000000000000000000, -1.000000000000000000 ) ) ;
#966 = VERTEX_POINT ( 'NONE', #3857 ) ;
#967 = EDGE_CURVE ( 'NONE', #2065, #3995, #2760, .T. ) ;
#968 = CIRCLE ( 'NONE', #159, 2.500000000000002220 ) ;
#969 = CYLINDRICAL_SURFACE ( 'NONE', #222, 2.499999999999253042 ) ;
#970 = CYLINDRICAL_SURFACE ( 'NONE', #3288, 2.500000000001889600 ) ;
#971 = CYLINDRICAL_SURFACE ( 'NONE', #1496, 2.499999999999245937 ) ;
#972 = AXIS2_PLACEMENT_3D ( 'NONE', #1297, #660, #3785 ) ;
#973 = CIRCLE ( 'NONE', #162, 2.499999999998815614 ) ;
#974 = DIRECTION ( 'NONE',  ( -0.000000000000000000, -0.000000000000000000, 1.000000000000000000 ) ) ;
#975 = ORIENTED_EDGE ( 'NONE', *, *, #3454, .F. ) ;
#976 = APPLICATION_PROTOCOL_DEFINITION ( 'draft international standard', 'automotive_design', 1998, #620 ) ;
#977 = DIRECTION ( 'NONE',  ( -1.000000000000000000, 0.000000000000000000, 0.000000000000000000 ) ) ;
#978 = CIRCLE ( 'NONE', #2325, 2.500000000000002220 ) ;
#979 = EDGE_CURVE ( 'NONE', #1622, #2761, #591, .T. ) ;
#980 = VERTEX_POINT ( 'NONE', #3602 ) ;
#981 = CIRCLE ( 'NONE', #3669, 41.50000000000000000 ) ;
#982 = ORIENTED_EDGE ( 'NONE', *, *, #2275, .T. ) ;
#983 = LINE ( 'NONE', #1255, #3275 ) ;
#984 = LINE ( 'NONE', #4181, #3963 ) ;
#985 = EDGE_CURVE ( 'NONE', #2723, #3314, #336, .T. ) ;
#986 = DIRECTION ( 'NONE',  ( 0.000000000000000000, 0.000000000000000000, -1.000000000000000000 ) ) ;
#987 = VECTOR ( 'NONE', #2550, 1000.000000000000000 ) ;
#988 = ORIENTED_EDGE ( 'NONE', *, *, #2768, .T. ) ;
#989 = DIRECTION ( 'NONE',  ( -0.000000000000000000, -0.000000000000000000, 1.000000000000000000 ) ) ;
#990 = ORIENTED_EDGE ( 'NONE', *, *, #91, .T. ) ;
#991 = CARTESIAN_POINT ( 'NONE',  ( 30.00000000000019185, 45.00000000000038369, -0.001000000000001000089 ) ) ;
#992 = CIRCLE ( 'NONE', #3484, 1.699999999999998401 ) ;
#993 = CARTESIAN_POINT ( 'NONE',  ( -45.00000000000044054, 15.00000000000018296, 20.00000000000000000 ) ) ;
#994 = VERTEX_POINT ( 'NONE', #2636 ) ;
#995 =( GEOMETRIC_REPRESENTATION_CONTEXT ( 3 ) GLOBAL_UNCERTAINTY_ASSIGNED_CONTEXT ( ( #177 ) ) GLOBAL_UNIT_ASSIGNED_CONTEXT ( ( #1168, #1925, #285 ) ) REPRESENTATION_CONTEXT ( 'NONE', 'WORKASPACE' ) );
#996 = CARTESIAN_POINT ( 'NONE',  ( 0.000000000000000000, 0.000000000000000000, 20.00000000000000000 ) ) ;
#997 = CARTESIAN_POINT ( 'NONE',  ( 50.00000000000110134, 25.00000000000011724, 0.000000000000000000 ) ) ;
#998 = DIRECTION ( 'NONE',  ( 1.000000000000000000, 0.000000000000000000, 0.000000000000000000 ) ) ;
#999 = AXIS2_PLACEMENT_3D ( 'NONE', #1986, #3520, #298 ) ;
#1000 = AXIS2_PLACEMENT_3D ( 'NONE', #124, #3335, #773 ) ;
#1001 = FACE_BOUND ( 'NONE', #1818, .T. ) ;
#1002 = EDGE_LOOP ( 'NONE', ( #1326, #3069, #668, #1643 ) ) ;
#1003 = FACE_OUTER_BOUND ( 'NONE', #2865, .T. ) ;
#1004 = CIRCLE ( 'NONE', #3909, 1.700000000000000178 ) ;
#1005 = VERTEX_POINT ( 'NONE', #3875 ) ;
#1006 = ORIENTED_EDGE ( 'NONE', *, *, #3915, .F. ) ;
#1007 = DIRECTION ( 'NONE',  ( -0.000000000000000000, -0.000000000000000000, 1.000000000000000000 ) ) ;
#1008 = DIRECTION ( 'NONE',  ( 0.000000000000000000, 0.000000000000000000, 1.000000000000000000 ) ) ;
#1009 = DIRECTION ( 'NONE',  ( -0.000000000000000000, -0.000000000000000000, 1.000000000000000000 ) ) ;
#1010 = ORIENTED_EDGE ( 'NONE', *, *, #2049, .T. ) ;
#1011 = CARTESIAN_POINT ( 'NONE',  ( -35.00000000000009237, 35.00000000000041922, -0.001000000000001000089 ) ) ;
#1012 = ORIENTED_EDGE ( 'NONE', *, *, #640, .T. ) ;
#1013 = DIRECTION ( 'NONE',  ( -1.000000000000000000, 0.000000000000000000, 0.000000000000000000 ) ) ;
#1014 = CARTESIAN_POINT ( 'NONE',  ( 57.50000000000110845, 24.99999999999997868, 20.00000000000000000 ) ) ;
#1015 = ORIENTED_EDGE ( 'NONE', *, *, #3396, .F. ) ;
#1016 = DIRECTION ( 'NONE',  ( -0.000000000000000000, -0.000000000000000000, 1.000000000000000000 ) ) ;
#1017 = CARTESIAN_POINT ( 'NONE',  ( -59.99999999999995737, 45.00000000000007816, 20.00000000000000000 ) ) ;
#1018 = DIRECTION ( 'NONE',  ( -0.000000000000000000, -0.000000000000000000, 1.000000000000000000 ) ) ;
#1019 = FACE_BOUND ( 'NONE', #3176, .T. ) ;
#1020 = VERTEX_POINT ( 'NONE', #19 ) ;
#1021 = DIRECTION ( 'NONE',  ( -0.000000000000000000, -0.000000000000000000, 1.000000000000000000 ) ) ;
#1022 = ORIENTED_EDGE ( 'NONE', *, *, #3622, .T. ) ;
#1023 = EDGE_CURVE ( 'NONE', #682, #3707, #929, .T. ) ;
#1024 = ORIENTED_EDGE ( 'NONE', *, *, #903, .F. ) ;
#1025 = EDGE_CURVE ( 'NONE', #406, #1622, #1317, .T. ) ;
#1026 = DIRECTION ( 'NONE',  ( -0.000000000000000000, -1.000000000000000000, -0.000000000000000000 ) ) ;
#1027 = DIRECTION ( 'NONE',  ( -0.000000000000000000, -0.000000000000000000, 1.000000000000000000 ) ) ;
#1028 = DIRECTION ( 'NONE',  ( -1.000000000000000000, 0.000000000000000000, 0.000000000000000000 ) ) ;
#1029 = EDGE_LOOP ( 'NONE', ( #3071, #3041 ) ) ;
#1030 = DIRECTION ( 'NONE',  ( -0.000000000000000000, -0.000000000000000000, 1.000000000000000000 ) ) ;
#1031 = ORIENTED_EDGE ( 'NONE', *, *, #3443, .F. ) ;
#1032 = DIRECTION ( 'NONE',  ( 0.000000000000000000, 0.000000000000000000, 1.000000000000000000 ) ) ;
#1033 = DIRECTION ( 'NONE',  ( 1.000000000000000000, 0.000000000000000000, 0.000000000000000000 ) ) ;
#1034 = ADVANCED_FACE ( 'NONE', ( #1003 ), #2949, .F. ) ;
#1035 = ORIENTED_EDGE ( 'NONE', *, *, #1972, .F. ) ;
#1036 = CYLINDRICAL_SURFACE ( 'NONE', #559, 2.499999999999495515 ) ;
#1037 = LINE ( 'NONE', #43, #2130 ) ;
#1038 = CARTESIAN_POINT ( 'NONE',  ( -12.45928699750813706, 34.18354270291769126, 0.000000000000000000 ) ) ;
#1039 = EDGE_CURVE ( 'NONE', #688, #32, #1976, .T. ) ;
#1040 = CIRCLE ( 'NONE', #96, 31.00000000000000000 ) ;
#1041 = FACE_BOUND ( 'NONE', #34, .T. ) ;
#1042 = EDGE_CURVE ( 'NONE', #2994, #569, #3258, .T. ) ;
#1043 = ORIENTED_EDGE ( 'NONE', *, *, #469, .F. ) ;
#1044 = CIRCLE ( 'NONE', #220, 2.500000000000002220 ) ;
#1045 =( GEOMETRIC_REPRESENTATION_CONTEXT ( 3 ) GLOBAL_UNCERTAINTY_ASSIGNED_CONTEXT ( ( #1534 ) ) GLOBAL_UNIT_ASSIGNED_CONTEXT ( ( #3556, #250, #595 ) ) REPRESENTATION_CONTEXT ( 'NONE', 'WORKASPACE' ) );
#1046 = VERTEX_POINT ( 'NONE', #1656 ) ;
#1047 = ORIENTED_EDGE ( 'NONE', *, *, #3351, .F. ) ;
#1048 = CYLINDRICAL_SURFACE ( 'NONE', #1922, 2.500000000000023093 ) ;
#1049 = DIRECTION ( 'NONE',  ( -1.000000000000000000, 0.000000000000000000, 0.000000000000000000 ) ) ;
#1050 = CARTESIAN_POINT ( 'NONE',  ( -40.00000000000007816, -45.00000000000031974, -0.001000000000001000089 ) ) ;
#1051 = EDGE_LOOP ( 'NONE', ( #3471, #474, #1760, #1012 ) ) ;
#1052 = CARTESIAN_POINT ( 'NONE',  ( -34.18354270291762731, -14.15928699750824293, 14.00000000000000000 ) ) ;
#1053 = EDGE_LOOP ( 'NONE', ( #3647, #1785 ) ) ;
#1054 = CARTESIAN_POINT ( 'NONE',  ( 60.00000000000112266, 24.99999999999997868, -0.001000000000001000089 ) ) ;
#1055 = DIRECTION ( 'NONE',  ( 1.000000000000000000, 0.000000000000000000, 0.000000000000000000 ) ) ;
#1056 = CIRCLE ( 'NONE', #2610, 2.499999999999891198 ) ;
#1057 = ORIENTED_EDGE ( 'NONE', *, *, #3217, .F. ) ;
#1058 = DIRECTION ( 'NONE',  ( 1.000000000000000000, 0.000000000000000000, 0.000000000000000000 ) ) ;
#1059 = CARTESIAN_POINT ( 'NONE',  ( 32.48354270291755341, 14.15928699750848097, 0.000000000000000000 ) ) ;
#1060 = LINE ( 'NONE', #110, #3688 ) ;
#1061 = AXIS2_PLACEMENT_3D ( 'NONE', #4131, #1188, #1810 ) ;
#1062 = EDGE_CURVE ( 'NONE', #55, #1692, #49, .T. ) ;
#1063 = AXIS2_PLACEMENT_3D ( 'NONE', #3551, #2944, #676 ) ;
#1064 = CARTESIAN_POINT ( 'NONE',  ( -34.18354270291762731, -14.15928699750824293, 0.000000000000000000 ) ) ;
#1065 = CARTESIAN_POINT ( 'NONE',  ( -57.50000000000181899, 45.00000000000007816, 20.00000000000000000 ) ) ;
#1066 = CIRCLE ( 'NONE', #1406, 2.499999999999499067 ) ;
#1067 = AXIS2_PLACEMENT_3D ( 'NONE', #1830, #3120, #2806 ) ;
#1068 = ORIENTED_EDGE ( 'NONE', *, *, #1039, .F. ) ;
#1069 = ORIENTED_EDGE ( 'NONE', *, *, #1886, .F. ) ;
#1070 = LINE ( 'NONE', #3672, #1989 ) ;
#1071 = DIRECTION ( 'NONE',  ( 1.000000000000000000, 0.000000000000000000, 0.000000000000000000 ) ) ;
#1072 = CIRCLE ( 'NONE', #2140, 2.500000000000002220 ) ;
#1073 = AXIS2_PLACEMENT_3D ( 'NONE', #1882, #649, #1547 ) ;
#1074 = ORIENTED_EDGE ( 'NONE', *, *, #1604, .F. ) ;
#1075 = DIRECTION ( 'NONE',  ( -1.000000000000000000, 0.000000000000000000, 0.000000000000000000 ) ) ;
#1076 = ORIENTED_EDGE ( 'NONE', *, *, #4105, .T. ) ;
#1077 = CARTESIAN_POINT ( 'NONE',  ( 0.000000000000000000, 0.000000000000000000, 14.00000000000000000 ) ) ;
#1078 = FACE_OUTER_BOUND ( 'NONE', #615, .T. ) ;
#1079 = EDGE_LOOP ( 'NONE', ( #90, #2495, #2297, #1147 ) ) ;
#1080 = CARTESIAN_POINT ( 'NONE',  ( -47.50000000000177636, 45.00000000000017764, 20.00000000000000000 ) ) ;
#1081 = DIRECTION ( 'NONE',  ( 1.000000000000000000, 0.000000000000000000, 0.000000000000000000 ) ) ;
#1082 = CARTESIAN_POINT ( 'NONE',  ( -15.85928699750812498, 34.18354270291769126, 14.00000000000000000 ) ) ;
#1083 = ADVANCED_FACE ( 'NONE', ( #2315 ), #2220, .F. ) ;
#1084 = CARTESIAN_POINT ( 'NONE',  ( -57.50000000000181899, 45.00000000000007816, 0.000000000000000000 ) ) ;
#1085 = VERTEX_POINT ( 'NONE', #261 ) ;
#1086 = ORIENTED_EDGE ( 'NONE', *, *, #3977, .F. ) ;
#1087 = ADVANCED_FACE ( 'NONE', ( #585 ), #302, .F. ) ;
#1088 = ORIENTED_EDGE ( 'NONE', *, *, #3582, .T. ) ;
#1089 = CARTESIAN_POINT ( 'NONE',  ( 49.99999999999995737, -45.00000000000017764, 20.00000000000000000 ) ) ;
#1090 = DIRECTION ( 'NONE',  ( 0.000000000000000000, 0.000000000000000000, 1.000000000000000000 ) ) ;
#1091 = EDGE_CURVE ( 'NONE', #3720, #67, #3427, .T. ) ;
#1092 = ORIENTED_EDGE ( 'NONE', *, *, #3468, .F. ) ;
#1093 = CARTESIAN_POINT ( 'NONE',  ( -37.50000000000125766, 45.00000000000031974, 20.00000000000000000 ) ) ;
#1094 = EDGE_LOOP ( 'NONE', ( #3868, #4041, #1774, #3110 ) ) ;
#1095 = CARTESIAN_POINT ( 'NONE',  ( -35.88354270291755199, 14.15928699750846853, 0.000000000000000000 ) ) ;
#1096 = EDGE_CURVE ( 'NONE', #836, #1641, #1683, .T. ) ;
#1097 = CIRCLE ( 'NONE', #1299, 2.500000000000765610 ) ;
#1098 = ORIENTED_EDGE ( 'NONE', *, *, #3397, .F. ) ;
#1099 = CARTESIAN_POINT ( 'NONE',  ( -40.00000000000007816, 45.00000000000031974, 20.00000000000000000 ) ) ;
#1100 = LINE ( 'NONE', #2164, #356 ) ;
#1101 = EDGE_CURVE ( 'NONE', #1423, #1746, #3983, .T. ) ;
#1102 = ADVANCED_FACE ( 'NONE', ( #1565 ), #1900, .F. ) ;
#1103 = DIRECTION ( 'NONE',  ( -0.000000000000000000, -0.000000000000000000, 1.000000000000000000 ) ) ;
#1104 = ORIENTED_EDGE ( 'NONE', *, *, #592, .T. ) ;
#1105 = EDGE_LOOP ( 'NONE', ( #3572, #777 ) ) ;
#1106 = ORIENTED_EDGE ( 'NONE', *, *, #2914, .F. ) ;
#1107 = CARTESIAN_POINT ( 'NONE',  ( -35.00000000000009237, 35.00000000000041922, 0.000000000000000000 ) ) ;
#1108 = AXIS2_PLACEMENT_3D ( 'NONE', #1454, #3369, #3083 ) ;
#1109 = CYLINDRICAL_SURFACE ( 'NONE', #3138, 2.499999999998815614 ) ;
#1110 = CIRCLE ( 'NONE', #1241, 2.500000000000113243 ) ;
#1111 = EDGE_CURVE ( 'NONE', #4020, #1277, #2632, .T. ) ;
#1112 = AXIS2_PLACEMENT_3D ( 'NONE', #652, #3211, #1058 ) ;
#1113 = ORIENTED_EDGE ( 'NONE', *, *, #192, .T. ) ;
#1114 = EDGE_LOOP ( 'NONE', ( #1135, #1057 ) ) ;
#1115 = DIRECTION ( 'NONE',  ( -0.000000000000000000, -0.000000000000000000, 1.000000000000000000 ) ) ;
#1116 = ORIENTED_EDGE ( 'NONE', *, *, #3600, .F. ) ;
#1117 = DIRECTION ( 'NONE',  ( -0.000000000000000000, -0.000000000000000000, 1.000000000000000000 ) ) ;
#1118 = DIRECTION ( 'NONE',  ( -0.000000000000000000, -0.000000000000000000, 1.000000000000000000 ) ) ;
#1119 = CIRCLE ( 'NONE', #3480, 2.500000000001889600 ) ;
#1120 = CARTESIAN_POINT ( 'NONE',  ( -42.49999999999998579, -45.00000000000031974, 20.00000000000000000 ) ) ;
#1121 = DIRECTION ( 'NONE',  ( -0.000000000000000000, -0.000000000000000000, 1.000000000000000000 ) ) ;
#1122 = CIRCLE ( 'NONE', #3358, 2.500000000000002220 ) ;
#1123 = ORIENTED_EDGE ( 'NONE', *, *, #1425, .F. ) ;
#1124 = AXIS2_PLACEMENT_3D ( 'NONE', #3872, #2927, #3238 ) ;
#1125 = ORIENTED_EDGE ( 'NONE', *, *, #1023, .F. ) ;
#1126 = AXIS2_PLACEMENT_3D ( 'NONE', #4169, #4122, #2511 ) ;
#1127 = CARTESIAN_POINT ( 'NONE',  ( 67.50000000000000000, 49.99999999999999289, 0.000000000000000000 ) ) ;
#1128 = CARTESIAN_POINT ( 'NONE',  ( 59.99999999999995737, -45.00000000000007816, 20.00000000000000000 ) ) ;
#1129 = CIRCLE ( 'NONE', #3832, 2.500000000001847855 ) ;
#1130 = ORIENTED_EDGE ( 'NONE', *, *, #1418, .T. ) ;
#1131 = AXIS2_PLACEMENT_3D ( 'NONE', #1667, #989, #2279 ) ;
#1132 = VERTEX_POINT ( 'NONE', #283 ) ;
#1133 = CARTESIAN_POINT ( 'NONE',  ( -14.15928699750834419, -34.18354270291760599, 0.000000000000000000 ) ) ;
#1134 = AXIS2_PLACEMENT_3D ( 'NONE', #4140, #2509, #1921 ) ;
#1135 = ORIENTED_EDGE ( 'NONE', *, *, #2886, .F. ) ;
#1136 = CARTESIAN_POINT ( 'NONE',  ( 34.18354270291755626, 14.15928699750848097, 0.000000000000000000 ) ) ;
#1137 = EDGE_CURVE ( 'NONE', #3562, #1321, #2829, .T. ) ;
#1138 = FACE_OUTER_BOUND ( 'NONE', #408, .T. ) ;
#1139 = ORIENTED_EDGE ( 'NONE', *, *, #774, .T. ) ;
#1140 = ORIENTED_EDGE ( 'NONE', *, *, #20, .T. ) ;
#1141 = ORIENTED_EDGE ( 'NONE', *, *, #3089, .F. ) ;
#1142 = DIRECTION ( 'NONE',  ( -1.000000000000000000, 0.000000000000000000, 0.000000000000000000 ) ) ;
#1143 = FACE_OUTER_BOUND ( 'NONE', #599, .T. ) ;
#1144 = EDGE_CURVE ( 'NONE', #2701, #2247, #1004, .T. ) ;
#1145 = ADVANCED_FACE ( 'NONE', ( #2257 ), #3145, .F. ) ;
#1146 = ORIENTED_EDGE ( 'NONE', *, *, #2981, .T. ) ;
#1147 = ORIENTED_EDGE ( 'NONE', *, *, #2775, .T. ) ;
#1148 = CARTESIAN_POINT ( 'NONE',  ( -42.50000000000115818, 35.00000000000024869, 0.000000000000000000 ) ) ;
#1149 = CYLINDRICAL_SURFACE ( 'NONE', #373, 2.500000000000550227 ) ;
#1150 = DIRECTION ( 'NONE',  ( -0.000000000000000000, -0.000000000000000000, 1.000000000000000000 ) ) ;
#1151 = ORIENTED_EDGE ( 'NONE', *, *, #1859, .F. ) ;
#1152 = CARTESIAN_POINT ( 'NONE',  ( 55.00000000000103029, -15.00000000000003020, 20.00000000000000000 ) ) ;
#1153 = AXIS2_PLACEMENT_3D ( 'NONE', #4144, #3804, #1863 ) ;
#1154 = EDGE_CURVE ( 'NONE', #3707, #682, #3836, .T. ) ;
#1155 = DIRECTION ( 'NONE',  ( -0.000000000000000000, -0.000000000000000000, 1.000000000000000000 ) ) ;
#1156 = ADVANCED_FACE ( 'NONE', ( #560 ), #2897, .F. ) ;
#1157 = CARTESIAN_POINT ( 'NONE',  ( -34.18354270291762731, -14.15928699750824293, 0.000000000000000000 ) ) ;
#1158 = ORIENTED_EDGE ( 'NONE', *, *, #4108, .T. ) ;
#1159 = DIRECTION ( 'NONE',  ( -0.000000000000000000, -0.000000000000000000, 1.000000000000000000 ) ) ;
#1160 = ORIENTED_EDGE ( 'NONE', *, *, #1352, .F. ) ;
#1161 = DIRECTION ( 'NONE',  ( 0.000000000000000000, 0.000000000000000000, 1.000000000000000000 ) ) ;
#1162 = DIRECTION ( 'NONE',  ( 1.000000000000000000, 0.000000000000000000, 0.000000000000000000 ) ) ;
#1163 = EDGE_LOOP ( 'NONE', ( #603, #795 ) ) ;
#1164 = EDGE_LOOP ( 'NONE', ( #3438, #1213 ) ) ;
#1165 = DIRECTION ( 'NONE',  ( -0.000000000000000000, -0.000000000000000000, 1.000000000000000000 ) ) ;
#1166 = CARTESIAN_POINT ( 'NONE',  ( -60.00000000000111555, -24.99999999999998934, -0.001000000000001000089 ) ) ;
#1167 = AXIS2_PLACEMENT_3D ( 'NONE', #1099, #1792, #1756 ) ;
#1168 =( LENGTH_UNIT ( ) NAMED_UNIT ( * ) SI_UNIT ( .MILLI., .METRE. ) );
#1169 = ORIENTED_EDGE ( 'NONE', *, *, #2467, .F. ) ;
#1170 = DIRECTION ( 'NONE',  ( 1.000000000000000000, 0.000000000000000000, 0.000000000000000000 ) ) ;
#1171 = VECTOR ( 'NONE', #2058, 1000.000000000000000 ) ;
#1172 = AXIS2_PLACEMENT_3D ( 'NONE', #1467, #2759, #1429 ) ;
#1173 = CARTESIAN_POINT ( 'NONE',  ( 12.45928699750835911, -34.18354270291759889, 14.00000000000000000 ) ) ;
#1174 = DIRECTION ( 'NONE',  ( -0.000000000000000000, -0.000000000000000000, 1.000000000000000000 ) ) ;
#1175 = CARTESIAN_POINT ( 'NONE',  ( -47.49999999999878497, 35.00000000000024869, 20.00000000000000000 ) ) ;
#1176 = AXIS2_PLACEMENT_3D ( 'NONE', #3225, #986, #3475 ) ;
#1177 = ORIENTED_EDGE ( 'NONE', *, *, #3283, .T. ) ;
#1178 = DIRECTION ( 'NONE',  ( -1.000000000000000000, 0.000000000000000000, 0.000000000000000000 ) ) ;
#1179 = EDGE_CURVE ( 'NONE', #1132, #2684, #927, .T. ) ;
#1180 = EDGE_LOOP ( 'NONE', ( #1878, #2623 ) ) ;
#1181 = DIRECTION ( 'NONE',  ( 0.000000000000000000, 0.000000000000000000, 1.000000000000000000 ) ) ;
#1182 = CARTESIAN_POINT ( 'NONE',  ( -42.50000000000044054, 15.00000000000018296, 20.00000000000000000 ) ) ;
#1183 = VECTOR ( 'NONE', #1150, 1000.000000000000000 ) ;
#1184 = CIRCLE ( 'NONE', #2688, 1.700000000000000178 ) ;
#1185 = ORIENTED_EDGE ( 'NONE', *, *, #2242, .T. ) ;
#1186 = ORIENTED_EDGE ( 'NONE', *, *, #648, .T. ) ;
#1187 = DIRECTION ( 'NONE',  ( -0.000000000000000000, -0.000000000000000000, 1.000000000000000000 ) ) ;
#1188 = DIRECTION ( 'NONE',  ( -0.000000000000000000, -0.000000000000000000, 1.000000000000000000 ) ) ;
#1189 = LINE ( 'NONE', #2991, #1864 ) ;
#1190 = AXIS2_PLACEMENT_3D ( 'NONE', #4107, #4124, #310 ) ;
#1191 = AXIS2_PLACEMENT_3D ( 'NONE', #81, #3847, #3866 ) ;
#1192 = ORIENTED_EDGE ( 'NONE', *, *, #485, .F. ) ;
#1193 = LINE ( 'NONE', #2527, #910 ) ;
#1194 = ORIENTED_EDGE ( 'NONE', *, *, #3481, .F. ) ;
#1195 = DIRECTION ( 'NONE',  ( -0.000000000000000000, -0.000000000000000000, 1.000000000000000000 ) ) ;
#1196 = VECTOR ( 'NONE', #33, 1000.000000000000000 ) ;
#1197 = ADVANCED_FACE ( 'NONE', ( #12 ), #243, .F. ) ;
#1198 = EDGE_CURVE ( 'NONE', #663, #2000, #4120, .T. ) ;
#1199 = FACE_BOUND ( 'NONE', #3687, .T. ) ;
#1200 = DIRECTION ( 'NONE',  ( -1.000000000000000000, 0.000000000000000000, 0.000000000000000000 ) ) ;
#1201 = DIRECTION ( 'NONE',  ( -0.000000000000000000, -0.000000000000000000, 1.000000000000000000 ) ) ;
#1202 = ORIENTED_EDGE ( 'NONE', *, *, #2712, .F. ) ;
#1203 = FACE_BOUND ( 'NONE', #1896, .T. ) ;
#1204 = ORIENTED_EDGE ( 'NONE', *, *, #2457, .T. ) ;
#1205 = DIRECTION ( 'NONE',  ( -1.000000000000000000, 0.000000000000000000, 0.000000000000000000 ) ) ;
#1206 = EDGE_CURVE ( 'NONE', #189, #2908, #3421, .T. ) ;
#1207 = ORIENTED_EDGE ( 'NONE', *, *, #3283, .F. ) ;
#1208 = ORIENTED_EDGE ( 'NONE', *, *, #342, .T. ) ;
#1209 = FACE_OUTER_BOUND ( 'NONE', #2296, .T. ) ;
#1210 = CARTESIAN_POINT ( 'NONE',  ( 50.00000000000110134, 25.00000000000011724, -0.001000000000001000089 ) ) ;
#1211 = EDGE_CURVE ( 'NONE', #1328, #3257, #3702, .T. ) ;
#1212 = CARTESIAN_POINT ( 'NONE',  ( -47.50000000000109424, 25.00000000000011724, 0.000000000000000000 ) ) ;
#1213 = ORIENTED_EDGE ( 'NONE', *, *, #3717, .F. ) ;
#1214 = ADVANCED_FACE ( 'NONE', ( #690 ), #3591, .F. ) ;
#1215 = CARTESIAN_POINT ( 'NONE',  ( 31.00000000000000000, 0.000000000000000000, 14.00000000000000000 ) ) ;
#1216 = ORIENTED_EDGE ( 'NONE', *, *, #2668, .T. ) ;
#1217 = CARTESIAN_POINT ( 'NONE',  ( 45.00000000000044054, 15.00000000000018296, 0.000000000000000000 ) ) ;
#1218 = DIRECTION ( 'NONE',  ( 1.000000000000000000, 0.000000000000000000, 0.000000000000000000 ) ) ;
#1219 = DIRECTION ( 'NONE',  ( -0.000000000000000000, -0.000000000000000000, 1.000000000000000000 ) ) ;
#1220 = DIRECTION ( 'NONE',  ( -0.000000000000000000, -0.000000000000000000, 1.000000000000000000 ) ) ;
#1221 = DIRECTION ( 'NONE',  ( -1.000000000000000000, 0.000000000000000000, 0.000000000000000000 ) ) ;
#1222 = EDGE_CURVE ( 'NONE', #2967, #4135, #104, .T. ) ;
#1223 = EDGE_CURVE ( 'NONE', #3961, #532, #1072, .T. ) ;
#1224 = CIRCLE ( 'NONE', #3598, 2.499999999999499067 ) ;
#1225 = CARTESIAN_POINT ( 'NONE',  ( -44.99999999999997158, 35.00000000000024869, 20.00000000000000000 ) ) ;
#1226 = ORIENTED_EDGE ( 'NONE', *, *, #3710, .F. ) ;
#1227 = DIRECTION ( 'NONE',  ( -1.000000000000000000, 0.000000000000000000, 0.000000000000000000 ) ) ;
#1228 = CYLINDRICAL_SURFACE ( 'NONE', #2219, 2.499999999999891198 ) ;
#1229 = ORIENTED_EDGE ( 'NONE', *, *, #3272, .T. ) ;
#1230 = ORIENTED_EDGE ( 'NONE', *, *, #2586, .T. ) ;
#1231 = DIRECTION ( 'NONE',  ( 1.000000000000000000, 0.000000000000000000, 0.000000000000000000 ) ) ;
#1232 = CARTESIAN_POINT ( 'NONE',  ( 32.48354270291755341, 14.15928699750848097, 14.00000000000000000 ) ) ;
#1233 = FACE_BOUND ( 'NONE', #650, .T. ) ;
#1234 = EDGE_CURVE ( 'NONE', #3082, #1360, #1648, .T. ) ;
#1235 = AXIS2_PLACEMENT_3D ( 'NONE', #1726, #135, #1748 ) ;
#1236 = ORIENTED_EDGE ( 'NONE', *, *, #662, .T. ) ;
#1237 = CARTESIAN_POINT ( 'NONE',  ( 44.99999999999997158, 35.00000000000024869, -0.001000000000001000089 ) ) ;
#1238 = VERTEX_POINT ( 'NONE', #3318 ) ;
#1239 = CYLINDRICAL_SURFACE ( 'NONE', #895, 2.500000000000009326 ) ;
#1240 = VECTOR ( 'NONE', #853, 1000.000000000000000 ) ;
#1241 = AXIS2_PLACEMENT_3D ( 'NONE', #1444, #3761, #1779 ) ;
#1242 = CIRCLE ( 'NONE', #3342, 2.500000000001064038 ) ;
#1243 = DIRECTION ( 'NONE',  ( -0.000000000000000000, -0.000000000000000000, 1.000000000000000000 ) ) ;
#1244 = CARTESIAN_POINT ( 'NONE',  ( -27.49999999999966960, -45.00000000000038369, 20.00000000000000000 ) ) ;
#1245 = CARTESIAN_POINT ( 'NONE',  ( -55.00000000000101608, -15.00000000000005862, 20.00000000000000000 ) ) ;
#1246 = LINE ( 'NONE', #2537, #270 ) ;
#1247 = AXIS2_PLACEMENT_3D ( 'NONE', #1050, #2342, #4024 ) ;
#1248 = DIRECTION ( 'NONE',  ( -0.000000000000000000, -0.000000000000000000, 1.000000000000000000 ) ) ;
#1249 = ORIENTED_EDGE ( 'NONE', *, *, #1222, .F. ) ;
#1250 = DIRECTION ( 'NONE',  ( 0.000000000000000000, 0.000000000000000000, 1.000000000000000000 ) ) ;
#1251 = VECTOR ( 'NONE', #3842, 1000.000000000000000 ) ;
#1252 = ORIENTED_EDGE ( 'NONE', *, *, #3964, .T. ) ;
#1253 = ORIENTED_EDGE ( 'NONE', *, *, #921, .T. ) ;
#1254 = CIRCLE ( 'NONE', #1330, 2.499999999998135713 ) ;
#1255 = CARTESIAN_POINT ( 'NONE',  ( 32.50000000000064659, 35.00000000000041922, -0.001000000000001000089 ) ) ;
#1256 = CARTESIAN_POINT ( 'NONE',  ( 44.99999999999997158, 35.00000000000024869, 0.000000000000000000 ) ) ;
#1257 = FACE_BOUND ( 'NONE', #1796, .T. ) ;
#1258 = CIRCLE ( 'NONE', #1063, 2.500000000000536460 ) ;
#1259 = VERTEX_POINT ( 'NONE', #2600 ) ;
#1260 = DIRECTION ( 'NONE',  ( 1.000000000000000000, 0.000000000000000000, 0.000000000000000000 ) ) ;
#1261 = ORIENTED_EDGE ( 'NONE', *, *, #838, .F. ) ;
#1262 = CARTESIAN_POINT ( 'NONE',  ( 59.99999999999995737, -45.00000000000007816, 20.00000000000000000 ) ) ;
#1263 = AXIS2_PLACEMENT_3D ( 'NONE', #248, #1248, #1551 ) ;
#1264 = VECTOR ( 'NONE', #2390, 1000.000000000000000 ) ;
#1265 = AXIS2_PLACEMENT_3D ( 'NONE', #1894, #887, #3791 ) ;
#1266 = DIRECTION ( 'NONE',  ( 0.000000000000000000, 0.000000000000000000, 1.000000000000000000 ) ) ;
#1267 = DIRECTION ( 'NONE',  ( -0.000000000000000000, -0.000000000000000000, 1.000000000000000000 ) ) ;
#1268 = FACE_OUTER_BOUND ( 'NONE', #3374, .T. ) ;
#1269 = AXIS2_PLACEMENT_3D ( 'NONE', #3185, #63, #2595 ) ;
#1270 = FACE_OUTER_BOUND ( 'NONE', #3022, .T. ) ;
#1271 = EDGE_CURVE ( 'NONE', #2756, #3093, #419, .T. ) ;
#1272 = VECTOR ( 'NONE', #2584, 1000.000000000000000 ) ;
#1273 = DIRECTION ( 'NONE',  ( -1.000000000000000000, 0.000000000000000000, 0.000000000000000000 ) ) ;
#1274 = VERTEX_POINT ( 'NONE', #2628 ) ;
#1275 = DIRECTION ( 'NONE',  ( -0.000000000000000000, -0.000000000000000000, 1.000000000000000000 ) ) ;
#1276 = ORIENTED_EDGE ( 'NONE', *, *, #201, .T. ) ;
#1277 = VERTEX_POINT ( 'NONE', #714 ) ;
#1278 = DIRECTION ( 'NONE',  ( 0.000000000000000000, 0.000000000000000000, 1.000000000000000000 ) ) ;
#1279 = CARTESIAN_POINT ( 'NONE',  ( 49.99999999999995737, 45.00000000000017764, 20.00000000000000000 ) ) ;
#1280 = FACE_BOUND ( 'NONE', #892, .T. ) ;
#1281 = EDGE_CURVE ( 'NONE', #3846, #214, #3371, .T. ) ;
#1282 = EDGE_CURVE ( 'NONE', #161, #966, #738, .T. ) ;
#1283 = ORIENTED_EDGE ( 'NONE', *, *, #276, .T. ) ;
#1284 = DIRECTION ( 'NONE',  ( 1.000000000000000000, 0.000000000000000000, 0.000000000000000000 ) ) ;
#1285 = ORIENTED_EDGE ( 'NONE', *, *, #2160, .T. ) ;
#1286 = CARTESIAN_POINT ( 'NONE',  ( 52.50000000000110134, 25.00000000000011724, -0.001000000000001000089 ) ) ;
#1287 = DIRECTION ( 'NONE',  ( -0.000000000000000000, -0.000000000000000000, 1.000000000000000000 ) ) ;
#1288 = VERTEX_POINT ( 'NONE', #66 ) ;
#1289 = EDGE_CURVE ( 'NONE', #2002, #1747, #247, .T. ) ;
#1290 = DIRECTION ( 'NONE',  ( -0.000000000000000000, -0.000000000000000000, 1.000000000000000000 ) ) ;
#1291 = CARTESIAN_POINT ( 'NONE',  ( 62.50000000000072475, 45.00000000000007816, 20.00000000000000000 ) ) ;
#1292 = CYLINDRICAL_SURFACE ( 'NONE', #2048, 2.500000000001889600 ) ;
#1293 = ADVANCED_FACE ( 'NONE', ( #3340 ), #1359, .F. ) ;
#1294 = EDGE_CURVE ( 'NONE', #161, #2725, #1808, .T. ) ;
#1295 = FACE_BOUND ( 'NONE', #1436, .T. ) ;
#1296 = ORIENTED_EDGE ( 'NONE', *, *, #3600, .T. ) ;
#1297 = CARTESIAN_POINT ( 'NONE',  ( 0.000000000000000000, 0.000000000000000000, 0.000000000000000000 ) ) ;
#1298 = CARTESIAN_POINT ( 'NONE',  ( 42.50000000000019185, 45.00000000000031974, -0.001000000000001000089 ) ) ;
#1299 = AXIS2_PLACEMENT_3D ( 'NONE', #1630, #4170, #2924 ) ;
#1300 = ORIENTED_EDGE ( 'NONE', *, *, #1062, .T. ) ;
#1301 = ORIENTED_EDGE ( 'NONE', *, *, #355, .F. ) ;
#1302 = DIRECTION ( 'NONE',  ( -1.000000000000000000, 0.000000000000000000, 0.000000000000000000 ) ) ;
#1303 = CARTESIAN_POINT ( 'NONE',  ( 52.50000000000110134, 25.00000000000011724, 0.000000000000000000 ) ) ;
#1304 = FACE_BOUND ( 'NONE', #4062, .T. ) ;
#1305 = ORIENTED_EDGE ( 'NONE', *, *, #3780, .F. ) ;
#1306 = FACE_OUTER_BOUND ( 'NONE', #594, .T. ) ;
#1307 = ORIENTED_EDGE ( 'NONE', *, *, #3719, .F. ) ;
#1308 = CARTESIAN_POINT ( 'NONE',  ( 49.99999999999995737, 45.00000000000017764, 0.000000000000000000 ) ) ;
#1309 = CARTESIAN_POINT ( 'NONE',  ( -55.00000000000102318, 15.00000000000004441, -0.001000000000001000089 ) ) ;
#1310 = ORIENTED_EDGE ( 'NONE', *, *, #2950, .T. ) ;
#1311 = VECTOR ( 'NONE', #2850, 1000.000000000000000 ) ;
#1312 = CARTESIAN_POINT ( 'NONE',  ( 40.00000000000007816, 45.00000000000031974, 20.00000000000000000 ) ) ;
#1313 = CARTESIAN_POINT ( 'NONE',  ( -44.99999999999997158, -35.00000000000024869, 0.000000000000000000 ) ) ;
#1314 = DIRECTION ( 'NONE',  ( -1.000000000000000000, 0.000000000000000000, 0.000000000000000000 ) ) ;
#1315 = FACE_OUTER_BOUND ( 'NONE', #2961, .T. ) ;
#1316 = ORIENTED_EDGE ( 'NONE', *, *, #4084, .T. ) ;
#1317 = LINE ( 'NONE', #661, #2970 ) ;
#1318 = AXIS2_PLACEMENT_3D ( 'NONE', #693, #886, #1081 ) ;
#1319 = ORIENTED_EDGE ( 'NONE', *, *, #3769, .T. ) ;
#1320 = AXIS2_PLACEMENT_3D ( 'NONE', #3673, #2741, #1504 ) ;
#1321 = VERTEX_POINT ( 'NONE', #1014 ) ;
#1322 = DIRECTION ( 'NONE',  ( -1.000000000000000000, 0.000000000000000000, 0.000000000000000000 ) ) ;
#1323 = CARTESIAN_POINT ( 'NONE',  ( 32.49999999999968736, 45.00000000000038369, 0.000000000000000000 ) ) ;
#1324 = CARTESIAN_POINT ( 'NONE',  ( -42.50000000000007816, -35.00000000000024869, -0.001000000000001000089 ) ) ;
#1325 = VECTOR ( 'NONE', #2462, 1000.000000000000000 ) ;
#1326 = ORIENTED_EDGE ( 'NONE', *, *, #4065, .F. ) ;
#1327 = DIRECTION ( 'NONE',  ( 1.000000000000000000, 0.000000000000000000, 0.000000000000000000 ) ) ;
#1328 = VERTEX_POINT ( 'NONE', #2307 ) ;
#1329 = DIRECTION ( 'NONE',  ( 1.000000000000000000, 0.000000000000000000, 0.000000000000000000 ) ) ;
#1330 = AXIS2_PLACEMENT_3D ( 'NONE', #638, #1027, #3 ) ;
#1331 = DIRECTION ( 'NONE',  ( 1.000000000000000000, 0.000000000000000000, 0.000000000000000000 ) ) ;
#1332 = CIRCLE ( 'NONE', #724, 2.499999999999253042 ) ;
#1333 = ORIENTED_EDGE ( 'NONE', *, *, #712, .T. ) ;
#1334 = CIRCLE ( 'NONE', #508, 2.500000000000293543 ) ;
#1335 = CARTESIAN_POINT ( 'NONE',  ( 35.00000000000009237, 35.00000000000041922, -0.001000000000001000089 ) ) ;
#1336 = DIRECTION ( 'NONE',  ( -1.000000000000000000, 0.000000000000000000, 0.000000000000000000 ) ) ;
#1337 = CARTESIAN_POINT ( 'NONE',  ( 32.48354270291765999, -14.15928699750821984, 14.00000000000000000 ) ) ;
#1338 = VECTOR ( 'NONE', #3951, 1000.000000000000000 ) ;
#1339 = CIRCLE ( 'NONE', #3027, 2.499999999999499067 ) ;
#1340 = EDGE_CURVE ( 'NONE', #3514, #1985, #2481, .T. ) ;
#1341 = EDGE_CURVE ( 'NONE', #1655, #1692, #4037, .T. ) ;
#1342 = AXIS2_PLACEMENT_3D ( 'NONE', #3188, #1266, #2559 ) ;
#1343 = DIRECTION ( 'NONE',  ( -0.000000000000000000, -0.000000000000000000, 1.000000000000000000 ) ) ;
#1344 = ORIENTED_EDGE ( 'NONE', *, *, #2087, .F. ) ;
#1345 = CARTESIAN_POINT ( 'NONE',  ( -32.49999999999968736, 45.00000000000038369, -0.001000000000001000089 ) ) ;
#1346 = VECTOR ( 'NONE', #2239, 1000.000000000000000 ) ;
#1347 = ORIENTED_EDGE ( 'NONE', *, *, #457, .T. ) ;
#1348 = ORIENTED_EDGE ( 'NONE', *, *, #1025, .T. ) ;
#1349 = CARTESIAN_POINT ( 'NONE',  ( 37.49999999999953815, 35.00000000000041922, 0.000000000000000000 ) ) ;
#1350 = CARTESIAN_POINT ( 'NONE',  ( -57.50000000000131450, 15.00000000000004441, 20.00000000000000000 ) ) ;
#1351 = DIRECTION ( 'NONE',  ( -1.000000000000000000, 0.000000000000000000, 0.000000000000000000 ) ) ;
#1352 = EDGE_CURVE ( 'NONE', #909, #915, #2965, .T. ) ;
#1353 = ORIENTED_EDGE ( 'NONE', *, *, #1281, .F. ) ;
#1354 = ADVANCED_FACE ( 'NONE', ( #1078 ), #1375, .F. ) ;
#1355 = DIRECTION ( 'NONE',  ( -0.000000000000000000, -0.000000000000000000, 1.000000000000000000 ) ) ;
#1356 = ORIENTED_EDGE ( 'NONE', *, *, #1400, .T. ) ;
#1357 = DIRECTION ( 'NONE',  ( -0.000000000000000000, -0.000000000000000000, 1.000000000000000000 ) ) ;
#1358 = ADVANCED_FACE ( 'NONE', ( #349 ), #38, .F. ) ;
#1359 = CYLINDRICAL_SURFACE ( 'NONE', #4177, 2.500000000000002220 ) ;
#1360 = VERTEX_POINT ( 'NONE', #2326 ) ;
#1361 = DIRECTION ( 'NONE',  ( -1.000000000000000000, 0.000000000000000000, 0.000000000000000000 ) ) ;
#1362 = FACE_OUTER_BOUND ( 'NONE', #940, .T. ) ;
#1363 = DIRECTION ( 'NONE',  ( 0.000000000000000000, 0.000000000000000000, 1.000000000000000000 ) ) ;
#1364 = DIRECTION ( 'NONE',  ( -0.000000000000000000, -0.000000000000000000, 1.000000000000000000 ) ) ;
#1365 = ORIENTED_EDGE ( 'NONE', *, *, #3764, .F. ) ;
#1366 = VERTEX_POINT ( 'NONE', #3616 ) ;
#1367 = ORIENTED_EDGE ( 'NONE', *, *, #342, .F. ) ;
#1368 = CARTESIAN_POINT ( 'NONE',  ( 35.00000000000009237, -35.00000000000041922, 0.000000000000000000 ) ) ;
#1369 = DIRECTION ( 'NONE',  ( -0.000000000000000000, -0.000000000000000000, 1.000000000000000000 ) ) ;
#1370 = FACE_OUTER_BOUND ( 'NONE', #3993, .T. ) ;
#1371 = EDGE_LOOP ( 'NONE', ( #1194, #4046, #123, #3302 ) ) ;
#1372 = CARTESIAN_POINT ( 'NONE',  ( 47.50000000000109424, 25.00000000000011724, 0.000000000000000000 ) ) ;
#1373 = EDGE_LOOP ( 'NONE', ( #2546, #2878, #880, #3613 ) ) ;
#1374 = LINE ( 'NONE', #3207, #309 ) ;
#1375 = CYLINDRICAL_SURFACE ( 'NONE', #3566, 2.500000000000536460 ) ;
#1376 = VERTEX_POINT ( 'NONE', #1694 ) ;
#1377 = DIRECTION ( 'NONE',  ( -0.000000000000000000, -0.000000000000000000, 1.000000000000000000 ) ) ;
#1378 = FACE_OUTER_BOUND ( 'NONE', #1487, .T. ) ;
#1379 = CARTESIAN_POINT ( 'NONE',  ( 34.18354270291765573, -14.15928699750821984, 14.00000000000000000 ) ) ;
#1380 = AXIS2_PLACEMENT_3D ( 'NONE', #1802, #4005, #1142 ) ;
#1381 = CARTESIAN_POINT ( 'NONE',  ( 47.50000000000009237, 35.00000000000024869, 0.000000000000000000 ) ) ;
#1382 = ORIENTED_EDGE ( 'NONE', *, *, #2656, .T. ) ;
#1383 = CIRCLE ( 'NONE', #2252, 2.500000000000002220 ) ;
#1384 = ORIENTED_EDGE ( 'NONE', *, *, #105, .T. ) ;
#1385 = ORIENTED_EDGE ( 'NONE', *, *, #2731, .F. ) ;
#1386 = CARTESIAN_POINT ( 'NONE',  ( 41.50000000000000000, 0.000000000000000000, 14.00000000000000000 ) ) ;
#1387 = LINE ( 'NONE', #1663, #2199 ) ;
#1388 = AXIS2_PLACEMENT_3D ( 'NONE', #3095, #191, #2720 ) ;
#1389 = EDGE_CURVE ( 'NONE', #1443, #1328, #83, .T. ) ;
#1390 = ORIENTED_EDGE ( 'NONE', *, *, #144, .F. ) ;
#1391 = CARTESIAN_POINT ( 'NONE',  ( -60.00000000000112266, 24.99999999999997868, -0.001000000000001000089 ) ) ;
#1392 = ORIENTED_EDGE ( 'NONE', *, *, #535, .F. ) ;
#1393 = LINE ( 'NONE', #2091, #2964 ) ;
#1394 = DIRECTION ( 'NONE',  ( -0.000000000000000000, -0.000000000000000000, 1.000000000000000000 ) ) ;
#1395 = ORIENTED_EDGE ( 'NONE', *, *, #205, .T. ) ;
#1396 = CARTESIAN_POINT ( 'NONE',  ( 15.85928699750810367, 34.18354270291769836, 14.00000000000000000 ) ) ;
#1397 = DIRECTION ( 'NONE',  ( 1.000000000000000000, 0.000000000000000000, 0.000000000000000000 ) ) ;
#1398 = CARTESIAN_POINT ( 'NONE',  ( -35.00000000000009237, -35.00000000000041922, -0.001000000000001000089 ) ) ;
#1399 = AXIS2_PLACEMENT_3D ( 'NONE', #1936, #2862, #3841 ) ;
#1400 = EDGE_CURVE ( 'NONE', #2982, #4047, #588, .T. ) ;
#1401 = ADVANCED_FACE ( 'NONE', ( #3543 ), #3267, .F. ) ;
#1402 = CIRCLE ( 'NONE', #788, 2.500000000000550227 ) ;
#1403 = DIRECTION ( 'NONE',  ( 1.000000000000000000, 0.000000000000000000, 0.000000000000000000 ) ) ;
#1404 = ADVANCED_FACE ( 'NONE', ( #1306 ), #3864, .F. ) ;
#1405 = ORIENTED_EDGE ( 'NONE', *, *, #3844, .F. ) ;
#1406 = AXIS2_PLACEMENT_3D ( 'NONE', #357, #1343, #2946 ) ;
#1407 = AXIS2_PLACEMENT_3D ( 'NONE', #2986, #2962, #2011 ) ;
#1408 = EDGE_CURVE ( 'NONE', #1617, #810, #1680, .T. ) ;
#1409 = ORIENTED_EDGE ( 'NONE', *, *, #3987, .T. ) ;
#1410 = ORIENTED_EDGE ( 'NONE', *, *, #1198, .T. ) ;
#1411 = LINE ( 'NONE', #3927, #3065 ) ;
#1412 = CARTESIAN_POINT ( 'NONE',  ( 34.18354270291755626, 14.15928699750848097, 14.00000000000000000 ) ) ;
#1413 = AXIS2_PLACEMENT_3D ( 'NONE', #369, #1579, #3248 ) ;
#1414 = EDGE_LOOP ( 'NONE', ( #1356, #1484 ) ) ;
#1415 = DIRECTION ( 'NONE',  ( -0.000000000000000000, -0.000000000000000000, 1.000000000000000000 ) ) ;
#1416 = ORIENTED_EDGE ( 'NONE', *, *, #1111, .T. ) ;
#1417 = LINE ( 'NONE', #3714, #455 ) ;
#1418 = EDGE_CURVE ( 'NONE', #1978, #55, #1750, .T. ) ;
#1419 = ORIENTED_EDGE ( 'NONE', *, *, #1664, .F. ) ;
#1420 = DIRECTION ( 'NONE',  ( 0.000000000000000000, 0.000000000000000000, 1.000000000000000000 ) ) ;
#1421 = LINE ( 'NONE', #2413, #1171 ) ;
#1422 = FACE_OUTER_BOUND ( 'NONE', #3833, .T. ) ;
#1423 = VERTEX_POINT ( 'NONE', #2937 ) ;
#1424 = EDGE_CURVE ( 'NONE', #810, #1556, #3885, .T. ) ;
#1425 = EDGE_CURVE ( 'NONE', #994, #3937, #3568, .T. ) ;
#1426 = ORIENTED_EDGE ( 'NONE', *, *, #2168, .F. ) ;
#1427 = ORIENTED_EDGE ( 'NONE', *, *, #1408, .T. ) ;
#1428 = DIRECTION ( 'NONE',  ( 0.000000000000000000, 0.000000000000000000, 1.000000000000000000 ) ) ;
#1429 = DIRECTION ( 'NONE',  ( -1.000000000000000000, 0.000000000000000000, 0.000000000000000000 ) ) ;
#1430 = ORIENTED_EDGE ( 'NONE', *, *, #1984, .F. ) ;
#1431 = CARTESIAN_POINT ( 'NONE',  ( 40.00000000000007816, -45.00000000000031974, 0.000000000000000000 ) ) ;
#1432 = VERTEX_POINT ( 'NONE', #2643 ) ;
#1433 = CARTESIAN_POINT ( 'NONE',  ( -35.88354270291762305, -14.15928699750824293, 14.00000000000000000 ) ) ;
#1434 = AXIS2_PLACEMENT_3D ( 'NONE', #187, #1459, #4002 ) ;
#1435 = AXIS2_PLACEMENT_3D ( 'NONE', #3213, #2019, #1314 ) ;
#1436 = EDGE_LOOP ( 'NONE', ( #2402, #509 ) ) ;
#1437 = CARTESIAN_POINT ( 'NONE',  ( 37.49999999999996447, 45.00000000000031974, 0.000000000000000000 ) ) ;
#1438 = DIRECTION ( 'NONE',  ( 0.000000000000000000, 0.000000000000000000, 1.000000000000000000 ) ) ;
#1439 = CARTESIAN_POINT ( 'NONE',  ( -44.99999999999997158, -35.00000000000024869, -0.001000000000001000089 ) ) ;
#1440 = CARTESIAN_POINT ( 'NONE',  ( 60.00000000000112976, -24.99999999999996447, -0.001000000000001000089 ) ) ;
#1441 = AXIS2_PLACEMENT_3D ( 'NONE', #637, #57, #748 ) ;
#1442 = EDGE_LOOP ( 'NONE', ( #2440, #2709 ) ) ;
#1443 = VERTEX_POINT ( 'NONE', #346 ) ;
#1444 = CARTESIAN_POINT ( 'NONE',  ( 40.00000000000007816, 45.00000000000031974, 0.000000000000000000 ) ) ;
#1445 = CIRCLE ( 'NONE', #2184, 1.699999999999998401 ) ;
#1446 = DIRECTION ( 'NONE',  ( 0.000000000000000000, 0.000000000000000000, 1.000000000000000000 ) ) ;
#1447 = PRODUCT_DEFINITION ( '鏈', '', #3533, #2162 ) ;
#1448 = ORIENTED_EDGE ( 'NONE', *, *, #3403, .F. ) ;
#1449 = EDGE_LOOP ( 'NONE', ( #762, #3234 ) ) ;
#1450 = CARTESIAN_POINT ( 'NONE',  ( -52.49999999999920419, -45.00000000000017764, 0.000000000000000000 ) ) ;
#1451 = ADVANCED_FACE ( 'NONE', ( #669 ), #1897, .F. ) ;
#1452 = VECTOR ( 'NONE', #1893, 1000.000000000000000 ) ;
#1453 = ORIENTED_EDGE ( 'NONE', *, *, #326, .F. ) ;
#1454 = CARTESIAN_POINT ( 'NONE',  ( -55.00000000000102318, 15.00000000000004441, 0.000000000000000000 ) ) ;
#1455 = LINE ( 'NONE', #3134, #1516 ) ;
#1456 = VECTOR ( 'NONE', #216, 1000.000000000000000 ) ;
#1457 = CIRCLE ( 'NONE', #45, 2.500000000000120348 ) ;
#1458 = CARTESIAN_POINT ( 'NONE',  ( 59.99999999999995737, 45.00000000000007816, -0.001000000000001000089 ) ) ;
#1459 = DIRECTION ( 'NONE',  ( -0.000000000000000000, -0.000000000000000000, 1.000000000000000000 ) ) ;
#1460 = ADVANCED_FACE ( 'NONE', ( #4160 ), #4183, .T. ) ;
#1462 = EDGE_CURVE ( 'NONE', #1686, #2268, #2627, .T. ) ;
#1461 = CIRCLE ( 'NONE', #3824, 2.500000000000002220 ) ;
#1463 = VERTEX_POINT ( 'NONE', #1917 ) ;
#1464 = AXIS2_PLACEMENT_3D ( 'NONE', #332, #3576, #1632 ) ;
#1465 = ORIENTED_EDGE ( 'NONE', *, *, #3454, .T. ) ;
#1466 = FACE_OUTER_BOUND ( 'NONE', #4128, .T. ) ;
#1467 = CARTESIAN_POINT ( 'NONE',  ( 60.00000000000112266, 24.99999999999997868, 20.00000000000000000 ) ) ;
#1468 = CIRCLE ( 'NONE', #1942, 1.700000000000000178 ) ;
#1469 = AXIS2_PLACEMENT_3D ( 'NONE', #4089, #847, #552 ) ;
#1470 = EDGE_LOOP ( 'NONE', ( #1955, #3536 ) ) ;
#1471 = AXIS2_PLACEMENT_3D ( 'NONE', #1309, #1287, #325 ) ;
#1472 = ORIENTED_EDGE ( 'NONE', *, *, #1823, .T. ) ;
#1473 = FACE_OUTER_BOUND ( 'NONE', #2453, .T. ) ;
#1474 = FACE_BOUND ( 'NONE', #2578, .T. ) ;
#1475 = ADVANCED_FACE ( 'NONE', ( #322 ), #3612, .F. ) ;
#1476 = VECTOR ( 'NONE', #359, 1000.000000000000000 ) ;
#1477 = ADVANCED_FACE ( 'NONE', ( #3205 ), #3587, .F. ) ;
#1478 = SURFACE_SIDE_STYLE ('',( #3501 ) ) ;
#1479 = ORIENTED_EDGE ( 'NONE', *, *, #2675, .F. ) ;
#1480 = CYLINDRICAL_SURFACE ( 'NONE', #21, 2.500000000001195488 ) ;
#1481 = FACE_BOUND ( 'NONE', #4174, .T. ) ;
#1482 = ORIENTED_EDGE ( 'NONE', *, *, #2592, .F. ) ;
#1483 = ORIENTED_EDGE ( 'NONE', *, *, #3908, .T. ) ;
#1484 = ORIENTED_EDGE ( 'NONE', *, *, #3844, .T. ) ;
#1485 = DIRECTION ( 'NONE',  ( -0.000000000000000000, -0.000000000000000000, 1.000000000000000000 ) ) ;
#1486 = CARTESIAN_POINT ( 'NONE',  ( -44.99999999999997158, 35.00000000000024869, -0.001000000000001000089 ) ) ;
#1487 = EDGE_LOOP ( 'NONE', ( #2995, #3737, #121, #407 ) ) ;
#1488 = ORIENTED_EDGE ( 'NONE', *, *, #3512, .T. ) ;
#1489 = CARTESIAN_POINT ( 'NONE',  ( -59.99999999999995737, 45.00000000000007816, -0.001000000000001000089 ) ) ;
#1490 = LINE ( 'NONE', #2144, #3962 ) ;
#1491 = EDGE_CURVE ( 'NONE', #388, #189, #939, .T. ) ;
#1492 = AXIS2_PLACEMENT_3D ( 'NONE', #1157, #1201, #3487 ) ;
#1493 = DIRECTION ( 'NONE',  ( -0.000000000000000000, -0.000000000000000000, 1.000000000000000000 ) ) ;
#1494 = VERTEX_POINT ( 'NONE', #687 ) ;
#1495 = CARTESIAN_POINT ( 'NONE',  ( -27.49999999999966960, -45.00000000000038369, 0.000000000000000000 ) ) ;
#1496 = AXIS2_PLACEMENT_3D ( 'NONE', #2651, #3940, #2262 ) ;
#1497 = CARTESIAN_POINT ( 'NONE',  ( 52.49999999999879208, 35.00000000000014211, 20.00000000000000000 ) ) ;
#1498 = CARTESIAN_POINT ( 'NONE',  ( -35.88354270291762305, -14.15928699750824293, 0.000000000000000000 ) ) ;
#1499 = DIRECTION ( 'NONE',  ( -0.000000000000000000, -0.000000000000000000, 1.000000000000000000 ) ) ;
#1500 = ORIENTED_EDGE ( 'NONE', *, *, #1658, .T. ) ;
#1501 = LINE ( 'NONE', #459, #1678 ) ;
#1502 = ORIENTED_EDGE ( 'NONE', *, *, #3273, .T. ) ;
#1503 = CARTESIAN_POINT ( 'NONE',  ( -42.50000000000115818, 35.00000000000024869, 20.00000000000000000 ) ) ;
#1504 = DIRECTION ( 'NONE',  ( 1.000000000000000000, 0.000000000000000000, 0.000000000000000000 ) ) ;
#1505 = ORIENTED_EDGE ( 'NONE', *, *, #413, .T. ) ;
#1506 = CIRCLE ( 'NONE', #699, 2.500000000001195488 ) ;
#1507 = ORIENTED_EDGE ( 'NONE', *, *, #2088, .T. ) ;
#1508 = DIRECTION ( 'NONE',  ( 1.000000000000000000, 0.000000000000000000, 0.000000000000000000 ) ) ;
#1509 = FACE_BOUND ( 'NONE', #3329, .T. ) ;
#1510 = AXIS2_PLACEMENT_3D ( 'NONE', #4141, #1548, #4121 ) ;
#1511 = EDGE_CURVE ( 'NONE', #2383, #2228, #3901, .T. ) ;
#1512 = EDGE_LOOP ( 'NONE', ( #2391, #2859 ) ) ;
#1513 = DIRECTION ( 'NONE',  ( 1.000000000000000000, 0.000000000000000000, 0.000000000000000000 ) ) ;
#1514 = ORIENTED_EDGE ( 'NONE', *, *, #2409, .F. ) ;
#1515 = CARTESIAN_POINT ( 'NONE',  ( -67.50000000000000000, 49.99999999999999289, 0.000000000000000000 ) ) ;
#1516 = VECTOR ( 'NONE', #2694, 1000.000000000000000 ) ;
#1517 = CIRCLE ( 'NONE', #2463, 1.700000000000000178 ) ;
#1518 = DIRECTION ( 'NONE',  ( -1.000000000000000000, 0.000000000000000000, 0.000000000000000000 ) ) ;
#1519 = DIRECTION ( 'NONE',  ( -1.000000000000000000, 0.000000000000000000, 0.000000000000000000 ) ) ;
#1520 = DIRECTION ( 'NONE',  ( -0.000000000000000000, -0.000000000000000000, 1.000000000000000000 ) ) ;
#1521 = ADVANCED_FACE ( 'NONE', ( #2892 ), #962, .F. ) ;
#1522 = AXIS2_PLACEMENT_3D ( 'NONE', #1166, #2039, #868 ) ;
#1523 = EDGE_CURVE ( 'NONE', #3698, #3440, #2551, .T. ) ;
#1524 = EDGE_CURVE ( 'NONE', #2269, #885, #837, .T. ) ;
#1525 = EDGE_LOOP ( 'NONE', ( #2928, #1015 ) ) ;
#1526 = CARTESIAN_POINT ( 'NONE',  ( 12.45928699750835911, -34.18354270291759889, 0.000000000000000000 ) ) ;
#1527 = ORIENTED_EDGE ( 'NONE', *, *, #3337, .F. ) ;
#1528 = DIRECTION ( 'NONE',  ( 1.000000000000000000, 0.000000000000000000, 0.000000000000000000 ) ) ;
#1529 = CARTESIAN_POINT ( 'NONE',  ( -45.00000000000044054, 15.00000000000018296, 20.00000000000000000 ) ) ;
#1530 = CIRCLE ( 'NONE', #4025, 2.500000000000120348 ) ;
#1531 = EDGE_CURVE ( 'NONE', #1898, #3229, #1539, .T. ) ;
#1532 = AXIS2_PLACEMENT_3D ( 'NONE', #3485, #608, #1518 ) ;
#1533 = VERTEX_POINT ( 'NONE', #3635 ) ;
#1534 = UNCERTAINTY_MEASURE_WITH_UNIT (LENGTH_MEASURE( 1.000000000000000082E-05 ), #3556, 'distance_accuracy_value', 'NONE');
#1535 = VERTEX_POINT ( 'NONE', #2663 ) ;
#1536 = FACE_OUTER_BOUND ( 'NONE', #2772, .T. ) ;
#1537 = CARTESIAN_POINT ( 'NONE',  ( 15.85928699750810367, 34.18354270291769836, 0.000000000000000000 ) ) ;
#1538 = FACE_BOUND ( 'NONE', #3132, .T. ) ;
#1539 = CIRCLE ( 'NONE', #1805, 2.500000000002160050 ) ;
#1540 = CIRCLE ( 'NONE', #2212, 1.700000000000000178 ) ;
#1541 = EDGE_LOOP ( 'NONE', ( #1791, #412, #3819, #616 ) ) ;
#1542 = CARTESIAN_POINT ( 'NONE',  ( 52.50000000000110845, -25.00000000000010303, 20.00000000000000000 ) ) ;
#1543 = EDGE_CURVE ( 'NONE', #3186, #1892, #3738, .T. ) ;
#1544 = VERTEX_POINT ( 'NONE', #122 ) ;
#1545 = CARTESIAN_POINT ( 'NONE',  ( -34.18354270291755626, 14.15928699750846853, 0.000000000000000000 ) ) ;
#1546 = ADVANCED_FACE ( 'NONE', ( #3315 ), #414, .F. ) ;
#1547 = DIRECTION ( 'NONE',  ( -1.000000000000000000, 0.000000000000000000, 0.000000000000000000 ) ) ;
#1548 = DIRECTION ( 'NONE',  ( -0.000000000000000000, -0.000000000000000000, 1.000000000000000000 ) ) ;
#1549 = CARTESIAN_POINT ( 'NONE',  ( -34.18354270291762731, -14.15928699750824293, 0.000000000000000000 ) ) ;
#1550 = EDGE_CURVE ( 'NONE', #18, #3242, #2020, .T. ) ;
#1551 = DIRECTION ( 'NONE',  ( 1.000000000000000000, 0.000000000000000000, 0.000000000000000000 ) ) ;
#1552 = EDGE_CURVE ( 'NONE', #810, #1617, #1129, .T. ) ;
#1553 = ORIENTED_EDGE ( 'NONE', *, *, #4019, .F. ) ;
#1554 = CARTESIAN_POINT ( 'NONE',  ( 44.99999999999997158, -35.00000000000024869, 0.000000000000000000 ) ) ;
#1555 = CARTESIAN_POINT ( 'NONE',  ( 62.50000000000115108, -24.99999999999996447, 20.00000000000000000 ) ) ;
#1556 = VERTEX_POINT ( 'NONE', #2724 ) ;
#1557 = EDGE_LOOP ( 'NONE', ( #579, #4178, #80, #2382 ) ) ;
#1558 = CYLINDRICAL_SURFACE ( 'NONE', #2258, 2.500000000001064038 ) ;
#1559 = DIRECTION ( 'NONE',  ( -0.000000000000000000, -0.000000000000000000, -1.000000000000000000 ) ) ;
#1560 = FACE_BOUND ( 'NONE', #3758, .T. ) ;
#1561 = VERTEX_POINT ( 'NONE', #1372 ) ;
#1562 = DIRECTION ( 'NONE',  ( -0.000000000000000000, -0.000000000000000000, 1.000000000000000000 ) ) ;
#1563 = EDGE_LOOP ( 'NONE', ( #2230, #1283 ) ) ;
#1564 = CARTESIAN_POINT ( 'NONE',  ( -42.50000000000044054, 15.00000000000018296, 0.000000000000000000 ) ) ;
#1565 = FACE_OUTER_BOUND ( 'NONE', #3549, .T. ) ;
#1566 = CARTESIAN_POINT ( 'NONE',  ( 14.15928699750835840, -34.18354270291759889, 14.00000000000000000 ) ) ;
#1567 = DIRECTION ( 'NONE',  ( -1.000000000000000000, 0.000000000000000000, 0.000000000000000000 ) ) ;
#1568 = DIRECTION ( 'NONE',  ( -0.000000000000000000, -0.000000000000000000, 1.000000000000000000 ) ) ;
#1569 = CARTESIAN_POINT ( 'NONE',  ( 34.18354270291765573, -14.15928699750821984, 14.00000000000000000 ) ) ;
#1570 = VERTEX_POINT ( 'NONE', #1093 ) ;
#1571 = DIRECTION ( 'NONE',  ( 1.000000000000000000, 0.000000000000000000, 0.000000000000000000 ) ) ;
#1572 = VERTEX_POINT ( 'NONE', #2388 ) ;
#1573 = ORIENTED_EDGE ( 'NONE', *, *, #524, .F. ) ;
#1574 = DIRECTION ( 'NONE',  ( -0.000000000000000000, -0.000000000000000000, 1.000000000000000000 ) ) ;
#1575 = LINE ( 'NONE', #2319, #3895 ) ;
#1576 = FACE_BOUND ( 'NONE', #2043, .T. ) ;
#1577 = VERTEX_POINT ( 'NONE', #3676 ) ;
#1578 = ADVANCED_FACE ( 'NONE', ( #2009 ), #771, .F. ) ;
#1579 = DIRECTION ( 'NONE',  ( -0.000000000000000000, -0.000000000000000000, 1.000000000000000000 ) ) ;
#1580 = ORIENTED_EDGE ( 'NONE', *, *, #1967, .T. ) ;
#1581 = DIRECTION ( 'NONE',  ( -0.000000000000000000, -0.000000000000000000, 1.000000000000000000 ) ) ;
#1582 = CIRCLE ( 'NONE', #1167, 2.499999999998822720 ) ;
#1583 = AXIS2_PLACEMENT_3D ( 'NONE', #1888, #3531, #3808 ) ;
#1584 = DIRECTION ( 'NONE',  ( -0.000000000000000000, -0.000000000000000000, 1.000000000000000000 ) ) ;
#1585 = CARTESIAN_POINT ( 'NONE',  ( -32.48354270291762447, -14.15928699750824293, 14.00000000000000000 ) ) ;
#1586 = DIRECTION ( 'NONE',  ( -0.000000000000000000, -0.000000000000000000, 1.000000000000000000 ) ) ;
#1587 = DIRECTION ( 'NONE',  ( 0.000000000000000000, 0.000000000000000000, 1.000000000000000000 ) ) ;
#1588 = CIRCLE ( 'NONE', #499, 2.499999999999904965 ) ;
#1589 = CARTESIAN_POINT ( 'NONE',  ( -12.45928699750834490, -34.18354270291760599, 0.000000000000000000 ) ) ;
#1590 = ORIENTED_EDGE ( 'NONE', *, *, #3763, .F. ) ;
#1591 = LINE ( 'NONE', #1842, #2025 ) ;
#1592 = ADVANCED_FACE ( 'NONE', ( #751 ), #2132, .F. ) ;
#1593 = EDGE_CURVE ( 'NONE', #2798, #281, #3973, .T. ) ;
#1594 = EDGE_LOOP ( 'NONE', ( #3268, #852, #570, #426 ) ) ;
#1595 = EDGE_LOOP ( 'NONE', ( #2105, #815 ) ) ;
#1596 = DIRECTION ( 'NONE',  ( -0.000000000000000000, -0.000000000000000000, 1.000000000000000000 ) ) ;
#1597 = FACE_OUTER_BOUND ( 'NONE', #3586, .T. ) ;
#1598 = FACE_BOUND ( 'NONE', #2996, .T. ) ;
#1599 = CIRCLE ( 'NONE', #2958, 2.499999999998135713 ) ;
#1600 = ORIENTED_EDGE ( 'NONE', *, *, #4098, .F. ) ;
#1601 = DIRECTION ( 'NONE',  ( 1.000000000000000000, 0.000000000000000000, 0.000000000000000000 ) ) ;
#1602 = ORIENTED_EDGE ( 'NONE', *, *, #2284, .T. ) ;
#1603 = DIRECTION ( 'NONE',  ( -0.000000000000000000, -0.000000000000000000, 1.000000000000000000 ) ) ;
#1604 = EDGE_CURVE ( 'NONE', #4092, #293, #3088, .T. ) ;
#1605 = AXIS2_PLACEMENT_3D ( 'NONE', #964, #1032, #1644 ) ;
#1606 = EDGE_CURVE ( 'NONE', #3886, #682, #1501, .T. ) ;
#1607 = DIRECTION ( 'NONE',  ( 1.000000000000000000, 0.000000000000000000, 0.000000000000000000 ) ) ;
#1608 = ORIENTED_EDGE ( 'NONE', *, *, #2030, .F. ) ;
#1609 = DIRECTION ( 'NONE',  ( -0.000000000000000000, -0.000000000000000000, 1.000000000000000000 ) ) ;
#1610 = CARTESIAN_POINT ( 'NONE',  ( -45.00000000000044054, 15.00000000000018296, 0.000000000000000000 ) ) ;
#1611 = CARTESIAN_POINT ( 'NONE',  ( -40.00000000000007816, 45.00000000000031974, 0.000000000000000000 ) ) ;
#1612 = AXIS2_PLACEMENT_3D ( 'NONE', #2880, #1275, #2566 ) ;
#1613 = CARTESIAN_POINT ( 'NONE',  ( -30.00000000000019185, 45.00000000000038369, 20.00000000000000000 ) ) ;
#1614 = ORIENTED_EDGE ( 'NONE', *, *, #1711, .T. ) ;
#1615 = CARTESIAN_POINT ( 'NONE',  ( 27.50000000000069278, 45.00000000000038369, 0.000000000000000000 ) ) ;
#1616 = DIRECTION ( 'NONE',  ( 0.000000000000000000, 0.000000000000000000, 1.000000000000000000 ) ) ;
#1617 = VERTEX_POINT ( 'NONE', #2371 ) ;
#1618 = ORIENTED_EDGE ( 'NONE', *, *, #4031, .F. ) ;
#1619 = FACE_OUTER_BOUND ( 'NONE', #2486, .T. ) ;
#1620 = DIRECTION ( 'NONE',  ( 0.000000000000000000, 0.000000000000000000, 1.000000000000000000 ) ) ;
#1621 = CARTESIAN_POINT ( 'NONE',  ( 40.00000000000007816, 45.00000000000031974, 20.00000000000000000 ) ) ;
#1622 = VERTEX_POINT ( 'NONE', #2052 ) ;
#1623 = CARTESIAN_POINT ( 'NONE',  ( 34.18354270291765573, -14.15928699750821984, 0.000000000000000000 ) ) ;
#1624 = ORIENTED_EDGE ( 'NONE', *, *, #2168, .T. ) ;
#1625 = DIRECTION ( 'NONE',  ( 1.000000000000000000, 0.000000000000000000, 0.000000000000000000 ) ) ;
#1626 = DIRECTION ( 'NONE',  ( -1.000000000000000000, 0.000000000000000000, 0.000000000000000000 ) ) ;
#1627 = VERTEX_POINT ( 'NONE', #1752 ) ;
#1628 = DIRECTION ( 'NONE',  ( 0.000000000000000000, 0.000000000000000000, 1.000000000000000000 ) ) ;
#1629 = DIRECTION ( 'NONE',  ( 1.000000000000000000, 0.000000000000000000, 0.000000000000000000 ) ) ;
#1630 = CARTESIAN_POINT ( 'NONE',  ( 49.99999999999995737, 45.00000000000017764, 0.000000000000000000 ) ) ;
#1631 = EDGE_CURVE ( 'NONE', #1962, #2827, #3638, .T. ) ;
#1632 = DIRECTION ( 'NONE',  ( 1.000000000000000000, 0.000000000000000000, 0.000000000000000000 ) ) ;
#1633 = VERTEX_POINT ( 'NONE', #4057 ) ;
#1634 = DIRECTION ( 'NONE',  ( 0.000000000000000000, 0.000000000000000000, 1.000000000000000000 ) ) ;
#1635 = CIRCLE ( 'NONE', #1767, 2.500000000000002220 ) ;
#1636 = ORIENTED_EDGE ( 'NONE', *, *, #1843, .F. ) ;
#1637 = VERTEX_POINT ( 'NONE', #526 ) ;
#1638 = CARTESIAN_POINT ( 'NONE',  ( 35.00000000000009237, -35.00000000000041922, -0.001000000000001000089 ) ) ;
#1639 = DIRECTION ( 'NONE',  ( -0.000000000000000000, -0.000000000000000000, 1.000000000000000000 ) ) ;
#1640 = DIRECTION ( 'NONE',  ( -0.000000000000000000, -0.000000000000000000, 1.000000000000000000 ) ) ;
#1641 = VERTEX_POINT ( 'NONE', #2346 ) ;
#1642 = CARTESIAN_POINT ( 'NONE',  ( -40.00000000000007816, 45.00000000000031974, -0.001000000000001000089 ) ) ;
#1643 = ORIENTED_EDGE ( 'NONE', *, *, #3763, .T. ) ;
#1644 = DIRECTION ( 'NONE',  ( 1.000000000000000000, 0.000000000000000000, 0.000000000000000000 ) ) ;
#1645 = EDGE_CURVE ( 'NONE', #281, #2840, #2754, .T. ) ;
#1646 = EDGE_CURVE ( 'NONE', #213, #4034, #1468, .T. ) ;
#1647 = AXIS2_PLACEMENT_3D ( 'NONE', #364, #3356, #2719 ) ;
#1648 = LINE ( 'NONE', #2055, #313 ) ;
#1649 = ORIENTED_EDGE ( 'NONE', *, *, #3137, .F. ) ;
#1650 = AXIS2_PLACEMENT_3D ( 'NONE', #1136, #1420, #2693 ) ;
#1651 = DIRECTION ( 'NONE',  ( -0.000000000000000000, -0.000000000000000000, 1.000000000000000000 ) ) ;
#1652 = DIRECTION ( 'NONE',  ( -1.000000000000000000, 0.000000000000000000, 0.000000000000000000 ) ) ;
#1653 = DIRECTION ( 'NONE',  ( 0.000000000000000000, 0.000000000000000000, 1.000000000000000000 ) ) ;
#1654 = CARTESIAN_POINT ( 'NONE',  ( 54.99999999999985789, -35.00000000000014211, 0.000000000000000000 ) ) ;
#1655 = VERTEX_POINT ( 'NONE', #4173 ) ;
#1656 = CARTESIAN_POINT ( 'NONE',  ( 27.50000000000069278, 45.00000000000038369, 20.00000000000000000 ) ) ;
#1657 = EDGE_CURVE ( 'NONE', #1692, #1655, #3559, .T. ) ;
#1658 = EDGE_CURVE ( 'NONE', #1463, #2616, #2812, .T. ) ;
#1659 = ORIENTED_EDGE ( 'NONE', *, *, #4084, .F. ) ;
#1660 = EDGE_LOOP ( 'NONE', ( #1207, #3381, #871, #1347 ) ) ;
#1661 = DIRECTION ( 'NONE',  ( -0.000000000000000000, -0.000000000000000000, 1.000000000000000000 ) ) ;
#1662 = CARTESIAN_POINT ( 'NONE',  ( -67.50000000000000000, -50.00000000000000711, 20.00000000000000000 ) ) ;
#1663 = CARTESIAN_POINT ( 'NONE',  ( 57.50000000000102318, -15.00000000000003020, -0.001000000000001000089 ) ) ;
#1664 = EDGE_CURVE ( 'NONE', #4179, #1005, #2133, .T. ) ;
#1665 = CIRCLE ( 'NONE', #3889, 2.500000000000543565 ) ;
#1666 = ORIENTED_EDGE ( 'NONE', *, *, #1223, .F. ) ;
#1667 = CARTESIAN_POINT ( 'NONE',  ( 34.18354270291755626, 14.15928699750848097, 0.000000000000000000 ) ) ;
#1668 = ORIENTED_EDGE ( 'NONE', *, *, #2599, .T. ) ;
#1669 = CARTESIAN_POINT ( 'NONE',  ( -37.49999999999955236, 35.00000000000041922, -0.001000000000001000089 ) ) ;
#1670 = CIRCLE ( 'NONE', #301, 2.500000000000015987 ) ;
#1671 = CARTESIAN_POINT ( 'NONE',  ( -30.00000000000019185, 45.00000000000038369, 20.00000000000000000 ) ) ;
#1672 = CIRCLE ( 'NONE', #2621, 2.499999999998434141 ) ;
#1673 = EDGE_LOOP ( 'NONE', ( #268, #3166 ) ) ;
#1674 = AXIS2_PLACEMENT_3D ( 'NONE', #2901, #3870, #2969 ) ;
#1675 = CARTESIAN_POINT ( 'NONE',  ( 45.00000000000044764, -15.00000000000017231, 0.000000000000000000 ) ) ;
#1676 = DIRECTION ( 'NONE',  ( 1.000000000000000000, 0.000000000000000000, 0.000000000000000000 ) ) ;
#1677 = DIRECTION ( 'NONE',  ( -1.000000000000000000, 0.000000000000000000, 0.000000000000000000 ) ) ;
#1678 = VECTOR ( 'NONE', #2792, 1000.000000000000000 ) ;
#1679 = AXIS2_PLACEMENT_3D ( 'NONE', #1077, #3023, #1766 ) ;
#1680 = CIRCLE ( 'NONE', #1269, 2.500000000001847855 ) ;
#1681 = FACE_BOUND ( 'NONE', #2171, .T. ) ;
#1682 = VERTEX_POINT ( 'NONE', #1885 ) ;
#1683 = CIRCLE ( 'NONE', #4039, 2.500000000000293543 ) ;
#1684 = ADVANCED_FACE ( 'NONE', ( #4147 ), #2877, .F. ) ;
#1685 = ORIENTED_EDGE ( 'NONE', *, *, #745, .T. ) ;
#1686 = VERTEX_POINT ( 'NONE', #905 ) ;
#1687 = CARTESIAN_POINT ( 'NONE',  ( 52.50000000000103029, -15.00000000000003020, 20.00000000000000000 ) ) ;
#1688 = DIRECTION ( 'NONE',  ( -1.000000000000000000, 0.000000000000000000, 0.000000000000000000 ) ) ;
#1689 = CARTESIAN_POINT ( 'NONE',  ( -31.00000000000000000, 3.796405077356795115E-15, 14.00000000000000000 ) ) ;
#1690 = EDGE_LOOP ( 'NONE', ( #1395, #605 ) ) ;
#1691 = CARTESIAN_POINT ( 'NONE',  ( -52.49999999999920419, -45.00000000000017764, -0.001000000000001000089 ) ) ;
#1692 = VERTEX_POINT ( 'NONE', #2540 ) ;
#1693 = CYLINDRICAL_SURFACE ( 'NONE', #2135, 2.500000000000002220 ) ;
#1694 = CARTESIAN_POINT ( 'NONE',  ( 52.50000000000071765, 45.00000000000017764, 0.000000000000000000 ) ) ;
#1695 = ORIENTED_EDGE ( 'NONE', *, *, #712, .F. ) ;
#1696 = CARTESIAN_POINT ( 'NONE',  ( 30.00000000000019185, -45.00000000000038369, 0.000000000000000000 ) ) ;
#1697 = CYLINDRICAL_SURFACE ( 'NONE', #1741, 2.499999999998135713 ) ;
#1698 = FACE_BOUND ( 'NONE', #155, .T. ) ;
#1699 = FACE_BOUND ( 'NONE', #1163, .T. ) ;
#1700 = EDGE_LOOP ( 'NONE', ( #2131, #460 ) ) ;
#1701 = EDGE_CURVE ( 'NONE', #3581, #2081, #2835, .T. ) ;
#1702 = ORIENTED_EDGE ( 'NONE', *, *, #1646, .F. ) ;
#1703 = ORIENTED_EDGE ( 'NONE', *, *, #524, .T. ) ;
#1704 = CARTESIAN_POINT ( 'NONE',  ( -15.85928699750812498, 34.18354270291769126, 0.000000000000000000 ) ) ;
#1705 = LINE ( 'NONE', #3632, #2073 ) ;
#1706 = AXIS2_PLACEMENT_3D ( 'NONE', #1440, #1121, #3349 ) ;
#1707 = ORIENTED_EDGE ( 'NONE', *, *, #1844, .T. ) ;
#1708 = CARTESIAN_POINT ( 'NONE',  ( 55.00000000000103029, -15.00000000000003020, -0.001000000000001000089 ) ) ;
#1709 = ORIENTED_EDGE ( 'NONE', *, *, #439, .F. ) ;
#1710 = FACE_OUTER_BOUND ( 'NONE', #3877, .T. ) ;
#1711 = EDGE_CURVE ( 'NONE', #1432, #966, #454, .T. ) ;
#1712 = EDGE_CURVE ( 'NONE', #688, #487, #786, .T. ) ;
#1713 = DIRECTION ( 'NONE',  ( 1.000000000000000000, 0.000000000000000000, 0.000000000000000000 ) ) ;
#1714 = ORIENTED_EDGE ( 'NONE', *, *, #2213, .F. ) ;
#1715 = CARTESIAN_POINT ( 'NONE',  ( -32.50000000000063238, 35.00000000000041922, -0.001000000000001000089 ) ) ;
#1716 = DIRECTION ( 'NONE',  ( -0.000000000000000000, -0.000000000000000000, 1.000000000000000000 ) ) ;
#1717 = CARTESIAN_POINT ( 'NONE',  ( 35.88354270291755199, 14.15928699750848097, 0.000000000000000000 ) ) ;
#1718 = EDGE_CURVE ( 'NONE', #188, #4135, #2205, .T. ) ;
#1719 = FACE_BOUND ( 'NONE', #1940, .T. ) ;
#1720 = EDGE_LOOP ( 'NONE', ( #218, #1410, #1426, #2321 ) ) ;
#1721 = CIRCLE ( 'NONE', #1108, 2.500000000000293543 ) ;
#1722 = ORIENTED_EDGE ( 'NONE', *, *, #1777, .T. ) ;
#1723 = VECTOR ( 'NONE', #1574, 1000.000000000000000 ) ;
#1724 = ORIENTED_EDGE ( 'NONE', *, *, #4038, .T. ) ;
#1725 = EDGE_CURVE ( 'NONE', #2228, #2383, #382, .T. ) ;
#1726 = CARTESIAN_POINT ( 'NONE',  ( 45.00000000000044054, 15.00000000000018296, -0.001000000000001000089 ) ) ;
#1727 = DIRECTION ( 'NONE',  ( -0.000000000000000000, -0.000000000000000000, 1.000000000000000000 ) ) ;
#1728 = VERTEX_POINT ( 'NONE', #3806 ) ;
#1729 = DIRECTION ( 'NONE',  ( 1.000000000000000000, 0.000000000000000000, 0.000000000000000000 ) ) ;
#1730 = ORIENTED_EDGE ( 'NONE', *, *, #4018, .T. ) ;
#1731 = DIRECTION ( 'NONE',  ( -0.000000000000000000, -0.000000000000000000, -1.000000000000000000 ) ) ;
#1732 = AXIS2_PLACEMENT_3D ( 'NONE', #3607, #1090, #3565 ) ;
#1733 = DIRECTION ( 'NONE',  ( 1.000000000000000000, 0.000000000000000000, 0.000000000000000000 ) ) ;
#1734 = EDGE_CURVE ( 'NONE', #2411, #915, #2201, .T. ) ;
#1735 = ORIENTED_EDGE ( 'NONE', *, *, #1144, .T. ) ;
#1736 = CARTESIAN_POINT ( 'NONE',  ( -47.50000000000044764, 15.00000000000018296, 0.000000000000000000 ) ) ;
#1737 = DIRECTION ( 'NONE',  ( -0.000000000000000000, -0.000000000000000000, 1.000000000000000000 ) ) ;
#1738 = DIRECTION ( 'NONE',  ( -0.000000000000000000, -0.000000000000000000, 1.000000000000000000 ) ) ;
#1739 = AXIS2_PLACEMENT_3D ( 'NONE', #1879, #1562, #1513 ) ;
#1740 = EDGE_CURVE ( 'NONE', #1746, #532, #593, .T. ) ;
#1741 = AXIS2_PLACEMENT_3D ( 'NONE', #3595, #2990, #2672 ) ;
#1742 = CARTESIAN_POINT ( 'NONE',  ( -57.50000000000111555, 24.99999999999997868, 20.00000000000000000 ) ) ;
#1743 = ORIENTED_EDGE ( 'NONE', *, *, #3645, .T. ) ;
#1744 = AXIS2_PLACEMENT_3D ( 'NONE', #630, #2227, #267 ) ;
#1745 = AXIS2_PLACEMENT_3D ( 'NONE', #672, #2324, #1965 ) ;
#1746 = VERTEX_POINT ( 'NONE', #288 ) ;
#1747 = VERTEX_POINT ( 'NONE', #1526 ) ;
#1748 = DIRECTION ( 'NONE',  ( 1.000000000000000000, 0.000000000000000000, 0.000000000000000000 ) ) ;
#1749 = FACE_OUTER_BOUND ( 'NONE', #139, .T. ) ;
#1750 = CIRCLE ( 'NONE', #2755, 2.499999999999495515 ) ;
#1751 = VERTEX_POINT ( 'NONE', #3783 ) ;
#1752 = CARTESIAN_POINT ( 'NONE',  ( -57.50000000000111555, 24.99999999999997868, 0.000000000000000000 ) ) ;
#1753 = VERTEX_POINT ( 'NONE', #1589 ) ;
#1754 = FACE_OUTER_BOUND ( 'NONE', #115, .T. ) ;
#1755 = ORIENTED_EDGE ( 'NONE', *, *, #262, .T. ) ;
#1756 = DIRECTION ( 'NONE',  ( 1.000000000000000000, 0.000000000000000000, 0.000000000000000000 ) ) ;
#1757 = FACE_OUTER_BOUND ( 'NONE', #631, .T. ) ;
#1758 = FACE_OUTER_BOUND ( 'NONE', #1002, .T. ) ;
#1759 = CYLINDRICAL_SURFACE ( 'NONE', #1706, 2.500000000000023093 ) ;
#1760 = ORIENTED_EDGE ( 'NONE', *, *, #643, .T. ) ;
#1761 = EDGE_LOOP ( 'NONE', ( #502, #4042 ) ) ;
#1762 = DIRECTION ( 'NONE',  ( 1.000000000000000000, 0.000000000000000000, 0.000000000000000000 ) ) ;
#1763 = CARTESIAN_POINT ( 'NONE',  ( -55.00000000000101608, -15.00000000000005862, -0.001000000000001000089 ) ) ;
#1764 = ORIENTED_EDGE ( 'NONE', *, *, #3336, .T. ) ;
#1765 = ORIENTED_EDGE ( 'NONE', *, *, #333, .T. ) ;
#1766 = DIRECTION ( 'NONE',  ( 1.000000000000000000, 0.000000000000000000, 0.000000000000000000 ) ) ;
#1767 = AXIS2_PLACEMENT_3D ( 'NONE', #2874, #2562, #3851 ) ;
#1768 = VERTEX_POINT ( 'NONE', #4192 ) ;
#1769 = CARTESIAN_POINT ( 'NONE',  ( -50.00000000000109424, -25.00000000000013145, -0.001000000000001000089 ) ) ;
#1770 = DIRECTION ( 'NONE',  ( -0.000000000000000000, -0.000000000000000000, 1.000000000000000000 ) ) ;
#1771 = ADVANCED_FACE ( 'NONE', ( #1928, #3854, #947, #2243, #3529, #2494, #1295, #3759, #860, #2179, #3439, #1839, #3126, #227, #1203, #2815, #71, #678, #3012, #3921, #2974, #1019, #2042, #3941, #405, #1719, #3897, #657, #743, #2361, #1001, #1041, #2634, #112, #2023, #3307, #722, #2608, #3324, #3623, #1681, #2291, #88, #1699, #2992, #1315 ), #2582, .F. ) ;
#1772 = ADVANCED_FACE ( 'NONE', ( #424 ), #17, .F. ) ;
#1773 = LINE ( 'NONE', #2379, #514 ) ;
#1774 = ORIENTED_EDGE ( 'NONE', *, *, #2127, .T. ) ;
#1775 = VECTOR ( 'NONE', #117, 1000.000000000000000 ) ;
#1776 = EDGE_LOOP ( 'NONE', ( #2814, #2119, #3705, #2716 ) ) ;
#1777 = EDGE_CURVE ( 'NONE', #1946, #1533, #2282, .T. ) ;
#1778 = EDGE_LOOP ( 'NONE', ( #1146, #3648 ) ) ;
#1779 = DIRECTION ( 'NONE',  ( -1.000000000000000000, 0.000000000000000000, 0.000000000000000000 ) ) ;
#1780 = DIRECTION ( 'NONE',  ( -0.000000000000000000, -0.000000000000000000, 1.000000000000000000 ) ) ;
#1781 = AXIS2_PLACEMENT_3D ( 'NONE', #2003, #2954, #3289 ) ;
#1782 = EDGE_CURVE ( 'NONE', #3229, #1898, #2014, .T. ) ;
#1783 = APPLICATION_CONTEXT ( 'automotive_design' ) ;
#1784 = VECTOR ( 'NONE', #3642, 1000.000000000000000 ) ;
#1785 = ORIENTED_EDGE ( 'NONE', *, *, #2898, .T. ) ;
#1786 = ORIENTED_EDGE ( 'NONE', *, *, #2533, .F. ) ;
#1787 = DIRECTION ( 'NONE',  ( -0.000000000000000000, -0.000000000000000000, 1.000000000000000000 ) ) ;
#1788 = EDGE_CURVE ( 'NONE', #2798, #1535, #181, .T. ) ;
#1789 = AXIS2_PLACEMENT_3D ( 'NONE', #1610, #3236, #1336 ) ;
#1790 = AXIS2_PLACEMENT_3D ( 'NONE', #3331, #3291, #391 ) ;
#1791 = ORIENTED_EDGE ( 'NONE', *, *, #212, .F. ) ;
#1792 = DIRECTION ( 'NONE',  ( 0.000000000000000000, 0.000000000000000000, 1.000000000000000000 ) ) ;
#1793 = AXIS2_PLACEMENT_3D ( 'NONE', #2641, #2320, #341 ) ;
#1794 = AXIS2_PLACEMENT_3D ( 'NONE', #3928, #1639, #2250 ) ;
#1795 = CARTESIAN_POINT ( 'NONE',  ( -34.18354270291755626, 14.15928699750846853, 0.000000000000000000 ) ) ;
#1796 = EDGE_LOOP ( 'NONE', ( #2327, #3535 ) ) ;
#1797 = AXIS2_PLACEMENT_3D ( 'NONE', #306, #1970, #352 ) ;
#1798 = EDGE_LOOP ( 'NONE', ( #149, #2976 ) ) ;
#1799 = AXIS2_PLACEMENT_3D ( 'NONE', #1973, #974, #3646 ) ;
#1800 = ORIENTED_EDGE ( 'NONE', *, *, #2983, .T. ) ;
#1801 = CIRCLE ( 'NONE', #2360, 2.500000000002160050 ) ;
#1802 = CARTESIAN_POINT ( 'NONE',  ( -45.00000000000043343, -15.00000000000019362, 20.00000000000000000 ) ) ;
#1803 = LINE ( 'NONE', #3357, #4154 ) ;
#1804 = EDGE_CURVE ( 'NONE', #3617, #2407, #2816, .T. ) ;
#1805 = AXIS2_PLACEMENT_3D ( 'NONE', #2984, #1159, #1075 ) ;
#1806 = VECTOR ( 'NONE', #2484, 1000.000000000000000 ) ;
#1807 = ORIENTED_EDGE ( 'NONE', *, *, #4150, .F. ) ;
#1808 = CIRCLE ( 'NONE', #3091, 2.500000000000536460 ) ;
#1809 = VERTEX_POINT ( 'NONE', #1381 ) ;
#1810 = DIRECTION ( 'NONE',  ( 1.000000000000000000, 0.000000000000000000, 0.000000000000000000 ) ) ;
#1811 = DIRECTION ( 'NONE',  ( -0.000000000000000000, -0.000000000000000000, 1.000000000000000000 ) ) ;
#1812 = VECTOR ( 'NONE', #1021, 1000.000000000000000 ) ;
#1813 = PRESENTATION_STYLE_ASSIGNMENT (( #3081 ) ) ;
#1814 = ORIENTED_EDGE ( 'NONE', *, *, #1137, .F. ) ;
#1815 = DIRECTION ( 'NONE',  ( 1.000000000000000000, 0.000000000000000000, 0.000000000000000000 ) ) ;
#1816 = CARTESIAN_POINT ( 'NONE',  ( -60.00000000000112266, 24.99999999999997868, 0.000000000000000000 ) ) ;
#1817 = DIRECTION ( 'NONE',  ( -1.000000000000000000, 0.000000000000000000, 0.000000000000000000 ) ) ;
#1818 = EDGE_LOOP ( 'NONE', ( #2280, #1160 ) ) ;
#1819 = DIRECTION ( 'NONE',  ( -1.000000000000000000, 0.000000000000000000, 0.000000000000000000 ) ) ;
#1820 = ORIENTED_EDGE ( 'NONE', *, *, #597, .F. ) ;
#1821 = CARTESIAN_POINT ( 'NONE',  ( 37.49999999999888445, -45.00000000000031974, 0.000000000000000000 ) ) ;
#1822 = DIRECTION ( 'NONE',  ( 1.000000000000000000, 0.000000000000000000, 0.000000000000000000 ) ) ;
#1823 = EDGE_CURVE ( 'NONE', #2994, #4188, #1066, .T. ) ;
#1824 = ORIENTED_EDGE ( 'NONE', *, *, #1091, .F. ) ;
#1825 = ORIENTED_EDGE ( 'NONE', *, *, #2612, .F. ) ;
#1826 = FACE_OUTER_BOUND ( 'NONE', #2178, .T. ) ;
#1827 = LINE ( 'NONE', #3345, #39 ) ;
#1828 = DIRECTION ( 'NONE',  ( 1.000000000000000000, 0.000000000000000000, 0.000000000000000000 ) ) ;
#1829 = EDGE_LOOP ( 'NONE', ( #3865, #2460, #450, #2050 ) ) ;
#1830 = CARTESIAN_POINT ( 'NONE',  ( -50.00000000000110134, 25.00000000000011724, 0.000000000000000000 ) ) ;
#1831 = EDGE_CURVE ( 'NONE', #1535, #2798, #1332, .T. ) ;
#1832 = EDGE_CURVE ( 'NONE', #1360, #783, #3280, .T. ) ;
#1833 = CIRCLE ( 'NONE', #3667, 1.700000000000000178 ) ;
#1834 = DIRECTION ( 'NONE',  ( -0.000000000000000000, -0.000000000000000000, 1.000000000000000000 ) ) ;
#1835 = CARTESIAN_POINT ( 'NONE',  ( -55.00000000000101608, -15.00000000000005862, 0.000000000000000000 ) ) ;
#1836 = CARTESIAN_POINT ( 'NONE',  ( -52.50000000000033396, -35.00000000000014211, 20.00000000000000000 ) ) ;
#1837 = ADVANCED_FACE ( 'NONE', ( #2652 ), #2333, .F. ) ;
#1838 = ORIENTED_EDGE ( 'NONE', *, *, #3622, .F. ) ;
#1839 = FACE_BOUND ( 'NONE', #1761, .T. ) ;
#1840 = ORIENTED_EDGE ( 'NONE', *, *, #3911, .T. ) ;
#1841 = LINE ( 'NONE', #2477, #822 ) ;
#1842 = CARTESIAN_POINT ( 'NONE',  ( -62.50000000000112266, -24.99999999999998934, -0.001000000000001000089 ) ) ;
#1843 = EDGE_CURVE ( 'NONE', #1627, #3555, #2690, .T. ) ;
#1844 = EDGE_CURVE ( 'NONE', #2917, #1637, #4040, .T. ) ;
#1845 = ORIENTED_EDGE ( 'NONE', *, *, #1550, .T. ) ;
#1846 = AXIS2_PLACEMENT_3D ( 'NONE', #2767, #3998, #3395 ) ;
#1847 = AXIS2_PLACEMENT_3D ( 'NONE', #2758, #3094, #472 ) ;
#1848 = EDGE_LOOP ( 'NONE', ( #3162, #938, #3634, #2664 ) ) ;
#1849 = CARTESIAN_POINT ( 'NONE',  ( -57.50000000000111555, 24.99999999999997868, -0.001000000000001000089 ) ) ;
#1850 = DIRECTION ( 'NONE',  ( 1.000000000000000000, 0.000000000000000000, 0.000000000000000000 ) ) ;
#1851 = FACE_BOUND ( 'NONE', #525, .T. ) ;
#1852 = CIRCLE ( 'NONE', #2062, 1.700000000000001954 ) ;
#1853 = ORIENTED_EDGE ( 'NONE', *, *, #574, .F. ) ;
#1854 = DIRECTION ( 'NONE',  ( -1.000000000000000000, 0.000000000000000000, 0.000000000000000000 ) ) ;
#1855 = VERTEX_POINT ( 'NONE', #521 ) ;
#1856 = DIRECTION ( 'NONE',  ( 1.000000000000000000, 0.000000000000000000, 0.000000000000000000 ) ) ;
#1857 = CIRCLE ( 'NONE', #3811, 1.699999999999993072 ) ;
#1858 = ADVANCED_FACE ( 'NONE', ( #4016 ), #3106, .F. ) ;
#1859 = EDGE_CURVE ( 'NONE', #3227, #2069, #1672, .T. ) ;
#1860 = CARTESIAN_POINT ( 'NONE',  ( -45.00000000000043343, -15.00000000000019362, 0.000000000000000000 ) ) ;
#1861 = CARTESIAN_POINT ( 'NONE',  ( 40.00000000000007816, 45.00000000000031974, -0.001000000000001000089 ) ) ;
#1862 = DIRECTION ( 'NONE',  ( -0.000000000000000000, -0.000000000000000000, 1.000000000000000000 ) ) ;
#1863 = DIRECTION ( 'NONE',  ( 1.000000000000000000, 0.000000000000000000, 0.000000000000000000 ) ) ;
#1864 = VECTOR ( 'NONE', #3644, 1000.000000000000000 ) ;
#1865 = DIRECTION ( 'NONE',  ( -0.000000000000000000, -0.000000000000000000, -1.000000000000000000 ) ) ;
#1866 = VERTEX_POINT ( 'NONE', #2110 ) ;
#1867 = DIRECTION ( 'NONE',  ( -0.000000000000000000, -0.000000000000000000, 1.000000000000000000 ) ) ;
#1868 = VECTOR ( 'NONE', #1493, 1000.000000000000000 ) ;
#1869 = MECHANICAL_DESIGN_GEOMETRIC_PRESENTATION_REPRESENTATION (  '', ( #4167 ), #995 ) ;
#1870 = VERTEX_POINT ( 'NONE', #1120 ) ;
#1871 = EDGE_LOOP ( 'NONE', ( #1514, #4155 ) ) ;
#1872 = CARTESIAN_POINT ( 'NONE',  ( -60.00000000000111555, -24.99999999999998934, 20.00000000000000000 ) ) ;
#1873 = CARTESIAN_POINT ( 'NONE',  ( 54.99999999999985789, -35.00000000000014211, 20.00000000000000000 ) ) ;
#1874 = DIRECTION ( 'NONE',  ( -1.000000000000000000, 0.000000000000000000, 0.000000000000000000 ) ) ;
#1875 = AXIS2_PLACEMENT_3D ( 'NONE', #100, #208, #395 ) ;
#1876 = AXIS2_PLACEMENT_3D ( 'NONE', #2072, #461, #2106 ) ;
#1877 = AXIS2_PLACEMENT_3D ( 'NONE', #3005, #3024, #1331 ) ;
#1878 = ORIENTED_EDGE ( 'NONE', *, *, #832, .T. ) ;
#1879 = CARTESIAN_POINT ( 'NONE',  ( -55.00000000000101608, -15.00000000000005862, -0.001000000000001000089 ) ) ;
#1880 = VERTEX_POINT ( 'NONE', #1084 ) ;
#1881 = CYLINDRICAL_SURFACE ( 'NONE', #767, 2.499999999999995115 ) ;
#1882 = CARTESIAN_POINT ( 'NONE',  ( -54.99999999999985789, -35.00000000000014211, 20.00000000000000000 ) ) ;
#1883 = DIRECTION ( 'NONE',  ( -0.000000000000000000, -0.000000000000000000, 1.000000000000000000 ) ) ;
#1884 = LINE ( 'NONE', #3173, #2107 ) ;
#1885 = CARTESIAN_POINT ( 'NONE',  ( -12.45928699750834490, -34.18354270291760599, 14.00000000000000000 ) ) ;
#1886 = EDGE_CURVE ( 'NONE', #2387, #2231, #1773, .T. ) ;
#1887 = ORIENTED_EDGE ( 'NONE', *, *, #1718, .F. ) ;
#1888 = CARTESIAN_POINT ( 'NONE',  ( -30.00000000000019185, -45.00000000000038369, 0.000000000000000000 ) ) ;
#1889 = DIRECTION ( 'NONE',  ( 0.000000000000000000, 0.000000000000000000, 1.000000000000000000 ) ) ;
#1890 = ADVANCED_FACE ( 'NONE', ( #1138 ), #782, .F. ) ;
#1891 = EDGE_LOOP ( 'NONE', ( #3628, #2185 ) ) ;
#1892 = VERTEX_POINT ( 'NONE', #2080 ) ;
#1893 = DIRECTION ( 'NONE',  ( -0.000000000000000000, -0.000000000000000000, 1.000000000000000000 ) ) ;
#1894 = CARTESIAN_POINT ( 'NONE',  ( 44.99999999999997158, 35.00000000000024869, 20.00000000000000000 ) ) ;
#1895 = FACE_BOUND ( 'NONE', #3530, .T. ) ;
#1896 = EDGE_LOOP ( 'NONE', ( #3160, #3932 ) ) ;
#1897 = CYLINDRICAL_SURFACE ( 'NONE', #2890, 1.700000000000000178 ) ;
#1898 = VERTEX_POINT ( 'NONE', #2096 ) ;
#1899 = CARTESIAN_POINT ( 'NONE',  ( 57.50000000000101608, 15.00000000000004441, 0.000000000000000000 ) ) ;
#1900 = CYLINDRICAL_SURFACE ( 'NONE', #1471, 2.500000000000293543 ) ;
#1901 = EDGE_CURVE ( 'NONE', #3361, #188, #2447, .T. ) ;
#1902 = EDGE_CURVE ( 'NONE', #1617, #566, #3985, .T. ) ;
#1903 = CARTESIAN_POINT ( 'NONE',  ( 0.000000000000000000, 0.000000000000000000, 14.00000000000000000 ) ) ;
#1904 = DIRECTION ( 'NONE',  ( 0.000000000000000000, 0.000000000000000000, 1.000000000000000000 ) ) ;
#1905 = DIRECTION ( 'NONE',  ( -0.000000000000000000, -0.000000000000000000, 1.000000000000000000 ) ) ;
#1906 = ORIENTED_EDGE ( 'NONE', *, *, #1400, .F. ) ;
#1907 = DIRECTION ( 'NONE',  ( -0.000000000000000000, -0.000000000000000000, 1.000000000000000000 ) ) ;
#1908 = EDGE_CURVE ( 'NONE', #2522, #2027, #2395, .T. ) ;
#1909 = ORIENTED_EDGE ( 'NONE', *, *, #1701, .F. ) ;
#1910 = EDGE_LOOP ( 'NONE', ( #4022, #869, #990, #518 ) ) ;
#1911 = CARTESIAN_POINT ( 'NONE',  ( 50.00000000000110845, -25.00000000000010303, 0.000000000000000000 ) ) ;
#1912 = FACE_OUTER_BOUND ( 'NONE', #504, .T. ) ;
#1913 = ADVANCED_FACE ( 'NONE', ( #1758 ), #834, .F. ) ;
#1914 = FACE_BOUND ( 'NONE', #2134, .T. ) ;
#1915 = CIRCLE ( 'NONE', #627, 2.499999999999460876 ) ;
#1916 = ORIENTED_EDGE ( 'NONE', *, *, #1908, .F. ) ;
#1917 = CARTESIAN_POINT ( 'NONE',  ( 47.50000000000044764, 15.00000000000018296, 20.00000000000000000 ) ) ;
#1918 = ORIENTED_EDGE ( 'NONE', *, *, #2530, .F. ) ;
#1919 = DIRECTION ( 'NONE',  ( -0.000000000000000000, -0.000000000000000000, 1.000000000000000000 ) ) ;
#1920 = AXIS2_PLACEMENT_3D ( 'NONE', #3143, #239, #4162 ) ;
#1921 = DIRECTION ( 'NONE',  ( 0.000000000000000000, 0.000000000000000000, -1.000000000000000000 ) ) ;
#1922 = AXIS2_PLACEMENT_3D ( 'NONE', #3630, #3991, #409 ) ;
#1923 = EDGE_LOOP ( 'NONE', ( #1479, #1353 ) ) ;
#1924 = CYLINDRICAL_SURFACE ( 'NONE', #1510, 2.500000000000002220 ) ;
#1925 =( NAMED_UNIT ( * ) PLANE_ANGLE_UNIT ( ) SI_UNIT ( $, .RADIAN. ) );
#1926 = DIRECTION ( 'NONE',  ( 0.000000000000000000, 0.000000000000000000, 1.000000000000000000 ) ) ;
#1927 = CIRCLE ( 'NONE', #3350, 2.499999999999523492 ) ;
#1928 = FACE_BOUND ( 'NONE', #3677, .T. ) ;
#1929 = EDGE_LOOP ( 'NONE', ( #1130, #1668 ) ) ;
#1930 = SHAPE_DEFINITION_REPRESENTATION ( #2221, #130 ) ;
#1931 = DIRECTION ( 'NONE',  ( -0.000000000000000000, -0.000000000000000000, 1.000000000000000000 ) ) ;
#1932 = ORIENTED_EDGE ( 'NONE', *, *, #1511, .T. ) ;
#1933 = ORIENTED_EDGE ( 'NONE', *, *, #1657, .F. ) ;
#1934 = AXIS2_PLACEMENT_3D ( 'NONE', #2299, #58, #958 ) ;
#1935 = LINE ( 'NONE', #254, #31 ) ;
#1936 = CARTESIAN_POINT ( 'NONE',  ( 45.00000000000044764, -15.00000000000017231, -0.001000000000001000089 ) ) ;
#1937 = FACE_BOUND ( 'NONE', #686, .T. ) ;
#1938 = ORIENTED_EDGE ( 'NONE', *, *, #3719, .T. ) ;
#1939 = DIRECTION ( 'NONE',  ( -0.000000000000000000, -0.000000000000000000, 1.000000000000000000 ) ) ;
#1940 = EDGE_LOOP ( 'NONE', ( #1125, #531 ) ) ;
#1941 = CARTESIAN_POINT ( 'NONE',  ( 30.00000000000019185, 45.00000000000038369, 0.000000000000000000 ) ) ;
#1942 = AXIS2_PLACEMENT_3D ( 'NONE', #1569, #1865, #565 ) ;
#1943 = ADVANCED_FACE ( 'NONE', ( #814 ), #2418, .F. ) ;
#1944 = VECTOR ( 'NONE', #1787, 1000.000000000000000 ) ;
#1945 = DIRECTION ( 'NONE',  ( -1.000000000000000000, 0.000000000000000000, 0.000000000000000000 ) ) ;
#1946 = VERTEX_POINT ( 'NONE', #1742 ) ;
#1947 = DIRECTION ( 'NONE',  ( -1.000000000000000000, 0.000000000000000000, 0.000000000000000000 ) ) ;
#1948 = DIRECTION ( 'NONE',  ( -0.000000000000000000, -0.000000000000000000, 1.000000000000000000 ) ) ;
#1949 = VECTOR ( 'NONE', #756, 1000.000000000000000 ) ;
#1950 = CARTESIAN_POINT ( 'NONE',  ( 14.15928699750810438, 34.18354270291769836, 0.000000000000000000 ) ) ;
#1951 = CARTESIAN_POINT ( 'NONE',  ( -67.50000000000000000, 49.99999999999999289, 20.00000000000000000 ) ) ;
#1952 = ORIENTED_EDGE ( 'NONE', *, *, #3665, .T. ) ;
#1953 = DIRECTION ( 'NONE',  ( -0.000000000000000000, -0.000000000000000000, 1.000000000000000000 ) ) ;
#1954 = CARTESIAN_POINT ( 'NONE',  ( 0.000000000000000000, 0.000000000000000000, 14.00000000000000000 ) ) ;
#1955 = ORIENTED_EDGE ( 'NONE', *, *, #2198, .T. ) ;
#1956 = ADVANCED_FACE ( 'NONE', ( #2060 ), #500, .F. ) ;
#1957 = EDGE_LOOP ( 'NONE', ( #1807, #1482 ) ) ;
#1958 = ADVANCED_FACE ( 'NONE', ( #446, #1422, #4000, #3384, #482, #3086, #186, #1481, #3419, #1199 ), #203, .T. ) ;
#1959 = CARTESIAN_POINT ( 'NONE',  ( -14.15928699750812925, 34.18354270291769126, 0.000000000000000000 ) ) ;
#1960 = FACE_OUTER_BOUND ( 'NONE', #2503, .T. ) ;
#1961 = LINE ( 'NONE', #3246, #3144 ) ;
#1962 = VERTEX_POINT ( 'NONE', #1585 ) ;
#1963 = DIRECTION ( 'NONE',  ( -0.000000000000000000, -0.000000000000000000, 1.000000000000000000 ) ) ;
#1964 = ORIENTED_EDGE ( 'NONE', *, *, #2138, .F. ) ;
#1965 = DIRECTION ( 'NONE',  ( -1.000000000000000000, 0.000000000000000000, 0.000000000000000000 ) ) ;
#1966 = CARTESIAN_POINT ( 'NONE',  ( 14.15928699750835840, -34.18354270291759889, 0.000000000000000000 ) ) ;
#1967 = EDGE_CURVE ( 'NONE', #2069, #3227, #3363, .T. ) ;
#1968 = ORIENTED_EDGE ( 'NONE', *, *, #1042, .T. ) ;
#1969 = CARTESIAN_POINT ( 'NONE',  ( 67.50000000000000000, -50.00000000000000711, 20.00000000000000000 ) ) ;
#1970 = DIRECTION ( 'NONE',  ( 0.000000000000000000, 0.000000000000000000, 1.000000000000000000 ) ) ;
#1971 = CYLINDRICAL_SURFACE ( 'NONE', #3449, 2.499999999999995115 ) ;
#1972 = EDGE_CURVE ( 'NONE', #1132, #213, #2872, .T. ) ;
#1973 = CARTESIAN_POINT ( 'NONE',  ( 0.000000000000000000, 0.000000000000000000, 14.00000000000000000 ) ) ;
#1974 = EDGE_CURVE ( 'NONE', #487, #2339, #3505, .T. ) ;
#1975 = ORIENTED_EDGE ( 'NONE', *, *, #2658, .T. ) ;
#1976 = LINE ( 'NONE', #2267, #3305 ) ;
#1977 = AXIS2_PLACEMENT_3D ( 'NONE', #1611, #1018, #2311 ) ;
#1978 = VERTEX_POINT ( 'NONE', #4100 ) ;
#1979 = ORIENTED_EDGE ( 'NONE', *, *, #2049, .F. ) ;
#1980 = DIRECTION ( 'NONE',  ( -1.000000000000000000, 0.000000000000000000, 0.000000000000000000 ) ) ;
#1981 = DIRECTION ( 'NONE',  ( -1.000000000000000000, 0.000000000000000000, 0.000000000000000000 ) ) ;
#1982 = CARTESIAN_POINT ( 'NONE',  ( 49.99999999999995737, -45.00000000000017764, 20.00000000000000000 ) ) ;
#1983 = EDGE_CURVE ( 'NONE', #750, #2921, #4168, .T. ) ;
#1984 = EDGE_CURVE ( 'NONE', #4111, #2493, #3121, .T. ) ;
#1985 = VERTEX_POINT ( 'NONE', #1173 ) ;
#1986 = CARTESIAN_POINT ( 'NONE',  ( 55.00000000000102318, 15.00000000000004441, 0.000000000000000000 ) ) ;
#1987 = ORIENTED_EDGE ( 'NONE', *, *, #1282, .F. ) ;
#1988 = FACE_OUTER_BOUND ( 'NONE', #2771, .T. ) ;
#1989 = VECTOR ( 'NONE', #1007, 1000.000000000000000 ) ;
#1990 = DIRECTION ( 'NONE',  ( 0.000000000000000000, 1.000000000000000000, 0.000000000000000000 ) ) ;
#1991 = ORIENTED_EDGE ( 'NONE', *, *, #2398, .F. ) ;
#1992 = AXIS2_PLACEMENT_3D ( 'NONE', #1335, #1016, #2309 ) ;
#1993 = DIRECTION ( 'NONE',  ( -0.000000000000000000, -0.000000000000000000, 1.000000000000000000 ) ) ;
#1994 = DIRECTION ( 'NONE',  ( -0.000000000000000000, -0.000000000000000000, 1.000000000000000000 ) ) ;
#1995 = CARTESIAN_POINT ( 'NONE',  ( 47.50000000000045475, -15.00000000000017231, -0.001000000000001000089 ) ) ;
#1996 = EDGE_CURVE ( 'NONE', #1985, #3514, #1852, .T. ) ;
#1997 = EDGE_CURVE ( 'NONE', #3731, #2655, #625, .T. ) ;
#1998 = AXIS2_PLACEMENT_3D ( 'NONE', #3435, #2832, #2785 ) ;
#1999 = DIRECTION ( 'NONE',  ( -0.000000000000000000, -0.000000000000000000, 1.000000000000000000 ) ) ;
#2000 = VERTEX_POINT ( 'NONE', #540 ) ;
#2001 = ORIENTED_EDGE ( 'NONE', *, *, #3922, .F. ) ;
#2002 = VERTEX_POINT ( 'NONE', #874 ) ;
#2003 = CARTESIAN_POINT ( 'NONE',  ( 34.18354270291765573, -14.15928699750821984, 0.000000000000000000 ) ) ;
#2004 = CARTESIAN_POINT ( 'NONE',  ( 42.50000000000044054, 15.00000000000018296, 0.000000000000000000 ) ) ;
#2005 = CARTESIAN_POINT ( 'NONE',  ( -54.99999999999985789, -35.00000000000014211, 0.000000000000000000 ) ) ;
#2006 = AXIS2_PLACEMENT_3D ( 'NONE', #3770, #2801, #513 ) ;
#2007 = CIRCLE ( 'NONE', #2876, 2.500000000000023093 ) ;
#2008 = ORIENTED_EDGE ( 'NONE', *, *, #2474, .T. ) ;
#2009 = FACE_OUTER_BOUND ( 'NONE', #3404, .T. ) ;
#2010 = EDGE_LOOP ( 'NONE', ( #2434, #1427 ) ) ;
#2011 = DIRECTION ( 'NONE',  ( 1.000000000000000000, 0.000000000000000000, 0.000000000000000000 ) ) ;
#2012 = CIRCLE ( 'NONE', #2881, 2.500000000000015987 ) ;
#2013 = DIRECTION ( 'NONE',  ( -0.000000000000000000, -0.000000000000000000, 1.000000000000000000 ) ) ;
#2014 = CIRCLE ( 'NONE', #581, 2.500000000002160050 ) ;
#2015 = VERTEX_POINT ( 'NONE', #856 ) ;
#2016 = CIRCLE ( 'NONE', #584, 2.499999999999447109 ) ;
#2017 = DIRECTION ( 'NONE',  ( 0.000000000000000000, 0.000000000000000000, 1.000000000000000000 ) ) ;
#2018 = CARTESIAN_POINT ( 'NONE',  ( 15.85928699750836124, -34.18354270291759889, 14.00000000000000000 ) ) ;
#2019 = DIRECTION ( 'NONE',  ( -0.000000000000000000, -0.000000000000000000, 1.000000000000000000 ) ) ;
#2020 = CIRCLE ( 'NONE', #3155, 2.500000000000002220 ) ;
#2021 = CIRCLE ( 'NONE', #1265, 2.500000000000120348 ) ;
#2022 = AXIS2_PLACEMENT_3D ( 'NONE', #2174, #965, #1218 ) ;
#2023 = FACE_BOUND ( 'NONE', #1957, .T. ) ;
#2024 = VERTEX_POINT ( 'NONE', #264 ) ;
#2025 = VECTOR ( 'NONE', #1867, 1000.000000000000000 ) ;
#2026 = ORIENTED_EDGE ( 'NONE', *, *, #745, .F. ) ;
#2027 = VERTEX_POINT ( 'NONE', #1497 ) ;
#2028 = LINE ( 'NONE', #3330, #491 ) ;
#2029 = DIRECTION ( 'NONE',  ( 0.000000000000000000, 0.000000000000000000, 1.000000000000000000 ) ) ;
#2030 = EDGE_CURVE ( 'NONE', #347, #2915, #3129, .T. ) ;
#2031 = ORIENTED_EDGE ( 'NONE', *, *, #1997, .F. ) ;
#2032 = DIRECTION ( 'NONE',  ( -0.000000000000000000, -0.000000000000000000, 1.000000000000000000 ) ) ;
#2033 = VERTEX_POINT ( 'NONE', #2175 ) ;
#2034 = CARTESIAN_POINT ( 'NONE',  ( 47.50000000000109424, 25.00000000000011724, -0.001000000000001000089 ) ) ;
#2035 = CARTESIAN_POINT ( 'NONE',  ( -42.50000000000115818, 35.00000000000024869, -0.001000000000001000089 ) ) ;
#2036 = ORIENTED_EDGE ( 'NONE', *, *, #2154, .F. ) ;
#2037 = DIRECTION ( 'NONE',  ( 1.000000000000000000, 0.000000000000000000, 0.000000000000000000 ) ) ;
#2038 = CARTESIAN_POINT ( 'NONE',  ( 54.99999999999985789, -35.00000000000014211, 20.00000000000000000 ) ) ;
#2039 = DIRECTION ( 'NONE',  ( -0.000000000000000000, -0.000000000000000000, 1.000000000000000000 ) ) ;
#2040 = ADVANCED_FACE ( 'NONE', ( #561 ), #900, .F. ) ;
#2041 = EDGE_CURVE ( 'NONE', #2406, #2065, #244, .T. ) ;
#2042 = FACE_BOUND ( 'NONE', #3006, .T. ) ;
#2043 = EDGE_LOOP ( 'NONE', ( #1580, #2629 ) ) ;
#2044 = EDGE_LOOP ( 'NONE', ( #2113, #3415, #3654, #3352 ) ) ;
#2045 = ORIENTED_EDGE ( 'NONE', *, *, #439, .T. ) ;
#2046 = FACE_OUTER_BOUND ( 'NONE', #2737, .T. ) ;
#2047 = CARTESIAN_POINT ( 'NONE',  ( -57.50000000000181899, 45.00000000000007816, -0.001000000000001000089 ) ) ;
#2048 = AXIS2_PLACEMENT_3D ( 'NONE', #2581, #3663, #444 ) ;
#2049 = EDGE_CURVE ( 'NONE', #2268, #1686, #701, .T. ) ;
#2050 = ORIENTED_EDGE ( 'NONE', *, *, #485, .T. ) ;
#2051 = ADVANCED_FACE ( 'NONE', ( #925 ), #1924, .F. ) ;
#2052 = CARTESIAN_POINT ( 'NONE',  ( -47.50000000000108713, -25.00000000000013145, 20.00000000000000000 ) ) ;
#2053 = ORIENTED_EDGE ( 'NONE', *, *, #1524, .T. ) ;
#2054 = CARTESIAN_POINT ( 'NONE',  ( -52.50000000000109424, -25.00000000000013145, 20.00000000000000000 ) ) ;
#2055 = CARTESIAN_POINT ( 'NONE',  ( 67.50000000000000000, -50.00000000000000711, 20.00000000000000000 ) ) ;
#2056 = ORIENTED_EDGE ( 'NONE', *, *, #3665, .F. ) ;
#2057 = CARTESIAN_POINT ( 'NONE',  ( -14.15928699750812925, 34.18354270291769126, 14.00000000000000000 ) ) ;
#2058 = DIRECTION ( 'NONE',  ( -0.000000000000000000, -0.000000000000000000, 1.000000000000000000 ) ) ;
#2059 = LINE ( 'NONE', #2166, #1325 ) ;
#2060 = FACE_OUTER_BOUND ( 'NONE', #2856, .T. ) ;
#2061 = ORIENTED_EDGE ( 'NONE', *, *, #2430, .F. ) ;
#2062 = AXIS2_PLACEMENT_3D ( 'NONE', #1566, #3755, #3171 ) ;
#2063 = EDGE_LOOP ( 'NONE', ( #3239, #2001, #865, #1076 ) ) ;
#2064 = CIRCLE ( 'NONE', #633, 2.500000000000009326 ) ;
#2065 = VERTEX_POINT ( 'NONE', #1244 ) ;
#2066 = CARTESIAN_POINT ( 'NONE',  ( -45.00000000000043343, -15.00000000000019362, 0.000000000000000000 ) ) ;
#2067 = DIRECTION ( 'NONE',  ( 1.000000000000000000, 0.000000000000000000, 0.000000000000000000 ) ) ;
#2068 = CIRCLE ( 'NONE', #833, 2.500000000000023093 ) ;
#2069 = VERTEX_POINT ( 'NONE', #3526 ) ;
#2070 = DIRECTION ( 'NONE',  ( -0.000000000000000000, -0.000000000000000000, 1.000000000000000000 ) ) ;
#2071 = ORIENTED_EDGE ( 'NONE', *, *, #1340, .T. ) ;
#2072 = CARTESIAN_POINT ( 'NONE',  ( 55.00000000000103029, -15.00000000000003020, 0.000000000000000000 ) ) ;
#2073 = VECTOR ( 'NONE', #29, 1000.000000000000000 ) ;
#2074 = ORIENTED_EDGE ( 'NONE', *, *, #776, .T. ) ;
#2075 = CARTESIAN_POINT ( 'NONE',  ( 40.00000000000007816, -45.00000000000031974, 0.000000000000000000 ) ) ;
#2076 = CARTESIAN_POINT ( 'NONE',  ( -12.45928699750813706, 34.18354270291769126, 14.00000000000000000 ) ) ;
#2077 = AXIS2_PLACEMENT_3D ( 'NONE', #555, #197, #1854 ) ;
#2078 = AXIS2_PLACEMENT_3D ( 'NONE', #1613, #879, #2904 ) ;
#2079 = AXIS2_PLACEMENT_3D ( 'NONE', #945, #1220, #3826 ) ;
#2080 = CARTESIAN_POINT ( 'NONE',  ( 31.00000000000000000, 0.000000000000000000, 20.00000000000000000 ) ) ;
#2081 = VERTEX_POINT ( 'NONE', #2222 ) ;
#2082 = ORIENTED_EDGE ( 'NONE', *, *, #725, .T. ) ;
#2083 = ORIENTED_EDGE ( 'NONE', *, *, #1552, .F. ) ;
#2084 = DIRECTION ( 'NONE',  ( -0.000000000000000000, -0.000000000000000000, 1.000000000000000000 ) ) ;
#2085 = CYLINDRICAL_SURFACE ( 'NONE', #2337, 2.499999999999523492 ) ;
#2086 = AXIS2_PLACEMENT_3D ( 'NONE', #873, #2534, #2920 ) ;
#2087 = EDGE_CURVE ( 'NONE', #2967, #3361, #973, .T. ) ;
#2088 = EDGE_CURVE ( 'NONE', #3125, #3660, #25, .T. ) ;
#2089 = ORIENTED_EDGE ( 'NONE', *, *, #2278, .F. ) ;
#2090 = ORIENTED_EDGE ( 'NONE', *, *, #3645, .F. ) ;
#2091 = CARTESIAN_POINT ( 'NONE',  ( 52.49999999999769784, -35.00000000000014211, -0.001000000000001000089 ) ) ;
#2092 = VERTEX_POINT ( 'NONE', #4071 ) ;
#2093 = DIRECTION ( 'NONE',  ( -0.000000000000000000, -0.000000000000000000, 1.000000000000000000 ) ) ;
#2094 = CARTESIAN_POINT ( 'NONE',  ( 32.50000000000064659, 35.00000000000041922, 20.00000000000000000 ) ) ;
#2095 = ADVANCED_FACE ( 'NONE', ( #2329 ), #969, .F. ) ;
#2096 = CARTESIAN_POINT ( 'NONE',  ( 57.50000000000201794, -35.00000000000014211, 0.000000000000000000 ) ) ;
#2097 = EDGE_CURVE ( 'NONE', #289, #3561, #3869, .T. ) ;
#2098 = EDGE_LOOP ( 'NONE', ( #3198, #823 ) ) ;
#2099 = EDGE_CURVE ( 'NONE', #950, #1962, #2649, .T. ) ;
#2100 = ORIENTED_EDGE ( 'NONE', *, *, #3794, .F. ) ;
#2101 = ORIENTED_EDGE ( 'NONE', *, *, #3443, .T. ) ;
#2102 = FACE_OUTER_BOUND ( 'NONE', #1371, .T. ) ;
#2103 = DIRECTION ( 'NONE',  ( 1.000000000000000000, 0.000000000000000000, 0.000000000000000000 ) ) ;
#2104 = ORIENTED_EDGE ( 'NONE', *, *, #4094, .T. ) ;
#2105 = ORIENTED_EDGE ( 'NONE', *, *, #4075, .T. ) ;
#2106 = DIRECTION ( 'NONE',  ( -1.000000000000000000, 0.000000000000000000, 0.000000000000000000 ) ) ;
#2107 = VECTOR ( 'NONE', #1520, 1000.000000000000000 ) ;
#2108 = ORIENTED_EDGE ( 'NONE', *, *, #3524, .T. ) ;
#2109 = CARTESIAN_POINT ( 'NONE',  ( 50.00000000000110134, 25.00000000000011724, 20.00000000000000000 ) ) ;
#2110 = CARTESIAN_POINT ( 'NONE',  ( 62.50000000000115108, -24.99999999999996447, 0.000000000000000000 ) ) ;
#2111 = CARTESIAN_POINT ( 'NONE',  ( 57.50000000000110845, -24.99999999999996447, 0.000000000000000000 ) ) ;
#2112 = EDGE_CURVE ( 'NONE', #1577, #2805, #2397, .T. ) ;
#2113 = ORIENTED_EDGE ( 'NONE', *, *, #1408, .F. ) ;
#2114 = ORIENTED_EDGE ( 'NONE', *, *, #37, .F. ) ;
#2115 = CARTESIAN_POINT ( 'NONE',  ( -59.99999999999995737, -45.00000000000007816, 20.00000000000000000 ) ) ;
#2116 = AXIS2_PLACEMENT_3D ( 'NONE', #351, #1651, #2943 ) ;
#2117 = DIRECTION ( 'NONE',  ( -0.000000000000000000, -0.000000000000000000, 1.000000000000000000 ) ) ;
#2118 = VECTOR ( 'NONE', #229, 1000.000000000000000 ) ;
#2119 = ORIENTED_EDGE ( 'NONE', *, *, #1531, .F. ) ;
#2120 = ORIENTED_EDGE ( 'NONE', *, *, #592, .F. ) ;
#2121 = DIRECTION ( 'NONE',  ( 1.000000000000000000, 0.000000000000000000, 0.000000000000000000 ) ) ;
#2122 = FACE_OUTER_BOUND ( 'NONE', #636, .T. ) ;
#2123 = DIRECTION ( 'NONE',  ( -0.000000000000000000, -0.000000000000000000, 1.000000000000000000 ) ) ;
#2124 = ORIENTED_EDGE ( 'NONE', *, *, #82, .T. ) ;
#2125 = DIRECTION ( 'NONE',  ( -1.000000000000000000, 0.000000000000000000, 0.000000000000000000 ) ) ;
#2127 = EDGE_CURVE ( 'NONE', #2027, #501, #1242, .T. ) ;
#2126 = AXIS2_PLACEMENT_3D ( 'NONE', #1662, #3200, #3564 ) ;
#2128 = DIRECTION ( 'NONE',  ( 1.000000000000000000, 0.000000000000000000, 0.000000000000000000 ) ) ;
#2129 = CARTESIAN_POINT ( 'NONE',  ( -32.49999999999968736, 45.00000000000038369, 0.000000000000000000 ) ) ;
#2130 = VECTOR ( 'NONE', #1948, 1000.000000000000000 ) ;
#2131 = ORIENTED_EDGE ( 'NONE', *, *, #2727, .F. ) ;
#2132 = CYLINDRICAL_SURFACE ( 'NONE', #583, 2.500000000000009326 ) ;
#2133 = CIRCLE ( 'NONE', #3829, 2.499999999999904965 ) ;
#2134 = EDGE_LOOP ( 'NONE', ( #3706, #170 ) ) ;
#2135 = AXIS2_PLACEMENT_3D ( 'NONE', #397, #2238, #1625 ) ;
#2136 = CYLINDRICAL_SURFACE ( 'NONE', #827, 2.500000000001195488 ) ;
#2137 = CARTESIAN_POINT ( 'NONE',  ( 52.50000000000180478, -45.00000000000017764, 0.000000000000000000 ) ) ;
#2138 = EDGE_CURVE ( 'NONE', #2725, #161, #3271, .T. ) ;
#2139 = EDGE_LOOP ( 'NONE', ( #1853, #3060, #1409, #4078 ) ) ;
#2140 = AXIS2_PLACEMENT_3D ( 'NONE', #398, #3251, #3659 ) ;
#2141 = ORIENTED_EDGE ( 'NONE', *, *, #3539, .T. ) ;
#2142 = FACE_OUTER_BOUND ( 'NONE', #3925, .T. ) ;
#2143 = EDGE_CURVE ( 'NONE', #3015, #2975, #2940, .T. ) ;
#2144 = CARTESIAN_POINT ( 'NONE',  ( -37.50000000000125766, 45.00000000000031974, -0.001000000000001000089 ) ) ;
#2145 = AXIS2_PLACEMENT_3D ( 'NONE', #2159, #3216, #269 ) ;
#2146 = ADVANCED_FACE ( 'NONE', ( #3573 ), #3235, .F. ) ;
#2147 = CARTESIAN_POINT ( 'NONE',  ( -60.00000000000111555, -24.99999999999998934, -0.001000000000001000089 ) ) ;
#2148 = ORIENTED_EDGE ( 'NONE', *, *, #3764, .T. ) ;
#2149 = DIRECTION ( 'NONE',  ( -0.000000000000000000, -0.000000000000000000, 1.000000000000000000 ) ) ;
#2150 = CARTESIAN_POINT ( 'NONE',  ( -27.49999999999966960, -45.00000000000038369, -0.001000000000001000089 ) ) ;
#2151 = CARTESIAN_POINT ( 'NONE',  ( -52.49999999999813127, 45.00000000000017764, -0.001000000000001000089 ) ) ;
#2152 = DIRECTION ( 'NONE',  ( -1.000000000000000000, 0.000000000000000000, 0.000000000000000000 ) ) ;
#2153 = ADVANCED_FACE ( 'NONE', ( #2630 ), #1036, .F. ) ;
#2154 = EDGE_CURVE ( 'NONE', #406, #2248, #2189, .T. ) ;
#2155 = ORIENTED_EDGE ( 'NONE', *, *, #4186, .T. ) ;
#2156 = CARTESIAN_POINT ( 'NONE',  ( -41.50000000000000000, 5.082284216461515748E-15, 14.00000000000000000 ) ) ;
#2157 = ORIENTED_EDGE ( 'NONE', *, *, #831, .T. ) ;
#2158 = CYLINDRICAL_SURFACE ( 'NONE', #3196, 2.500000000000002220 ) ;
#2159 = CARTESIAN_POINT ( 'NONE',  ( -30.00000000000019185, -45.00000000000038369, 20.00000000000000000 ) ) ;
#2160 = EDGE_CURVE ( 'NONE', #670, #3314, #362, .T. ) ;
#2161 = EDGE_LOOP ( 'NONE', ( #739, #74, #3276, #821 ) ) ;
#2162 = PRODUCT_DEFINITION_CONTEXT ( 'detailed design', #1783, 'design' ) ;
#2163 = ORIENTED_EDGE ( 'NONE', *, *, #3580, .F. ) ;
#2164 = CARTESIAN_POINT ( 'NONE',  ( 52.50000000000110845, -25.00000000000010303, -0.001000000000001000089 ) ) ;
#2165 = CYLINDRICAL_SURFACE ( 'NONE', #2355, 2.499999999999245937 ) ;
#2166 = CARTESIAN_POINT ( 'NONE',  ( 27.49999999999965539, -45.00000000000038369, -0.001000000000001000089 ) ) ;
#2167 = EDGE_CURVE ( 'NONE', #4135, #188, #898, .T. ) ;
#2168 = EDGE_CURVE ( 'NONE', #1892, #2000, #2935, .T. ) ;
#2169 = ORIENTED_EDGE ( 'NONE', *, *, #3077, .F. ) ;
#2170 = DIRECTION ( 'NONE',  ( 1.000000000000000000, 0.000000000000000000, 0.000000000000000000 ) ) ;
#2171 = EDGE_LOOP ( 'NONE', ( #757, #363 ) ) ;
#2172 = DIRECTION ( 'NONE',  ( 0.000000000000000000, 0.000000000000000000, 1.000000000000000000 ) ) ;
#2173 = CIRCLE ( 'NONE', #345, 2.499999999998434141 ) ;
#2174 = CARTESIAN_POINT ( 'NONE',  ( 34.18354270291755626, 14.15928699750848097, 14.00000000000000000 ) ) ;
#2175 = CARTESIAN_POINT ( 'NONE',  ( 47.50000000000109424, 25.00000000000011724, 20.00000000000000000 ) ) ;
#2176 = CYLINDRICAL_SURFACE ( 'NONE', #2079, 2.499999999998434141 ) ;
#2177 = CYLINDRICAL_SURFACE ( 'NONE', #3184, 2.500000000000002220 ) ;
#2178 = EDGE_LOOP ( 'NONE', ( #2615, #3087, #2202, #729 ) ) ;
#2179 = FACE_BOUND ( 'NONE', #2254, .T. ) ;
#2180 = ORIENTED_EDGE ( 'NONE', *, *, #1550, .F. ) ;
#2181 = CARTESIAN_POINT ( 'NONE',  ( 52.50000000000103029, -15.00000000000003020, 0.000000000000000000 ) ) ;
#2182 = VECTOR ( 'NONE', #1716, 1000.000000000000000 ) ;
#2183 = ORIENTED_EDGE ( 'NONE', *, *, #832, .F. ) ;
#2184 = AXIS2_PLACEMENT_3D ( 'NONE', #3169, #2172, #3479 ) ;
#2185 = ORIENTED_EDGE ( 'NONE', *, *, #2768, .F. ) ;
#2186 = DIRECTION ( 'NONE',  ( 1.000000000000000000, 0.000000000000000000, 0.000000000000000000 ) ) ;
#2187 = CYLINDRICAL_SURFACE ( 'NONE', #2808, 2.499999999998822720 ) ;
#2188 = DIRECTION ( 'NONE',  ( -0.000000000000000000, -0.000000000000000000, 1.000000000000000000 ) ) ;
#2189 = CIRCLE ( 'NONE', #4013, 2.500000000000002220 ) ;
#2190 = ORIENTED_EDGE ( 'NONE', *, *, #1645, .T. ) ;
#2191 = CARTESIAN_POINT ( 'NONE',  ( 35.00000000000009237, -35.00000000000041922, 20.00000000000000000 ) ) ;
#2192 = EDGE_LOOP ( 'NONE', ( #1909, #1116, #1800, #2988 ) ) ;
#2193 = CARTESIAN_POINT ( 'NONE',  ( 55.00000000000102318, 15.00000000000004441, -0.001000000000001000089 ) ) ;
#2194 = AXIS2_PLACEMENT_3D ( 'NONE', #3009, #480, #3064 ) ;
#2195 = DIRECTION ( 'NONE',  ( 0.000000000000000000, 0.000000000000000000, 1.000000000000000000 ) ) ;
#2196 = CARTESIAN_POINT ( 'NONE',  ( -62.49999999999920419, -45.00000000000007816, -0.001000000000001000089 ) ) ;
#2197 = CARTESIAN_POINT ( 'NONE',  ( -67.50000000000000000, -50.00000000000000711, 0.000000000000000000 ) ) ;
#2198 = EDGE_CURVE ( 'NONE', #3047, #1561, #968, .T. ) ;
#2199 = VECTOR ( 'NONE', #1640, 1000.000000000000000 ) ;
#2200 = CIRCLE ( 'NONE', #2077, 2.500000000000772271 ) ;
#2201 = LINE ( 'NONE', #2855, #919 ) ;
#2202 = ORIENTED_EDGE ( 'NONE', *, *, #894, .T. ) ;
#2203 = CARTESIAN_POINT ( 'NONE',  ( -40.00000000000007816, 45.00000000000031974, 20.00000000000000000 ) ) ;
#2204 = AXIS2_PLACEMENT_3D ( 'NONE', #2464, #2123, #4093 ) ;
#2205 = CIRCLE ( 'NONE', #3633, 2.499999999998815614 ) ;
#2206 = ORIENTED_EDGE ( 'NONE', *, *, #3232, .T. ) ;
#2207 = EDGE_LOOP ( 'NONE', ( #2657, #458, #2594, #2451 ) ) ;
#2208 = DIRECTION ( 'NONE',  ( -0.000000000000000000, -0.000000000000000000, 1.000000000000000000 ) ) ;
#2209 = DIRECTION ( 'NONE',  ( -0.000000000000000000, -0.000000000000000000, 1.000000000000000000 ) ) ;
#2210 = FACE_BOUND ( 'NONE', #2098, .T. ) ;
#2211 = AXIS2_PLACEMENT_3D ( 'NONE', #1431, #2070, #1819 ) ;
#2212 = AXIS2_PLACEMENT_3D ( 'NONE', #1545, #4096, #3453 ) ;
#2213 = EDGE_CURVE ( 'NONE', #3082, #2819, #2671, .T. ) ;
#2214 = ADVANCED_FACE ( 'NONE', ( #3253 ), #3956, .F. ) ;
#2215 = AXIS2_PLACEMENT_3D ( 'NONE', #1642, #1939, #2554 ) ;
#2216 = CYLINDRICAL_SURFACE ( 'NONE', #1739, 2.500000000000293543 ) ;
#2217 = ORIENTED_EDGE ( 'NONE', *, *, #3219, .T. ) ;
#2218 = DIRECTION ( 'NONE',  ( -0.000000000000000000, -0.000000000000000000, 1.000000000000000000 ) ) ;
#2219 = AXIS2_PLACEMENT_3D ( 'NONE', #230, #3786, #3442 ) ;
#2220 = PLANE ( 'NONE',  #1134 ) ;
#2221 = PRODUCT_DEFINITION_SHAPE ( 'NONE', 'NONE',  #1447 ) ;
#2222 = CARTESIAN_POINT ( 'NONE',  ( -41.50000000000000000, 5.082284216461515748E-15, 20.00000000000000000 ) ) ;
#2223 = DIRECTION ( 'NONE',  ( -0.000000000000000000, -0.000000000000000000, 1.000000000000000000 ) ) ;
#2224 = DIRECTION ( 'NONE',  ( 1.000000000000000000, 0.000000000000000000, 0.000000000000000000 ) ) ;
#2225 = ADVANCED_FACE ( 'NONE', ( #42 ), #3594, .F. ) ;
#2226 = EDGE_CURVE ( 'NONE', #1751, #3119, #1044, .T. ) ;
#2227 = DIRECTION ( 'NONE',  ( 0.000000000000000000, 0.000000000000000000, 1.000000000000000000 ) ) ;
#2228 = VERTEX_POINT ( 'NONE', #2748 ) ;
#2229 = CARTESIAN_POINT ( 'NONE',  ( 0.000000000000000000, 0.000000000000000000, 20.00000000000000000 ) ) ;
#2230 = ORIENTED_EDGE ( 'NONE', *, *, #3337, .T. ) ;
#2231 = VERTEX_POINT ( 'NONE', #1080 ) ;
#2232 = CYLINDRICAL_SURFACE ( 'NONE', #3469, 31.00000000000000000 ) ;
#2233 = DIRECTION ( 'NONE',  ( -0.000000000000000000, -0.000000000000000000, 1.000000000000000000 ) ) ;
#2234 = LINE ( 'NONE', #2863, #987 ) ;
#2235 = ORIENTED_EDGE ( 'NONE', *, *, #2776, .F. ) ;
#2236 = CARTESIAN_POINT ( 'NONE',  ( 35.88354270291755199, 14.15928699750848097, 0.000000000000000000 ) ) ;
#2237 = ORIENTED_EDGE ( 'NONE', *, *, #3046, .F. ) ;
#2238 = DIRECTION ( 'NONE',  ( -0.000000000000000000, -0.000000000000000000, 1.000000000000000000 ) ) ;
#2239 = DIRECTION ( 'NONE',  ( -0.000000000000000000, -0.000000000000000000, 1.000000000000000000 ) ) ;
#2240 = CARTESIAN_POINT ( 'NONE',  ( -60.00000000000111555, -24.99999999999998934, 0.000000000000000000 ) ) ;
#2241 = DIRECTION ( 'NONE',  ( -1.000000000000000000, 0.000000000000000000, 0.000000000000000000 ) ) ;
#2242 = EDGE_CURVE ( 'NONE', #293, #4092, #1506, .T. ) ;
#2243 = FACE_BOUND ( 'NONE', #564, .T. ) ;
#2244 = VERTEX_POINT ( 'NONE', #1736 ) ;
#2245 = DIRECTION ( 'NONE',  ( -1.000000000000000000, 0.000000000000000000, 0.000000000000000000 ) ) ;
#2246 = DIRECTION ( 'NONE',  ( 0.000000000000000000, 0.000000000000000000, 1.000000000000000000 ) ) ;
#2247 = VERTEX_POINT ( 'NONE', #1396 ) ;
#2248 = VERTEX_POINT ( 'NONE', #3343 ) ;
#2249 = FACE_OUTER_BOUND ( 'NONE', #1776, .T. ) ;
#2250 = DIRECTION ( 'NONE',  ( -1.000000000000000000, 0.000000000000000000, 0.000000000000000000 ) ) ;
#2251 = FACE_BOUND ( 'NONE', #1180, .T. ) ;
#2252 = AXIS2_PLACEMENT_3D ( 'NONE', #1217, #2507, #4139 ) ;
#2253 = CARTESIAN_POINT ( 'NONE',  ( -49.99999999999995737, 45.00000000000017764, -0.001000000000001000089 ) ) ;
#2254 = EDGE_LOOP ( 'NONE', ( #478, #4148 ) ) ;
#2255 = DIRECTION ( 'NONE',  ( -0.000000000000000000, -0.000000000000000000, 1.000000000000000000 ) ) ;
#2256 = CIRCLE ( 'NONE', #1650, 1.700000000000000178 ) ;
#2257 = FACE_OUTER_BOUND ( 'NONE', #338, .T. ) ;
#2258 = AXIS2_PLACEMENT_3D ( 'NONE', #571, #2841, #1231 ) ;
#2259 = ORIENTED_EDGE ( 'NONE', *, *, #202, .F. ) ;
#2260 = CARTESIAN_POINT ( 'NONE',  ( 40.00000000000007816, -45.00000000000031974, -0.001000000000001000089 ) ) ;
#2261 = DIRECTION ( 'NONE',  ( 0.000000000000000000, 0.000000000000000000, 1.000000000000000000 ) ) ;
#2262 = DIRECTION ( 'NONE',  ( 1.000000000000000000, 0.000000000000000000, 0.000000000000000000 ) ) ;
#2263 = EDGE_CURVE ( 'NONE', #3989, #116, #628, .T. ) ;
#2264 = DIRECTION ( 'NONE',  ( -1.000000000000000000, 0.000000000000000000, 0.000000000000000000 ) ) ;
#2265 = ORIENTED_EDGE ( 'NONE', *, *, #413, .F. ) ;
#2266 = AXIS2_PLACEMENT_3D ( 'NONE', #1982, #2029, #2369 ) ;
#2267 = CARTESIAN_POINT ( 'NONE',  ( -52.50000000000110134, 25.00000000000011724, -0.001000000000001000089 ) ) ;
#2268 = VERTEX_POINT ( 'NONE', #163 ) ;
#2269 = VERTEX_POINT ( 'NONE', #2412 ) ;
#2270 = VECTOR ( 'NONE', #870, 1000.000000000000000 ) ;
#2271 = DIRECTION ( 'NONE',  ( 0.000000000000000000, 0.000000000000000000, 1.000000000000000000 ) ) ;
#2272 = PLANE ( 'NONE',  #2126 ) ;
#2273 = LINE ( 'NONE', #553, #1251 ) ;
#2274 = EDGE_CURVE ( 'NONE', #2033, #2092, #2394, .T. ) ;
#2275 = EDGE_CURVE ( 'NONE', #388, #3464, #2256, .T. ) ;
#2276 = CIRCLE ( 'NONE', #379, 2.500000000000002220 ) ;
#2277 = ORIENTED_EDGE ( 'NONE', *, *, #3717, .T. ) ;
#2278 = EDGE_CURVE ( 'NONE', #1809, #716, #3007, .T. ) ;
#2279 = DIRECTION ( 'NONE',  ( 1.000000000000000000, 0.000000000000000000, 0.000000000000000000 ) ) ;
#2280 = ORIENTED_EDGE ( 'NONE', *, *, #897, .F. ) ;
#2281 = DIRECTION ( 'NONE',  ( -0.000000000000000000, -0.000000000000000000, 1.000000000000000000 ) ) ;
#2282 = CIRCLE ( 'NONE', #1464, 2.500000000000009326 ) ;
#2283 = CIRCLE ( 'NONE', #1605, 1.699999999999998401 ) ;
#2284 = EDGE_CURVE ( 'NONE', #4092, #1577, #3700, .T. ) ;
#2285 = CARTESIAN_POINT ( 'NONE',  ( 30.00000000000019185, -45.00000000000038369, -0.001000000000001000089 ) ) ;
#2286 = ORIENTED_EDGE ( 'NONE', *, *, #843, .F. ) ;
#2287 = DIRECTION ( 'NONE',  ( 0.000000000000000000, 0.000000000000000000, 1.000000000000000000 ) ) ;
#2288 = CARTESIAN_POINT ( 'NONE',  ( -60.00000000000112266, 24.99999999999997868, 0.000000000000000000 ) ) ;
#2289 = VECTOR ( 'NONE', #673, 1000.000000000000000 ) ;
#2290 = CARTESIAN_POINT ( 'NONE',  ( -42.50000000000007816, -35.00000000000024869, 0.000000000000000000 ) ) ;
#2291 = FACE_BOUND ( 'NONE', #1798, .T. ) ;
#2292 = ADVANCED_FACE ( 'NONE', ( #3661 ), #463, .F. ) ;
#2293 = ORIENTED_EDGE ( 'NONE', *, *, #2143, .F. ) ;
#2294 = CARTESIAN_POINT ( 'NONE',  ( -50.00000000000109424, -25.00000000000013145, 20.00000000000000000 ) ) ;
#2295 = EDGE_CURVE ( 'NONE', #1570, #664, #1582, .T. ) ;
#2296 = EDGE_LOOP ( 'NONE', ( #2596, #3944, #1465, #2439 ) ) ;
#2297 = ORIENTED_EDGE ( 'NONE', *, *, #1832, .F. ) ;
#2298 = CARTESIAN_POINT ( 'NONE',  ( -32.48354270291755341, 14.15928699750846853, 0.000000000000000000 ) ) ;
#2299 = CARTESIAN_POINT ( 'NONE',  ( -44.99999999999997158, -35.00000000000024869, 0.000000000000000000 ) ) ;
#2300 = DIRECTION ( 'NONE',  ( -1.000000000000000000, 0.000000000000000000, 0.000000000000000000 ) ) ;
#2301 = VERTEX_POINT ( 'NONE', #1437 ) ;
#2302 = CARTESIAN_POINT ( 'NONE',  ( -57.50000000000071054, -45.00000000000007816, -0.001000000000001000089 ) ) ;
#2303 = ORIENTED_EDGE ( 'NONE', *, *, #523, .F. ) ;
#2304 = EDGE_CURVE ( 'NONE', #2339, #32, #3066, .T. ) ;
#2305 = CARTESIAN_POINT ( 'NONE',  ( -30.00000000000019185, 45.00000000000038369, 0.000000000000000000 ) ) ;
#2306 = ADVANCED_FACE ( 'NONE', ( #3382 ), #479, .F. ) ;
#2307 = CARTESIAN_POINT ( 'NONE',  ( 47.49999999999918998, 45.00000000000017764, 20.00000000000000000 ) ) ;
#2308 = EDGE_LOOP ( 'NONE', ( #1031, #1649 ) ) ;
#2309 = DIRECTION ( 'NONE',  ( 1.000000000000000000, 0.000000000000000000, 0.000000000000000000 ) ) ;
#2310 = DIRECTION ( 'NONE',  ( -0.000000000000000000, -0.000000000000000000, 1.000000000000000000 ) ) ;
#2311 = DIRECTION ( 'NONE',  ( -1.000000000000000000, 0.000000000000000000, 0.000000000000000000 ) ) ;
#2312 = CARTESIAN_POINT ( 'NONE',  ( -49.99999999999995737, -45.00000000000017764, 0.000000000000000000 ) ) ;
#2313 = CIRCLE ( 'NONE', #2993, 2.500000000000009326 ) ;
#2314 = ORIENTED_EDGE ( 'NONE', *, *, #91, .F. ) ;
#2315 = FACE_OUTER_BOUND ( 'NONE', #462, .T. ) ;
#2316 = EDGE_LOOP ( 'NONE', ( #2471, #933, #2277, #3259 ) ) ;
#2317 = ORIENTED_EDGE ( 'NONE', *, *, #2973, .F. ) ;
#2318 = CARTESIAN_POINT ( 'NONE',  ( 0.000000000000000000, 0.000000000000000000, 20.00000000000000000 ) ) ;
#2319 = CARTESIAN_POINT ( 'NONE',  ( 37.49999999999996447, 45.00000000000031974, -0.001000000000001000089 ) ) ;
#2320 = DIRECTION ( 'NONE',  ( 0.000000000000000000, 0.000000000000000000, 1.000000000000000000 ) ) ;
#2321 = ORIENTED_EDGE ( 'NONE', *, *, #1543, .F. ) ;
#2322 = DIRECTION ( 'NONE',  ( -0.000000000000000000, -0.000000000000000000, 1.000000000000000000 ) ) ;
#2323 = VERTEX_POINT ( 'NONE', #3682 ) ;
#2324 = DIRECTION ( 'NONE',  ( 0.000000000000000000, 0.000000000000000000, 1.000000000000000000 ) ) ;
#2325 = AXIS2_PLACEMENT_3D ( 'NONE', #2066, #3605, #2978 ) ;
#2326 = CARTESIAN_POINT ( 'NONE',  ( 67.50000000000000000, 49.99999999999999289, 20.00000000000000000 ) ) ;
#2327 = ORIENTED_EDGE ( 'NONE', *, *, #3351, .T. ) ;
#2328 = AXIS2_PLACEMENT_3D ( 'NONE', #219, #606, #2868 ) ;
#2329 = FACE_OUTER_BOUND ( 'NONE', #2161, .T. ) ;
#2330 = DIRECTION ( 'NONE',  ( -0.000000000000000000, -0.000000000000000000, 1.000000000000000000 ) ) ;
#2331 = DIRECTION ( 'NONE',  ( 0.000000000000000000, 0.000000000000000000, 1.000000000000000000 ) ) ;
#2332 = VECTOR ( 'NONE', #4081, 1000.000000000000000 ) ;
#2333 = CYLINDRICAL_SURFACE ( 'NONE', #308, 1.700000000000000178 ) ;
#2334 = EDGE_CURVE ( 'NONE', #3260, #1768, #1721, .T. ) ;
#2335 = ORIENTED_EDGE ( 'NONE', *, *, #1340, .F. ) ;
#2336 = CIRCLE ( 'NONE', #3736, 2.499999999999499067 ) ;
#2337 = AXIS2_PLACEMENT_3D ( 'NONE', #2385, #3377, #2796 ) ;
#2338 = EDGE_LOOP ( 'NONE', ( #2728, #4012 ) ) ;
#2339 = VERTEX_POINT ( 'NONE', #758 ) ;
#2340 = DIRECTION ( 'NONE',  ( -0.000000000000000000, -0.000000000000000000, 1.000000000000000000 ) ) ;
#2341 = CARTESIAN_POINT ( 'NONE',  ( 60.00000000000112266, 24.99999999999997868, 0.000000000000000000 ) ) ;
#2342 = DIRECTION ( 'NONE',  ( -0.000000000000000000, -0.000000000000000000, 1.000000000000000000 ) ) ;
#2343 = AXIS2_PLACEMENT_3D ( 'NONE', #733, #2956, #430 ) ;
#2344 = AXIS2_PLACEMENT_3D ( 'NONE', #1279, #1008, #1981 ) ;
#2345 = ORIENTED_EDGE ( 'NONE', *, *, #145, .F. ) ;
#2346 = CARTESIAN_POINT ( 'NONE',  ( -52.50000000000071765, -15.00000000000005862, 20.00000000000000000 ) ) ;
#2347 = EDGE_LOOP ( 'NONE', ( #2061, #2108, #2317, #744 ) ) ;
#2348 = CYLINDRICAL_SURFACE ( 'NONE', #242, 2.499999999998177458 ) ;
#2349 = ADVANCED_FACE ( 'NONE', ( #4053 ), #3048, .F. ) ;
#2351 = EDGE_CURVE ( 'NONE', #3561, #399, #4069, .T. ) ;
#2350 = CIRCLE ( 'NONE', #2751, 2.499999999998177458 ) ;
#2352 = DIRECTION ( 'NONE',  ( 0.000000000000000000, 0.000000000000000000, 1.000000000000000000 ) ) ;
#2353 = AXIS2_PLACEMENT_3D ( 'NONE', #131, #3400, #2698 ) ;
#2354 = ORIENTED_EDGE ( 'NONE', *, *, #816, .T. ) ;
#2355 = AXIS2_PLACEMENT_3D ( 'NONE', #4048, #824, #3430 ) ;
#2356 = CARTESIAN_POINT ( 'NONE',  ( -32.48354270291762447, -14.15928699750824293, 0.000000000000000000 ) ) ;
#2357 = DIRECTION ( 'NONE',  ( -1.000000000000000000, 0.000000000000000000, 0.000000000000000000 ) ) ;
#2358 = CARTESIAN_POINT ( 'NONE',  ( 52.49999999999769784, -35.00000000000014211, 20.00000000000000000 ) ) ;
#2359 = AXIS2_PLACEMENT_3D ( 'NONE', #3931, #2322, #1327 ) ;
#2360 = AXIS2_PLACEMENT_3D ( 'NONE', #1873, #533, #912 ) ;
#2361 = FACE_BOUND ( 'NONE', #1105, .T. ) ;
#2362 = ORIENTED_EDGE ( 'NONE', *, *, #4151, .F. ) ;
#2363 = ADVANCED_FACE ( 'NONE', ( #421 ), #1480, .F. ) ;
#2364 = AXIS2_PLACEMENT_3D ( 'NONE', #1529, #1616, #3130 ) ;
#2365 = EDGE_CURVE ( 'NONE', #839, #3617, #3320, .T. ) ;
#2366 = ORIENTED_EDGE ( 'NONE', *, *, #3232, .F. ) ;
#2367 = VERTEX_POINT ( 'NONE', #107 ) ;
#2368 = LINE ( 'NONE', #731, #695 ) ;
#2369 = DIRECTION ( 'NONE',  ( 1.000000000000000000, 0.000000000000000000, 0.000000000000000000 ) ) ;
#2370 = ORIENTED_EDGE ( 'NONE', *, *, #1025, .F. ) ;
#2371 = CARTESIAN_POINT ( 'NONE',  ( 47.49999999999810285, -45.00000000000017764, 0.000000000000000000 ) ) ;
#2372 = ORIENTED_EDGE ( 'NONE', *, *, #3217, .T. ) ;
#2373 = LINE ( 'NONE', #3061, #793 ) ;
#2374 = CARTESIAN_POINT ( 'NONE',  ( 14.15928699750835840, -34.18354270291759889, 14.00000000000000000 ) ) ;
#2375 = ORIENTED_EDGE ( 'NONE', *, *, #1234, .F. ) ;
#2376 = DIRECTION ( 'NONE',  ( 1.000000000000000000, 0.000000000000000000, 0.000000000000000000 ) ) ;
#2377 = CYLINDRICAL_SURFACE ( 'NONE', #2194, 2.499999999998815614 ) ;
#2378 = DIRECTION ( 'NONE',  ( -0.000000000000000000, -0.000000000000000000, -1.000000000000000000 ) ) ;
#2379 = CARTESIAN_POINT ( 'NONE',  ( -47.50000000000177636, 45.00000000000017764, -0.001000000000001000089 ) ) ;
#2380 = EDGE_LOOP ( 'NONE', ( #1169, #1685, #3074, #2669 ) ) ;
#2381 = VECTOR ( 'NONE', #246, 1000.000000000000000 ) ;
#2382 = ORIENTED_EDGE ( 'NONE', *, *, #2097, .F. ) ;
#2383 = VERTEX_POINT ( 'NONE', #1899 ) ;
#2384 = CARTESIAN_POINT ( 'NONE',  ( 57.50000000000101608, 15.00000000000004441, -0.001000000000001000089 ) ) ;
#2385 = CARTESIAN_POINT ( 'NONE',  ( -54.99999999999985789, -35.00000000000014211, -0.001000000000001000089 ) ) ;
#2386 = CIRCLE ( 'NONE', #1977, 2.499999999998822720 ) ;
#2387 = VERTEX_POINT ( 'NONE', #3187 ) ;
#2388 = CARTESIAN_POINT ( 'NONE',  ( -37.49999999999955236, 35.00000000000041922, 0.000000000000000000 ) ) ;
#2389 = ORIENTED_EDGE ( 'NONE', *, *, #2304, .F. ) ;
#2390 = DIRECTION ( 'NONE',  ( -0.000000000000000000, -0.000000000000000000, 1.000000000000000000 ) ) ;
#2391 = ORIENTED_EDGE ( 'NONE', *, *, #1289, .T. ) ;
#2392 = CARTESIAN_POINT ( 'NONE',  ( -50.00000000000110134, 25.00000000000011724, 20.00000000000000000 ) ) ;
#2393 = PLANE ( 'NONE',  #103 ) ;
#2394 = CIRCLE ( 'NONE', #3679, 2.500000000000002220 ) ;
#2395 = LINE ( 'NONE', #466, #3970 ) ;
#2396 = EDGE_LOOP ( 'NONE', ( #3287, #3494, #2422, #3943 ) ) ;
#2397 = CIRCLE ( 'NONE', #1112, 2.500000000001195488 ) ;
#2398 = EDGE_CURVE ( 'NONE', #2975, #3015, #1383, .T. ) ;
#2399 = ADVANCED_FACE ( 'NONE', ( #260 ), #3799, .F. ) ;
#2400 = EDGE_LOOP ( 'NONE', ( #527, #1276 ) ) ;
#2401 = AXIS2_PLACEMENT_3D ( 'NONE', #3767, #1438, #3370 ) ;
#2402 = ORIENTED_EDGE ( 'NONE', *, *, #816, .F. ) ;
#2403 = DIRECTION ( 'NONE',  ( 1.000000000000000000, 0.000000000000000000, 0.000000000000000000 ) ) ;
#2404 = DIRECTION ( 'NONE',  ( -0.000000000000000000, -0.000000000000000000, 1.000000000000000000 ) ) ;
#2405 = CIRCLE ( 'NONE', #2532, 2.500000000001064038 ) ;
#2406 = VERTEX_POINT ( 'NONE', #1495 ) ;
#2407 = VERTEX_POINT ( 'NONE', #3503 ) ;
#2408 = CARTESIAN_POINT ( 'NONE',  ( -57.49999999999828049, 35.00000000000014211, -0.001000000000001000089 ) ) ;
#2409 = EDGE_CURVE ( 'NONE', #2662, #1728, #3124, .T. ) ;
#2410 = EDGE_CURVE ( 'NONE', #3886, #549, #3338, .T. ) ;
#2411 = VERTEX_POINT ( 'NONE', #1564 ) ;
#2412 = CARTESIAN_POINT ( 'NONE',  ( 32.49999999999955236, -35.00000000000041922, 0.000000000000000000 ) ) ;
#2413 = CARTESIAN_POINT ( 'NONE',  ( -52.50000000000072475, 15.00000000000004441, -0.001000000000001000089 ) ) ;
#2414 = VECTOR ( 'NONE', #1369, 1000.000000000000000 ) ;
#2415 = ADVANCED_FACE ( 'NONE', ( #3775 ), #1881, .F. ) ;
#2416 = VECTOR ( 'NONE', #1883, 1000.000000000000000 ) ;
#2417 = AXIS2_PLACEMENT_3D ( 'NONE', #3802, #2469, #541 ) ;
#2418 = CYLINDRICAL_SURFACE ( 'NONE', #3752, 2.499999999998434141 ) ;
#2419 = EDGE_LOOP ( 'NONE', ( #859, #772 ) ) ;
#2420 = AXIS2_PLACEMENT_3D ( 'NONE', #3270, #2918, #1013 ) ;
#2421 = AXIS2_PLACEMENT_3D ( 'NONE', #3800, #3867, #3776 ) ;
#2422 = ORIENTED_EDGE ( 'NONE', *, *, #1091, .T. ) ;
#2423 = ORIENTED_EDGE ( 'NONE', *, *, #2474, .F. ) ;
#2424 = LINE ( 'NONE', #3708, #22 ) ;
#2425 = CARTESIAN_POINT ( 'NONE',  ( 37.49999999999953815, 35.00000000000041922, 20.00000000000000000 ) ) ;
#2426 = AXIS2_PLACEMENT_3D ( 'NONE', #2294, #1634, #2929 ) ;
#2427 = EDGE_LOOP ( 'NONE', ( #207, #2180 ) ) ;
#2428 = ORIENTED_EDGE ( 'NONE', *, *, #725, .F. ) ;
#2429 = DIRECTION ( 'NONE',  ( -0.000000000000000000, -0.000000000000000000, 1.000000000000000000 ) ) ;
#2430 = EDGE_CURVE ( 'NONE', #544, #1753, #1445, .T. ) ;
#2431 = EDGE_LOOP ( 'NONE', ( #278, #1140 ) ) ;
#2432 = DIRECTION ( 'NONE',  ( -0.000000000000000000, -0.000000000000000000, 1.000000000000000000 ) ) ;
#2433 = DIRECTION ( 'NONE',  ( -0.000000000000000000, -0.000000000000000000, 1.000000000000000000 ) ) ;
#2434 = ORIENTED_EDGE ( 'NONE', *, *, #1552, .T. ) ;
#2435 = EDGE_LOOP ( 'NONE', ( #3446, #1824 ) ) ;
#2436 = ORIENTED_EDGE ( 'NONE', *, *, #2295, .T. ) ;
#2437 = DIRECTION ( 'NONE',  ( 1.000000000000000000, 0.000000000000000000, 0.000000000000000000 ) ) ;
#2438 = CARTESIAN_POINT ( 'NONE',  ( -59.99999999999995737, 45.00000000000007816, 0.000000000000000000 ) ) ;
#2439 = ORIENTED_EDGE ( 'NONE', *, *, #1974, .F. ) ;
#2440 = ORIENTED_EDGE ( 'NONE', *, *, #3922, .T. ) ;
#2441 = FACE_OUTER_BOUND ( 'NONE', #1051, .T. ) ;
#2442 = LINE ( 'NONE', #3412, #1456 ) ;
#2443 = EDGE_CURVE ( 'NONE', #980, #501, #830, .T. ) ;
#2444 = CYLINDRICAL_SURFACE ( 'NONE', #3747, 2.500000000000120348 ) ;
#2445 = EDGE_LOOP ( 'NONE', ( #2942, #2793, #2190, #486 ) ) ;
#2446 = CARTESIAN_POINT ( 'NONE',  ( 44.99999999999997158, -35.00000000000024869, -0.001000000000001000089 ) ) ;
#2447 = LINE ( 'NONE', #3733, #4030 ) ;
#2448 = DIRECTION ( 'NONE',  ( -1.000000000000000000, 0.000000000000000000, 0.000000000000000000 ) ) ;
#2449 = CIRCLE ( 'NONE', #1781, 1.700000000000000178 ) ;
#2450 = ADVANCED_FACE ( 'NONE', ( #2489 ), #1239, .F. ) ;
#2451 = ORIENTED_EDGE ( 'NONE', *, *, #530, .F. ) ;
#2452 = CARTESIAN_POINT ( 'NONE',  ( 31.00000000000000000, 0.000000000000000000, 14.00000000000000000 ) ) ;
#2453 = EDGE_LOOP ( 'NONE', ( #337, #2465, #183, #723 ) ) ;
#2454 = DIRECTION ( 'NONE',  ( -1.000000000000000000, 0.000000000000000000, 0.000000000000000000 ) ) ;
#2455 = AXIS2_PLACEMENT_3D ( 'NONE', #3918, #1628, #3891 ) ;
#2456 = DIRECTION ( 'NONE',  ( -0.000000000000000000, -0.000000000000000000, 1.000000000000000000 ) ) ;
#2457 = EDGE_CURVE ( 'NONE', #764, #257, #918, .T. ) ;
#2458 = CIRCLE ( 'NONE', #3011, 2.500000000001064038 ) ;
#2459 = ORIENTED_EDGE ( 'NONE', *, *, #535, .T. ) ;
#2460 = ORIENTED_EDGE ( 'NONE', *, *, #4075, .F. ) ;
#2461 = DIRECTION ( 'NONE',  ( -1.000000000000000000, 0.000000000000000000, 0.000000000000000000 ) ) ;
#2462 = DIRECTION ( 'NONE',  ( -0.000000000000000000, -0.000000000000000000, 1.000000000000000000 ) ) ;
#2463 = AXIS2_PLACEMENT_3D ( 'NONE', #4045, #820, #1822 ) ;
#2464 = CARTESIAN_POINT ( 'NONE',  ( 44.99999999999997158, -35.00000000000024869, 0.000000000000000000 ) ) ;
#2465 = ORIENTED_EDGE ( 'NONE', *, *, #205, .F. ) ;
#2466 = CYLINDRICAL_SURFACE ( 'NONE', #850, 2.499999999999253042 ) ;
#2467 = EDGE_CURVE ( 'NONE', #1085, #2406, #3265, .T. ) ;
#2468 = DIRECTION ( 'NONE',  ( 0.000000000000000000, 0.000000000000000000, 1.000000000000000000 ) ) ;
#2469 = DIRECTION ( 'NONE',  ( -0.000000000000000000, -0.000000000000000000, 1.000000000000000000 ) ) ;
#2470 = DIRECTION ( 'NONE',  ( -1.000000000000000000, 0.000000000000000000, 0.000000000000000000 ) ) ;
#2471 = ORIENTED_EDGE ( 'NONE', *, *, #2558, .F. ) ;
#2472 = DIRECTION ( 'NONE',  ( 1.000000000000000000, 0.000000000000000000, 0.000000000000000000 ) ) ;
#2473 = AXIS2_PLACEMENT_3D ( 'NONE', #1816, #2769, #4054 ) ;
#2474 = EDGE_CURVE ( 'NONE', #5, #1866, #4145, .T. ) ;
#2475 = ORIENTED_EDGE ( 'NONE', *, *, #1782, .T. ) ;
#2476 = CIRCLE ( 'NONE', #386, 2.499999999999495515 ) ;
#2477 = CARTESIAN_POINT ( 'NONE',  ( 57.49999999999918288, 45.00000000000007816, -0.001000000000001000089 ) ) ;
#2478 = CARTESIAN_POINT ( 'NONE',  ( -54.99999999999985789, -35.00000000000014211, 20.00000000000000000 ) ) ;
#2479 = EDGE_CURVE ( 'NONE', #1238, #289, #494, .T. ) ;
#2480 = ORIENTED_EDGE ( 'NONE', *, *, #2443, .T. ) ;
#2481 = CIRCLE ( 'NONE', #3639, 1.700000000000001954 ) ;
#2482 = ORIENTED_EDGE ( 'NONE', *, *, #641, .F. ) ;
#2483 = FACE_OUTER_BOUND ( 'NONE', #2396, .T. ) ;
#2484 = DIRECTION ( 'NONE',  ( -0.000000000000000000, -0.000000000000000000, 1.000000000000000000 ) ) ;
#2485 = FACE_OUTER_BOUND ( 'NONE', #2528, .T. ) ;
#2486 = EDGE_LOOP ( 'NONE', ( #3693, #3774, #861, #2101 ) ) ;
#2487 = FACE_OUTER_BOUND ( 'NONE', #3611, .T. ) ;
#2488 = EDGE_LOOP ( 'NONE', ( #1151, #3913, #2124, #818 ) ) ;
#2489 = FACE_OUTER_BOUND ( 'NONE', #361, .T. ) ;
#2490 = CARTESIAN_POINT ( 'NONE',  ( -47.50000000000109424, 25.00000000000011724, -0.001000000000001000089 ) ) ;
#2491 = FACE_OUTER_BOUND ( 'NONE', #3054, .T. ) ;
#2492 = CARTESIAN_POINT ( 'NONE',  ( -40.00000000000007816, 45.00000000000031974, 0.000000000000000000 ) ) ;
#2493 = VERTEX_POINT ( 'NONE', #1515 ) ;
#2494 = FACE_BOUND ( 'NONE', #3097, .T. ) ;
#2495 = ORIENTED_EDGE ( 'NONE', *, *, #3964, .F. ) ;
#2496 = CARTESIAN_POINT ( 'NONE',  ( -42.49999999999998579, -45.00000000000031974, 0.000000000000000000 ) ) ;
#2497 = CARTESIAN_POINT ( 'NONE',  ( -55.00000000000102318, 15.00000000000004441, 20.00000000000000000 ) ) ;
#2498 = ORIENTED_EDGE ( 'NONE', *, *, #1734, .T. ) ;
#2499 = ORIENTED_EDGE ( 'NONE', *, *, #2112, .T. ) ;
#2500 = DIRECTION ( 'NONE',  ( 0.000000000000000000, 0.000000000000000000, -1.000000000000000000 ) ) ;
#2501 = DIRECTION ( 'NONE',  ( -0.000000000000000000, -0.000000000000000000, 1.000000000000000000 ) ) ;
#2502 = FACE_BOUND ( 'NONE', #3760, .T. ) ;
#2503 = EDGE_LOOP ( 'NONE', ( #1035, #1553, #956, #1702 ) ) ;
#2504 = AXIS2_PLACEMENT_3D ( 'NONE', #563, #3123, #224 ) ;
#2505 = CARTESIAN_POINT ( 'NONE',  ( 62.50000000000113687, 24.99999999999997868, 20.00000000000000000 ) ) ;
#2506 = ORIENTED_EDGE ( 'NONE', *, *, #967, .F. ) ;
#2507 = DIRECTION ( 'NONE',  ( -0.000000000000000000, -0.000000000000000000, 1.000000000000000000 ) ) ;
#2508 = CIRCLE ( 'NONE', #147, 2.500000000000002220 ) ;
#2509 = DIRECTION ( 'NONE',  ( 1.000000000000000000, 0.000000000000000000, 0.000000000000000000 ) ) ;
#2510 = DIRECTION ( 'NONE',  ( -1.000000000000000000, 0.000000000000000000, 0.000000000000000000 ) ) ;
#2511 = DIRECTION ( 'NONE',  ( 1.000000000000000000, 0.000000000000000000, 0.000000000000000000 ) ) ;
#2512 = CARTESIAN_POINT ( 'NONE',  ( 57.50000000000102318, -15.00000000000003020, 20.00000000000000000 ) ) ;
#2513 = DIRECTION ( 'NONE',  ( 1.000000000000000000, 0.000000000000000000, 0.000000000000000000 ) ) ;
#2514 = ORIENTED_EDGE ( 'NONE', *, *, #2517, .T. ) ;
#2515 = CARTESIAN_POINT ( 'NONE',  ( -32.50000000000063238, 35.00000000000041922, 0.000000000000000000 ) ) ;
#2516 = ADVANCED_FACE ( 'NONE', ( #872 ), #2466, .F. ) ;
#2517 = EDGE_CURVE ( 'NONE', #2387, #1494, #4035, .T. ) ;
#2518 = AXIS2_PLACEMENT_3D ( 'NONE', #3312, #766, #452 ) ;
#2519 = ORIENTED_EDGE ( 'NONE', *, *, #2950, .F. ) ;
#2520 = VECTOR ( 'NONE', #2093, 1000.000000000000000 ) ;
#2521 = AXIS2_PLACEMENT_3D ( 'NONE', #2115, #1161, #2454 ) ;
#2522 = VERTEX_POINT ( 'NONE', #539 ) ;
#2523 = DIRECTION ( 'NONE',  ( 0.000000000000000000, 0.000000000000000000, 1.000000000000000000 ) ) ;
#2524 = CARTESIAN_POINT ( 'NONE',  ( -34.18354270291755626, 14.15928699750846853, 0.000000000000000000 ) ) ;
#2525 = FACE_BOUND ( 'NONE', #1563, .T. ) ;
#2526 = VECTOR ( 'NONE', #740, 1000.000000000000000 ) ;
#2527 = CARTESIAN_POINT ( 'NONE',  ( 42.50000000000127187, -45.00000000000031974, -0.001000000000001000089 ) ) ;
#2528 = EDGE_LOOP ( 'NONE', ( #3373, #550, #84, #4116 ) ) ;
#2529 = CARTESIAN_POINT ( 'NONE',  ( -60.00000000000112266, 24.99999999999997868, -0.001000000000001000089 ) ) ;
#2530 = EDGE_CURVE ( 'NONE', #487, #688, #3294, .T. ) ;
#2531 = AXIS2_PLACEMENT_3D ( 'NONE', #1911, #294, #4180 ) ;
#2532 = AXIS2_PLACEMENT_3D ( 'NONE', #3426, #529, #312 ) ;
#2533 = EDGE_CURVE ( 'NONE', #4007, #4193, #1540, .T. ) ;
#2534 = DIRECTION ( 'NONE',  ( -0.000000000000000000, -0.000000000000000000, 1.000000000000000000 ) ) ;
#2535 = DIRECTION ( 'NONE',  ( 1.000000000000000000, 0.000000000000000000, 0.000000000000000000 ) ) ;
#2536 = LINE ( 'NONE', #2151, #3751 ) ;
#2537 = CARTESIAN_POINT ( 'NONE',  ( -32.49999999999954525, -35.00000000000041922, -0.001000000000001000089 ) ) ;
#2538 = EDGE_CURVE ( 'NONE', #1535, #2840, #4119, .T. ) ;
#2539 = CIRCLE ( 'NONE', #1934, 2.499999999999891198 ) ;
#2540 = CARTESIAN_POINT ( 'NONE',  ( -32.49999999999968736, 45.00000000000038369, 20.00000000000000000 ) ) ;
#2541 = EDGE_LOOP ( 'NONE', ( #3500, #1906, #1952, #1488 ) ) ;
#2542 = DIRECTION ( 'NONE',  ( 1.000000000000000000, 0.000000000000000000, 0.000000000000000000 ) ) ;
#2543 = AXIS2_PLACEMENT_3D ( 'NONE', #2038, #3254, #15 ) ;
#2544 = AXIS2_PLACEMENT_3D ( 'NONE', #3959, #3554, #696 ) ;
#2545 = CIRCLE ( 'NONE', #1679, 31.00000000000000000 ) ;
#2546 = ORIENTED_EDGE ( 'NONE', *, *, #456, .F. ) ;
#2547 = ORIENTED_EDGE ( 'NONE', *, *, #3525, .T. ) ;
#2548 = CARTESIAN_POINT ( 'NONE',  ( -35.88354270291762305, -14.15928699750824293, 0.000000000000000000 ) ) ;
#2549 = DIRECTION ( 'NONE',  ( -0.000000000000000000, -0.000000000000000000, 1.000000000000000000 ) ) ;
#2550 = DIRECTION ( 'NONE',  ( -0.000000000000000000, -0.000000000000000000, 1.000000000000000000 ) ) ;
#2551 = CIRCLE ( 'NONE', #728, 2.500000000000772271 ) ;
#2552 = AXIS2_PLACEMENT_3D ( 'NONE', #255, #1559, #1508 ) ;
#2553 = VECTOR ( 'NONE', #3228, 1000.000000000000000 ) ;
#2554 = DIRECTION ( 'NONE',  ( 1.000000000000000000, 0.000000000000000000, 0.000000000000000000 ) ) ;
#2555 = ORIENTED_EDGE ( 'NONE', *, *, #2334, .F. ) ;
#2556 = CARTESIAN_POINT ( 'NONE',  ( 57.50000000000091660, 35.00000000000014211, -0.001000000000001000089 ) ) ;
#2557 = AXIS2_PLACEMENT_3D ( 'NONE', #2611, #3557, #977 ) ;
#2558 = EDGE_CURVE ( 'NONE', #4188, #2994, #1339, .T. ) ;
#2559 = DIRECTION ( 'NONE',  ( 1.000000000000000000, 0.000000000000000000, 0.000000000000000000 ) ) ;
#2560 = DIRECTION ( 'NONE',  ( -1.000000000000000000, 0.000000000000000000, 0.000000000000000000 ) ) ;
#2561 = CARTESIAN_POINT ( 'NONE',  ( -34.18354270291762731, -14.15928699750824293, 0.000000000000000000 ) ) ;
#2562 = DIRECTION ( 'NONE',  ( 0.000000000000000000, 0.000000000000000000, 1.000000000000000000 ) ) ;
#2563 = DIRECTION ( 'NONE',  ( -1.000000000000000000, 0.000000000000000000, 0.000000000000000000 ) ) ;
#2564 = ORIENTED_EDGE ( 'NONE', *, *, #897, .T. ) ;
#2565 = CARTESIAN_POINT ( 'NONE',  ( -55.00000000000102318, 15.00000000000004441, 0.000000000000000000 ) ) ;
#2566 = DIRECTION ( 'NONE',  ( 1.000000000000000000, 0.000000000000000000, 0.000000000000000000 ) ) ;
#2567 = ORIENTED_EDGE ( 'NONE', *, *, #2668, .F. ) ;
#2568 = ORIENTED_EDGE ( 'NONE', *, *, #1996, .F. ) ;
#2569 = CARTESIAN_POINT ( 'NONE',  ( 42.50000000000044764, -15.00000000000017231, 20.00000000000000000 ) ) ;
#2570 = DIRECTION ( 'NONE',  ( -0.000000000000000000, -0.000000000000000000, 1.000000000000000000 ) ) ;
#2571 = FACE_BOUND ( 'NONE', #368, .T. ) ;
#2572 = DIRECTION ( 'NONE',  ( -0.000000000000000000, -0.000000000000000000, 1.000000000000000000 ) ) ;
#2573 = ORIENTED_EDGE ( 'NONE', *, *, #1023, .T. ) ;
#2574 = FACE_OUTER_BOUND ( 'NONE', #3424, .T. ) ;
#2575 = ADVANCED_FACE ( 'NONE', ( #2574 ), #3570, .F. ) ;
#2576 = CIRCLE ( 'NONE', #754, 2.499999999999995115 ) ;
#2577 = CARTESIAN_POINT ( 'NONE',  ( 35.00000000000009237, 35.00000000000041922, 20.00000000000000000 ) ) ;
#2578 = EDGE_LOOP ( 'NONE', ( #1416, #2217 ) ) ;
#2579 = DIRECTION ( 'NONE',  ( 0.000000000000000000, 0.000000000000000000, 1.000000000000000000 ) ) ;
#2580 = CARTESIAN_POINT ( 'NONE',  ( -50.00000000000110134, 25.00000000000011724, 20.00000000000000000 ) ) ;
#2581 = CARTESIAN_POINT ( 'NONE',  ( 59.99999999999995737, -45.00000000000007816, -0.001000000000001000089 ) ) ;
#2582 = PLANE ( 'NONE',  #1124 ) ;
#2583 = EDGE_LOOP ( 'NONE', ( #3020, #2821, #2931, #1123 ) ) ;
#2584 = DIRECTION ( 'NONE',  ( -0.000000000000000000, -0.000000000000000000, 1.000000000000000000 ) ) ;
#2585 = ADVANCED_FACE ( 'NONE', ( #689 ), #1693, .F. ) ;
#2586 = EDGE_CURVE ( 'NONE', #549, #3886, #2016, .T. ) ;
#2587 = EDGE_LOOP ( 'NONE', ( #1390, #3378 ) ) ;
#2588 = ORIENTED_EDGE ( 'NONE', *, *, #2843, .F. ) ;
#2589 = CARTESIAN_POINT ( 'NONE',  ( -57.50000000000110845, -24.99999999999998934, 20.00000000000000000 ) ) ;
#2590 = DIRECTION ( 'NONE',  ( -0.000000000000000000, -0.000000000000000000, 1.000000000000000000 ) ) ;
#2591 = FACE_BOUND ( 'NONE', #2867, .T. ) ;
#2592 = EDGE_CURVE ( 'NONE', #2921, #3937, #515, .T. ) ;
#2593 = AXIS2_PLACEMENT_3D ( 'NONE', #557, #1195, #3750 ) ;
#2594 = ORIENTED_EDGE ( 'NONE', *, *, #2263, .T. ) ;
#2595 = DIRECTION ( 'NONE',  ( -1.000000000000000000, 0.000000000000000000, 0.000000000000000000 ) ) ;
#2596 = ORIENTED_EDGE ( 'NONE', *, *, #1712, .F. ) ;
#2597 = CARTESIAN_POINT ( 'NONE',  ( 35.00000000000009237, 35.00000000000041922, 0.000000000000000000 ) ) ;
#2598 = AXIS2_PLACEMENT_3D ( 'NONE', #1696, #1609, #1947 ) ;
#2599 = EDGE_CURVE ( 'NONE', #55, #1978, #2476, .T. ) ;
#2600 = CARTESIAN_POINT ( 'NONE',  ( 42.49999999999985079, 35.00000000000024869, 20.00000000000000000 ) ) ;
#2601 = CIRCLE ( 'NONE', #4008, 41.50000000000000000 ) ;
#2602 = EDGE_LOOP ( 'NONE', ( #1502, #2951 ) ) ;
#2603 = ADVANCED_FACE ( 'NONE', ( #35 ), #2894, .F. ) ;
#2604 = CARTESIAN_POINT ( 'NONE',  ( -49.99999999999995737, -45.00000000000017764, -0.001000000000001000089 ) ) ;
#2605 = DIRECTION ( 'NONE',  ( -0.000000000000000000, -0.000000000000000000, 1.000000000000000000 ) ) ;
#2606 = DIRECTION ( 'NONE',  ( -0.000000000000000000, -0.000000000000000000, 1.000000000000000000 ) ) ;
#2607 = VECTOR ( 'NONE', #172, 1000.000000000000000 ) ;
#2608 = FACE_BOUND ( 'NONE', #2936, .T. ) ;
#2609 = ORIENTED_EDGE ( 'NONE', *, *, #2742, .F. ) ;
#2610 = AXIS2_PLACEMENT_3D ( 'NONE', #3992, #3907, #1028 ) ;
#2611 = CARTESIAN_POINT ( 'NONE',  ( 35.00000000000009237, 35.00000000000041922, 20.00000000000000000 ) ) ;
#2612 = EDGE_CURVE ( 'NONE', #2999, #2323, #656, .T. ) ;
#2613 = EDGE_CURVE ( 'NONE', #1443, #1376, #2883, .T. ) ;
#2614 = ADVANCED_FACE ( 'NONE', ( #1988 ), #3887, .F. ) ;
#2615 = ORIENTED_EDGE ( 'NONE', *, *, #192, .F. ) ;
#2616 = VERTEX_POINT ( 'NONE', #300 ) ;
#2617 = AXIS2_PLACEMENT_3D ( 'NONE', #3474, #2842, #3768 ) ;
#2618 = FACE_OUTER_BOUND ( 'NONE', #812, .T. ) ;
#2619 = CARTESIAN_POINT ( 'NONE',  ( -40.00000000000007816, -45.00000000000031974, -0.001000000000001000089 ) ) ;
#2620 = DIRECTION ( 'NONE',  ( -0.000000000000000000, -0.000000000000000000, 1.000000000000000000 ) ) ;
#2621 = AXIS2_PLACEMENT_3D ( 'NONE', #3068, #3684, #3372 ) ;
#2622 = AXIS2_PLACEMENT_3D ( 'NONE', #926, #2810, #609 ) ;
#2623 = ORIENTED_EDGE ( 'NONE', *, *, #1664, .T. ) ;
#2624 = CARTESIAN_POINT ( 'NONE',  ( -34.18354270291755626, 14.15928699750846853, 14.00000000000000000 ) ) ;
#2625 = ORIENTED_EDGE ( 'NONE', *, *, #3174, .T. ) ;
#2626 = DIRECTION ( 'NONE',  ( 0.000000000000000000, 0.000000000000000000, 1.000000000000000000 ) ) ;
#2627 = CIRCLE ( 'NONE', #3490, 1.700000000000000178 ) ;
#2628 = CARTESIAN_POINT ( 'NONE',  ( 62.50000000000184741, -45.00000000000007816, 0.000000000000000000 ) ) ;
#2629 = ORIENTED_EDGE ( 'NONE', *, *, #1859, .T. ) ;
#2630 = FACE_OUTER_BOUND ( 'NONE', #2316, .T. ) ;
#2631 = CARTESIAN_POINT ( 'NONE',  ( 57.50000000000201794, -35.00000000000014211, -0.001000000000001000089 ) ) ;
#2632 = CIRCLE ( 'NONE', #2086, 2.500000000000772271 ) ;
#2633 = DIRECTION ( 'NONE',  ( -0.000000000000000000, -0.000000000000000000, 1.000000000000000000 ) ) ;
#2634 = FACE_BOUND ( 'NONE', #2435, .T. ) ;
#2635 = ORIENTED_EDGE ( 'NONE', *, *, #3031, .F. ) ;
#2636 = CARTESIAN_POINT ( 'NONE',  ( -57.50000000000071054, -45.00000000000007816, 0.000000000000000000 ) ) ;
#2637 = ORIENTED_EDGE ( 'NONE', *, *, #2304, .T. ) ;
#2638 = EDGE_LOOP ( 'NONE', ( #435, #1887 ) ) ;
#2639 = DIRECTION ( 'NONE',  ( -1.000000000000000000, 0.000000000000000000, 0.000000000000000000 ) ) ;
#2640 = DIRECTION ( 'NONE',  ( 1.000000000000000000, 0.000000000000000000, 0.000000000000000000 ) ) ;
#2641 = CARTESIAN_POINT ( 'NONE',  ( -35.00000000000009237, -35.00000000000041922, 20.00000000000000000 ) ) ;
#2642 = ORIENTED_EDGE ( 'NONE', *, *, #3735, .F. ) ;
#2643 = CARTESIAN_POINT ( 'NONE',  ( 27.49999999999965539, -45.00000000000038369, 20.00000000000000000 ) ) ;
#2644 = ORIENTED_EDGE ( 'NONE', *, *, #262, .F. ) ;
#2645 = CARTESIAN_POINT ( 'NONE',  ( 57.50000000000101608, 15.00000000000004441, 20.00000000000000000 ) ) ;
#2646 = EDGE_CURVE ( 'NONE', #1572, #2407, #3522, .T. ) ;
#2647 = DIRECTION ( 'NONE',  ( 1.000000000000000000, 0.000000000000000000, 0.000000000000000000 ) ) ;
#2648 = EDGE_LOOP ( 'NONE', ( #3059, #1047, #3712, #303 ) ) ;
#2649 = LINE ( 'NONE', #2356, #2526 ) ;
#2650 = CARTESIAN_POINT ( 'NONE',  ( 59.99999999999995737, -45.00000000000007816, -0.001000000000001000089 ) ) ;
#2651 = CARTESIAN_POINT ( 'NONE',  ( -59.99999999999995737, -45.00000000000007816, -0.001000000000001000089 ) ) ;
#2652 = FACE_OUTER_BOUND ( 'NONE', #2777, .T. ) ;
#2653 = CIRCLE ( 'NONE', #3519, 2.500000000000015987 ) ;
#2654 = VERTEX_POINT ( 'NONE', #2645 ) ;
#2655 = VERTEX_POINT ( 'NONE', #941 ) ;
#2656 = EDGE_CURVE ( 'NONE', #787, #2679, #1374, .T. ) ;
#2657 = ORIENTED_EDGE ( 'NONE', *, *, #789, .F. ) ;
#2658 = EDGE_CURVE ( 'NONE', #1870, #4184, #3560, .T. ) ;
#2659 = DIRECTION ( 'NONE',  ( -0.000000000000000000, -0.000000000000000000, 1.000000000000000000 ) ) ;
#2660 = LINE ( 'NONE', #3631, #2414 ) ;
#2661 = CYLINDRICAL_SURFACE ( 'NONE', #1247, 2.499999999999904965 ) ;
#2662 = VERTEX_POINT ( 'NONE', #3934 ) ;
#2663 = CARTESIAN_POINT ( 'NONE',  ( -47.50000000000070344, -45.00000000000017764, 0.000000000000000000 ) ) ;
#2664 = ORIENTED_EDGE ( 'NONE', *, *, #3987, .F. ) ;
#2665 = LINE ( 'NONE', #179, #3157 ) ;
#2666 = VECTOR ( 'NONE', #819, 1000.000000000000000 ) ;
#2667 = CARTESIAN_POINT ( 'NONE',  ( 30.00000000000019185, -45.00000000000038369, 0.000000000000000000 ) ) ;
#2668 = EDGE_CURVE ( 'NONE', #1753, #544, #2283, .T. ) ;
#2669 = ORIENTED_EDGE ( 'NONE', *, *, #2041, .F. ) ;
#2670 = AXIS2_PLACEMENT_3D ( 'NONE', #1769, #2432, #813 ) ;
#2671 = LINE ( 'NONE', #1969, #2789 ) ;
#2672 = DIRECTION ( 'NONE',  ( 1.000000000000000000, 0.000000000000000000, 0.000000000000000000 ) ) ;
#2673 = DIRECTION ( 'NONE',  ( 1.000000000000000000, 0.000000000000000000, 0.000000000000000000 ) ) ;
#2674 = VECTOR ( 'NONE', #3128, 1000.000000000000000 ) ;
#2675 = EDGE_CURVE ( 'NONE', #214, #3846, #3699, .T. ) ;
#2676 = DIRECTION ( 'NONE',  ( -1.000000000000000000, 0.000000000000000000, 0.000000000000000000 ) ) ;
#2677 = ORIENTED_EDGE ( 'NONE', *, *, #1782, .F. ) ;
#2678 = CIRCLE ( 'NONE', #292, 2.499999999998135713 ) ;
#2679 = VERTEX_POINT ( 'NONE', #3914 ) ;
#2680 = EDGE_LOOP ( 'NONE', ( #2745, #2686, #2498, #2564 ) ) ;
#2681 = CARTESIAN_POINT ( 'NONE',  ( -57.50000000000071054, -45.00000000000007816, 20.00000000000000000 ) ) ;
#2682 = FACE_OUTER_BOUND ( 'NONE', #3942, .T. ) ;
#2683 = AXIS2_PLACEMENT_3D ( 'NONE', #2191, #4051, #2170 ) ;
#2684 = VERTEX_POINT ( 'NONE', #711 ) ;
#2685 = DIRECTION ( 'NONE',  ( 0.000000000000000000, 0.000000000000000000, 1.000000000000000000 ) ) ;
#2686 = ORIENTED_EDGE ( 'NONE', *, *, #3525, .F. ) ;
#2687 = CARTESIAN_POINT ( 'NONE',  ( 57.49999999999806732, -45.00000000000007816, 0.000000000000000000 ) ) ;
#2688 = AXIS2_PLACEMENT_3D ( 'NONE', #3278, #3892, #1676 ) ;
#2689 = DIRECTION ( 'NONE',  ( -0.000000000000000000, -0.000000000000000000, -1.000000000000000000 ) ) ;
#2690 = CIRCLE ( 'NONE', #2473, 2.500000000000015987 ) ;
#2691 = ORIENTED_EDGE ( 'NONE', *, *, #2533, .T. ) ;
#2692 = AXIS2_PLACEMENT_3D ( 'NONE', #3298, #2626, #3614 ) ;
#2693 = DIRECTION ( 'NONE',  ( 1.000000000000000000, 0.000000000000000000, 0.000000000000000000 ) ) ;
#2694 = DIRECTION ( 'NONE',  ( -0.000000000000000000, -0.000000000000000000, 1.000000000000000000 ) ) ;
#2695 = DIRECTION ( 'NONE',  ( 1.000000000000000000, 0.000000000000000000, 0.000000000000000000 ) ) ;
#2696 = EDGE_CURVE ( 'NONE', #3047, #2092, #4185, .T. ) ;
#2697 = AXIS2_PLACEMENT_3D ( 'NONE', #3954, #3571, #1733 ) ;
#2698 = DIRECTION ( 'NONE',  ( 1.000000000000000000, 0.000000000000000000, 0.000000000000000000 ) ) ;
#2699 = DIRECTION ( 'NONE',  ( 1.000000000000000000, 0.000000000000000000, 0.000000000000000000 ) ) ;
#2700 = AXIS2_PLACEMENT_3D ( 'NONE', #2203, #3467, #548 ) ;
#2701 = VERTEX_POINT ( 'NONE', #416 ) ;
#2702 = ORIENTED_EDGE ( 'NONE', *, *, #763, .T. ) ;
#2703 = FACE_OUTER_BOUND ( 'NONE', #3788, .T. ) ;
#2704 = DIRECTION ( 'NONE',  ( -0.000000000000000000, -0.000000000000000000, -1.000000000000000000 ) ) ;
#2705 = ORIENTED_EDGE ( 'NONE', *, *, #4038, .F. ) ;
#2706 = CARTESIAN_POINT ( 'NONE',  ( 32.49999999999955236, -35.00000000000041922, -0.001000000000001000089 ) ) ;
#2707 = EDGE_LOOP ( 'NONE', ( #884, #2782, #2375, #3798 ) ) ;
#2708 = LINE ( 'NONE', #1095, #1264 ) ;
#2709 = ORIENTED_EDGE ( 'NONE', *, *, #1101, .T. ) ;
#2710 = DIRECTION ( 'NONE',  ( -1.000000000000000000, 0.000000000000000000, 0.000000000000000000 ) ) ;
#2711 = DIRECTION ( 'NONE',  ( -0.000000000000000000, -0.000000000000000000, 1.000000000000000000 ) ) ;
#2712 = EDGE_CURVE ( 'NONE', #1561, #2033, #3975, .T. ) ;
#2713 = ADVANCED_FACE ( 'NONE', ( #737 ), #2348, .F. ) ;
#2714 = DIRECTION ( 'NONE',  ( -0.000000000000000000, -0.000000000000000000, 1.000000000000000000 ) ) ;
#2715 = DIRECTION ( 'NONE',  ( 1.000000000000000000, 0.000000000000000000, 0.000000000000000000 ) ) ;
#2716 = ORIENTED_EDGE ( 'NONE', *, *, #2843, .T. ) ;
#2717 = EDGE_CURVE ( 'NONE', #3227, #2015, #3996, .T. ) ;
#2718 = ORIENTED_EDGE ( 'NONE', *, *, #404, .T. ) ;
#2719 = DIRECTION ( 'NONE',  ( 1.000000000000000000, 0.000000000000000000, 0.000000000000000000 ) ) ;
#2720 = DIRECTION ( 'NONE',  ( -1.000000000000000000, 0.000000000000000000, 0.000000000000000000 ) ) ;
#2721 = EDGE_CURVE ( 'NONE', #3641, #67, #3678, .T. ) ;
#2722 = AXIS2_PLACEMENT_3D ( 'NONE', #2492, #3779, #1221 ) ;
#2723 = VERTEX_POINT ( 'NONE', #3637 ) ;
#2724 = CARTESIAN_POINT ( 'NONE',  ( 52.50000000000180478, -45.00000000000017764, 20.00000000000000000 ) ) ;
#2725 = VERTEX_POINT ( 'NONE', #3076 ) ;
#2726 = CYLINDRICAL_SURFACE ( 'NONE', #726, 1.699999999999998401 ) ;
#2727 = EDGE_CURVE ( 'NONE', #3186, #663, #2545, .T. ) ;
#2728 = ORIENTED_EDGE ( 'NONE', *, *, #3036, .T. ) ;
#2729 = DIRECTION ( 'NONE',  ( 0.000000000000000000, 0.000000000000000000, 1.000000000000000000 ) ) ;
#2730 = DIRECTION ( 'NONE',  ( -0.000000000000000000, -0.000000000000000000, 1.000000000000000000 ) ) ;
#2731 = EDGE_CURVE ( 'NONE', #4020, #3440, #1417, .T. ) ;
#2732 = ADVANCED_FACE ( 'NONE', ( #1710 ), #3362, .F. ) ;
#2733 = AXIS2_PLACEMENT_3D ( 'NONE', #1152, #2729, #2376 ) ;
#2734 = DIRECTION ( 'NONE',  ( 1.000000000000000000, 0.000000000000000000, 0.000000000000000000 ) ) ;
#2735 = FACE_OUTER_BOUND ( 'NONE', #26, .T. ) ;
#2736 = AXIS2_PLACEMENT_3D ( 'NONE', #1312, #2579, #400 ) ;
#2737 = EDGE_LOOP ( 'NONE', ( #3133, #1991, #3203, #1500 ) ) ;
#2738 = CIRCLE ( 'NONE', #3131, 2.500000000001195488 ) ;
#2739 = EDGE_LOOP ( 'NONE', ( #3818, #3328, #4106, #634 ) ) ;
#2740 = DIRECTION ( 'NONE',  ( -0.000000000000000000, -0.000000000000000000, 1.000000000000000000 ) ) ;
#2741 = DIRECTION ( 'NONE',  ( 0.000000000000000000, 0.000000000000000000, 1.000000000000000000 ) ) ;
#2742 = EDGE_CURVE ( 'NONE', #1005, #4184, #2373, .T. ) ;
#2743 = EDGE_CURVE ( 'NONE', #3229, #358, #1393, .T. ) ;
#2744 = EDGE_LOOP ( 'NONE', ( #1600, #2157, #3884, #1043 ) ) ;
#2745 = ORIENTED_EDGE ( 'NONE', *, *, #174, .F. ) ;
#2746 = CARTESIAN_POINT ( 'NONE',  ( 67.50000000000000000, -50.00000000000000711, 0.000000000000000000 ) ) ;
#2747 = VERTEX_POINT ( 'NONE', #2687 ) ;
#2748 = CARTESIAN_POINT ( 'NONE',  ( 52.50000000000102318, 15.00000000000004441, 0.000000000000000000 ) ) ;
#2749 = DIRECTION ( 'NONE',  ( 1.000000000000000000, 0.000000000000000000, 0.000000000000000000 ) ) ;
#2750 = AXIS2_PLACEMENT_3D ( 'NONE', #930, #3154, #1273 ) ;
#2751 = AXIS2_PLACEMENT_3D ( 'NONE', #3527, #2223, #3212 ) ;
#2752 = DIRECTION ( 'NONE',  ( -0.000000000000000000, -0.000000000000000000, 1.000000000000000000 ) ) ;
#2753 = CARTESIAN_POINT ( 'NONE',  ( -14.15928699750812925, 34.18354270291769126, 14.00000000000000000 ) ) ;
#2754 = CIRCLE ( 'NONE', #3299, 2.499999999999253042 ) ;
#2755 = AXIS2_PLACEMENT_3D ( 'NONE', #621, #1030, #644 ) ;
#2756 = VERTEX_POINT ( 'NONE', #3657 ) ;
#2757 = EDGE_LOOP ( 'NONE', ( #78, #710 ) ) ;
#2758 = CARTESIAN_POINT ( 'NONE',  ( 0.000000000000000000, 0.000000000000000000, 14.00000000000000000 ) ) ;
#2759 = DIRECTION ( 'NONE',  ( 0.000000000000000000, 0.000000000000000000, 1.000000000000000000 ) ) ;
#2760 = CIRCLE ( 'NONE', #61, 2.500000000000522693 ) ;
#2761 = VERTEX_POINT ( 'NONE', #2054 ) ;
#2762 = ORIENTED_EDGE ( 'NONE', *, *, #3461, .F. ) ;
#2763 = DIRECTION ( 'NONE',  ( -1.000000000000000000, 0.000000000000000000, 0.000000000000000000 ) ) ;
#2764 = FACE_BOUND ( 'NONE', #4095, .T. ) ;
#2765 = CARTESIAN_POINT ( 'NONE',  ( -57.50000000000131450, 15.00000000000004441, 0.000000000000000000 ) ) ;
#2766 = ORIENTED_EDGE ( 'NONE', *, *, #2742, .T. ) ;
#2767 = CARTESIAN_POINT ( 'NONE',  ( 49.99999999999995737, 45.00000000000017764, -0.001000000000001000089 ) ) ;
#2768 = EDGE_CURVE ( 'NONE', #1533, #1946, #3300, .T. ) ;
#2769 = DIRECTION ( 'NONE',  ( -0.000000000000000000, -0.000000000000000000, 1.000000000000000000 ) ) ;
#2770 = CYLINDRICAL_SURFACE ( 'NONE', #1434, 1.700000000000000178 ) ;
#2771 = EDGE_LOOP ( 'NONE', ( #2677, #931, #577, #2762 ) ) ;
#2772 = EDGE_LOOP ( 'NONE', ( #2345, #9, #72, #1249 ) ) ;
#2773 = CARTESIAN_POINT ( 'NONE',  ( 35.88354270291765857, -14.15928699750821984, 14.00000000000000000 ) ) ;
#2774 = CYLINDRICAL_SURFACE ( 'NONE', #3813, 1.700000000000000178 ) ;
#2775 = EDGE_CURVE ( 'NONE', #1360, #4111, #2665, .T. ) ;
#2776 = EDGE_CURVE ( 'NONE', #4193, #1686, #2708, .T. ) ;
#2777 = EDGE_LOOP ( 'NONE', ( #890, #1319, #3070, #370 ) ) ;
#2778 = ORIENTED_EDGE ( 'NONE', *, *, #3346, .T. ) ;
#2779 = CARTESIAN_POINT ( 'NONE',  ( -40.00000000000007816, 45.00000000000031974, -0.001000000000001000089 ) ) ;
#2780 = AXIS2_PLACEMENT_3D ( 'NONE', #3237, #3552, #694 ) ;
#2781 = FACE_BOUND ( 'NONE', #2010, .T. ) ;
#2782 = ORIENTED_EDGE ( 'NONE', *, *, #2775, .F. ) ;
#2783 = CARTESIAN_POINT ( 'NONE',  ( -67.50000000000000000, -50.00000000000000711, 20.00000000000000000 ) ) ;
#2784 = EDGE_CURVE ( 'NONE', #1633, #864, #920, .T. ) ;
#2785 = DIRECTION ( 'NONE',  ( 1.000000000000000000, 0.000000000000000000, 0.000000000000000000 ) ) ;
#2786 = ADVANCED_FACE ( 'NONE', ( #1754 ), #3380, .F. ) ;
#2787 = CARTESIAN_POINT ( 'NONE',  ( 14.15928699750835840, -34.18354270291759889, 0.000000000000000000 ) ) ;
#2788 = LINE ( 'NONE', #4073, #2381 ) ;
#2789 = VECTOR ( 'NONE', #3277, 1000.000000000000000 ) ;
#2790 = AXIS2_PLACEMENT_3D ( 'NONE', #190, #4023, #1528 ) ;
#2791 = VERTEX_POINT ( 'NONE', #157 ) ;
#2792 = DIRECTION ( 'NONE',  ( -0.000000000000000000, -0.000000000000000000, 1.000000000000000000 ) ) ;
#2793 = ORIENTED_EDGE ( 'NONE', *, *, #1593, .T. ) ;
#2794 = CARTESIAN_POINT ( 'NONE',  ( 42.50000000000044764, -15.00000000000017231, -0.001000000000001000089 ) ) ;
#2795 = VECTOR ( 'NONE', #1267, 1000.000000000000000 ) ;
#2796 = DIRECTION ( 'NONE',  ( 1.000000000000000000, 0.000000000000000000, 0.000000000000000000 ) ) ;
#2797 = VECTOR ( 'NONE', #2340, 1000.000000000000000 ) ;
#2798 = VERTEX_POINT ( 'NONE', #1450 ) ;
#2799 = ORIENTED_EDGE ( 'NONE', *, *, #3034, .F. ) ;
#2800 = DIRECTION ( 'NONE',  ( 1.000000000000000000, 0.000000000000000000, 0.000000000000000000 ) ) ;
#2801 = DIRECTION ( 'NONE',  ( 0.000000000000000000, 0.000000000000000000, 1.000000000000000000 ) ) ;
#2802 = AXIS2_PLACEMENT_3D ( 'NONE', #2497, #3810, #251 ) ;
#2803 = ORIENTED_EDGE ( 'NONE', *, *, #516, .F. ) ;
#2804 = LINE ( 'NONE', #3118, #2270 ) ;
#2805 = VERTEX_POINT ( 'NONE', #140 ) ;
#2806 = DIRECTION ( 'NONE',  ( -1.000000000000000000, 0.000000000000000000, 0.000000000000000000 ) ) ;
#2807 = CIRCLE ( 'NONE', #781, 2.499999999998135713 ) ;
#2808 = AXIS2_PLACEMENT_3D ( 'NONE', #2779, #572, #2800 ) ;
#2809 = CARTESIAN_POINT ( 'NONE',  ( -67.50000000000000000, 49.99999999999999289, 0.000000000000000000 ) ) ;
#2810 = DIRECTION ( 'NONE',  ( 0.000000000000000000, 0.000000000000000000, 1.000000000000000000 ) ) ;
#2811 = CARTESIAN_POINT ( 'NONE',  ( -44.99999999999997158, 35.00000000000024869, 0.000000000000000000 ) ) ;
#2812 = CIRCLE ( 'NONE', #2750, 2.500000000000002220 ) ;
#2813 = AXIS2_PLACEMENT_3D ( 'NONE', #1313, #1994, #2357 ) ;
#2814 = ORIENTED_EDGE ( 'NONE', *, *, #2743, .F. ) ;
#2815 = FACE_BOUND ( 'NONE', #2427, .T. ) ;
#2816 = CIRCLE ( 'NONE', #2544, 2.499999999999460876 ) ;
#2817 = ORIENTED_EDGE ( 'NONE', *, *, #1996, .T. ) ;
#2818 = CYLINDRICAL_SURFACE ( 'NONE', #3838, 2.500000000000002220 ) ;
#2819 = VERTEX_POINT ( 'NONE', #2746 ) ;
#2820 = VECTOR ( 'NONE', #1584, 1000.000000000000000 ) ;
#2821 = ORIENTED_EDGE ( 'NONE', *, *, #1983, .T. ) ;
#2822 = DIRECTION ( 'NONE',  ( 1.000000000000000000, 0.000000000000000000, 0.000000000000000000 ) ) ;
#2823 = DIRECTION ( 'NONE',  ( 0.000000000000000000, 0.000000000000000000, 1.000000000000000000 ) ) ;
#2824 = DIRECTION ( 'NONE',  ( -0.000000000000000000, -0.000000000000000000, 1.000000000000000000 ) ) ;
#2825 = EDGE_LOOP ( 'NONE', ( #3743, #2083, #645, #736 ) ) ;
#2826 = CARTESIAN_POINT ( 'NONE',  ( 67.50000000000000000, -50.00000000000000711, 0.000000000000000000 ) ) ;
#2827 = VERTEX_POINT ( 'NONE', #1433 ) ;
#2828 = CARTESIAN_POINT ( 'NONE',  ( -49.99999999999995737, -45.00000000000017764, -0.001000000000001000089 ) ) ;
#2829 = LINE ( 'NONE', #3170, #2820 ) ;
#2830 = ADVANCED_FACE ( 'NONE', ( #4029 ), #2726, .F. ) ;
#2831 = EDGE_CURVE ( 'NONE', #2840, #281, #3085, .T. ) ;
#2832 = DIRECTION ( 'NONE',  ( -0.000000000000000000, -0.000000000000000000, -1.000000000000000000 ) ) ;
#2833 = CARTESIAN_POINT ( 'NONE',  ( -47.49999999999878497, 35.00000000000024869, 0.000000000000000000 ) ) ;
#2834 = FACE_OUTER_BOUND ( 'NONE', #809, .T. ) ;
#2835 = LINE ( 'NONE', #2156, #240 ) ;
#2836 = EDGE_LOOP ( 'NONE', ( #2293, #40, #3098, #2163 ) ) ;
#2837 = DIRECTION ( 'NONE',  ( 0.000000000000000000, 0.000000000000000000, 1.000000000000000000 ) ) ;
#2838 = ADVANCED_FACE ( 'NONE', ( #4114 ), #2165, .F. ) ;
#2839 = EDGE_LOOP ( 'NONE', ( #3513, #3394, #1301, #1618 ) ) ;
#2840 = VERTEX_POINT ( 'NONE', #215 ) ;
#2841 = DIRECTION ( 'NONE',  ( -0.000000000000000000, -0.000000000000000000, 1.000000000000000000 ) ) ;
#2842 = DIRECTION ( 'NONE',  ( -0.000000000000000000, -0.000000000000000000, 1.000000000000000000 ) ) ;
#2843 = EDGE_CURVE ( 'NONE', #1288, #358, #1801, .T. ) ;
#2844 = FACE_BOUND ( 'NONE', #3926, .T. ) ;
#2845 = ORIENTED_EDGE ( 'NONE', *, *, #1725, .T. ) ;
#2846 = ADVANCED_FACE ( 'NONE', ( #2142 ), #4063, .F. ) ;
#2847 = AXIS2_PLACEMENT_3D ( 'NONE', #2753, #3051, #2715 ) ;
#2848 = FACE_OUTER_BOUND ( 'NONE', #299, .T. ) ;
#2849 = ORIENTED_EDGE ( 'NONE', *, *, #4105, .F. ) ;
#2850 = DIRECTION ( 'NONE',  ( -0.000000000000000000, -0.000000000000000000, 1.000000000000000000 ) ) ;
#2851 = DIRECTION ( 'NONE',  ( -0.000000000000000000, -0.000000000000000000, 1.000000000000000000 ) ) ;
#2852 = DIRECTION ( 'NONE',  ( -0.000000000000000000, -0.000000000000000000, 1.000000000000000000 ) ) ;
#2853 = CYLINDRICAL_SURFACE ( 'NONE', #383, 1.700000000000001954 ) ;
#2854 = DIRECTION ( 'NONE',  ( -0.000000000000000000, -0.000000000000000000, 1.000000000000000000 ) ) ;
#2855 = CARTESIAN_POINT ( 'NONE',  ( -42.50000000000044054, 15.00000000000018296, -0.001000000000001000089 ) ) ;
#2856 = EDGE_LOOP ( 'NONE', ( #1106, #2860, #1979, #3692 ) ) ;
#2857 = CARTESIAN_POINT ( 'NONE',  ( -42.50000000000007816, -35.00000000000024869, 20.00000000000000000 ) ) ;
#2858 = CIRCLE ( 'NONE', #3608, 2.500000000001847855 ) ;
#2859 = ORIENTED_EDGE ( 'NONE', *, *, #3204, .T. ) ;
#2860 = ORIENTED_EDGE ( 'NONE', *, *, #2776, .T. ) ;
#2861 = CARTESIAN_POINT ( 'NONE',  ( -32.49999999999954525, -35.00000000000041922, 0.000000000000000000 ) ) ;
#2862 = DIRECTION ( 'NONE',  ( -0.000000000000000000, -0.000000000000000000, 1.000000000000000000 ) ) ;
#2863 = CARTESIAN_POINT ( 'NONE',  ( 52.50000000000071765, 45.00000000000017764, -0.001000000000001000089 ) ) ;
#2864 = EDGE_CURVE ( 'NONE', #1423, #3961, #601, .T. ) ;
#2865 = EDGE_LOOP ( 'NONE', ( #679, #622, #468, #963 ) ) ;
#2866 = DIRECTION ( 'NONE',  ( 1.000000000000000000, 0.000000000000000000, 0.000000000000000000 ) ) ;
#2867 = EDGE_LOOP ( 'NONE', ( #1236, #1186 ) ) ;
#2868 = DIRECTION ( 'NONE',  ( -1.000000000000000000, 0.000000000000000000, 0.000000000000000000 ) ) ;
#2869 = CIRCLE ( 'NONE', #3803, 2.500000000000772271 ) ;
#2870 = CIRCLE ( 'NONE', #4083, 2.499999999999523492 ) ;
#2871 = CARTESIAN_POINT ( 'NONE',  ( 14.15928699750810438, 34.18354270291769836, 14.00000000000000000 ) ) ;
#2872 = LINE ( 'NONE', #284, #3025 ) ;
#2873 = CYLINDRICAL_SURFACE ( 'NONE', #1126, 2.500000000000113243 ) ;
#2874 = CARTESIAN_POINT ( 'NONE',  ( -50.00000000000109424, -25.00000000000013145, 20.00000000000000000 ) ) ;
#2875 = AXIS2_PLACEMENT_3D ( 'NONE', #1621, #913, #4115 ) ;
#2876 = AXIS2_PLACEMENT_3D ( 'NONE', #3816, #2209, #3498 ) ;
#2877 = CYLINDRICAL_SURFACE ( 'NONE', #1263, 2.500000000000550227 ) ;
#2878 = ORIENTED_EDGE ( 'NONE', *, *, #662, .F. ) ;
#2879 = DIRECTION ( 'NONE',  ( -0.000000000000000000, -0.000000000000000000, 1.000000000000000000 ) ) ;
#2880 = CARTESIAN_POINT ( 'NONE',  ( 14.15928699750835840, -34.18354270291759889, 0.000000000000000000 ) ) ;
#2881 = AXIS2_PLACEMENT_3D ( 'NONE', #2288, #2605, #401 ) ;
#2882 = AXIS2_PLACEMENT_3D ( 'NONE', #1439, #1103, #1403 ) ;
#2883 = CIRCLE ( 'NONE', #3220, 2.500000000000765610 ) ;
#2884 = ORIENTED_EDGE ( 'NONE', *, *, #1418, .F. ) ;
#2885 = EDGE_LOOP ( 'NONE', ( #1472, #3986 ) ) ;
#2886 = EDGE_CURVE ( 'NONE', #3814, #1259, #2021, .T. ) ;
#2887 = CYLINDRICAL_SURFACE ( 'NONE', #165, 2.500000000002160050 ) ;
#2888 = CARTESIAN_POINT ( 'NONE',  ( 34.18354270291765573, -14.15928699750821984, 0.000000000000000000 ) ) ;
#2889 = FACE_BOUND ( 'NONE', #2602, .T. ) ;
#2890 = AXIS2_PLACEMENT_3D ( 'NONE', #1623, #1963, #2866 ) ;
#2891 = EDGE_LOOP ( 'NONE', ( #1405, #4125, #1845, #2056 ) ) ;
#2892 = FACE_OUTER_BOUND ( 'NONE', #1660, .T. ) ;
#2893 = EDGE_LOOP ( 'NONE', ( #2514, #1229 ) ) ;
#2894 = CYLINDRICAL_SURFACE ( 'NONE', #923, 1.699999999999993072 ) ;
#2895 = AXIS2_PLACEMENT_3D ( 'NONE', #3547, #3209, #943 ) ;
#2896 = ADVANCED_FACE ( 'NONE', ( #3448 ), #3411, .F. ) ;
#2897 = CYLINDRICAL_SURFACE ( 'NONE', #3161, 2.500000000001847855 ) ;
#2898 = EDGE_CURVE ( 'NONE', #1020, #1682, #3834, .T. ) ;
#2899 = ORIENTED_EDGE ( 'NONE', *, *, #3988, .T. ) ;
#2900 = DIRECTION ( 'NONE',  ( 1.000000000000000000, 0.000000000000000000, 0.000000000000000000 ) ) ;
#2901 = CARTESIAN_POINT ( 'NONE',  ( 35.00000000000009237, -35.00000000000041922, 20.00000000000000000 ) ) ;
#2902 = FACE_OUTER_BOUND ( 'NONE', #344, .T. ) ;
#2903 = ADVANCED_FACE ( 'NONE', ( #1826 ), #2187, .F. ) ;
#2904 = DIRECTION ( 'NONE',  ( 1.000000000000000000, 0.000000000000000000, 0.000000000000000000 ) ) ;
#2905 = ADVANCED_FACE ( 'NONE', ( #235 ), #3115, .F. ) ;
#2906 = ORIENTED_EDGE ( 'NONE', *, *, #838, .T. ) ;
#2907 = CARTESIAN_POINT ( 'NONE',  ( -47.50000000000044764, 15.00000000000018296, 20.00000000000000000 ) ) ;
#2908 = VERTEX_POINT ( 'NONE', #1232 ) ;
#2909 = ORIENTED_EDGE ( 'NONE', *, *, #3896, .T. ) ;
#2910 = CARTESIAN_POINT ( 'NONE',  ( 37.50000000000063949, -35.00000000000041922, 0.000000000000000000 ) ) ;
#2911 = DIRECTION ( 'NONE',  ( -1.000000000000000000, 0.000000000000000000, 0.000000000000000000 ) ) ;
#2912 = FACE_BOUND ( 'NONE', #3249, .T. ) ;
#2913 = ADVANCED_FACE ( 'NONE', ( #1473 ), #511, .F. ) ;
#2914 = EDGE_CURVE ( 'NONE', #4193, #4007, #3413, .T. ) ;
#2915 = VERTEX_POINT ( 'NONE', #1537 ) ;
#2916 = DIRECTION ( 'NONE',  ( -0.000000000000000000, -0.000000000000000000, 1.000000000000000000 ) ) ;
#2917 = VERTEX_POINT ( 'NONE', #3135 ) ;
#2918 = DIRECTION ( 'NONE',  ( 0.000000000000000000, 0.000000000000000000, 1.000000000000000000 ) ) ;
#2919 = CIRCLE ( 'NONE', #2722, 2.499999999998822720 ) ;
#2920 = DIRECTION ( 'NONE',  ( -1.000000000000000000, 0.000000000000000000, 0.000000000000000000 ) ) ;
#2921 = VERTEX_POINT ( 'NONE', #3099 ) ;
#2922 = DIRECTION ( 'NONE',  ( -0.000000000000000000, -0.000000000000000000, 1.000000000000000000 ) ) ;
#2923 = DIRECTION ( 'NONE',  ( 0.000000000000000000, 0.000000000000000000, 1.000000000000000000 ) ) ;
#2924 = DIRECTION ( 'NONE',  ( -1.000000000000000000, 0.000000000000000000, 0.000000000000000000 ) ) ;
#2925 = CIRCLE ( 'NONE', #4132, 2.500000000001195488 ) ;
#2926 = EDGE_CURVE ( 'NONE', #1866, #5, #2007, .T. ) ;
#2927 = DIRECTION ( 'NONE',  ( 0.000000000000000000, 0.000000000000000000, -1.000000000000000000 ) ) ;
#2928 = ORIENTED_EDGE ( 'NONE', *, *, #457, .F. ) ;
#2929 = DIRECTION ( 'NONE',  ( -1.000000000000000000, 0.000000000000000000, 0.000000000000000000 ) ) ;
#2930 = ORIENTED_EDGE ( 'NONE', *, *, #1289, .F. ) ;
#2931 = ORIENTED_EDGE ( 'NONE', *, *, #2592, .T. ) ;
#2932 = DIRECTION ( 'NONE',  ( -0.000000000000000000, -0.000000000000000000, 1.000000000000000000 ) ) ;
#2933 = CARTESIAN_POINT ( 'NONE',  ( 41.50000000000000000, 0.000000000000000000, 14.00000000000000000 ) ) ;
#2934 = DIRECTION ( 'NONE',  ( -0.000000000000000000, -0.000000000000000000, 1.000000000000000000 ) ) ;
#2935 = CIRCLE ( 'NONE', #558, 31.00000000000000000 ) ;
#2936 = EDGE_LOOP ( 'NONE', ( #1820, #2519 ) ) ;
#2937 = CARTESIAN_POINT ( 'NONE',  ( -47.50000000000044054, -15.00000000000019362, 0.000000000000000000 ) ) ;
#2938 = ORIENTED_EDGE ( 'NONE', *, *, #4186, .F. ) ;
#2939 = DIRECTION ( 'NONE',  ( -0.000000000000000000, -0.000000000000000000, 1.000000000000000000 ) ) ;
#2940 = CIRCLE ( 'NONE', #3466, 2.500000000000002220 ) ;
#2941 = DIRECTION ( 'NONE',  ( -0.000000000000000000, -0.000000000000000000, 1.000000000000000000 ) ) ;
#2942 = ORIENTED_EDGE ( 'NONE', *, *, #1788, .F. ) ;
#2943 = DIRECTION ( 'NONE',  ( 1.000000000000000000, 0.000000000000000000, 0.000000000000000000 ) ) ;
#2944 = DIRECTION ( 'NONE',  ( 0.000000000000000000, 0.000000000000000000, 1.000000000000000000 ) ) ;
#2945 = CARTESIAN_POINT ( 'NONE',  ( -67.50000000000000000, -50.00000000000000711, 0.000000000000000000 ) ) ;
#2946 = DIRECTION ( 'NONE',  ( -1.000000000000000000, 0.000000000000000000, 0.000000000000000000 ) ) ;
#2947 = EDGE_LOOP ( 'NONE', ( #1216, #3247 ) ) ;
#2948 = AXIS2_PLACEMENT_3D ( 'NONE', #848, #3100, #2673 ) ;
#2949 = CYLINDRICAL_SURFACE ( 'NONE', #3495, 41.50000000000000000 ) ;
#2950 = EDGE_CURVE ( 'NONE', #1637, #917, #4164, .T. ) ;
#2951 = ORIENTED_EDGE ( 'NONE', *, *, #3285, .T. ) ;
#2952 = ORIENTED_EDGE ( 'NONE', *, *, #3780, .T. ) ;
#2953 = AXIS2_PLACEMENT_3D ( 'NONE', #3181, #2823, #2763 ) ;
#2954 = DIRECTION ( 'NONE',  ( 0.000000000000000000, 0.000000000000000000, 1.000000000000000000 ) ) ;
#2955 = DIRECTION ( 'NONE',  ( 1.000000000000000000, 0.000000000000000000, 0.000000000000000000 ) ) ;
#2956 = DIRECTION ( 'NONE',  ( -0.000000000000000000, -0.000000000000000000, 1.000000000000000000 ) ) ;
#2957 = VECTOR ( 'NONE', #586, 1000.000000000000000 ) ;
#2958 = AXIS2_PLACEMENT_3D ( 'NONE', #1017, #2261, #1629 ) ;
#2959 = ORIENTED_EDGE ( 'NONE', *, *, #979, .F. ) ;
#2960 = CARTESIAN_POINT ( 'NONE',  ( 52.50000000000180478, -45.00000000000017764, -0.001000000000001000089 ) ) ;
#2961 = EDGE_LOOP ( 'NONE', ( #3422, #4027, #2899, #3178 ) ) ;
#2962 = DIRECTION ( 'NONE',  ( 0.000000000000000000, 0.000000000000000000, 1.000000000000000000 ) ) ;
#2963 = VECTOR ( 'NONE', #3296, 1000.000000000000000 ) ;
#2964 = VECTOR ( 'NONE', #796, 1000.000000000000000 ) ;
#2965 = CIRCLE ( 'NONE', #60, 2.500000000000002220 ) ;
#2966 = DIRECTION ( 'NONE',  ( 1.000000000000000000, 0.000000000000000000, 0.000000000000000000 ) ) ;
#2967 = VERTEX_POINT ( 'NONE', #1148 ) ;
#2968 = DIRECTION ( 'NONE',  ( -0.000000000000000000, -0.000000000000000000, 1.000000000000000000 ) ) ;
#2969 = DIRECTION ( 'NONE',  ( 1.000000000000000000, 0.000000000000000000, 0.000000000000000000 ) ) ;
#2970 = VECTOR ( 'NONE', #3899, 1000.000000000000000 ) ;
#2971 = DIRECTION ( 'NONE',  ( 1.000000000000000000, 0.000000000000000000, 0.000000000000000000 ) ) ;
#2972 = ADVANCED_FACE ( 'NONE', ( #2441 ), #195, .F. ) ;
#2973 = EDGE_CURVE ( 'NONE', #1682, #1020, #992, .T. ) ;
#2974 = FACE_BOUND ( 'NONE', #1525, .T. ) ;
#2975 = VERTEX_POINT ( 'NONE', #295 ) ;
#2976 = ORIENTED_EDGE ( 'NONE', *, *, #1096, .F. ) ;
#2977 = VERTEX_POINT ( 'NONE', #275 ) ;
#2978 = DIRECTION ( 'NONE',  ( -1.000000000000000000, 0.000000000000000000, 0.000000000000000000 ) ) ;
#2979 = DIRECTION ( 'NONE',  ( -0.000000000000000000, -0.000000000000000000, 1.000000000000000000 ) ) ;
#2980 = LINE ( 'NONE', #1324, #3625 ) ;
#2981 = EDGE_CURVE ( 'NONE', #311, #2917, #2539, .T. ) ;
#2982 = VERTEX_POINT ( 'NONE', #684 ) ;
#2983 = EDGE_CURVE ( 'NONE', #3858, #4161, #3516, .T. ) ;
#2984 = CARTESIAN_POINT ( 'NONE',  ( 54.99999999999985789, -35.00000000000014211, 0.000000000000000000 ) ) ;
#2985 = ORIENTED_EDGE ( 'NONE', *, *, #2599, .F. ) ;
#2986 = CARTESIAN_POINT ( 'NONE',  ( -55.00000000000102318, 15.00000000000004441, 20.00000000000000000 ) ) ;
#2987 = CARTESIAN_POINT ( 'NONE',  ( -45.00000000000044054, 15.00000000000018296, -0.001000000000001000089 ) ) ;
#2988 = ORIENTED_EDGE ( 'NONE', *, *, #953, .T. ) ;
#2989 = DIRECTION ( 'NONE',  ( -0.000000000000000000, -0.000000000000000000, 1.000000000000000000 ) ) ;
#2990 = DIRECTION ( 'NONE',  ( -0.000000000000000000, -0.000000000000000000, 1.000000000000000000 ) ) ;
#2991 = CARTESIAN_POINT ( 'NONE',  ( -52.50000000000071765, -15.00000000000005862, -0.001000000000001000089 ) ) ;
#2992 = FACE_BOUND ( 'NONE', #4195, .T. ) ;
#2993 = AXIS2_PLACEMENT_3D ( 'NONE', #522, #928, #2152 ) ;
#2994 = VERTEX_POINT ( 'NONE', #1323 ) ;
#2995 = ORIENTED_EDGE ( 'NONE', *, *, #697, .F. ) ;
#2996 = EDGE_LOOP ( 'NONE', ( #273, #3429 ) ) ;
#2997 = CARTESIAN_POINT ( 'NONE',  ( -47.50000000000044054, -15.00000000000019362, 20.00000000000000000 ) ) ;
#2998 = CARTESIAN_POINT ( 'NONE',  ( 32.49999999999968736, 45.00000000000038369, 20.00000000000000000 ) ) ;
#2999 = VERTEX_POINT ( 'NONE', #1350 ) ;
#3000 = CARTESIAN_POINT ( 'NONE',  ( 50.00000000000110845, -25.00000000000010303, 20.00000000000000000 ) ) ;
#3001 = ORIENTED_EDGE ( 'NONE', *, *, #3933, .T. ) ;
#3002 = ADVANCED_FACE ( 'NONE', ( #704 ), #28, .F. ) ;
#3003 = DIRECTION ( 'NONE',  ( 1.000000000000000000, 0.000000000000000000, 0.000000000000000000 ) ) ;
#3004 = CIRCLE ( 'NONE', #1583, 2.500000000000522693 ) ;
#3005 = CARTESIAN_POINT ( 'NONE',  ( -50.00000000000109424, -25.00000000000013145, -0.001000000000001000089 ) ) ;
#3006 = EDGE_LOOP ( 'NONE', ( #730, #73 ) ) ;
#3007 = CIRCLE ( 'NONE', #3948, 2.500000000000120348 ) ;
#3008 = DIRECTION ( 'NONE',  ( -0.000000000000000000, -0.000000000000000000, 1.000000000000000000 ) ) ;
#3009 = CARTESIAN_POINT ( 'NONE',  ( -44.99999999999997158, 35.00000000000024869, -0.001000000000001000089 ) ) ;
#3010 = DIRECTION ( 'NONE',  ( -0.000000000000000000, -0.000000000000000000, 1.000000000000000000 ) ) ;
#3011 = AXIS2_PLACEMENT_3D ( 'NONE', #3968, #2659, #1980 ) ;
#3012 = FACE_BOUND ( 'NONE', #249, .T. ) ;
#3013 = CARTESIAN_POINT ( 'NONE',  ( 54.99999999999985789, 35.00000000000014211, -0.001000000000001000089 ) ) ;
#3014 = CIRCLE ( 'NONE', #1172, 2.500000000000015987 ) ;
#3015 = VERTEX_POINT ( 'NONE', #2004 ) ;
#3016 = ORIENTED_EDGE ( 'NONE', *, *, #967, .T. ) ;
#3017 = LINE ( 'NONE', #2384, #1775 ) ;
#3018 = CARTESIAN_POINT ( 'NONE',  ( -15.85928699750834348, -34.18354270291760599, 0.000000000000000000 ) ) ;
#3019 = ADVANCED_FACE ( 'NONE', ( #1597 ), #3538, .F. ) ;
#3020 = ORIENTED_EDGE ( 'NONE', *, *, #276, .F. ) ;
#3021 = DIRECTION ( 'NONE',  ( 1.000000000000000000, 0.000000000000000000, 0.000000000000000000 ) ) ;
#3022 = EDGE_LOOP ( 'NONE', ( #3796, #1527, #3726, #176 ) ) ;
#3023 = DIRECTION ( 'NONE',  ( 0.000000000000000000, 0.000000000000000000, 1.000000000000000000 ) ) ;
#3024 = DIRECTION ( 'NONE',  ( -0.000000000000000000, -0.000000000000000000, 1.000000000000000000 ) ) ;
#3025 = VECTOR ( 'NONE', #223, 1000.000000000000000 ) ;
#3026 = VERTEX_POINT ( 'NONE', #3245 ) ;
#3027 = AXIS2_PLACEMENT_3D ( 'NONE', #1941, #1919, #10 ) ;
#3028 = CARTESIAN_POINT ( 'NONE',  ( 44.99999999999997158, 35.00000000000024869, 0.000000000000000000 ) ) ;
#3029 = DIRECTION ( 'NONE',  ( 1.000000000000000000, 0.000000000000000000, 0.000000000000000000 ) ) ;
#3030 = ADVANCED_FACE ( 'NONE', ( #1960 ), #3224, .F. ) ;
#3031 = EDGE_CURVE ( 'NONE', #716, #1809, #1457, .T. ) ;
#3032 = VECTOR ( 'NONE', #2941, 1000.000000000000000 ) ;
#3033 = CARTESIAN_POINT ( 'NONE',  ( -47.49999999999986500, -35.00000000000024869, -0.001000000000001000089 ) ) ;
#3034 = EDGE_CURVE ( 'NONE', #2747, #1274, #720, .T. ) ;
#3035 = CARTESIAN_POINT ( 'NONE',  ( 47.50000000000110134, -25.00000000000010303, 20.00000000000000000 ) ) ;
#3036 = EDGE_CURVE ( 'NONE', #1880, #2756, #1254, .T. ) ;
#3037 = ORIENTED_EDGE ( 'NONE', *, *, #882, .F. ) ;
#3038 = ORIENTED_EDGE ( 'NONE', *, *, #2410, .F. ) ;
#3039 = CYLINDRICAL_SURFACE ( 'NONE', #1235, 2.500000000000002220 ) ;
#3040 = DIRECTION ( 'NONE',  ( -0.000000000000000000, -0.000000000000000000, 1.000000000000000000 ) ) ;
#3041 = ORIENTED_EDGE ( 'NONE', *, *, #2658, .F. ) ;
#3042 = DIRECTION ( 'NONE',  ( -0.000000000000000000, -0.000000000000000000, 1.000000000000000000 ) ) ;
#3043 = ORIENTED_EDGE ( 'NONE', *, *, #611, .T. ) ;
#3044 = DIRECTION ( 'NONE',  ( 1.000000000000000000, 0.000000000000000000, 0.000000000000000000 ) ) ;
#3045 = EDGE_CURVE ( 'NONE', #2301, #670, #1575, .T. ) ;
#3046 = EDGE_CURVE ( 'NONE', #2493, #257, #984, .T. ) ;
#3047 = VERTEX_POINT ( 'NONE', #1303 ) ;
#3048 = CYLINDRICAL_SURFACE ( 'NONE', #4070, 2.500000000000765610 ) ;
#3049 = CARTESIAN_POINT ( 'NONE',  ( -52.50000000000109424, -25.00000000000013145, -0.001000000000001000089 ) ) ;
#3050 = DIRECTION ( 'NONE',  ( -0.000000000000000000, -0.000000000000000000, 1.000000000000000000 ) ) ;
#3051 = DIRECTION ( 'NONE',  ( -0.000000000000000000, -0.000000000000000000, -1.000000000000000000 ) ) ;
#3052 = ADVANCED_FACE ( 'NONE', ( #365 ), #3906, .F. ) ;
#3053 = ADVANCED_FACE ( 'NONE', ( #1912 ), #2272, .F. ) ;
#3054 = EDGE_LOOP ( 'NONE', ( #2235, #1786, #3952, #3502 ) ) ;
#3055 = ORIENTED_EDGE ( 'NONE', *, *, #2226, .F. ) ;
#3056 = CARTESIAN_POINT ( 'NONE',  ( 57.50000000000110845, -24.99999999999996447, -0.001000000000001000089 ) ) ;
#3057 = CARTESIAN_POINT ( 'NONE',  ( -52.50000000000110134, 25.00000000000011724, 0.000000000000000000 ) ) ;
#3058 = VECTOR ( 'NONE', #2633, 1000.000000000000000 ) ;
#3059 = ORIENTED_EDGE ( 'NONE', *, *, #831, .F. ) ;
#3060 = ORIENTED_EDGE ( 'NONE', *, *, #1511, .F. ) ;
#3061 = CARTESIAN_POINT ( 'NONE',  ( -37.50000000000017053, -45.00000000000031974, -0.001000000000001000089 ) ) ;
#3062 = ORIENTED_EDGE ( 'NONE', *, *, #4019, .T. ) ;
#3063 = CARTESIAN_POINT ( 'NONE',  ( 59.99999999999995737, 45.00000000000007816, -0.001000000000001000089 ) ) ;
#3064 = DIRECTION ( 'NONE',  ( 1.000000000000000000, 0.000000000000000000, 0.000000000000000000 ) ) ;
#3065 = VECTOR ( 'NONE', #1026, 1000.000000000000000 ) ;
#3066 = CIRCLE ( 'NONE', #98, 2.500000000000002220 ) ;
#3067 = CIRCLE ( 'NONE', #1847, 31.00000000000000000 ) ;
#3068 = CARTESIAN_POINT ( 'NONE',  ( -54.99999999999985079, 35.00000000000014211, 0.000000000000000000 ) ) ;
#3069 = ORIENTED_EDGE ( 'NONE', *, *, #1111, .F. ) ;
#3070 = ORIENTED_EDGE ( 'NONE', *, *, #1631, .F. ) ;
#3071 = ORIENTED_EDGE ( 'NONE', *, *, #404, .F. ) ;
#3072 = DIRECTION ( 'NONE',  ( -1.000000000000000000, 0.000000000000000000, 0.000000000000000000 ) ) ;
#3073 = DIRECTION ( 'NONE',  ( -1.000000000000000000, 0.000000000000000000, 0.000000000000000000 ) ) ;
#3074 = ORIENTED_EDGE ( 'NONE', *, *, #942, .T. ) ;
#3075 = ORIENTED_EDGE ( 'NONE', *, *, #1645, .F. ) ;
#3076 = CARTESIAN_POINT ( 'NONE',  ( 27.49999999999965539, -45.00000000000038369, 0.000000000000000000 ) ) ;
#3077 = EDGE_CURVE ( 'NONE', #3257, #1328, #4091, .T. ) ;
#3078 = DIRECTION ( 'NONE',  ( -0.000000000000000000, -0.000000000000000000, 1.000000000000000000 ) ) ;
#3079 = AXIS2_PLACEMENT_3D ( 'NONE', #3746, #3010, #760 ) ;
#3080 = VECTOR ( 'NONE', #2570, 1000.000000000000000 ) ;
#3081 = SURFACE_STYLE_USAGE ( .BOTH. , #1478 ) ;
#3082 = VERTEX_POINT ( 'NONE', #3606 ) ;
#3083 = DIRECTION ( 'NONE',  ( -1.000000000000000000, 0.000000000000000000, 0.000000000000000000 ) ) ;
#3084 = CIRCLE ( 'NONE', #241, 2.500000000001064038 ) ;
#3085 = CIRCLE ( 'NONE', #3830, 2.499999999999253042 ) ;
#3086 = FACE_BOUND ( 'NONE', #272, .T. ) ;
#3087 = ORIENTED_EDGE ( 'NONE', *, *, #3102, .T. ) ;
#3088 = CIRCLE ( 'NONE', #2211, 2.500000000001195488 ) ;
#3089 = EDGE_CURVE ( 'NONE', #3119, #1751, #842, .T. ) ;
#3090 = EDGE_CURVE ( 'NONE', #2248, #406, #1122, .T. ) ;
#3091 = AXIS2_PLACEMENT_3D ( 'NONE', #2667, #438, #3301 ) ;
#3092 = ORIENTED_EDGE ( 'NONE', *, *, #2160, .F. ) ;
#3093 = VERTEX_POINT ( 'NONE', #390 ) ;
#3094 = DIRECTION ( 'NONE',  ( 0.000000000000000000, 0.000000000000000000, 1.000000000000000000 ) ) ;
#3095 = CARTESIAN_POINT ( 'NONE',  ( 55.00000000000102318, 15.00000000000004441, 20.00000000000000000 ) ) ;
#3096 = AXIS2_PLACEMENT_3D ( 'NONE', #4149, #1250, #2542 ) ;
#3097 = EDGE_LOOP ( 'NONE', ( #1192, #3092 ) ) ;
#3098 = ORIENTED_EDGE ( 'NONE', *, *, #317, .T. ) ;
#3099 = CARTESIAN_POINT ( 'NONE',  ( -62.49999999999920419, -45.00000000000007816, 20.00000000000000000 ) ) ;
#3100 = DIRECTION ( 'NONE',  ( 0.000000000000000000, 0.000000000000000000, 1.000000000000000000 ) ) ;
#3101 = EDGE_CURVE ( 'NONE', #1366, #3562, #1670, .T. ) ;
#3102 = EDGE_CURVE ( 'NONE', #1855, #664, #2660, .T. ) ;
#3103 = CARTESIAN_POINT ( 'NONE',  ( -62.50000000000112266, -24.99999999999998934, 0.000000000000000000 ) ) ;
#3104 = EDGE_LOOP ( 'NONE', ( #226, #4028, #2459, #659 ) ) ;
#3105 = DIRECTION ( 'NONE',  ( -0.000000000000000000, -0.000000000000000000, 1.000000000000000000 ) ) ;
#3106 = CYLINDRICAL_SURFACE ( 'NONE', #2353, 2.499999999999995115 ) ;
#3107 = CARTESIAN_POINT ( 'NONE',  ( 32.50000000000073186, -45.00000000000038369, 0.000000000000000000 ) ) ;
#3108 = ORIENTED_EDGE ( 'NONE', *, *, #3090, .F. ) ;
#3109 = DIRECTION ( 'NONE',  ( 0.000000000000000000, 0.000000000000000000, 1.000000000000000000 ) ) ;
#3110 = ORIENTED_EDGE ( 'NONE', *, *, #2443, .F. ) ;
#3111 = CARTESIAN_POINT ( 'NONE',  ( 44.99999999999997158, -35.00000000000024869, -0.001000000000001000089 ) ) ;
#3112 = CARTESIAN_POINT ( 'NONE',  ( -62.49999999999920419, -45.00000000000007816, 0.000000000000000000 ) ) ;
#3113 = ORIENTED_EDGE ( 'NONE', *, *, #2926, .F. ) ;
#3114 = EDGE_LOOP ( 'NONE', ( #2169, #752 ) ) ;
#3115 = CYLINDRICAL_SURFACE ( 'NONE', #1061, 2.500000000000536460 ) ;
#3116 = AXIS2_PLACEMENT_3D ( 'NONE', #2478, #2837, #1205 ) ;
#3117 = CYLINDRICAL_SURFACE ( 'NONE', #3079, 2.499999999999495515 ) ;
#3118 = CARTESIAN_POINT ( 'NONE',  ( 47.50000000000116529, -35.00000000000024869, -0.001000000000001000089 ) ) ;
#3119 = VERTEX_POINT ( 'NONE', #3946 ) ;
#3120 = DIRECTION ( 'NONE',  ( -0.000000000000000000, -0.000000000000000000, 1.000000000000000000 ) ) ;
#3121 = LINE ( 'NONE', #2809, #2957 ) ;
#3122 = DIRECTION ( 'NONE',  ( -0.000000000000000000, -0.000000000000000000, 1.000000000000000000 ) ) ;
#3123 = DIRECTION ( 'NONE',  ( 0.000000000000000000, 0.000000000000000000, 1.000000000000000000 ) ) ;
#3124 = CIRCLE ( 'NONE', #429, 2.500000000001889600 ) ;
#3125 = VERTEX_POINT ( 'NONE', #3103 ) ;
#3126 = FACE_BOUND ( 'NONE', #1923, .T. ) ;
#3127 = ORIENTED_EDGE ( 'NONE', *, *, #2088, .F. ) ;
#3128 = DIRECTION ( 'NONE',  ( -0.000000000000000000, -0.000000000000000000, 1.000000000000000000 ) ) ;
#3129 = CIRCLE ( 'NONE', #3615, 1.700000000000000178 ) ;
#3130 = DIRECTION ( 'NONE',  ( 1.000000000000000000, 0.000000000000000000, 0.000000000000000000 ) ) ;
#3131 = AXIS2_PLACEMENT_3D ( 'NONE', #4113, #3662, #3029 ) ;
#3132 = EDGE_LOOP ( 'NONE', ( #1185, #252 ) ) ;
#3133 = ORIENTED_EDGE ( 'NONE', *, *, #4032, .F. ) ;
#3134 = CARTESIAN_POINT ( 'NONE',  ( 12.45928699750810331, 34.18354270291769836, 0.000000000000000000 ) ) ;
#3135 = CARTESIAN_POINT ( 'NONE',  ( -47.49999999999986500, -35.00000000000024869, 0.000000000000000000 ) ) ;
#3136 = CARTESIAN_POINT ( 'NONE',  ( 59.99999999999995737, -45.00000000000007816, 0.000000000000000000 ) ) ;
#3137 = EDGE_CURVE ( 'NONE', #885, #2655, #575, .T. ) ;
#3138 = AXIS2_PLACEMENT_3D ( 'NONE', #1486, #2404, #1162 ) ;
#3139 = ADVANCED_FACE ( 'NONE', ( #2848 ), #2444, .F. ) ;
#3140 = VERTEX_POINT ( 'NONE', #3477 ) ;
#3141 = LINE ( 'NONE', #4137, #1183 ) ;
#3142 = ORIENTED_EDGE ( 'NONE', *, *, #1154, .T. ) ;
#3143 = CARTESIAN_POINT ( 'NONE',  ( -14.15928699750812925, 34.18354270291769126, 0.000000000000000000 ) ) ;
#3144 = VECTOR ( 'NONE', #2934, 1000.000000000000000 ) ;
#3145 = CYLINDRICAL_SURFACE ( 'NONE', #797, 2.499999999999495515 ) ;
#3146 = CIRCLE ( 'NONE', #448, 1.700000000000001954 ) ;
#3147 = DIRECTION ( 'NONE',  ( 1.000000000000000000, 0.000000000000000000, 0.000000000000000000 ) ) ;
#3148 = CARTESIAN_POINT ( 'NONE',  ( -35.00000000000009237, -35.00000000000041922, 0.000000000000000000 ) ) ;
#3149 = DIRECTION ( 'NONE',  ( 0.000000000000000000, 0.000000000000000000, 1.000000000000000000 ) ) ;
#3150 = AXIS2_PLACEMENT_3D ( 'NONE', #2312, #3256, #3599 ) ;
#3151 = EDGE_CURVE ( 'NONE', #2819, #4111, #3748, .T. ) ;
#3152 = CIRCLE ( 'NONE', #2622, 2.500000000000550227 ) ;
#3153 = ADVANCED_FACE ( 'NONE', ( #2487 ), #3432, .F. ) ;
#3154 = DIRECTION ( 'NONE',  ( 0.000000000000000000, 0.000000000000000000, 1.000000000000000000 ) ) ;
#3155 = AXIS2_PLACEMENT_3D ( 'NONE', #3000, #3109, #2472 ) ;
#3156 = ORIENTED_EDGE ( 'NONE', *, *, #1198, .F. ) ;
#3157 = VECTOR ( 'NONE', #1731, 1000.000000000000000 ) ;
#3158 = CARTESIAN_POINT ( 'NONE',  ( -50.00000000000110134, 25.00000000000011724, -0.001000000000001000089 ) ) ;
#3159 = ADVANCED_FACE ( 'NONE', ( #828 ), #2216, .F. ) ;
#3160 = ORIENTED_EDGE ( 'NONE', *, *, #611, .F. ) ;
#3161 = AXIS2_PLACEMENT_3D ( 'NONE', #3504, #3523, #607 ) ;
#3162 = ORIENTED_EDGE ( 'NONE', *, *, #1725, .F. ) ;
#3163 = CARTESIAN_POINT ( 'NONE',  ( 30.00000000000019185, 45.00000000000038369, 20.00000000000000000 ) ) ;
#3164 = CARTESIAN_POINT ( 'NONE',  ( -47.50000000000044054, -15.00000000000019362, -0.001000000000001000089 ) ) ;
#3165 = FACE_BOUND ( 'NONE', #3354, .T. ) ;
#3166 = ORIENTED_EDGE ( 'NONE', *, *, #2334, .T. ) ;
#3167 = CARTESIAN_POINT ( 'NONE',  ( 32.48354270291755341, 14.15928699750848097, 0.000000000000000000 ) ) ;
#3168 = ORIENTED_EDGE ( 'NONE', *, *, #2097, .T. ) ;
#3169 = CARTESIAN_POINT ( 'NONE',  ( -14.15928699750834419, -34.18354270291760599, 0.000000000000000000 ) ) ;
#3170 = CARTESIAN_POINT ( 'NONE',  ( 57.50000000000110845, 24.99999999999997868, -0.001000000000001000089 ) ) ;
#3171 = DIRECTION ( 'NONE',  ( 1.000000000000000000, 0.000000000000000000, 0.000000000000000000 ) ) ;
#3172 = CARTESIAN_POINT ( 'NONE',  ( 42.50000000000019185, 45.00000000000031974, 20.00000000000000000 ) ) ;
#3173 = CARTESIAN_POINT ( 'NONE',  ( -52.50000000000141398, 35.00000000000014211, -0.001000000000001000089 ) ) ;
#3174 = EDGE_CURVE ( 'NONE', #4179, #1870, #3141, .T. ) ;
#3175 = DIRECTION ( 'NONE',  ( 0.000000000000000000, 0.000000000000000000, 1.000000000000000000 ) ) ;
#3176 = EDGE_LOOP ( 'NONE', ( #3723, #3715 ) ) ;
#3177 = LINE ( 'NONE', #3532, #855 ) ;
#3178 = ORIENTED_EDGE ( 'NONE', *, *, #465, .T. ) ;
#3179 = EDGE_LOOP ( 'NONE', ( #199, #1177, #3221, #1069 ) ) ;
#3180 = CARTESIAN_POINT ( 'NONE',  ( 0.000000000000000000, 0.000000000000000000, 14.00000000000000000 ) ) ;
#3181 = CARTESIAN_POINT ( 'NONE',  ( -44.99999999999997158, -35.00000000000024869, 20.00000000000000000 ) ) ;
#3182 = FACE_BOUND ( 'NONE', #3433, .T. ) ;
#3183 = ORIENTED_EDGE ( 'NONE', *, *, #2831, .F. ) ;
#3184 = AXIS2_PLACEMENT_3D ( 'NONE', #3437, #2854, #2224 ) ;
#3185 = CARTESIAN_POINT ( 'NONE',  ( 49.99999999999995737, -45.00000000000017764, 0.000000000000000000 ) ) ;
#3186 = VERTEX_POINT ( 'NONE', #1215 ) ;
#3187 = CARTESIAN_POINT ( 'NONE',  ( -47.50000000000177636, 45.00000000000017764, 0.000000000000000000 ) ) ;
#3188 = CARTESIAN_POINT ( 'NONE',  ( 34.18354270291765573, -14.15928699750821984, 0.000000000000000000 ) ) ;
#3189 = DIRECTION ( 'NONE',  ( 1.000000000000000000, 0.000000000000000000, -0.000000000000000000 ) ) ;
#3190 = FACE_OUTER_BOUND ( 'NONE', #934, .T. ) ;
#3191 = FACE_OUTER_BOUND ( 'NONE', #1594, .T. ) ;
#3192 = EDGE_CURVE ( 'NONE', #805, #2024, #2804, .T. ) ;
#3193 = DIRECTION ( 'NONE',  ( -1.000000000000000000, 0.000000000000000000, 0.000000000000000000 ) ) ;
#3194 = VERTEX_POINT ( 'NONE', #2505 ) ;
#3195 = DIRECTION ( 'NONE',  ( -0.000000000000000000, -0.000000000000000000, 1.000000000000000000 ) ) ;
#3196 = AXIS2_PLACEMENT_3D ( 'NONE', #3425, #3441, #1762 ) ;
#3197 = ORIENTED_EDGE ( 'NONE', *, *, #2274, .F. ) ;
#3198 = ORIENTED_EDGE ( 'NONE', *, *, #2398, .T. ) ;
#3199 = FACE_OUTER_BOUND ( 'NONE', #2063, .T. ) ;
#3200 = DIRECTION ( 'NONE',  ( 0.000000000000000000, 1.000000000000000000, 0.000000000000000000 ) ) ;
#3201 = FACE_BOUND ( 'NONE', #3903, .T. ) ;
#3202 = EDGE_CURVE ( 'NONE', #805, #2367, #4026, .T. ) ;
#3203 = ORIENTED_EDGE ( 'NONE', *, *, #3580, .T. ) ;
#3204 = EDGE_CURVE ( 'NONE', #1747, #2002, #3146, .T. ) ;
#3205 = FACE_OUTER_BOUND ( 'NONE', #510, .T. ) ;
#3206 = EDGE_LOOP ( 'NONE', ( #3156, #209, #3879, #4086 ) ) ;
#3207 = CARTESIAN_POINT ( 'NONE',  ( -37.50000000000064659, -35.00000000000041922, -0.001000000000001000089 ) ) ;
#3208 = EDGE_CURVE ( 'NONE', #293, #2805, #1193, .T. ) ;
#3209 = DIRECTION ( 'NONE',  ( -0.000000000000000000, -0.000000000000000000, 1.000000000000000000 ) ) ;
#3210 = ORIENTED_EDGE ( 'NONE', *, *, #536, .F. ) ;
#3211 = DIRECTION ( 'NONE',  ( 0.000000000000000000, 0.000000000000000000, 1.000000000000000000 ) ) ;
#3212 = DIRECTION ( 'NONE',  ( -1.000000000000000000, 0.000000000000000000, 0.000000000000000000 ) ) ;
#3213 = CARTESIAN_POINT ( 'NONE',  ( -45.00000000000044054, 15.00000000000018296, 0.000000000000000000 ) ) ;
#3214 = CARTESIAN_POINT ( 'NONE',  ( -40.00000000000007816, -45.00000000000031974, 0.000000000000000000 ) ) ;
#3215 = ORIENTED_EDGE ( 'NONE', *, *, #3292, .T. ) ;
#3216 = DIRECTION ( 'NONE',  ( 0.000000000000000000, 0.000000000000000000, 1.000000000000000000 ) ) ;
#3217 = EDGE_CURVE ( 'NONE', #1259, #3814, #1530, .T. ) ;
#3219 = EDGE_CURVE ( 'NONE', #1277, #4020, #2200, .T. ) ;
#3218 = CIRCLE ( 'NONE', #1674, 2.500000000000543565 ) ;
#3220 = AXIS2_PLACEMENT_3D ( 'NONE', #1308, #65, #324 ) ;
#3221 = ORIENTED_EDGE ( 'NONE', *, *, #3396, .T. ) ;
#3222 = ORIENTED_EDGE ( 'NONE', *, *, #3101, .F. ) ;
#3223 = LINE ( 'NONE', #3905, #1723 ) ;
#3224 = CYLINDRICAL_SURFACE ( 'NONE', #647, 1.700000000000000178 ) ;
#3225 = CARTESIAN_POINT ( 'NONE',  ( 0.000000000000000000, 0.000000000000000000, 0.000000000000000000 ) ) ;
#3226 = AXIS2_PLACEMENT_3D ( 'NONE', #3936, #2013, #1033 ) ;
#3227 = VERTEX_POINT ( 'NONE', #891 ) ;
#3228 = DIRECTION ( 'NONE',  ( -0.000000000000000000, -0.000000000000000000, 1.000000000000000000 ) ) ;
#3229 = VERTEX_POINT ( 'NONE', #237 ) ;
#3230 = DIRECTION ( 'NONE',  ( -0.000000000000000000, -0.000000000000000000, 1.000000000000000000 ) ) ;
#3231 = CIRCLE ( 'NONE', #2145, 2.500000000000522693 ) ;
#3232 = EDGE_CURVE ( 'NONE', #3464, #2908, #537, .T. ) ;
#3233 = DIRECTION ( 'NONE',  ( 0.000000000000000000, 0.000000000000000000, 1.000000000000000000 ) ) ;
#3234 = ORIENTED_EDGE ( 'NONE', *, *, #2613, .T. ) ;
#3235 = CYLINDRICAL_SURFACE ( 'NONE', #769, 2.500000000001195488 ) ;
#3236 = DIRECTION ( 'NONE',  ( -0.000000000000000000, -0.000000000000000000, 1.000000000000000000 ) ) ;
#3237 = CARTESIAN_POINT ( 'NONE',  ( 60.00000000000112266, 24.99999999999997868, 0.000000000000000000 ) ) ;
#3238 = DIRECTION ( 'NONE',  ( -1.000000000000000000, 0.000000000000000000, -0.000000000000000000 ) ) ;
#3239 = ORIENTED_EDGE ( 'NONE', *, *, #2864, .F. ) ;
#3240 = DIRECTION ( 'NONE',  ( 1.000000000000000000, 0.000000000000000000, 0.000000000000000000 ) ) ;
#3241 = DIRECTION ( 'NONE',  ( -0.000000000000000000, -0.000000000000000000, 1.000000000000000000 ) ) ;
#3242 = VERTEX_POINT ( 'NONE', #1542 ) ;
#3243 = ORIENTED_EDGE ( 'NONE', *, *, #1062, .F. ) ;
#3244 = DIRECTION ( 'NONE',  ( 0.000000000000000000, 0.000000000000000000, 1.000000000000000000 ) ) ;
#3245 = CARTESIAN_POINT ( 'NONE',  ( -57.50000000000130740, -15.00000000000005862, 0.000000000000000000 ) ) ;
#3246 = CARTESIAN_POINT ( 'NONE',  ( 27.50000000000069278, 45.00000000000038369, -0.001000000000001000089 ) ) ;
#3247 = ORIENTED_EDGE ( 'NONE', *, *, #2430, .T. ) ;
#3248 = DIRECTION ( 'NONE',  ( -1.000000000000000000, 0.000000000000000000, 0.000000000000000000 ) ) ;
#3249 = EDGE_LOOP ( 'NONE', ( #2155, #427 ) ) ;
#3250 = DIRECTION ( 'NONE',  ( -0.000000000000000000, -0.000000000000000000, 1.000000000000000000 ) ) ;
#3251 = DIRECTION ( 'NONE',  ( 0.000000000000000000, 0.000000000000000000, 1.000000000000000000 ) ) ;
#3252 = EDGE_LOOP ( 'NONE', ( #3771, #3055, #228, #4067 ) ) ;
#3253 = FACE_OUTER_BOUND ( 'NONE', #2380, .T. ) ;
#3254 = DIRECTION ( 'NONE',  ( 0.000000000000000000, 0.000000000000000000, 1.000000000000000000 ) ) ;
#3255 = CARTESIAN_POINT ( 'NONE',  ( 47.50000000000045475, -15.00000000000017231, 20.00000000000000000 ) ) ;
#3256 = DIRECTION ( 'NONE',  ( -0.000000000000000000, -0.000000000000000000, 1.000000000000000000 ) ) ;
#3257 = VERTEX_POINT ( 'NONE', #258 ) ;
#3258 = LINE ( 'NONE', #3924, #1476 ) ;
#3259 = ORIENTED_EDGE ( 'NONE', *, *, #1042, .F. ) ;
#3260 = VERTEX_POINT ( 'NONE', #2765 ) ;
#3261 = DIRECTION ( 'NONE',  ( 1.000000000000000000, 0.000000000000000000, 0.000000000000000000 ) ) ;
#3262 = DIRECTION ( 'NONE',  ( -0.000000000000000000, -0.000000000000000000, -1.000000000000000000 ) ) ;
#3263 = CARTESIAN_POINT ( 'NONE',  ( 32.50000000000064659, 35.00000000000041922, 0.000000000000000000 ) ) ;
#3264 = AXIS2_PLACEMENT_3D ( 'NONE', #27, #2, #1302 ) ;
#3265 = CIRCLE ( 'NONE', #3609, 2.500000000000522693 ) ;
#3266 = ORIENTED_EDGE ( 'NONE', *, *, #3192, .F. ) ;
#3267 = CYLINDRICAL_SURFACE ( 'NONE', #1131, 1.700000000000000178 ) ;
#3268 = ORIENTED_EDGE ( 'NONE', *, *, #1101, .F. ) ;
#3269 = MANIFOLD_SOLID_BREP ( '\X2\52079664\X0\-\X2\62c94f38\X0\3', #3590 ) ;
#3270 = CARTESIAN_POINT ( 'NONE',  ( -59.99999999999995737, -45.00000000000007816, 20.00000000000000000 ) ) ;
#3271 = CIRCLE ( 'NONE', #2598, 2.500000000000536460 ) ;
#3272 = EDGE_CURVE ( 'NONE', #1494, #2387, #2350, .T. ) ;
#3273 = EDGE_CURVE ( 'NONE', #3744, #787, #1402, .T. ) ;
#3274 = CARTESIAN_POINT ( 'NONE',  ( -62.49999999999808864, 45.00000000000007816, -0.001000000000001000089 ) ) ;
#3275 = VECTOR ( 'NONE', #600, 1000.000000000000000 ) ;
#3276 = ORIENTED_EDGE ( 'NONE', *, *, #2538, .T. ) ;
#3277 = DIRECTION ( 'NONE',  ( -0.000000000000000000, -0.000000000000000000, -1.000000000000000000 ) ) ;
#3278 = CARTESIAN_POINT ( 'NONE',  ( 14.15928699750810438, 34.18354270291769836, 14.00000000000000000 ) ) ;
#3279 = LINE ( 'NONE', #1995, #755 ) ;
#3280 = LINE ( 'NONE', #1951, #4099 ) ;
#3281 = ORIENTED_EDGE ( 'NONE', *, *, #1179, .T. ) ;
#3282 = AXIS2_PLACEMENT_3D ( 'NONE', #825, #1811, #3450 ) ;
#3283 = EDGE_CURVE ( 'NONE', #1494, #804, #2536, .T. ) ;
#3284 = AXIS2_PLACEMENT_3D ( 'NONE', #1489, #1165, #2955 ) ;
#3285 = EDGE_CURVE ( 'NONE', #787, #3744, #844, .T. ) ;
#3286 = ORIENTED_EDGE ( 'NONE', *, *, #3137, .T. ) ;
#3287 = ORIENTED_EDGE ( 'NONE', *, *, #648, .F. ) ;
#3288 = AXIS2_PLACEMENT_3D ( 'NONE', #2650, #3939, #653 ) ;
#3289 = DIRECTION ( 'NONE',  ( 1.000000000000000000, 0.000000000000000000, 0.000000000000000000 ) ) ;
#3290 = DIRECTION ( 'NONE',  ( -0.000000000000000000, -0.000000000000000000, 1.000000000000000000 ) ) ;
#3291 = DIRECTION ( 'NONE',  ( -0.000000000000000000, -0.000000000000000000, 1.000000000000000000 ) ) ;
#3292 = EDGE_CURVE ( 'NONE', #950, #3319, #304, .T. ) ;
#3293 = AXIS2_PLACEMENT_3D ( 'NONE', #3463, #3508, #2563 ) ;
#3294 = CIRCLE ( 'NONE', #1067, 2.500000000000002220 ) ;
#3295 = ORIENTED_EDGE ( 'NONE', *, *, #144, .T. ) ;
#3296 = DIRECTION ( 'NONE',  ( -0.000000000000000000, -0.000000000000000000, 1.000000000000000000 ) ) ;
#3297 = EDGE_LOOP ( 'NONE', ( #3727, #13 ) ) ;
#3298 = CARTESIAN_POINT ( 'NONE',  ( 45.00000000000044764, -15.00000000000017231, 20.00000000000000000 ) ) ;
#3299 = AXIS2_PLACEMENT_3D ( 'NONE', #4079, #709, #1178 ) ;
#3300 = CIRCLE ( 'NONE', #1000, 2.500000000000009326 ) ;
#3301 = DIRECTION ( 'NONE',  ( -1.000000000000000000, 0.000000000000000000, 0.000000000000000000 ) ) ;
#3302 = ORIENTED_EDGE ( 'NONE', *, *, #279, .T. ) ;
#3303 = CARTESIAN_POINT ( 'NONE',  ( -50.00000000000109424, -25.00000000000013145, 0.000000000000000000 ) ) ;
#3304 = DIRECTION ( 'NONE',  ( -0.000000000000000000, -0.000000000000000000, 1.000000000000000000 ) ) ;
#3305 = VECTOR ( 'NONE', #3241, 1000.000000000000000 ) ;
#3306 = DIRECTION ( 'NONE',  ( -0.000000000000000000, -0.000000000000000000, 1.000000000000000000 ) ) ;
#3307 = FACE_BOUND ( 'NONE', #2419, .T. ) ;
#3308 = ORIENTED_EDGE ( 'NONE', *, *, #1523, .T. ) ;
#3309 = ADVANCED_FACE ( 'NONE', ( #3190 ), #2176, .F. ) ;
#3310 = ORIENTED_EDGE ( 'NONE', *, *, #53, .T. ) ;
#3311 = ORIENTED_EDGE ( 'NONE', *, *, #1294, .F. ) ;
#3312 = CARTESIAN_POINT ( 'NONE',  ( -60.00000000000111555, -24.99999999999998934, 0.000000000000000000 ) ) ;
#3313 = LINE ( 'NONE', #2047, #109 ) ;
#3314 = VERTEX_POINT ( 'NONE', #3172 ) ;
#3315 = FACE_OUTER_BOUND ( 'NONE', #2207, .T. ) ;
#3316 = ORIENTED_EDGE ( 'NONE', *, *, #3031, .T. ) ;
#3317 = DIRECTION ( 'NONE',  ( -0.000000000000000000, -0.000000000000000000, 1.000000000000000000 ) ) ;
#3318 = CARTESIAN_POINT ( 'NONE',  ( -15.85928699750812498, 34.18354270291769126, 0.000000000000000000 ) ) ;
#3319 = VERTEX_POINT ( 'NONE', #1498 ) ;
#3320 = LINE ( 'NONE', #1715, #4011 ) ;
#3321 = CARTESIAN_POINT ( 'NONE',  ( 57.50000000000110845, 24.99999999999997868, 0.000000000000000000 ) ) ;
#3322 = FACE_BOUND ( 'NONE', #1449, .T. ) ;
#3323 = AXIS2_PLACEMENT_3D ( 'NONE', #2811, #1568, #2448 ) ;
#3324 = FACE_BOUND ( 'NONE', #1029, .T. ) ;
#3325 = VECTOR ( 'NONE', #44, 1000.000000000000000 ) ;
#3326 = FACE_OUTER_BOUND ( 'NONE', #1094, .T. ) ;
#3327 = ADVANCED_FACE ( 'NONE', ( #1268 ), #2853, .F. ) ;
#3328 = ORIENTED_EDGE ( 'NONE', *, *, #3292, .F. ) ;
#3329 = EDGE_LOOP ( 'NONE', ( #3675, #2475 ) ) ;
#3330 = CARTESIAN_POINT ( 'NONE',  ( -32.48354270291755341, 14.15928699750846853, 0.000000000000000000 ) ) ;
#3331 = CARTESIAN_POINT ( 'NONE',  ( -55.00000000000102318, 15.00000000000004441, -0.001000000000001000089 ) ) ;
#3332 = ORIENTED_EDGE ( 'NONE', *, *, #3481, .T. ) ;
#3333 = DIRECTION ( 'NONE',  ( 1.000000000000000000, 0.000000000000000000, 0.000000000000000000 ) ) ;
#3334 = ORIENTED_EDGE ( 'NONE', *, *, #4094, .F. ) ;
#3335 = DIRECTION ( 'NONE',  ( 0.000000000000000000, 0.000000000000000000, 1.000000000000000000 ) ) ;
#3336 = EDGE_CURVE ( 'NONE', #980, #2522, #3084, .T. ) ;
#3337 = EDGE_CURVE ( 'NONE', #994, #750, #451, .T. ) ;
#3338 = CIRCLE ( 'NONE', #2593, 2.499999999999447109 ) ;
#3339 = EDGE_CURVE ( 'NONE', #1641, #836, #721, .T. ) ;
#3340 = FACE_OUTER_BOUND ( 'NONE', #1541, .T. ) ;
#3341 = ORIENTED_EDGE ( 'NONE', *, *, #3208, .T. ) ;
#3342 = AXIS2_PLACEMENT_3D ( 'NONE', #305, #2017, #14 ) ;
#3343 = CARTESIAN_POINT ( 'NONE',  ( -52.50000000000109424, -25.00000000000013145, 0.000000000000000000 ) ) ;
#3344 = CYLINDRICAL_SURFACE ( 'NONE', #4152, 2.500000000000522693 ) ;
#3345 = CARTESIAN_POINT ( 'NONE',  ( -57.49999999999937472, -35.00000000000014211, -0.001000000000001000089 ) ) ;
#3346 = EDGE_CURVE ( 'NONE', #2679, #3567, #3152, .T. ) ;
#3347 = CIRCLE ( 'NONE', #1318, 2.500000000001195488 ) ;
#3348 = DIRECTION ( 'NONE',  ( -0.000000000000000000, -0.000000000000000000, 1.000000000000000000 ) ) ;
#3349 = DIRECTION ( 'NONE',  ( 1.000000000000000000, 0.000000000000000000, 0.000000000000000000 ) ) ;
#3350 = AXIS2_PLACEMENT_3D ( 'NONE', #2005, #1009, #2300 ) ;
#3351 = EDGE_CURVE ( 'NONE', #3140, #3026, #1334, .T. ) ;
#3352 = ORIENTED_EDGE ( 'NONE', *, *, #1424, .F. ) ;
#3353 = AXIS2_PLACEMENT_3D ( 'NONE', #3969, #1727, #1351 ) ;
#3354 = EDGE_LOOP ( 'NONE', ( #3544, #2008 ) ) ;
#3355 = ADVANCED_FACE ( 'NONE', ( #2491 ), #3778, .F. ) ;
#3356 = DIRECTION ( 'NONE',  ( -0.000000000000000000, -0.000000000000000000, 1.000000000000000000 ) ) ;
#3357 = CARTESIAN_POINT ( 'NONE',  ( 42.49999999999985079, 35.00000000000024869, -0.001000000000001000089 ) ) ;
#3358 = AXIS2_PLACEMENT_3D ( 'NONE', #732, #3290, #1688 ) ;
#3359 = ORIENTED_EDGE ( 'NONE', *, *, #1804, .F. ) ;
#3360 = DIRECTION ( 'NONE',  ( -0.000000000000000000, -0.000000000000000000, 1.000000000000000000 ) ) ;
#3361 = VERTEX_POINT ( 'NONE', #2833 ) ;
#3362 = CYLINDRICAL_SURFACE ( 'NONE', #3368, 2.500000000000015987 ) ;
#3363 = CIRCLE ( 'NONE', #1532, 2.499999999998434141 ) ;
#3364 = ADVANCED_FACE ( 'NONE', ( #3486 ), #2873, .F. ) ;
#3365 = AXIS2_PLACEMENT_3D ( 'NONE', #7, #3845, #1601 ) ;
#3366 = EDGE_CURVE ( 'NONE', #1809, #3814, #587, .T. ) ;
#3367 = ORIENTED_EDGE ( 'NONE', *, *, #3077, .T. ) ;
#3368 = AXIS2_PLACEMENT_3D ( 'NONE', #1054, #102, #436 ) ;
#3369 = DIRECTION ( 'NONE',  ( -0.000000000000000000, -0.000000000000000000, 1.000000000000000000 ) ) ;
#3370 = DIRECTION ( 'NONE',  ( 1.000000000000000000, 0.000000000000000000, 0.000000000000000000 ) ) ;
#3371 = CIRCLE ( 'NONE', #2697, 2.500000000000002220 ) ;
#3372 = DIRECTION ( 'NONE',  ( -1.000000000000000000, 0.000000000000000000, 0.000000000000000000 ) ) ;
#3373 = ORIENTED_EDGE ( 'NONE', *, *, #921, .F. ) ;
#3374 = EDGE_LOOP ( 'NONE', ( #314, #2148, #2335, #1261 ) ) ;
#3375 = ORIENTED_EDGE ( 'NONE', *, *, #3710, .T. ) ;
#3376 = CARTESIAN_POINT ( 'NONE',  ( 47.50000000000110134, -25.00000000000010303, 0.000000000000000000 ) ) ;
#3377 = DIRECTION ( 'NONE',  ( -0.000000000000000000, -0.000000000000000000, 1.000000000000000000 ) ) ;
#3378 = ORIENTED_EDGE ( 'NONE', *, *, #798, .F. ) ;
#3379 = ORIENTED_EDGE ( 'NONE', *, *, #2198, .F. ) ;
#3380 = CYLINDRICAL_SURFACE ( 'NONE', #3492, 1.699999999999993072 ) ;
#3381 = ORIENTED_EDGE ( 'NONE', *, *, #2517, .F. ) ;
#3382 = FACE_OUTER_BOUND ( 'NONE', #396, .T. ) ;
#3383 = CARTESIAN_POINT ( 'NONE',  ( 0.000000000000000000, 0.000000000000000000, 14.00000000000000000 ) ) ;
#3384 = FACE_BOUND ( 'NONE', #2431, .T. ) ;
#3385 = ORIENTED_EDGE ( 'NONE', *, *, #2696, .T. ) ;
#3386 = EDGE_CURVE ( 'NONE', #3093, #24, #1599, .T. ) ;
#3387 = EDGE_LOOP ( 'NONE', ( #99, #1735 ) ) ;
#3388 = ORIENTED_EDGE ( 'NONE', *, *, #2914, .T. ) ;
#3389 = DIRECTION ( 'NONE',  ( -0.000000000000000000, -0.000000000000000000, 1.000000000000000000 ) ) ;
#3390 = CARTESIAN_POINT ( 'NONE',  ( -37.50000000000064659, -35.00000000000041922, 0.000000000000000000 ) ) ;
#3391 = EDGE_LOOP ( 'NONE', ( #2849, #1666 ) ) ;
#3392 = ORIENTED_EDGE ( 'NONE', *, *, #3649, .F. ) ;
#3393 = DIRECTION ( 'NONE',  ( -0.000000000000000000, -0.000000000000000000, 1.000000000000000000 ) ) ;
#3394 = ORIENTED_EDGE ( 'NONE', *, *, #1972, .T. ) ;
#3395 = DIRECTION ( 'NONE',  ( 1.000000000000000000, 0.000000000000000000, 0.000000000000000000 ) ) ;
#3396 = EDGE_CURVE ( 'NONE', #804, #2231, #3696, .T. ) ;
#3397 = EDGE_CURVE ( 'NONE', #3555, #1627, #2012, .T. ) ;
#3398 = CIRCLE ( 'NONE', #1789, 2.500000000000002220 ) ;
#3399 = AXIS2_PLACEMENT_3D ( 'NONE', #2565, #2879, #1227 ) ;
#3400 = DIRECTION ( 'NONE',  ( -0.000000000000000000, -0.000000000000000000, 1.000000000000000000 ) ) ;
#3401 = ORIENTED_EDGE ( 'NONE', *, *, #1606, .T. ) ;
#3402 = ORIENTED_EDGE ( 'NONE', *, *, #2479, .T. ) ;
#3403 = EDGE_CURVE ( 'NONE', #2247, #2701, #1184, .T. ) ;
#3404 = EDGE_LOOP ( 'NONE', ( #3210, #415, #3685, #3671 ) ) ;
#3405 = CARTESIAN_POINT ( 'NONE',  ( 42.50000000000044054, 15.00000000000018296, -0.001000000000001000089 ) ) ;
#3406 = DIRECTION ( 'NONE',  ( -0.000000000000000000, -0.000000000000000000, 1.000000000000000000 ) ) ;
#3407 = CIRCLE ( 'NONE', #635, 2.500000000001889600 ) ;
#3408 = ADVANCED_FACE ( 'NONE', ( #1378 ), #1697, .F. ) ;
#3409 = ORIENTED_EDGE ( 'NONE', *, *, #1341, .F. ) ;
#3410 = ORIENTED_EDGE ( 'NONE', *, *, #3151, .F. ) ;
#3411 = CYLINDRICAL_SURFACE ( 'NONE', #1469, 1.699999999999998401 ) ;
#3412 = CARTESIAN_POINT ( 'NONE',  ( -67.50000000000000000, -50.00000000000000711, 20.00000000000000000 ) ) ;
#3413 = CIRCLE ( 'NONE', #173, 1.700000000000000178 ) ;
#3414 = DIRECTION ( 'NONE',  ( 1.000000000000000000, 0.000000000000000000, 0.000000000000000000 ) ) ;
#3415 = ORIENTED_EDGE ( 'NONE', *, *, #1902, .T. ) ;
#3416 = CARTESIAN_POINT ( 'NONE',  ( -30.00000000000019185, -45.00000000000038369, 0.000000000000000000 ) ) ;
#3417 = VECTOR ( 'NONE', #2330, 1000.000000000000000 ) ;
#3418 = VECTOR ( 'NONE', #3050, 1000.000000000000000 ) ;
#3419 = FACE_BOUND ( 'NONE', #3542, .T. ) ;
#3420 = CYLINDRICAL_SURFACE ( 'NONE', #1153, 2.500000000000002220 ) ;
#3421 = CIRCLE ( 'NONE', #2022, 1.700000000000000178 ) ;
#3422 = ORIENTED_EDGE ( 'NONE', *, *, #1234, .T. ) ;
#3423 = DIRECTION ( 'NONE',  ( -0.000000000000000000, -0.000000000000000000, 1.000000000000000000 ) ) ;
#3424 = EDGE_LOOP ( 'NONE', ( #2482, #3873, #1968, #1765 ) ) ;
#3425 = CARTESIAN_POINT ( 'NONE',  ( 50.00000000000110845, -25.00000000000010303, -0.001000000000001000089 ) ) ;
#3426 = CARTESIAN_POINT ( 'NONE',  ( 54.99999999999985789, 35.00000000000014211, 20.00000000000000000 ) ) ;
#3427 = CIRCLE ( 'NONE', #1073, 2.499999999999523492 ) ;
#3428 = ORIENTED_EDGE ( 'NONE', *, *, #3090, .T. ) ;
#3429 = ORIENTED_EDGE ( 'NONE', *, *, #789, .T. ) ;
#3430 = DIRECTION ( 'NONE',  ( 1.000000000000000000, 0.000000000000000000, 0.000000000000000000 ) ) ;
#3431 = FACE_OUTER_BOUND ( 'NONE', #3923, .T. ) ;
#3432 = CYLINDRICAL_SURFACE ( 'NONE', #3553, 2.500000000000009326 ) ;
#3433 = EDGE_LOOP ( 'NONE', ( #982, #2082 ) ) ;
#3434 = CARTESIAN_POINT ( 'NONE',  ( -49.99999999999995737, 45.00000000000017764, 0.000000000000000000 ) ) ;
#3435 = CARTESIAN_POINT ( 'NONE',  ( -34.18354270291755626, 14.15928699750846853, 14.00000000000000000 ) ) ;
#3436 = CARTESIAN_POINT ( 'NONE',  ( 54.99999999999985789, 35.00000000000014211, 0.000000000000000000 ) ) ;
#3437 = CARTESIAN_POINT ( 'NONE',  ( -45.00000000000043343, -15.00000000000019362, -0.001000000000001000089 ) ) ;
#3438 = ORIENTED_EDGE ( 'NONE', *, *, #333, .F. ) ;
#3439 = FACE_BOUND ( 'NONE', #3462, .T. ) ;
#3440 = VERTEX_POINT ( 'NONE', #1291 ) ;
#3441 = DIRECTION ( 'NONE',  ( -0.000000000000000000, -0.000000000000000000, 1.000000000000000000 ) ) ;
#3442 = DIRECTION ( 'NONE',  ( 1.000000000000000000, 0.000000000000000000, 0.000000000000000000 ) ) ;
#3443 = EDGE_CURVE ( 'NONE', #2655, #885, #3218, .T. ) ;
#3444 = EDGE_CURVE ( 'NONE', #2917, #311, #4097, .T. ) ;
#3445 = EDGE_LOOP ( 'NONE', ( #1840, #1703 ) ) ;
#3446 = ORIENTED_EDGE ( 'NONE', *, *, #883, .F. ) ;
#3447 = DIRECTION ( 'NONE',  ( 1.000000000000000000, 0.000000000000000000, 0.000000000000000000 ) ) ;
#3448 = FACE_OUTER_BOUND ( 'NONE', #2347, .T. ) ;
#3449 = AXIS2_PLACEMENT_3D ( 'NONE', #353, #3920, #998 ) ;
#3450 = DIRECTION ( 'NONE',  ( 1.000000000000000000, 0.000000000000000000, 0.000000000000000000 ) ) ;
#3451 = DIRECTION ( 'NONE',  ( 0.000000000000000000, 0.000000000000000000, 1.000000000000000000 ) ) ;
#3452 = VERTEX_POINT ( 'NONE', #718 ) ;
#3453 = DIRECTION ( 'NONE',  ( 1.000000000000000000, 0.000000000000000000, 0.000000000000000000 ) ) ;
#3454 = EDGE_CURVE ( 'NONE', #32, #2339, #2276, .T. ) ;
#3455 = ADVANCED_FACE ( 'NONE', ( #1362 ), #970, .F. ) ;
#3456 = DIRECTION ( 'NONE',  ( 0.000000000000000000, 0.000000000000000000, 1.000000000000000000 ) ) ;
#3457 = DIRECTION ( 'NONE',  ( -0.000000000000000000, -0.000000000000000000, 1.000000000000000000 ) ) ;
#3458 = CARTESIAN_POINT ( 'NONE',  ( -35.00000000000009237, -35.00000000000041922, 0.000000000000000000 ) ) ;
#3459 = AXIS2_PLACEMENT_3D ( 'NONE', #665, #1596, #2186 ) ;
#3460 = CARTESIAN_POINT ( 'NONE',  ( 47.50000000000110134, -25.00000000000010303, -0.001000000000001000089 ) ) ;
#3461 = EDGE_CURVE ( 'NONE', #1898, #1288, #3957, .T. ) ;
#3462 = EDGE_LOOP ( 'NONE', ( #700, #2090 ) ) ;
#3463 = CARTESIAN_POINT ( 'NONE',  ( 55.00000000000102318, 15.00000000000004441, 0.000000000000000000 ) ) ;
#3464 = VERTEX_POINT ( 'NONE', #1059 ) ;
#3465 = CARTESIAN_POINT ( 'NONE',  ( -37.50000000000017053, -45.00000000000031974, 20.00000000000000000 ) ) ;
#3466 = AXIS2_PLACEMENT_3D ( 'NONE', #3938, #2989, #675 ) ;
#3467 = DIRECTION ( 'NONE',  ( 0.000000000000000000, 0.000000000000000000, 1.000000000000000000 ) ) ;
#3468 = EDGE_CURVE ( 'NONE', #1561, #3047, #1461, .T. ) ;
#3469 = AXIS2_PLACEMENT_3D ( 'NONE', #3180, #274, #3515 ) ;
#3470 = EDGE_CURVE ( 'NONE', #358, #1288, #175, .T. ) ;
#3471 = ORIENTED_EDGE ( 'NONE', *, *, #1271, .F. ) ;
#3472 = ORIENTED_EDGE ( 'NONE', *, *, #512, .T. ) ;
#3473 = DIRECTION ( 'NONE',  ( -0.000000000000000000, -0.000000000000000000, 1.000000000000000000 ) ) ;
#3474 = CARTESIAN_POINT ( 'NONE',  ( 14.15928699750810438, 34.18354270291769836, 0.000000000000000000 ) ) ;
#3475 = DIRECTION ( 'NONE',  ( -1.000000000000000000, 0.000000000000000000, -0.000000000000000000 ) ) ;
#3476 = EDGE_LOOP ( 'NONE', ( #291, #3812, #3898, #3043 ) ) ;
#3477 = CARTESIAN_POINT ( 'NONE',  ( -52.50000000000071765, -15.00000000000005862, 0.000000000000000000 ) ) ;
#3478 = ORIENTED_EDGE ( 'NONE', *, *, #1657, .T. ) ;
#3479 = DIRECTION ( 'NONE',  ( 1.000000000000000000, 0.000000000000000000, 0.000000000000000000 ) ) ;
#3480 = AXIS2_PLACEMENT_3D ( 'NONE', #3136, #2824, #619 ) ;
#3481 = EDGE_CURVE ( 'NONE', #2367, #3452, #3574, .T. ) ;
#3482 = EDGE_CURVE ( 'NONE', #966, #1432, #1258, .T. ) ;
#3483 = DIRECTION ( 'NONE',  ( -1.000000000000000000, 0.000000000000000000, 0.000000000000000000 ) ) ;
#3484 = AXIS2_PLACEMENT_3D ( 'NONE', #666, #3262, #2640 ) ;
#3485 = CARTESIAN_POINT ( 'NONE',  ( -54.99999999999985079, 35.00000000000014211, 0.000000000000000000 ) ) ;
#3486 = FACE_OUTER_BOUND ( 'NONE', #3974, .T. ) ;
#3487 = DIRECTION ( 'NONE',  ( 1.000000000000000000, 0.000000000000000000, 0.000000000000000000 ) ) ;
#3488 = AXIS2_PLACEMENT_3D ( 'NONE', #1245, #901, #3850 ) ;
#3489 = CARTESIAN_POINT ( 'NONE',  ( -42.50000000000043343, -15.00000000000019362, -0.001000000000001000089 ) ) ;
#3490 = AXIS2_PLACEMENT_3D ( 'NONE', #2624, #3912, #1260 ) ;
#3491 = ORIENTED_EDGE ( 'NONE', *, *, #1788, .T. ) ;
#3492 = AXIS2_PLACEMENT_3D ( 'NONE', #476, #3393, #3044 ) ;
#3493 = LINE ( 'NONE', #290, #707 ) ;
#3494 = ORIENTED_EDGE ( 'NONE', *, *, #456, .T. ) ;
#3495 = AXIS2_PLACEMENT_3D ( 'NONE', #1954, #3578, #680 ) ;
#3496 = ORIENTED_EDGE ( 'NONE', *, *, #3524, .F. ) ;
#3497 = FACE_OUTER_BOUND ( 'NONE', #3206, .T. ) ;
#3498 = DIRECTION ( 'NONE',  ( -1.000000000000000000, 0.000000000000000000, 0.000000000000000000 ) ) ;
#3499 = FACE_BOUND ( 'NONE', #1690, .T. ) ;
#3500 = ORIENTED_EDGE ( 'NONE', *, *, #41, .F. ) ;
#3501 = SURFACE_STYLE_FILL_AREA ( #916 ) ;
#3502 = ORIENTED_EDGE ( 'NONE', *, *, #1462, .F. ) ;
#3503 = CARTESIAN_POINT ( 'NONE',  ( -37.49999999999955236, 35.00000000000041922, 20.00000000000000000 ) ) ;
#3504 = CARTESIAN_POINT ( 'NONE',  ( 49.99999999999995737, -45.00000000000017764, -0.001000000000001000089 ) ) ;
#3505 = LINE ( 'NONE', #2490, #48 ) ;
#3506 = DIRECTION ( 'NONE',  ( -1.000000000000000000, 0.000000000000000000, 0.000000000000000000 ) ) ;
#3507 = DIRECTION ( 'NONE',  ( 1.000000000000000000, 0.000000000000000000, 0.000000000000000000 ) ) ;
#3508 = DIRECTION ( 'NONE',  ( -0.000000000000000000, -0.000000000000000000, 1.000000000000000000 ) ) ;
#3509 = EDGE_LOOP ( 'NONE', ( #681, #3332, #1743, #3266 ) ) ;
#3510 = PRODUCT_CONTEXT ( 'NONE', #620, 'mechanical' ) ;
#3511 = CYLINDRICAL_SURFACE ( 'NONE', #1612, 1.700000000000001954 ) ;
#3512 = EDGE_CURVE ( 'NONE', #3242, #18, #3629, .T. ) ;
#3513 = ORIENTED_EDGE ( 'NONE', *, *, #1179, .F. ) ;
#3514 = VERTEX_POINT ( 'NONE', #2018 ) ;
#3515 = DIRECTION ( 'NONE',  ( 1.000000000000000000, 0.000000000000000000, 0.000000000000000000 ) ) ;
#3516 = LINE ( 'NONE', #2933, #3080 ) ;
#3517 = FACE_BOUND ( 'NONE', #1470, .T. ) ;
#3518 = ORIENTED_EDGE ( 'NONE', *, *, #2886, .T. ) ;
#3519 = AXIS2_PLACEMENT_3D ( 'NONE', #266, #1587, #1817 ) ;
#3520 = DIRECTION ( 'NONE',  ( -0.000000000000000000, -0.000000000000000000, 1.000000000000000000 ) ) ;
#3521 = ORIENTED_EDGE ( 'NONE', *, *, #4134, .F. ) ;
#3522 = LINE ( 'NONE', #1669, #4172 ) ;
#3523 = DIRECTION ( 'NONE',  ( -0.000000000000000000, -0.000000000000000000, 1.000000000000000000 ) ) ;
#3524 = EDGE_CURVE ( 'NONE', #544, #1020, #1037, .T. ) ;
#3525 = EDGE_CURVE ( 'NONE', #2411, #2244, #3398, .T. ) ;
#3526 = CARTESIAN_POINT ( 'NONE',  ( -52.50000000000141398, 35.00000000000014211, 0.000000000000000000 ) ) ;
#3527 = CARTESIAN_POINT ( 'NONE',  ( -49.99999999999995737, 45.00000000000017764, 0.000000000000000000 ) ) ;
#3528 = CARTESIAN_POINT ( 'NONE',  ( -54.99999999999985079, 35.00000000000014211, 20.00000000000000000 ) ) ;
#3529 = FACE_BOUND ( 'NONE', #1114, .T. ) ;
#3530 = EDGE_LOOP ( 'NONE', ( #1316, #906 ) ) ;
#3531 = DIRECTION ( 'NONE',  ( -0.000000000000000000, -0.000000000000000000, 1.000000000000000000 ) ) ;
#3532 = CARTESIAN_POINT ( 'NONE',  ( -57.50000000000110845, -24.99999999999998934, -0.001000000000001000089 ) ) ;
#3533 = PRODUCT_DEFINITION_FORMATION_WITH_SPECIFIED_SOURCE ( '浠', '', #97, .NOT_KNOWN. ) ;
#3534 = EDGE_CURVE ( 'NONE', #1753, #1682, #329, .T. ) ;
#3535 = ORIENTED_EDGE ( 'NONE', *, *, #4098, .T. ) ;
#3536 = ORIENTED_EDGE ( 'NONE', *, *, #3468, .T. ) ;
#3537 = CYLINDRICAL_SURFACE ( 'NONE', #1441, 2.500000000000120348 ) ;
#3538 = CYLINDRICAL_SURFACE ( 'NONE', #3822, 2.499999999999904965 ) ;
#3539 = EDGE_CURVE ( 'NONE', #2805, #1577, #3347, .T. ) ;
#3540 = FACE_BOUND ( 'NONE', #1414, .T. ) ;
#3541 = CIRCLE ( 'NONE', #437, 2.500000000000543565 ) ;
#3542 = EDGE_LOOP ( 'NONE', ( #492, #3636 ) ) ;
#3543 = FACE_OUTER_BOUND ( 'NONE', #449, .T. ) ;
#3544 = ORIENTED_EDGE ( 'NONE', *, *, #2926, .T. ) ;
#3545 = DIRECTION ( 'NONE',  ( -1.000000000000000000, 0.000000000000000000, 0.000000000000000000 ) ) ;
#3546 = VECTOR ( 'NONE', #1907, 1000.000000000000000 ) ;
#3547 = CARTESIAN_POINT ( 'NONE',  ( 49.99999999999995737, 45.00000000000017764, -0.001000000000001000089 ) ) ;
#3548 = CIRCLE ( 'NONE', #1732, 2.499999999999995115 ) ;
#3549 = EDGE_LOOP ( 'NONE', ( #2555, #2909, #4017, #1838 ) ) ;
#3550 = CARTESIAN_POINT ( 'NONE',  ( 30.00000000000019185, 45.00000000000038369, -0.001000000000001000089 ) ) ;
#3551 = CARTESIAN_POINT ( 'NONE',  ( 30.00000000000019185, -45.00000000000038369, 20.00000000000000000 ) ) ;
#3552 = DIRECTION ( 'NONE',  ( -0.000000000000000000, -0.000000000000000000, 1.000000000000000000 ) ) ;
#3553 = AXIS2_PLACEMENT_3D ( 'NONE', #2147, #4117, #578 ) ;
#3554 = DIRECTION ( 'NONE',  ( 0.000000000000000000, 0.000000000000000000, 1.000000000000000000 ) ) ;
#3555 = VERTEX_POINT ( 'NONE', #234 ) ;
#3556 =( LENGTH_UNIT ( ) NAMED_UNIT ( * ) SI_UNIT ( .MILLI., .METRE. ) );
#3557 = DIRECTION ( 'NONE',  ( 0.000000000000000000, 0.000000000000000000, 1.000000000000000000 ) ) ;
#3558 = AXIS2_PLACEMENT_3D ( 'NONE', #875, #1862, #245 ) ;
#3559 = CIRCLE ( 'NONE', #2078, 2.499999999999495515 ) ;
#3560 = CIRCLE ( 'NONE', #1745, 2.499999999999904965 ) ;
#3561 = VERTEX_POINT ( 'NONE', #2076 ) ;
#3562 = VERTEX_POINT ( 'NONE', #3321 ) ;
#3563 = LINE ( 'NONE', #2548, #1452 ) ;
#3564 = DIRECTION ( 'NONE',  ( 0.000000000000000000, -0.000000000000000000, 1.000000000000000000 ) ) ;
#3565 = DIRECTION ( 'NONE',  ( 1.000000000000000000, 0.000000000000000000, 0.000000000000000000 ) ) ;
#3566 = AXIS2_PLACEMENT_3D ( 'NONE', #2285, #3640, #2647 ) ;
#3567 = VERTEX_POINT ( 'NONE', #442 ) ;
#3568 = LINE ( 'NONE', #2302, #2553 ) ;
#3569 = EDGE_LOOP ( 'NONE', ( #3496, #2567, #3577, #381 ) ) ;
#3570 = CYLINDRICAL_SURFACE ( 'NONE', #120, 2.499999999999495515 ) ;
#3571 = DIRECTION ( 'NONE',  ( 0.000000000000000000, 0.000000000000000000, 1.000000000000000000 ) ) ;
#3572 = ORIENTED_EDGE ( 'NONE', *, *, #1658, .F. ) ;
#3573 = FACE_OUTER_BOUND ( 'NONE', #3579, .T. ) ;
#3574 = LINE ( 'NONE', #741, #3417 ) ;
#3575 = CARTESIAN_POINT ( 'NONE',  ( 62.50000000000113687, 24.99999999999997868, -0.001000000000001000089 ) ) ;
#3576 = DIRECTION ( 'NONE',  ( 0.000000000000000000, 0.000000000000000000, 1.000000000000000000 ) ) ;
#3577 = ORIENTED_EDGE ( 'NONE', *, *, #3534, .T. ) ;
#3578 = DIRECTION ( 'NONE',  ( -0.000000000000000000, -0.000000000000000000, 1.000000000000000000 ) ) ;
#3579 = EDGE_LOOP ( 'NONE', ( #1074, #1602, #2499, #4004 ) ) ;
#3580 = EDGE_CURVE ( 'NONE', #2975, #1463, #779, .T. ) ;
#3581 = VERTEX_POINT ( 'NONE', #759 ) ;
#3582 = EDGE_CURVE ( 'NONE', #3581, #3858, #775, .T. ) ;
#3583 = DIRECTION ( 'NONE',  ( 0.000000000000000000, 0.000000000000000000, 1.000000000000000000 ) ) ;
#3584 = DIRECTION ( 'NONE',  ( -0.000000000000000000, -0.000000000000000000, 1.000000000000000000 ) ) ;
#3585 = CARTESIAN_POINT ( 'NONE',  ( -54.99999999999985789, -35.00000000000014211, 0.000000000000000000 ) ) ;
#3586 = EDGE_LOOP ( 'NONE', ( #1419, #2625, #1975, #2609 ) ) ;
#3587 = CYLINDRICAL_SURFACE ( 'NONE', #3365, 2.500000000000002220 ) ;
#3588 = ORIENTED_EDGE ( 'NONE', *, *, #212, .T. ) ;
#3589 = DIRECTION ( 'NONE',  ( -1.000000000000000000, 0.000000000000000000, 0.000000000000000000 ) ) ;
#3590 = CLOSED_SHELL ( 'NONE', ( #2349, #354, #2399, #2614, #3139, #3364, #30, #1087, #3853, #1354, #2363, #2146, #93, #3894, #1546, #2585, #3658, #2450, #1578, #403, #2713, #1943, #2903, #3597, #2153, #2225, #1477, #297, #4103, #1358, #1293, #1102, #3711, #2516, #2838, #411, #2214, #1890, #3019, #51, #3153, #3159, #2306, #3408, #1460, #1034, #784, #2603, #1956, #1837, #2896, #3327, #1451, #23, #1401, #3030, #960, #2830, #150, #3355, #2786, #2913, #3052, #1197, #1083, #3053, #1771, #484, #1958, #1772, #3843, #3674, #2972, #1214, #713, #392, #3772, #671, #949, #3592, #1684, #331, #2095, #727, #658, #2051, #3960, #2732, #2415, #2846, #477, #2575, #799, #1404, #3309, #1521, #1145, #1475, #1592, #952, #4077, #1858, #11, #3002, #590, #4050, #2905, #3781, #2292, #3795, #2040, #3852, #3828, #1156, #3455, #1913 ) ) ;
#3591 = CYLINDRICAL_SURFACE ( 'NONE', #1877, 2.500000000000002220 ) ;
#3592 = ADVANCED_FACE ( 'NONE', ( #4015 ), #3344, .F. ) ;
#3593 = ORIENTED_EDGE ( 'NONE', *, *, #154, .F. ) ;
#3594 = CYLINDRICAL_SURFACE ( 'NONE', #1992, 2.499999999999447109 ) ;
#3595 = CARTESIAN_POINT ( 'NONE',  ( -59.99999999999995737, 45.00000000000007816, -0.001000000000001000089 ) ) ;
#3596 = CARTESIAN_POINT ( 'NONE',  ( 44.99999999999997158, -35.00000000000024869, 20.00000000000000000 ) ) ;
#3597 = ADVANCED_FACE ( 'NONE', ( #1536 ), #2377, .F. ) ;
#3598 = AXIS2_PLACEMENT_3D ( 'NONE', #677, #1653, #719 ) ;
#3599 = DIRECTION ( 'NONE',  ( -1.000000000000000000, 0.000000000000000000, 0.000000000000000000 ) ) ;
#3600 = EDGE_CURVE ( 'NONE', #3858, #3581, #2601, .T. ) ;
#3601 = ORIENTED_EDGE ( 'NONE', *, *, #516, .T. ) ;
#3602 = CARTESIAN_POINT ( 'NONE',  ( 57.50000000000091660, 35.00000000000014211, 0.000000000000000000 ) ) ;
#3603 = EDGE_LOOP ( 'NONE', ( #642, #1086 ) ) ;
#3604 = EDGE_LOOP ( 'NONE', ( #2506, #4003 ) ) ;
#3605 = DIRECTION ( 'NONE',  ( -0.000000000000000000, -0.000000000000000000, 1.000000000000000000 ) ) ;
#3606 = CARTESIAN_POINT ( 'NONE',  ( 67.50000000000000000, -50.00000000000000711, 20.00000000000000000 ) ) ;
#3607 = CARTESIAN_POINT ( 'NONE',  ( 55.00000000000103029, -15.00000000000003020, 20.00000000000000000 ) ) ;
#3608 = AXIS2_PLACEMENT_3D ( 'NONE', #1089, #1428, #703 ) ;
#3609 = AXIS2_PLACEMENT_3D ( 'NONE', #3416, #2218, #2125 ) ;
#3610 = AXIS2_PLACEMENT_3D ( 'NONE', #171, #2740, #4059 ) ;
#3611 = EDGE_LOOP ( 'NONE', ( #3127, #1253, #3310, #1024 ) ) ;
#3612 = CYLINDRICAL_SURFACE ( 'NONE', #922, 2.499999999999460876 ) ;
#3613 = ORIENTED_EDGE ( 'NONE', *, *, #883, .T. ) ;
#3614 = DIRECTION ( 'NONE',  ( 1.000000000000000000, 0.000000000000000000, 0.000000000000000000 ) ) ;
#3615 = AXIS2_PLACEMENT_3D ( 'NONE', #3825, #3849, #2535 ) ;
#3616 = CARTESIAN_POINT ( 'NONE',  ( 62.50000000000113687, 24.99999999999997868, 0.000000000000000000 ) ) ;
#3617 = VERTEX_POINT ( 'NONE', #3701 ) ;
#3618 = DIRECTION ( 'NONE',  ( 1.000000000000000000, 0.000000000000000000, 0.000000000000000000 ) ) ;
#3619 = DIRECTION ( 'NONE',  ( 1.000000000000000000, 0.000000000000000000, 0.000000000000000000 ) ) ;
#3620 = AXIS2_PLACEMENT_3D ( 'NONE', #1763, #2456, #3725 ) ;
#3621 = LINE ( 'NONE', #3575, #3058 ) ;
#3622 = EDGE_CURVE ( 'NONE', #1768, #2323, #1421, .T. ) ;
#3623 = FACE_BOUND ( 'NONE', #3391, .T. ) ;
#3624 = ORIENTED_EDGE ( 'NONE', *, *, #2409, .T. ) ;
#3625 = VECTOR ( 'NONE', #2620, 1000.000000000000000 ) ;
#3626 = AXIS2_PLACEMENT_3D ( 'NONE', #618, #2911, #1620 ) ;
#3627 = ORIENTED_EDGE ( 'NONE', *, *, #1804, .T. ) ;
#3628 = ORIENTED_EDGE ( 'NONE', *, *, #1777, .F. ) ;
#3629 = CIRCLE ( 'NONE', #1797, 2.500000000000002220 ) ;
#3630 = CARTESIAN_POINT ( 'NONE',  ( 60.00000000000112976, -24.99999999999996447, -0.001000000000001000089 ) ) ;
#3631 = CARTESIAN_POINT ( 'NONE',  ( -42.49999999999889866, 45.00000000000031974, -0.001000000000001000089 ) ) ;
#3632 = CARTESIAN_POINT ( 'NONE',  ( 52.50000000000102318, 15.00000000000004441, -0.001000000000001000089 ) ) ;
#3633 = AXIS2_PLACEMENT_3D ( 'NONE', #1225, #3175, #2513 ) ;
#3634 = ORIENTED_EDGE ( 'NONE', *, *, #154, .T. ) ;
#3635 = CARTESIAN_POINT ( 'NONE',  ( -62.50000000000113687, 24.99999999999997868, 20.00000000000000000 ) ) ;
#3636 = ORIENTED_EDGE ( 'NONE', *, *, #1646, .T. ) ;
#3637 = CARTESIAN_POINT ( 'NONE',  ( 42.50000000000019185, 45.00000000000031974, 0.000000000000000000 ) ) ;
#3638 = CIRCLE ( 'NONE', #384, 1.700000000000000178 ) ;
#3639 = AXIS2_PLACEMENT_3D ( 'NONE', #2374, #2689, #1055 ) ;
#3640 = DIRECTION ( 'NONE',  ( -0.000000000000000000, -0.000000000000000000, 1.000000000000000000 ) ) ;
#3641 = VERTEX_POINT ( 'NONE', #464 ) ;
#3642 = DIRECTION ( 'NONE',  ( -0.000000000000000000, -0.000000000000000000, 1.000000000000000000 ) ) ;
#3643 = DIRECTION ( 'NONE',  ( -0.000000000000000000, -0.000000000000000000, 1.000000000000000000 ) ) ;
#3644 = DIRECTION ( 'NONE',  ( -0.000000000000000000, -0.000000000000000000, 1.000000000000000000 ) ) ;
#3645 = EDGE_CURVE ( 'NONE', #3452, #2024, #2738, .T. ) ;
#3646 = DIRECTION ( 'NONE',  ( 1.000000000000000000, 0.000000000000000000, 0.000000000000000000 ) ) ;
#3647 = ORIENTED_EDGE ( 'NONE', *, *, #2973, .T. ) ;
#3648 = ORIENTED_EDGE ( 'NONE', *, *, #3444, .T. ) ;
#3649 = EDGE_CURVE ( 'NONE', #1627, #1946, #164, .T. ) ;
#3650 = ORIENTED_EDGE ( 'NONE', *, *, #2275, .F. ) ;
#3651 = DIRECTION ( 'NONE',  ( -0.000000000000000000, -0.000000000000000000, -1.000000000000000000 ) ) ;
#3652 = CYLINDRICAL_SURFACE ( 'NONE', #2343, 2.500000000001195488 ) ;
#3653 = EDGE_CURVE ( 'NONE', #347, #2701, #1455, .T. ) ;
#3654 = ORIENTED_EDGE ( 'NONE', *, *, #3977, .T. ) ;
#3655 = DIRECTION ( 'NONE',  ( -1.000000000000000000, 0.000000000000000000, 0.000000000000000000 ) ) ;
#3656 = EDGE_LOOP ( 'NONE', ( #1365, #2930, #2906, #2568 ) ) ;
#3657 = CARTESIAN_POINT ( 'NONE',  ( -62.49999999999808864, 45.00000000000007816, 0.000000000000000000 ) ) ;
#3658 = ADVANCED_FACE ( 'NONE', ( #1209 ), #3982, .F. ) ;
#3659 = DIRECTION ( 'NONE',  ( -1.000000000000000000, 0.000000000000000000, 0.000000000000000000 ) ) ;
#3660 = VERTEX_POINT ( 'NONE', #3999 ) ;
#3661 = FACE_OUTER_BOUND ( 'NONE', #387, .T. ) ;
#3662 = DIRECTION ( 'NONE',  ( 0.000000000000000000, 0.000000000000000000, 1.000000000000000000 ) ) ;
#3663 = DIRECTION ( 'NONE',  ( -0.000000000000000000, -0.000000000000000000, 1.000000000000000000 ) ) ;
#3664 = VECTOR ( 'NONE', #1499, 1000.000000000000000 ) ;
#3665 = EDGE_CURVE ( 'NONE', #2982, #3242, #1100, .T. ) ;
#3666 = CARTESIAN_POINT ( 'NONE',  ( 47.49999999999810285, -45.00000000000017764, -0.001000000000001000089 ) ) ;
#3667 = AXIS2_PLACEMENT_3D ( 'NONE', #1950, #330, #377 ) ;
#3668 = EDGE_LOOP ( 'NONE', ( #1010, #134 ) ) ;
#3669 = AXIS2_PLACEMENT_3D ( 'NONE', #2229, #1889, #881 ) ;
#3670 = ORIENTED_EDGE ( 'NONE', *, *, #1606, .F. ) ;
#3671 = ORIENTED_EDGE ( 'NONE', *, *, #2365, .F. ) ;
#3672 = CARTESIAN_POINT ( 'NONE',  ( -57.50000000000131450, 15.00000000000004441, -0.001000000000001000089 ) ) ;
#3673 = CARTESIAN_POINT ( 'NONE',  ( 60.00000000000112976, -24.99999999999996447, 20.00000000000000000 ) ) ;
#3674 = ADVANCED_FACE ( 'NONE', ( #1757 ), #2393, .F. ) ;
#3675 = ORIENTED_EDGE ( 'NONE', *, *, #1531, .T. ) ;
#3676 = CARTESIAN_POINT ( 'NONE',  ( 37.49999999999888445, -45.00000000000031974, 20.00000000000000000 ) ) ;
#3677 = EDGE_LOOP ( 'NONE', ( #1590, #598 ) ) ;
#3678 = LINE ( 'NONE', #753, #1944 ) ;
#3679 = AXIS2_PLACEMENT_3D ( 'NONE', #2109, #128, #801 ) ;
#3680 = CIRCLE ( 'NONE', #3610, 2.500000000000293543 ) ;
#3681 = ORIENTED_EDGE ( 'NONE', *, *, #2410, .T. ) ;
#3682 = CARTESIAN_POINT ( 'NONE',  ( -52.50000000000072475, 15.00000000000004441, 20.00000000000000000 ) ) ;
#3683 = DIRECTION ( 'NONE',  ( -1.000000000000000000, 0.000000000000000000, -0.000000000000000000 ) ) ;
#3684 = DIRECTION ( 'NONE',  ( -0.000000000000000000, -0.000000000000000000, 1.000000000000000000 ) ) ;
#3685 = ORIENTED_EDGE ( 'NONE', *, *, #4151, .T. ) ;
#3686 = CIRCLE ( 'NONE', #1320, 2.500000000000023093 ) ;
#3687 = EDGE_LOOP ( 'NONE', ( #3890, #1104 ) ) ;
#3688 = VECTOR ( 'NONE', #1738, 1000.000000000000000 ) ;
#3689 = ORIENTED_EDGE ( 'NONE', *, *, #4165, .F. ) ;
#3690 = DIRECTION ( 'NONE',  ( -0.000000000000000000, -0.000000000000000000, -1.000000000000000000 ) ) ;
#3691 = CARTESIAN_POINT ( 'NONE',  ( -52.49999999999813127, 45.00000000000017764, 20.00000000000000000 ) ) ;
#3692 = ORIENTED_EDGE ( 'NONE', *, *, #3976, .F. ) ;
#3693 = ORIENTED_EDGE ( 'NONE', *, *, #1524, .F. ) ;
#3694 = DIRECTION ( 'NONE',  ( -0.000000000000000000, -0.000000000000000000, 1.000000000000000000 ) ) ;
#3695 = AXIS2_PLACEMENT_3D ( 'NONE', #1458, #2752, #2734 ) ;
#3696 = CIRCLE ( 'NONE', #50, 2.499999999998177458 ) ;
#3697 = AXIS2_PLACEMENT_3D ( 'NONE', #2253, #3360, #3021 ) ;
#3698 = VERTEX_POINT ( 'NONE', #4088 ) ;
#3699 = CIRCLE ( 'NONE', #2692, 2.500000000000002220 ) ;
#3700 = LINE ( 'NONE', #497, #2520 ) ;
#3701 = CARTESIAN_POINT ( 'NONE',  ( -32.50000000000063238, 35.00000000000041922, 20.00000000000000000 ) ) ;
#3702 = CIRCLE ( 'NONE', #3978, 2.500000000000765610 ) ;
#3703 = AXIS2_PLACEMENT_3D ( 'NONE', #2577, #3456, #924 ) ;
#3704 = CARTESIAN_POINT ( 'NONE',  ( -54.99999999999985079, 35.00000000000014211, -0.001000000000001000089 ) ) ;
#3705 = ORIENTED_EDGE ( 'NONE', *, *, #3461, .T. ) ;
#3706 = ORIENTED_EDGE ( 'NONE', *, *, #1843, .T. ) ;
#3707 = VERTEX_POINT ( 'NONE', #2094 ) ;
#3708 = CARTESIAN_POINT ( 'NONE',  ( 57.49999999999806732, -45.00000000000007816, -0.001000000000001000089 ) ) ;
#3709 = DIRECTION ( 'NONE',  ( 0.000000000000000000, 0.000000000000000000, 1.000000000000000000 ) ) ;
#3710 = EDGE_CURVE ( 'NONE', #2248, #2761, #3790, .T. ) ;
#3711 = ADVANCED_FACE ( 'NONE', ( #2483 ), #143, .F. ) ;
#3712 = ORIENTED_EDGE ( 'NONE', *, *, #469, .T. ) ;
#3713 = VERTEX_POINT ( 'NONE', #2589 ) ;
#3714 = CARTESIAN_POINT ( 'NONE',  ( 62.50000000000072475, 45.00000000000007816, -0.001000000000001000089 ) ) ;
#3715 = ORIENTED_EDGE ( 'NONE', *, *, #82, .F. ) ;
#3716 = DIRECTION ( 'NONE',  ( -0.000000000000000000, -0.000000000000000000, -1.000000000000000000 ) ) ;
#3717 = EDGE_CURVE ( 'NONE', #1046, #569, #2336, .T. ) ;
#3718 = DIRECTION ( 'NONE',  ( 1.000000000000000000, 0.000000000000000000, 0.000000000000000000 ) ) ;
#3719 = EDGE_CURVE ( 'NONE', #549, #3707, #983, .T. ) ;
#3720 = VERTEX_POINT ( 'NONE', #3840 ) ;
#3721 = CIRCLE ( 'NONE', #2504, 2.499999999998434141 ) ;
#3722 = ORIENTED_EDGE ( 'NONE', *, *, #1281, .T. ) ;
#3723 = ORIENTED_EDGE ( 'NONE', *, *, #343, .F. ) ;
#3724 = LINE ( 'NONE', #2794, #2332 ) ;
#3725 = DIRECTION ( 'NONE',  ( 1.000000000000000000, 0.000000000000000000, 0.000000000000000000 ) ) ;
#3726 = ORIENTED_EDGE ( 'NONE', *, *, #1425, .T. ) ;
#3727 = ORIENTED_EDGE ( 'NONE', *, *, #523, .T. ) ;
#3728 = DIRECTION ( 'NONE',  ( 0.000000000000000000, 0.000000000000000000, 1.000000000000000000 ) ) ;
#3729 = CYLINDRICAL_SURFACE ( 'NONE', #3282, 2.499999999999447109 ) ;
#3730 = DIRECTION ( 'NONE',  ( 0.000000000000000000, 1.000000000000000000, 0.000000000000000000 ) ) ;
#3731 = VERTEX_POINT ( 'NONE', #2910 ) ;
#3732 = DIRECTION ( 'NONE',  ( -0.000000000000000000, -0.000000000000000000, 1.000000000000000000 ) ) ;
#3733 = CARTESIAN_POINT ( 'NONE',  ( -47.49999999999878497, 35.00000000000024869, -0.001000000000001000089 ) ) ;
#3734 = CARTESIAN_POINT ( 'NONE',  ( 52.50000000000103029, -15.00000000000003020, -0.001000000000001000089 ) ) ;
#3735 = EDGE_CURVE ( 'NONE', #2301, #2723, #225, .T. ) ;
#3736 = AXIS2_PLACEMENT_3D ( 'NONE', #3163, #1278, #318 ) ;
#3737 = ORIENTED_EDGE ( 'NONE', *, *, #1271, .T. ) ;
#3738 = LINE ( 'NONE', #2452, #2963 ) ;
#3739 = ORIENTED_EDGE ( 'NONE', *, *, #979, .T. ) ;
#3740 = CARTESIAN_POINT ( 'NONE',  ( -35.00000000000009237, 35.00000000000041922, 20.00000000000000000 ) ) ;
#3741 = FACE_OUTER_BOUND ( 'NONE', #2648, .T. ) ;
#3742 = CIRCLE ( 'NONE', #166, 2.499999999999995115 ) ;
#3743 = ORIENTED_EDGE ( 'NONE', *, *, #1902, .F. ) ;
#3744 = VERTEX_POINT ( 'NONE', #2861 ) ;
#3745 = CARTESIAN_POINT ( 'NONE',  ( -49.99999999999995737, -45.00000000000017764, 20.00000000000000000 ) ) ;
#3746 = CARTESIAN_POINT ( 'NONE',  ( -30.00000000000019185, 45.00000000000038369, -0.001000000000001000089 ) ) ;
#3747 = AXIS2_PLACEMENT_3D ( 'NONE', #1237, #604, #1828 ) ;
#3748 = LINE ( 'NONE', #2826, #114 ) ;
#3749 = EDGE_LOOP ( 'NONE', ( #845, #1659, #691, #3627 ) ) ;
#3750 = DIRECTION ( 'NONE',  ( -1.000000000000000000, 0.000000000000000000, 0.000000000000000000 ) ) ;
#3751 = VECTOR ( 'NONE', #1586, 1000.000000000000000 ) ;
#3752 = AXIS2_PLACEMENT_3D ( 'NONE', #3704, #803, #3718 ) ;
#3753 = VECTOR ( 'NONE', #493, 1000.000000000000000 ) ;
#3754 = EDGE_CURVE ( 'NONE', #3713, #1544, #2064, .T. ) ;
#3755 = DIRECTION ( 'NONE',  ( -0.000000000000000000, -0.000000000000000000, -1.000000000000000000 ) ) ;
#3756 = DIRECTION ( 'NONE',  ( -0.000000000000000000, -0.000000000000000000, 1.000000000000000000 ) ) ;
#3757 = CARTESIAN_POINT ( 'NONE',  ( 50.00000000000110134, 25.00000000000011724, 20.00000000000000000 ) ) ;
#3758 = EDGE_LOOP ( 'NONE', ( #3062, #3281 ) ) ;
#3759 = FACE_BOUND ( 'NONE', #3114, .T. ) ;
#3760 = EDGE_LOOP ( 'NONE', ( #3681, #1230 ) ) ;
#3761 = DIRECTION ( 'NONE',  ( -0.000000000000000000, -0.000000000000000000, 1.000000000000000000 ) ) ;
#3762 = CARTESIAN_POINT ( 'NONE',  ( -57.50000000000130740, -15.00000000000005862, 20.00000000000000000 ) ) ;
#3763 = EDGE_CURVE ( 'NONE', #3440, #3698, #2869, .T. ) ;
#3764 = EDGE_CURVE ( 'NONE', #1747, #1985, #3223, .T. ) ;
#3765 = ORIENTED_EDGE ( 'NONE', *, *, #326, .T. ) ;
#3766 = EDGE_LOOP ( 'NONE', ( #800, #806 ) ) ;
#3767 = CARTESIAN_POINT ( 'NONE',  ( 0.000000000000000000, 0.000000000000000000, 14.00000000000000000 ) ) ;
#3768 = DIRECTION ( 'NONE',  ( 1.000000000000000000, 0.000000000000000000, 0.000000000000000000 ) ) ;
#3769 = EDGE_CURVE ( 'NONE', #3319, #2827, #3563, .T. ) ;
#3770 = CARTESIAN_POINT ( 'NONE',  ( -40.00000000000007816, -45.00000000000031974, 20.00000000000000000 ) ) ;
#3771 = ORIENTED_EDGE ( 'NONE', *, *, #4136, .F. ) ;
#3772 = ADVANCED_FACE ( 'NONE', ( #3199 ), #617, .F. ) ;
#3773 = DIRECTION ( 'NONE',  ( -1.000000000000000000, 0.000000000000000000, 0.000000000000000000 ) ) ;
#3774 = ORIENTED_EDGE ( 'NONE', *, *, #3911, .F. ) ;
#3775 = FACE_OUTER_BOUND ( 'NONE', #2139, .T. ) ;
#3776 = DIRECTION ( 'NONE',  ( 0.000000000000000000, -0.000000000000000000, -1.000000000000000000 ) ) ;
#3777 = CARTESIAN_POINT ( 'NONE',  ( 37.50000000000063949, -35.00000000000041922, -0.001000000000001000089 ) ) ;
#3778 = CYLINDRICAL_SURFACE ( 'NONE', #3558, 1.700000000000000178 ) ;
#3779 = DIRECTION ( 'NONE',  ( -0.000000000000000000, -0.000000000000000000, 1.000000000000000000 ) ) ;
#3780 = EDGE_CURVE ( 'NONE', #289, #1238, #1857, .T. ) ;
#3781 = ADVANCED_FACE ( 'NONE', ( #1619 ), #957, .F. ) ;
#3782 = ORIENTED_EDGE ( 'NONE', *, *, #843, .T. ) ;
#3783 = CARTESIAN_POINT ( 'NONE',  ( 47.50000000000045475, -15.00000000000017231, 0.000000000000000000 ) ) ;
#3784 = ORIENTED_EDGE ( 'NONE', *, *, #1222, .T. ) ;
#3785 = DIRECTION ( 'NONE',  ( 1.000000000000000000, 0.000000000000000000, 0.000000000000000000 ) ) ;
#3786 = DIRECTION ( 'NONE',  ( -0.000000000000000000, -0.000000000000000000, 1.000000000000000000 ) ) ;
#3787 = AXIS2_PLACEMENT_3D ( 'NONE', #3757, #1904, #4102 ) ;
#3788 = EDGE_LOOP ( 'NONE', ( #1573, #2053, #3286, #2031 ) ) ;
#3789 = ORIENTED_EDGE ( 'NONE', *, *, #201, .F. ) ;
#3790 = LINE ( 'NONE', #3049, #904 ) ;
#3791 = DIRECTION ( 'NONE',  ( -1.000000000000000000, 0.000000000000000000, 0.000000000000000000 ) ) ;
#3792 = CIRCLE ( 'NONE', #1435, 2.500000000000002220 ) ;
#3793 = CARTESIAN_POINT ( 'NONE',  ( 35.00000000000009237, -35.00000000000041922, 0.000000000000000000 ) ) ;
#3794 = EDGE_CURVE ( 'NONE', #2915, #2247, #1935, .T. ) ;
#3795 = ADVANCED_FACE ( 'NONE', ( #2618 ), #1558, .F. ) ;
#3796 = ORIENTED_EDGE ( 'NONE', *, *, #1983, .F. ) ;
#3797 = CARTESIAN_POINT ( 'NONE',  ( 44.99999999999997158, 35.00000000000024869, 20.00000000000000000 ) ) ;
#3798 = ORIENTED_EDGE ( 'NONE', *, *, #2213, .T. ) ;
#3799 = CYLINDRICAL_SURFACE ( 'NONE', #360, 2.500000000001847855 ) ;
#3800 = CARTESIAN_POINT ( 'NONE',  ( -67.50000000000000000, 49.99999999999999289, 20.00000000000000000 ) ) ;
#3801 = DIRECTION ( 'NONE',  ( -0.000000000000000000, -0.000000000000000000, 1.000000000000000000 ) ) ;
#3802 = CARTESIAN_POINT ( 'NONE',  ( -59.99999999999995737, -45.00000000000007816, 0.000000000000000000 ) ) ;
#3803 = AXIS2_PLACEMENT_3D ( 'NONE', #3880, #2271, #1322 ) ;
#3804 = DIRECTION ( 'NONE',  ( -0.000000000000000000, -0.000000000000000000, 1.000000000000000000 ) ) ;
#3805 = CIRCLE ( 'NONE', #896, 2.500000000001195488 ) ;
#3806 = CARTESIAN_POINT ( 'NONE',  ( 57.49999999999806732, -45.00000000000007816, 20.00000000000000000 ) ) ;
#3807 = ORIENTED_EDGE ( 'NONE', *, *, #20, .F. ) ;
#3808 = DIRECTION ( 'NONE',  ( -1.000000000000000000, 0.000000000000000000, 0.000000000000000000 ) ) ;
#3809 = VECTOR ( 'NONE', #3457, 1000.000000000000000 ) ;
#3810 = DIRECTION ( 'NONE',  ( 0.000000000000000000, 0.000000000000000000, 1.000000000000000000 ) ) ;
#3811 = AXIS2_PLACEMENT_3D ( 'NONE', #1959, #3244, #339 ) ;
#3812 = ORIENTED_EDGE ( 'NONE', *, *, #2784, .F. ) ;
#3813 = AXIS2_PLACEMENT_3D ( 'NONE', #791, #3040, #2103 ) ;
#3814 = VERTEX_POINT ( 'NONE', #3815 ) ;
#3815 = CARTESIAN_POINT ( 'NONE',  ( 47.50000000000009237, 35.00000000000024869, 20.00000000000000000 ) ) ;
#3816 = CARTESIAN_POINT ( 'NONE',  ( 60.00000000000112976, -24.99999999999996447, 0.000000000000000000 ) ) ;
#3817 = FACE_BOUND ( 'NONE', #1442, .T. ) ;
#3818 = ORIENTED_EDGE ( 'NONE', *, *, #3769, .F. ) ;
#3819 = ORIENTED_EDGE ( 'NONE', *, *, #1352, .T. ) ;
#3820 = DIRECTION ( 'NONE',  ( -0.000000000000000000, -0.000000000000000000, 1.000000000000000000 ) ) ;
#3821 = CIRCLE ( 'NONE', #2875, 2.500000000000113243 ) ;
#3822 = AXIS2_PLACEMENT_3D ( 'NONE', #2619, #3584, #3861 ) ;
#3823 = CARTESIAN_POINT ( 'NONE',  ( -30.00000000000019185, 45.00000000000038369, -0.001000000000001000089 ) ) ;
#3824 = AXIS2_PLACEMENT_3D ( 'NONE', #997, #3304, #1652 ) ;
#3825 = CARTESIAN_POINT ( 'NONE',  ( 14.15928699750810438, 34.18354270291769836, 0.000000000000000000 ) ) ;
#3826 = DIRECTION ( 'NONE',  ( 1.000000000000000000, 0.000000000000000000, 0.000000000000000000 ) ) ;
#3827 = CARTESIAN_POINT ( 'NONE',  ( 55.00000000000102318, 15.00000000000004441, 20.00000000000000000 ) ) ;
#3828 = ADVANCED_FACE ( 'NONE', ( #2249 ), #2887, .F. ) ;
#3829 = AXIS2_PLACEMENT_3D ( 'NONE', #3214, #1905, #3193 ) ;
#3830 = AXIS2_PLACEMENT_3D ( 'NONE', #3745, #3728, #2461 ) ;
#3831 = DIRECTION ( 'NONE',  ( -0.000000000000000000, -0.000000000000000000, 1.000000000000000000 ) ) ;
#3832 = AXIS2_PLACEMENT_3D ( 'NONE', #3994, #3042, #79 ) ;
#3833 = EDGE_LOOP ( 'NONE', ( #1296, #1088 ) ) ;
#3834 = CIRCLE ( 'NONE', #2552, 1.699999999999998401 ) ;
#3835 = FACE_OUTER_BOUND ( 'NONE', #3656, .T. ) ;
#3836 = CIRCLE ( 'NONE', #3703, 2.499999999999447109 ) ;
#3837 = ORIENTED_EDGE ( 'NONE', *, *, #3102, .F. ) ;
#3838 = AXIS2_PLACEMENT_3D ( 'NONE', #3158, #3195, #1571 ) ;
#3839 = ORIENTED_EDGE ( 'NONE', *, *, #465, .F. ) ;
#3840 = CARTESIAN_POINT ( 'NONE',  ( -57.49999999999937472, -35.00000000000014211, 20.00000000000000000 ) ) ;
#3841 = DIRECTION ( 'NONE',  ( 1.000000000000000000, 0.000000000000000000, 0.000000000000000000 ) ) ;
#3842 = DIRECTION ( 'NONE',  ( -0.000000000000000000, -0.000000000000000000, 1.000000000000000000 ) ) ;
#3843 = ADVANCED_FACE ( 'NONE', ( #3497 ), #2232, .T. ) ;
#3844 = EDGE_CURVE ( 'NONE', #4047, #2982, #706, .T. ) ;
#3845 = DIRECTION ( 'NONE',  ( -0.000000000000000000, -0.000000000000000000, 1.000000000000000000 ) ) ;
#3846 = VERTEX_POINT ( 'NONE', #2569 ) ;
#3847 = DIRECTION ( 'NONE',  ( -0.000000000000000000, -0.000000000000000000, 1.000000000000000000 ) ) ;
#3848 = CARTESIAN_POINT ( 'NONE',  ( -31.00000000000000000, 3.796405077356795115E-15, 14.00000000000000000 ) ) ;
#3849 = DIRECTION ( 'NONE',  ( 0.000000000000000000, 0.000000000000000000, 1.000000000000000000 ) ) ;
#3850 = DIRECTION ( 'NONE',  ( -1.000000000000000000, 0.000000000000000000, 0.000000000000000000 ) ) ;
#3851 = DIRECTION ( 'NONE',  ( -1.000000000000000000, 0.000000000000000000, 0.000000000000000000 ) ) ;
#3852 = ADVANCED_FACE ( 'NONE', ( #3860 ), #3537, .F. ) ;
#3853 = ADVANCED_FACE ( 'NONE', ( #2703 ), #94, .F. ) ;
#3854 = FACE_BOUND ( 'NONE', #1871, .T. ) ;
#3855 = ORIENTED_EDGE ( 'NONE', *, *, #763, .F. ) ;
#3856 = CARTESIAN_POINT ( 'NONE',  ( 41.50000000000000000, 0.000000000000000000, 20.00000000000000000 ) ) ;
#3857 = CARTESIAN_POINT ( 'NONE',  ( 32.50000000000073186, -45.00000000000038369, 20.00000000000000000 ) ) ;
#3858 = VERTEX_POINT ( 'NONE', #1386 ) ;
#3859 = ORIENTED_EDGE ( 'NONE', *, *, #1389, .F. ) ;
#3860 = FACE_OUTER_BOUND ( 'NONE', #106, .T. ) ;
#3861 = DIRECTION ( 'NONE',  ( 1.000000000000000000, 0.000000000000000000, 0.000000000000000000 ) ) ;
#3862 = FACE_BOUND ( 'NONE', #350, .T. ) ;
#3863 = VECTOR ( 'NONE', #3306, 1000.000000000000000 ) ;
#3864 = CYLINDRICAL_SURFACE ( 'NONE', #2215, 2.499999999998822720 ) ;
#3865 = ORIENTED_EDGE ( 'NONE', *, *, #3045, .F. ) ;
#3866 = DIRECTION ( 'NONE',  ( 1.000000000000000000, 0.000000000000000000, 0.000000000000000000 ) ) ;
#3867 = DIRECTION ( 'NONE',  ( 0.000000000000000000, -1.000000000000000000, 0.000000000000000000 ) ) ;
#3868 = ORIENTED_EDGE ( 'NONE', *, *, #3908, .F. ) ;
#3869 = LINE ( 'NONE', #692, #1784 ) ;
#3870 = DIRECTION ( 'NONE',  ( 0.000000000000000000, 0.000000000000000000, 1.000000000000000000 ) ) ;
#3871 = LINE ( 'NONE', #402, #3863 ) ;
#3872 = CARTESIAN_POINT ( 'NONE',  ( 0.000000000000000000, 0.000000000000000000, 20.00000000000000000 ) ) ;
#3873 = ORIENTED_EDGE ( 'NONE', *, *, #1823, .F. ) ;
#3874 = CARTESIAN_POINT ( 'NONE',  ( -35.88354270291755199, 14.15928699750846853, 0.000000000000000000 ) ) ;
#3875 = CARTESIAN_POINT ( 'NONE',  ( -37.50000000000017053, -45.00000000000031974, 0.000000000000000000 ) ) ;
#3876 = CIRCLE ( 'NONE', #287, 2.499999999999460876 ) ;
#3877 = EDGE_LOOP ( 'NONE', ( #1814, #3222, #3765, #3295 ) ) ;
#3878 = AXIS2_PLACEMENT_3D ( 'NONE', #2240, #3801, #2560 ) ;
#3879 = ORIENTED_EDGE ( 'NONE', *, *, #1543, .T. ) ;
#3880 = CARTESIAN_POINT ( 'NONE',  ( 59.99999999999995737, 45.00000000000007816, 20.00000000000000000 ) ) ;
#3881 = DIRECTION ( 'NONE',  ( -0.000000000000000000, -0.000000000000000000, 1.000000000000000000 ) ) ;
#3882 = FACE_BOUND ( 'NONE', #1929, .T. ) ;
#3883 = AXIS2_PLACEMENT_3D ( 'NONE', #129, #2711, #2749 ) ;
#3884 = ORIENTED_EDGE ( 'NONE', *, *, #1096, .T. ) ;
#3885 = LINE ( 'NONE', #2960, #185 ) ;
#3886 = VERTEX_POINT ( 'NONE', #1349 ) ;
#3887 = CYLINDRICAL_SURFACE ( 'NONE', #1191, 2.500000000002160050 ) ;
#3888 = DIRECTION ( 'NONE',  ( 1.000000000000000000, 0.000000000000000000, 0.000000000000000000 ) ) ;
#3889 = AXIS2_PLACEMENT_3D ( 'NONE', #3793, #2188, #1874 ) ;
#3890 = ORIENTED_EDGE ( 'NONE', *, *, #1206, .T. ) ;
#3891 = DIRECTION ( 'NONE',  ( 1.000000000000000000, 0.000000000000000000, 0.000000000000000000 ) ) ;
#3892 = DIRECTION ( 'NONE',  ( -0.000000000000000000, -0.000000000000000000, -1.000000000000000000 ) ) ;
#3893 = FACE_OUTER_BOUND ( 'NONE', #1848, .T. ) ;
#3894 = ADVANCED_FACE ( 'NONE', ( #389 ), #1048, .F. ) ;
#3896 = EDGE_CURVE ( 'NONE', #3260, #2999, #1070, .T. ) ;
#3895 = VECTOR ( 'NONE', #2233, 1000.000000000000000 ) ;
#3897 = FACE_BOUND ( 'NONE', #168, .T. ) ;
#3898 = ORIENTED_EDGE ( 'NONE', *, *, #530, .T. ) ;
#3899 = DIRECTION ( 'NONE',  ( -0.000000000000000000, -0.000000000000000000, 1.000000000000000000 ) ) ;
#3900 = AXIS2_PLACEMENT_3D ( 'NONE', #2561, #4101, #562 ) ;
#3901 = CIRCLE ( 'NONE', #999, 2.499999999999995115 ) ;
#3902 = VECTOR ( 'NONE', #2255, 1000.000000000000000 ) ;
#3903 = EDGE_LOOP ( 'NONE', ( #447, #3955 ) ) ;
#3904 = ORIENTED_EDGE ( 'NONE', *, *, #263, .T. ) ;
#3905 = CARTESIAN_POINT ( 'NONE',  ( 12.45928699750835911, -34.18354270291759889, 0.000000000000000000 ) ) ;
#3906 = PLANE ( 'NONE',  #3626 ) ;
#3907 = DIRECTION ( 'NONE',  ( 0.000000000000000000, 0.000000000000000000, 1.000000000000000000 ) ) ;
#3908 = EDGE_CURVE ( 'NONE', #2522, #980, #2458, .T. ) ;
#3909 = AXIS2_PLACEMENT_3D ( 'NONE', #2871, #4166, #624 ) ;
#3910 = ORIENTED_EDGE ( 'NONE', *, *, #3470, .F. ) ;
#3911 = EDGE_CURVE ( 'NONE', #3731, #2269, #3541, .T. ) ;
#3912 = DIRECTION ( 'NONE',  ( -0.000000000000000000, -0.000000000000000000, -1.000000000000000000 ) ) ;
#3913 = ORIENTED_EDGE ( 'NONE', *, *, #2717, .T. ) ;
#3914 = CARTESIAN_POINT ( 'NONE',  ( -37.50000000000064659, -35.00000000000041922, 20.00000000000000000 ) ) ;
#3915 = EDGE_CURVE ( 'NONE', #1238, #399, #3945, .T. ) ;
#3916 = CARTESIAN_POINT ( 'NONE',  ( 32.50000000000073186, -45.00000000000038369, -0.001000000000001000089 ) ) ;
#3917 = ORIENTED_EDGE ( 'NONE', *, *, #1967, .F. ) ;
#3918 = CARTESIAN_POINT ( 'NONE',  ( -44.99999999999997158, 35.00000000000024869, 20.00000000000000000 ) ) ;
#3919 = CARTESIAN_POINT ( 'NONE',  ( -12.45928699750834490, -34.18354270291760599, 0.000000000000000000 ) ) ;
#3920 = DIRECTION ( 'NONE',  ( -0.000000000000000000, -0.000000000000000000, 1.000000000000000000 ) ) ;
#3921 = FACE_BOUND ( 'NONE', #323, .T. ) ;
#3922 = EDGE_CURVE ( 'NONE', #1746, #1423, #978, .T. ) ;
#3923 = EDGE_LOOP ( 'NONE', ( #101, #1382, #2778, #2314 ) ) ;
#3924 = CARTESIAN_POINT ( 'NONE',  ( 32.49999999999968736, 45.00000000000038369, -0.001000000000001000089 ) ) ;
#3925 = EDGE_LOOP ( 'NONE', ( #1202, #3379, #3385, #817 ) ) ;
#3926 = EDGE_LOOP ( 'NONE', ( #2691, #3388 ) ) ;
#3927 = CARTESIAN_POINT ( 'NONE',  ( -67.50000000000000000, -50.00000000000000711, 20.00000000000000000 ) ) ;
#3928 = CARTESIAN_POINT ( 'NONE',  ( 59.99999999999995737, -45.00000000000007816, 0.000000000000000000 ) ) ;
#3929 = DIRECTION ( 'NONE',  ( -1.000000000000000000, 0.000000000000000000, 0.000000000000000000 ) ) ;
#3930 = ORIENTED_EDGE ( 'NONE', *, *, #3366, .F. ) ;
#3931 = CARTESIAN_POINT ( 'NONE',  ( 0.000000000000000000, 0.000000000000000000, 14.00000000000000000 ) ) ;
#3932 = ORIENTED_EDGE ( 'NONE', *, *, #2263, .F. ) ;
#3933 = EDGE_CURVE ( 'NONE', #3660, #3125, #4143, .T. ) ;
#3934 = CARTESIAN_POINT ( 'NONE',  ( 62.50000000000184741, -45.00000000000007816, 20.00000000000000000 ) ) ;
#3935 = AXIS2_PLACEMENT_3D ( 'NONE', #3013, #113, #2699 ) ;
#3936 = CARTESIAN_POINT ( 'NONE',  ( 45.00000000000044054, 15.00000000000018296, -0.001000000000001000089 ) ) ;
#3937 = VERTEX_POINT ( 'NONE', #2681 ) ;
#3938 = CARTESIAN_POINT ( 'NONE',  ( 45.00000000000044054, 15.00000000000018296, 0.000000000000000000 ) ) ;
#3939 = DIRECTION ( 'NONE',  ( -0.000000000000000000, -0.000000000000000000, 1.000000000000000000 ) ) ;
#3940 = DIRECTION ( 'NONE',  ( -0.000000000000000000, -0.000000000000000000, 1.000000000000000000 ) ) ;
#3941 = FACE_BOUND ( 'NONE', #2638, .T. ) ;
#3942 = EDGE_LOOP ( 'NONE', ( #4056, #137, #3341, #2141 ) ) ;
#3943 = ORIENTED_EDGE ( 'NONE', *, *, #2721, .F. ) ;
#3944 = ORIENTED_EDGE ( 'NONE', *, *, #1039, .T. ) ;
#3945 = LINE ( 'NONE', #1704, #2797 ) ;
#3946 = CARTESIAN_POINT ( 'NONE',  ( 42.50000000000044764, -15.00000000000017231, 0.000000000000000000 ) ) ;
#3947 = CARTESIAN_POINT ( 'NONE',  ( -42.49999999999889866, 45.00000000000031974, 20.00000000000000000 ) ) ;
#3948 = AXIS2_PLACEMENT_3D ( 'NONE', #3028, #778, #2710 ) ;
#3949 = AXIS2_PLACEMENT_3D ( 'NONE', #505, #3690, #2437 ) ;
#3950 = ORIENTED_EDGE ( 'NONE', *, *, #4134, .T. ) ;
#3951 = DIRECTION ( 'NONE',  ( -0.000000000000000000, -0.000000000000000000, 1.000000000000000000 ) ) ;
#3952 = ORIENTED_EDGE ( 'NONE', *, *, #3976, .T. ) ;
#3953 = DIRECTION ( 'NONE',  ( -0.000000000000000000, -0.000000000000000000, 1.000000000000000000 ) ) ;
#3954 = CARTESIAN_POINT ( 'NONE',  ( 45.00000000000044764, -15.00000000000017231, 20.00000000000000000 ) ) ;
#3955 = ORIENTED_EDGE ( 'NONE', *, *, #1712, .T. ) ;
#3956 = CYLINDRICAL_SURFACE ( 'NONE', #2116, 2.500000000000522693 ) ;
#3957 = LINE ( 'NONE', #2631, #914 ) ;
#3958 = FACE_BOUND ( 'NONE', #3297, .T. ) ;
#3959 = CARTESIAN_POINT ( 'NONE',  ( -35.00000000000009237, 35.00000000000041922, 20.00000000000000000 ) ) ;
#3960 = ADVANCED_FACE ( 'NONE', ( #2046 ), #3039, .F. ) ;
#3961 = VERTEX_POINT ( 'NONE', #2997 ) ;
#3962 = VECTOR ( 'NONE', #3078, 1000.000000000000000 ) ;
#3963 = VECTOR ( 'NONE', #319, 1000.000000000000000 ) ;
#3964 = EDGE_CURVE ( 'NONE', #783, #2493, #2368, .T. ) ;
#3965 = ORIENTED_EDGE ( 'NONE', *, *, #1211, .T. ) ;
#3966 = ORIENTED_EDGE ( 'NONE', *, *, #1389, .T. ) ;
#3967 = PRESENTATION_LAYER_ASSIGNMENT (  '', '', ( #4167 ) ) ;
#3968 = CARTESIAN_POINT ( 'NONE',  ( 54.99999999999985789, 35.00000000000014211, 0.000000000000000000 ) ) ;
#3969 = CARTESIAN_POINT ( 'NONE',  ( -35.00000000000009237, 35.00000000000041922, 0.000000000000000000 ) ) ;
#3970 = VECTOR ( 'NONE', #2433, 1000.000000000000000 ) ;
#3971 = AXIS2_PLACEMENT_3D ( 'NONE', #3434, #3105, #200 ) ;
#3972 = EDGE_LOOP ( 'NONE', ( #1755, #1113 ) ) ;
#3973 = LINE ( 'NONE', #1691, #1338 ) ;
#3974 = EDGE_LOOP ( 'NONE', ( #2642, #169, #1285, #92 ) ) ;
#3975 = LINE ( 'NONE', #2034, #3753 ) ;
#3976 = EDGE_CURVE ( 'NONE', #4007, #2268, #2028, .T. ) ;
#3977 = EDGE_CURVE ( 'NONE', #566, #1556, #2858, .T. ) ;
#3978 = AXIS2_PLACEMENT_3D ( 'NONE', #899, #2195, #3483 ) ;
#3979 = DIRECTION ( 'NONE',  ( 0.000000000000000000, 0.000000000000000000, 1.000000000000000000 ) ) ;
#3980 = ORIENTED_EDGE ( 'NONE', *, *, #467, .T. ) ;
#3981 = DIRECTION ( 'NONE',  ( 1.000000000000000000, 0.000000000000000000, 0.000000000000000000 ) ) ;
#3982 = CYLINDRICAL_SURFACE ( 'NONE', #3883, 2.500000000000002220 ) ;
#3983 = CIRCLE ( 'NONE', #4104, 2.500000000000002220 ) ;
#3984 = DIRECTION ( 'NONE',  ( -0.000000000000000000, -0.000000000000000000, 1.000000000000000000 ) ) ;
#3985 = LINE ( 'NONE', #3666, #3418 ) ;
#3986 = ORIENTED_EDGE ( 'NONE', *, *, #2558, .T. ) ;
#3987 = EDGE_CURVE ( 'NONE', #2383, #2654, #3017, .T. ) ;
#3988 = EDGE_CURVE ( 'NONE', #783, #764, #1411, .T. ) ;
#3989 = VERTEX_POINT ( 'NONE', #1687 ) ;
#3990 = ORIENTED_EDGE ( 'NONE', *, *, #2278, .T. ) ;
#3991 = DIRECTION ( 'NONE',  ( -0.000000000000000000, -0.000000000000000000, 1.000000000000000000 ) ) ;
#3992 = CARTESIAN_POINT ( 'NONE',  ( -44.99999999999997158, -35.00000000000024869, 20.00000000000000000 ) ) ;
#3993 = EDGE_LOOP ( 'NONE', ( #4109, #2183, #2766, #2718 ) ) ;
#3994 = CARTESIAN_POINT ( 'NONE',  ( 49.99999999999995737, -45.00000000000017764, 0.000000000000000000 ) ) ;
#3995 = VERTEX_POINT ( 'NONE', #683 ) ;
#3996 = LINE ( 'NONE', #2408, #54 ) ;
#3997 = ORIENTED_EDGE ( 'NONE', *, *, #774, .F. ) ;
#3998 = DIRECTION ( 'NONE',  ( -0.000000000000000000, -0.000000000000000000, 1.000000000000000000 ) ) ;
#3999 = CARTESIAN_POINT ( 'NONE',  ( -57.50000000000110845, -24.99999999999998934, 0.000000000000000000 ) ) ;
#4000 = FACE_BOUND ( 'NONE', #3387, .T. ) ;
#4001 = CIRCLE ( 'NONE', #2780, 2.500000000000015987 ) ;
#4002 = DIRECTION ( 'NONE',  ( 1.000000000000000000, 0.000000000000000000, 0.000000000000000000 ) ) ;
#4003 = ORIENTED_EDGE ( 'NONE', *, *, #942, .F. ) ;
#4004 = ORIENTED_EDGE ( 'NONE', *, *, #3208, .F. ) ;
#4005 = DIRECTION ( 'NONE',  ( 0.000000000000000000, 0.000000000000000000, 1.000000000000000000 ) ) ;
#4006 = CARTESIAN_POINT ( 'NONE',  ( 55.00000000000103029, -15.00000000000003020, 0.000000000000000000 ) ) ;
#4007 = VERTEX_POINT ( 'NONE', #2298 ) ;
#4008 = AXIS2_PLACEMENT_3D ( 'NONE', #3383, #108, #1397 ) ;
#4009 = ORIENTED_EDGE ( 'NONE', *, *, #343, .T. ) ;
#4010 = CARTESIAN_POINT ( 'NONE',  ( -49.99999999999995737, 45.00000000000017764, -0.001000000000001000089 ) ) ;
#4011 = VECTOR ( 'NONE', #3008, 1000.000000000000000 ) ;
#4012 = ORIENTED_EDGE ( 'NONE', *, *, #697, .T. ) ;
#4013 = AXIS2_PLACEMENT_3D ( 'NONE', #3303, #1290, #328 ) ;
#4014 = DIRECTION ( 'NONE',  ( -1.000000000000000000, 0.000000000000000000, 0.000000000000000000 ) ) ;
#4015 = FACE_OUTER_BOUND ( 'NONE', #394, .T. ) ;
#4016 = FACE_OUTER_BOUND ( 'NONE', #3476, .T. ) ;
#4017 = ORIENTED_EDGE ( 'NONE', *, *, #2612, .T. ) ;
#4018 = EDGE_CURVE ( 'NONE', #2000, #1892, #1040, .T. ) ;
#4019 = EDGE_CURVE ( 'NONE', #2684, #1132, #2449, .T. ) ;
#4020 = VERTEX_POINT ( 'NONE', #75 ) ;
#4021 = CIRCLE ( 'NONE', #3353, 2.499999999999460876 ) ;
#4022 = ORIENTED_EDGE ( 'NONE', *, *, #2656, .F. ) ;
#4023 = DIRECTION ( 'NONE',  ( -0.000000000000000000, -0.000000000000000000, 1.000000000000000000 ) ) ;
#4024 = DIRECTION ( 'NONE',  ( 1.000000000000000000, 0.000000000000000000, 0.000000000000000000 ) ) ;
#4025 = AXIS2_PLACEMENT_3D ( 'NONE', #3797, #517, #3773 ) ;
#4026 = CIRCLE ( 'NONE', #2204, 2.500000000001195488 ) ;
#4027 = ORIENTED_EDGE ( 'NONE', *, *, #1832, .T. ) ;
#4028 = ORIENTED_EDGE ( 'NONE', *, *, #2981, .F. ) ;
#4029 = FACE_OUTER_BOUND ( 'NONE', #3569, .T. ) ;
#4030 = VECTOR ( 'NONE', #167, 1000.000000000000000 ) ;
#4031 = EDGE_CURVE ( 'NONE', #2684, #4034, #840, .T. ) ;
#4032 = EDGE_CURVE ( 'NONE', #3015, #2616, #547, .T. ) ;
#4033 = VECTOR ( 'NONE', #2572, 1000.000000000000000 ) ;
#4034 = VERTEX_POINT ( 'NONE', #2773 ) ;
#4035 = CIRCLE ( 'NONE', #3971, 2.499999999998177458 ) ;
#4036 = DIRECTION ( 'NONE',  ( -0.000000000000000000, -0.000000000000000000, 1.000000000000000000 ) ) ;
#4037 = CIRCLE ( 'NONE', #854, 2.499999999999495515 ) ;
#4038 = EDGE_CURVE ( 'NONE', #1978, #1655, #152, .T. ) ;
#4039 = AXIS2_PLACEMENT_3D ( 'NONE', #4187, #3233, #1626 ) ;
#4040 = LINE ( 'NONE', #3033, #4171 ) ;
#4041 = ORIENTED_EDGE ( 'NONE', *, *, #1908, .T. ) ;
#4042 = ORIENTED_EDGE ( 'NONE', *, *, #2112, .F. ) ;
#4043 = EDGE_LOOP ( 'NONE', ( #746, #127 ) ) ;
#4044 = CYLINDRICAL_SURFACE ( 'NONE', #2790, 2.500000000000015987 ) ;
#4045 = CARTESIAN_POINT ( 'NONE',  ( 34.18354270291755626, 14.15928699750848097, 0.000000000000000000 ) ) ;
#4046 = ORIENTED_EDGE ( 'NONE', *, *, #3202, .F. ) ;
#4047 = VERTEX_POINT ( 'NONE', #3376 ) ;
#4048 = CARTESIAN_POINT ( 'NONE',  ( -59.99999999999995737, -45.00000000000007816, -0.001000000000001000089 ) ) ;
#4049 = FACE_BOUND ( 'NONE', #2757, .T. ) ;
#4050 = ADVANCED_FACE ( 'NONE', ( #2102 ), #2136, .F. ) ;
#4051 = DIRECTION ( 'NONE',  ( 0.000000000000000000, 0.000000000000000000, 1.000000000000000000 ) ) ;
#4052 = ORIENTED_EDGE ( 'NONE', *, *, #2087, .T. ) ;
#4053 = FACE_OUTER_BOUND ( 'NONE', #794, .T. ) ;
#4054 = DIRECTION ( 'NONE',  ( -1.000000000000000000, 0.000000000000000000, 0.000000000000000000 ) ) ;
#4055 = CYLINDRICAL_SURFACE ( 'NONE', #1492, 1.700000000000000178 ) ;
#4056 = ORIENTED_EDGE ( 'NONE', *, *, #2284, .F. ) ;
#4057 = CARTESIAN_POINT ( 'NONE',  ( 57.50000000000102318, -15.00000000000003020, 0.000000000000000000 ) ) ;
#4058 = ORIENTED_EDGE ( 'NONE', *, *, #3896, .F. ) ;
#4059 = DIRECTION ( 'NONE',  ( -1.000000000000000000, 0.000000000000000000, 0.000000000000000000 ) ) ;
#4060 = CYLINDRICAL_SURFACE ( 'NONE', #3620, 2.500000000000293543 ) ;
#4061 = ORIENTED_EDGE ( 'NONE', *, *, #2717, .F. ) ;
#4062 = EDGE_LOOP ( 'NONE', ( #4087, #3428 ) ) ;
#4063 = CYLINDRICAL_SURFACE ( 'NONE', #4175, 2.500000000000002220 ) ;
#4064 = CYLINDRICAL_SURFACE ( 'NONE', #1522, 2.500000000000009326 ) ;
#4065 = EDGE_CURVE ( 'NONE', #1277, #3698, #1841, .T. ) ;
#4066 = FILL_AREA_STYLE_COLOUR ( '', #378 ) ;
#4067 = ORIENTED_EDGE ( 'NONE', *, *, #2675, .T. ) ;
#4068 = DIRECTION ( 'NONE',  ( 0.000000000000000000, 0.000000000000000000, 1.000000000000000000 ) ) ;
#4069 = CIRCLE ( 'NONE', #826, 1.699999999999993072 ) ;
#4070 = AXIS2_PLACEMENT_3D ( 'NONE', #3063, #4036, #142 ) ;
#4071 = CARTESIAN_POINT ( 'NONE',  ( 52.50000000000110134, 25.00000000000011724, 20.00000000000000000 ) ) ;
#4072 = DIRECTION ( 'NONE',  ( -0.000000000000000000, -0.000000000000000000, 1.000000000000000000 ) ) ;
#4073 = CARTESIAN_POINT ( 'NONE',  ( -47.50000000000044764, 15.00000000000018296, -0.001000000000001000089 ) ) ;
#4074 = EDGE_CURVE ( 'NONE', #663, #3186, #3067, .T. ) ;
#4075 = EDGE_CURVE ( 'NONE', #2723, #2301, #1110, .T. ) ;
#4076 = VECTOR ( 'NONE', #1770, 1000.000000000000000 ) ;
#4077 = ADVANCED_FACE ( 'NONE', ( #807 ), #2158, .F. ) ;
#4078 = ORIENTED_EDGE ( 'NONE', *, *, #780, .T. ) ;
#4079 = CARTESIAN_POINT ( 'NONE',  ( -49.99999999999995737, -45.00000000000017764, 20.00000000000000000 ) ) ;
#4080 = ORIENTED_EDGE ( 'NONE', *, *, #3336, .F. ) ;
#4081 = DIRECTION ( 'NONE',  ( -0.000000000000000000, -0.000000000000000000, 1.000000000000000000 ) ) ;
#4082 = CARTESIAN_POINT ( 'NONE',  ( 60.00000000000112976, -24.99999999999996447, 20.00000000000000000 ) ) ;
#4083 = AXIS2_PLACEMENT_3D ( 'NONE', #3585, #685, #3929 ) ;
#4084 = EDGE_CURVE ( 'NONE', #839, #1572, #3876, .T. ) ;
#4085 = CIRCLE ( 'NONE', #2266, 2.500000000001847855 ) ;
#4086 = ORIENTED_EDGE ( 'NONE', *, *, #4018, .F. ) ;
#4087 = ORIENTED_EDGE ( 'NONE', *, *, #2154, .T. ) ;
#4088 = CARTESIAN_POINT ( 'NONE',  ( 57.49999999999918288, 45.00000000000007816, 20.00000000000000000 ) ) ;
#4089 = CARTESIAN_POINT ( 'NONE',  ( -14.15928699750834419, -34.18354270291760599, 0.000000000000000000 ) ) ;
#4090 = CARTESIAN_POINT ( 'NONE',  ( -47.50000000000108713, -25.00000000000013145, 0.000000000000000000 ) ) ;
#4091 = CIRCLE ( 'NONE', #2344, 2.500000000000765610 ) ;
#4092 = VERTEX_POINT ( 'NONE', #1821 ) ;
#4093 = DIRECTION ( 'NONE',  ( -1.000000000000000000, 0.000000000000000000, 0.000000000000000000 ) ) ;
#4094 = EDGE_CURVE ( 'NONE', #5, #471, #210, .T. ) ;
#4095 = EDGE_LOOP ( 'NONE', ( #1764, #1483 ) ) ;
#4096 = DIRECTION ( 'NONE',  ( 0.000000000000000000, 0.000000000000000000, 1.000000000000000000 ) ) ;
#4098 = EDGE_CURVE ( 'NONE', #3026, #3140, #3680, .T. ) ;
#4097 = CIRCLE ( 'NONE', #2813, 2.499999999999891198 ) ;
#4099 = VECTOR ( 'NONE', #380, 1000.000000000000000 ) ;
#4100 = CARTESIAN_POINT ( 'NONE',  ( -27.50000000000069633, 45.00000000000038369, 0.000000000000000000 ) ) ;
#4101 = DIRECTION ( 'NONE',  ( 0.000000000000000000, 0.000000000000000000, 1.000000000000000000 ) ) ;
#4102 = DIRECTION ( 'NONE',  ( -1.000000000000000000, 0.000000000000000000, 0.000000000000000000 ) ) ;
#4103 = ADVANCED_FACE ( 'NONE', ( #1466 ), #4044, .F. ) ;
#4104 = AXIS2_PLACEMENT_3D ( 'NONE', #1860, #1243, #1945 ) ;
#4105 = EDGE_CURVE ( 'NONE', #532, #3961, #221, .T. ) ;
#4106 = ORIENTED_EDGE ( 'NONE', *, *, #2099, .T. ) ;
#4107 = CARTESIAN_POINT ( 'NONE',  ( -50.00000000000110134, 25.00000000000011724, 0.000000000000000000 ) ) ;
#4108 = EDGE_CURVE ( 'NONE', #2827, #1962, #4146, .T. ) ;
#4109 = ORIENTED_EDGE ( 'NONE', *, *, #3174, .F. ) ;
#4110 = LINE ( 'NONE', #614, #3546 ) ;
#4111 = VERTEX_POINT ( 'NONE', #1127 ) ;
#4112 = EDGE_LOOP ( 'NONE', ( #1068, #1918, #613, #2637 ) ) ;
#4113 = CARTESIAN_POINT ( 'NONE',  ( 44.99999999999997158, -35.00000000000024869, 20.00000000000000000 ) ) ;
#4114 = FACE_OUTER_BOUND ( 'NONE', #2583, .T. ) ;
#4115 = DIRECTION ( 'NONE',  ( -1.000000000000000000, 0.000000000000000000, 0.000000000000000000 ) ) ;
#4116 = ORIENTED_EDGE ( 'NONE', *, *, #3754, .T. ) ;
#4117 = DIRECTION ( 'NONE',  ( -0.000000000000000000, -0.000000000000000000, 1.000000000000000000 ) ) ;
#4118 = EDGE_LOOP ( 'NONE', ( #3334, #3113, #3904, #2702 ) ) ;
#4119 = LINE ( 'NONE', #646, #182 ) ;
#4120 = LINE ( 'NONE', #3848, #1346 ) ;
#4121 = DIRECTION ( 'NONE',  ( 1.000000000000000000, 0.000000000000000000, 0.000000000000000000 ) ) ;
#4122 = DIRECTION ( 'NONE',  ( -0.000000000000000000, -0.000000000000000000, 1.000000000000000000 ) ) ;
#4123 = CARTESIAN_POINT ( 'NONE',  ( 35.88354270291755199, 14.15928699750848097, 14.00000000000000000 ) ) ;
#4124 = DIRECTION ( 'NONE',  ( -0.000000000000000000, -0.000000000000000000, 1.000000000000000000 ) ) ;
#4125 = ORIENTED_EDGE ( 'NONE', *, *, #41, .T. ) ;
#4126 = FACE_OUTER_BOUND ( 'NONE', #4112, .T. ) ;
#4127 = VECTOR ( 'NONE', #858, 1000.000000000000000 ) ;
#4128 = EDGE_LOOP ( 'NONE', ( #3789, #433, #765, #1453 ) ) ;
#4129 = EDGE_LOOP ( 'NONE', ( #2423, #2104, #1333, #846 ) ) ;
#4130 = DIRECTION ( 'NONE',  ( -1.000000000000000000, 0.000000000000000000, 0.000000000000000000 ) ) ;
#4131 = CARTESIAN_POINT ( 'NONE',  ( 30.00000000000019185, -45.00000000000038369, -0.001000000000001000089 ) ) ;
#4132 = AXIS2_PLACEMENT_3D ( 'NONE', #3596, #2331, #2971 ) ;
#4133 = PLANE ( 'NONE',  #1176 ) ;
#4134 = EDGE_CURVE ( 'NONE', #2747, #1728, #2424, .T. ) ;
#4135 = VERTEX_POINT ( 'NONE', #1503 ) ;
#4136 = EDGE_CURVE ( 'NONE', #3119, #3846, #3724, .T. ) ;
#4137 = CARTESIAN_POINT ( 'NONE',  ( -42.49999999999998579, -45.00000000000031974, -0.001000000000001000089 ) ) ;
#4138 = ORIENTED_EDGE ( 'NONE', *, *, #2041, .T. ) ;
#4139 = DIRECTION ( 'NONE',  ( -1.000000000000000000, 0.000000000000000000, 0.000000000000000000 ) ) ;
#4140 = CARTESIAN_POINT ( 'NONE',  ( -67.50000000000000000, -50.00000000000000711, 20.00000000000000000 ) ) ;
#4141 = CARTESIAN_POINT ( 'NONE',  ( -45.00000000000044054, 15.00000000000018296, -0.001000000000001000089 ) ) ;
#4142 = DIRECTION ( 'NONE',  ( 1.000000000000000000, 0.000000000000000000, 0.000000000000000000 ) ) ;
#4143 = CIRCLE ( 'NONE', #2518, 2.500000000000009326 ) ;
#4144 = CARTESIAN_POINT ( 'NONE',  ( 45.00000000000044764, -15.00000000000017231, -0.001000000000001000089 ) ) ;
#4145 = CIRCLE ( 'NONE', #2328, 2.500000000000023093 ) ;
#4146 = CIRCLE ( 'NONE', #3949, 1.700000000000000178 ) ;
#4147 = FACE_OUTER_BOUND ( 'NONE', #1910, .T. ) ;
#4148 = ORIENTED_EDGE ( 'NONE', *, *, #1711, .F. ) ;
#4149 = CARTESIAN_POINT ( 'NONE',  ( 0.000000000000000000, 0.000000000000000000, 20.00000000000000000 ) ) ;
#4150 = EDGE_CURVE ( 'NONE', #3937, #2921, #495, .T. ) ;
#4151 = EDGE_CURVE ( 'NONE', #2407, #3617, #1915, .T. ) ;
#4152 = AXIS2_PLACEMENT_3D ( 'NONE', #422, #1737, #2822 ) ;
#4153 = EDGE_LOOP ( 'NONE', ( #470, #3966, #3965, #829 ) ) ;
#4154 = VECTOR ( 'NONE', #2117, 1000.000000000000000 ) ;
#4155 = ORIENTED_EDGE ( 'NONE', *, *, #776, .F. ) ;
#4156 = DIRECTION ( 'NONE',  ( 1.000000000000000000, 0.000000000000000000, 0.000000000000000000 ) ) ;
#4157 = CARTESIAN_POINT ( 'NONE',  ( 45.00000000000044764, -15.00000000000017231, 0.000000000000000000 ) ) ;
#4158 = FACE_BOUND ( 'NONE', #3972, .T. ) ;
#4159 = ORIENTED_EDGE ( 'NONE', *, *, #953, .F. ) ;
#4160 = FACE_OUTER_BOUND ( 'NONE', #1720, .T. ) ;
#4161 = VERTEX_POINT ( 'NONE', #3856 ) ;
#4162 = DIRECTION ( 'NONE',  ( 1.000000000000000000, 0.000000000000000000, 0.000000000000000000 ) ) ;
#4163 = EDGE_CURVE ( 'NONE', #2367, #805, #3805, .T. ) ;
#4164 = CIRCLE ( 'NONE', #2953, 2.499999999999891198 ) ;
#4165 = EDGE_CURVE ( 'NONE', #1768, #3260, #160, .T. ) ;
#4166 = DIRECTION ( 'NONE',  ( -0.000000000000000000, -0.000000000000000000, -1.000000000000000000 ) ) ;
#4167 = STYLED_ITEM ( 'NONE', ( #1813 ), #3269 ) ;
#4168 = LINE ( 'NONE', #2196, #2416 ) ;
#4169 = CARTESIAN_POINT ( 'NONE',  ( 40.00000000000007816, 45.00000000000031974, -0.001000000000001000089 ) ) ;
#4170 = DIRECTION ( 'NONE',  ( -0.000000000000000000, -0.000000000000000000, 1.000000000000000000 ) ) ;
#4171 = VECTOR ( 'NONE', #2714, 1000.000000000000000 ) ;
#4172 = VECTOR ( 'NONE', #1357, 1000.000000000000000 ) ;
#4173 = CARTESIAN_POINT ( 'NONE',  ( -27.50000000000069633, 45.00000000000038369, 20.00000000000000000 ) ) ;
#4174 = EDGE_LOOP ( 'NONE', ( #2071, #2817 ) ) ;
#4175 = AXIS2_PLACEMENT_3D ( 'NONE', #1210, #2501, #2121 ) ;
#4176 = CARTESIAN_POINT ( 'NONE',  ( -40.00000000000007816, -45.00000000000031974, 0.000000000000000000 ) ) ;
#4177 = AXIS2_PLACEMENT_3D ( 'NONE', #2987, #1394, #372 ) ;
#4178 = ORIENTED_EDGE ( 'NONE', *, *, #3915, .T. ) ;
#4179 = VERTEX_POINT ( 'NONE', #2496 ) ;
#4180 = DIRECTION ( 'NONE',  ( -1.000000000000000000, 0.000000000000000000, 0.000000000000000000 ) ) ;
#4181 = CARTESIAN_POINT ( 'NONE',  ( -67.50000000000000000, -50.00000000000000711, 0.000000000000000000 ) ) ;
#4182 = FACE_BOUND ( 'NONE', #2893, .T. ) ;
#4183 = CYLINDRICAL_SURFACE ( 'NONE', #2359, 31.00000000000000000 ) ;
#4184 = VERTEX_POINT ( 'NONE', #3465 ) ;
#4185 = LINE ( 'NONE', #1286, #3902 ) ;
#4186 = EDGE_CURVE ( 'NONE', #2406, #1085, #3004, .T. ) ;
#4187 = CARTESIAN_POINT ( 'NONE',  ( -55.00000000000101608, -15.00000000000005862, 20.00000000000000000 ) ) ;
#4188 = VERTEX_POINT ( 'NONE', #1615 ) ;
#4189 = DIRECTION ( 'NONE',  ( -0.000000000000000000, -0.000000000000000000, 1.000000000000000000 ) ) ;
#4190 = DIRECTION ( 'NONE',  ( -0.000000000000000000, -0.000000000000000000, 1.000000000000000000 ) ) ;
#4191 = DIRECTION ( 'NONE',  ( 1.000000000000000000, 0.000000000000000000, 0.000000000000000000 ) ) ;
#4192 = CARTESIAN_POINT ( 'NONE',  ( -52.50000000000072475, 15.00000000000004441, 0.000000000000000000 ) ) ;
#4193 = VERTEX_POINT ( 'NONE', #3874 ) ;
#4194 = DIRECTION ( 'NONE',  ( -1.000000000000000000, 0.000000000000000000, 0.000000000000000000 ) ) ;
#4195 = EDGE_LOOP ( 'NONE', ( #4159, #3037 ) ) ;
ENDSEC;
END-ISO-10303-21;
