ISO-10303-21;
HEADER;
FILE_DESCRIPTION (( 'STEP AP214' ),
    '1' );
FILE_NAME ('Œ–¬÷…»“∂—”≥§∏À.STEP',
    '2026-09-11T06:41:31',
    ( '' ),
    ( '' ),
    'SwSTEP 2.0',
    'SolidWorks 2025',
    '' );
FILE_SCHEMA (( 'AUTOMOTIVE_DESIGN' ));
ENDSEC;

DATA;
#1 = CARTESIAN_POINT ( 'NONE',  ( 6.250000000000010658, 0.000000000000000000, -10.82531754730547746 ) ) ;
#2 = FACE_OUTER_BOUND ( 'NONE', #2720, .T. ) ;
#3 = VERTEX_POINT ( 'NONE', #2219 ) ;
#4 = CARTESIAN_POINT ( 'NONE',  ( -13.14982216652548352, 10.00000000000000000, 9.966552914059864321 ) ) ;
#5 = AXIS2_PLACEMENT_3D ( 'NONE', #2016, #1005, #1301 ) ;
#6 = AXIS2_PLACEMENT_3D ( 'NONE', #181, #695, #941 ) ;
#7 = CARTESIAN_POINT ( 'NONE',  ( 0.000000000000000000, 120.0000000000000000, 0.000000000000000000 ) ) ;
#8 = EDGE_LOOP ( 'NONE', ( #1842, #1129, #1648 ) ) ;
#9 = CARTESIAN_POINT ( 'NONE',  ( -13.14982216652536096, 120.0000000000000000, -9.966552914060018864 ) ) ;
#10 = LINE ( 'NONE', #988, #2918 ) ;
#11 = CARTESIAN_POINT ( 'NONE',  ( -2.056376928474852317, 120.0000000000000000, -16.37135650848873070 ) ) ;
#12 = EDGE_LOOP ( 'NONE', ( #900, #1159, #2041, #703 ) ) ;
#13 = EDGE_CURVE ( 'NONE', #836, #3008, #248, .T. ) ;
#14 = ADVANCED_FACE ( 'NONE', ( #2655 ), #664, .F. ) ;
#15 = DIRECTION ( 'NONE',  ( 0.000000000000000000, 1.000000000000000000, 0.000000000000000000 ) ) ;
#16 = EDGE_LOOP ( 'NONE', ( #799, #1265 ) ) ;
#17 = DIRECTION ( 'NONE',  ( 0.000000000000000000, -0.000000000000000000, 1.000000000000000000 ) ) ;
#18 = DIRECTION ( 'NONE',  ( -0.000000000000000000, 1.000000000000000000, -0.000000000000000000 ) ) ;
#19 = ORIENTED_EDGE ( 'NONE', *, *, #3203, .T. ) ;
#20 = VERTEX_POINT ( 'NONE', #1937 ) ;
#21 = DIRECTION ( 'NONE',  ( 0.000000000000000000, 0.000000000000000000, 1.000000000000000000 ) ) ;
#22 = FACE_OUTER_BOUND ( 'NONE', #1914, .T. ) ;
#23 = AXIS2_PLACEMENT_3D ( 'NONE', #474, #697, #2121 ) ;
#24 = EDGE_CURVE ( 'NONE', #407, #2668, #2712, .T. ) ;
#25 = ORIENTED_EDGE ( 'NONE', *, *, #2572, .F. ) ;
#26 = CARTESIAN_POINT ( 'NONE',  ( 7.145587151472010845, 95.00000000000000000, -0.4490769567380460403 ) ) ;
#27 = CIRCLE ( 'NONE', #646, 2.500000000000000444 ) ;
#28 = EDGE_CURVE ( 'NONE', #904, #597, #1244, .T. ) ;
#29 = CIRCLE ( 'NONE', #3048, 2.500000000000000444 ) ;
#30 = DIRECTION ( 'NONE',  ( 0.000000000000000000, 1.000000000000000000, 0.000000000000000000 ) ) ;
#31 = AXIS2_PLACEMENT_3D ( 'NONE', #2527, #2251, #2297 ) ;
#32 = EDGE_LOOP ( 'NONE', ( #2024, #2277 ) ) ;
#33 = DIRECTION ( 'NONE',  ( 0.000000000000000000, 0.000000000000000000, 1.000000000000000000 ) ) ;
#34 = CIRCLE ( 'NONE', #2009, 1.900000000000000577 ) ;
#35 = DIRECTION ( 'NONE',  ( 0.9419067486450648508, 0.000000000000000000, 0.3358744956927848246 ) ) ;
#36 = EDGE_CURVE ( 'NONE', #3037, #89, #427, .T. ) ;
#37 = DIRECTION ( 'NONE',  ( 0.000000000000000000, 0.000000000000000000, -1.000000000000000000 ) ) ;
#38 = ORIENTED_EDGE ( 'NONE', *, *, #2704, .F. ) ;
#39 = LINE ( 'NONE', #976, #2734 ) ;
#40 = VERTEX_POINT ( 'NONE', #1905 ) ;
#41 = ORIENTED_EDGE ( 'NONE', *, *, #2959, .F. ) ;
#42 = CARTESIAN_POINT ( 'NONE',  ( 0.000000000000000000, 10.00000000000000000, 0.000000000000000000 ) ) ;
#43 = CARTESIAN_POINT ( 'NONE',  ( 8.833459118601924231, 0.000000000000000000, 7.599999999999623945 ) ) ;
#44 = VERTEX_POINT ( 'NONE', #1415 ) ;
#45 = DIRECTION ( 'NONE',  ( -0.000000000000000000, 1.000000000000000000, -0.000000000000000000 ) ) ;
#46 = CARTESIAN_POINT ( 'NONE',  ( 3.961705628525075795, 35.00000000000000000, -5.963721519761327805 ) ) ;
#47 = DIRECTION ( 'NONE',  ( 0.000000000000000000, 0.000000000000000000, 1.000000000000000000 ) ) ;
#48 = EDGE_LOOP ( 'NONE', ( #1049, #142, #1474, #3054 ) ) ;
#49 = CARTESIAN_POINT ( 'NONE',  ( -2.056376928475184052, 120.0000000000000000, 16.37135650848868806 ) ) ;
#50 = DIRECTION ( 'NONE',  ( -0.9836524201690216573, 0.000000000000000000, 0.1800775285692985950 ) ) ;
#51 = VERTEX_POINT ( 'NONE', #1693 ) ;
#52 = VECTOR ( 'NONE', #465, 1000.000000000000000 ) ;
#53 = CYLINDRICAL_SURFACE ( 'NONE', #1282, 1.900000000000000133 ) ;
#54 = EDGE_LOOP ( 'NONE', ( #2558, #2654, #691, #930 ) ) ;
#55 = EDGE_CURVE ( 'NONE', #2715, #44, #974, .T. ) ;
#56 = EDGE_LOOP ( 'NONE', ( #566, #154, #1062, #1117 ) ) ;
#57 = DIRECTION ( 'NONE',  ( -0.000000000000000000, -1.000000000000000000, -0.000000000000000000 ) ) ;
#58 = EDGE_CURVE ( 'NONE', #1585, #3231, #1259, .T. ) ;
#59 = PLANE ( 'NONE',  #131 ) ;
#60 = EDGE_CURVE ( 'NONE', #3085, #3, #229, .T. ) ;
#61 = VERTEX_POINT ( 'NONE', #213 ) ;
#62 = AXIS2_PLACEMENT_3D ( 'NONE', #3084, #345, #136 ) ;
#63 = AXIS2_PLACEMENT_3D ( 'NONE', #3137, #453, #901 ) ;
#64 = LINE ( 'NONE', #2513, #2636 ) ;
#65 = VERTEX_POINT ( 'NONE', #1445 ) ;
#66 = FACE_OUTER_BOUND ( 'NONE', #593, .T. ) ;
#67 = DIRECTION ( 'NONE',  ( -0.000000000000000000, -1.000000000000000000, -0.000000000000000000 ) ) ;
#68 = ORIENTED_EDGE ( 'NONE', *, *, #275, .F. ) ;
#69 = EDGE_CURVE ( 'NONE', #65, #678, #2169, .T. ) ;
#70 = ORIENTED_EDGE ( 'NONE', *, *, #772, .F. ) ;
#71 = ORIENTED_EDGE ( 'NONE', *, *, #3047, .T. ) ;
#72 = DIRECTION ( 'NONE',  ( -0.000000000000000000, 1.000000000000000000, -0.000000000000000000 ) ) ;
#73 = DIRECTION ( 'NONE',  ( 0.000000000000000000, 0.000000000000000000, 1.000000000000000000 ) ) ;
#74 = EDGE_CURVE ( 'NONE', #1613, #896, #473, .T. ) ;
#75 = EDGE_LOOP ( 'NONE', ( #2158, #1121, #1573, #965 ) ) ;
#76 = DIRECTION ( 'NONE',  ( 0.000000000000000000, 1.000000000000000000, 0.000000000000000000 ) ) ;
#77 = EDGE_CURVE ( 'NONE', #1015, #2581, #2930, .T. ) ;
#78 = VECTOR ( 'NONE', #1863, 1000.000000000000000 ) ;
#79 = CYLINDRICAL_SURFACE ( 'NONE', #1386, 1.900000000000000577 ) ;
#80 = ORIENTED_EDGE ( 'NONE', *, *, #1984, .T. ) ;
#81 = AXIS2_PLACEMENT_3D ( 'NONE', #861, #1871, #1125 ) ;
#82 = DIRECTION ( 'NONE',  ( 0.000000000000000000, 1.000000000000000000, 0.000000000000000000 ) ) ;
#83 = AXIS2_PLACEMENT_3D ( 'NONE', #1138, #707, #145 ) ;
#84 = CARTESIAN_POINT ( 'NONE',  ( 12.50000000000000355, 10.00000000000000000, 4.163336342344337027E-14 ) ) ;
#85 = DIRECTION ( 'NONE',  ( -0.000000000000000000, 1.000000000000000000, -0.000000000000000000 ) ) ;
#86 = VECTOR ( 'NONE', #3088, 1000.000000000000114 ) ;
#87 = ORIENTED_EDGE ( 'NONE', *, *, #925, .F. ) ;
#88 = ORIENTED_EDGE ( 'NONE', *, *, #232, .F. ) ;
#89 = VERTEX_POINT ( 'NONE', #1726 ) ;
#90 = EDGE_CURVE ( 'NONE', #557, #1410, #1025, .T. ) ;
#91 = DIRECTION ( 'NONE',  ( 0.000000000000000000, 0.000000000000000000, -1.000000000000000000 ) ) ;
#92 = DIRECTION ( 'NONE',  ( 0.000000000000000000, 1.000000000000000000, 0.000000000000000000 ) ) ;
#93 = ORIENTED_EDGE ( 'NONE', *, *, #840, .T. ) ;
#94 = DIRECTION ( 'NONE',  ( 0.000000000000000000, 0.000000000000000000, 1.000000000000000000 ) ) ;
#95 = CIRCLE ( 'NONE', #2750, 2.500000000000000444 ) ;
#96 = LINE ( 'NONE', #1366, #2942 ) ;
#97 = EDGE_LOOP ( 'NONE', ( #1537, #247, #88, #2551 ) ) ;
#98 = DIRECTION ( 'NONE',  ( 0.000000000000000000, -0.000000000000000000, 1.000000000000000000 ) ) ;
#99 = DIRECTION ( 'NONE',  ( 0.000000000000000000, 1.000000000000000000, 0.000000000000000000 ) ) ;
#100 = ADVANCED_FACE ( 'NONE', ( #2739 ), #1043, .F. ) ;
#101 = LINE ( 'NONE', #1840, #2838 ) ;
#102 = VERTEX_POINT ( 'NONE', #3046 ) ;
#103 = VERTEX_POINT ( 'NONE', #1060 ) ;
#104 = ORIENTED_EDGE ( 'NONE', *, *, #1984, .F. ) ;
#105 = CYLINDRICAL_SURFACE ( 'NONE', #3099, 1.900000000000000577 ) ;
#106 = VECTOR ( 'NONE', #2172, 1000.000000000000000 ) ;
#107 = DIRECTION ( 'NONE',  ( -0.000000000000000000, 1.000000000000000000, -0.000000000000000000 ) ) ;
#108 = ORIENTED_EDGE ( 'NONE', *, *, #1407, .T. ) ;
#109 = CARTESIAN_POINT ( 'NONE',  ( 0.000000000000000000, 35.00000000000000000, 0.000000000000000000 ) ) ;
#110 = DIRECTION ( 'NONE',  ( -0.000000000000000000, 1.000000000000000000, -0.000000000000000000 ) ) ;
#111 = AXIS2_PLACEMENT_3D ( 'NONE', #2516, #2773, #1531 ) ;
#112 = EDGE_LOOP ( 'NONE', ( #316, #1095, #1668 ) ) ;
#113 = DIRECTION ( 'NONE',  ( -0.000000000000000000, -1.000000000000000000, -0.000000000000000000 ) ) ;
#114 = CIRCLE ( 'NONE', #2565, 2.500000000000000444 ) ;
#115 = VECTOR ( 'NONE', #3078, 1000.000000000000000 ) ;
#116 = CARTESIAN_POINT ( 'NONE',  ( 6.249999999999939604, 10.00000000000000000, 12.72531754730552400 ) ) ;
#117 = VECTOR ( 'NONE', #1202, 1000.000000000000227 ) ;
#118 = ORIENTED_EDGE ( 'NONE', *, *, #508, .F. ) ;
#119 = ADVANCED_FACE ( 'NONE', ( #539 ), #762, .F. ) ;
#120 = ADVANCED_FACE ( 'NONE', ( #524 ), #812, .F. ) ;
#121 = VERTEX_POINT ( 'NONE', #324 ) ;
#122 = DIRECTION ( 'NONE',  ( 0.000000000000000000, 0.000000000000000000, 1.000000000000000000 ) ) ;
#123 = CARTESIAN_POINT ( 'NONE',  ( -7.145587151471926468, 120.0000000000000000, -0.4490769567378771754 ) ) ;
#124 = ORIENTED_EDGE ( 'NONE', *, *, #1512, .T. ) ;
#125 = CARTESIAN_POINT ( 'NONE',  ( 13.14982216652537161, 95.00000000000000000, -9.966552914060006430 ) ) ;
#126 = FACE_OUTER_BOUND ( 'NONE', #2840, .T. ) ;
#127 = ORIENTED_EDGE ( 'NONE', *, *, #3205, .T. ) ;
#128 = DIRECTION ( 'NONE',  ( 0.000000000000000000, 0.000000000000000000, 1.000000000000000000 ) ) ;
#129 = EDGE_CURVE ( 'NONE', #1522, #2141, #1617, .T. ) ;
#130 = CARTESIAN_POINT ( 'NONE',  ( 3.961705628525075795, 120.0000000000000000, -5.963721519761327805 ) ) ;
#131 = AXIS2_PLACEMENT_3D ( 'NONE', #1543, #3024, #2066 ) ;
#132 = ORIENTED_EDGE ( 'NONE', *, *, #492, .T. ) ;
#133 = VECTOR ( 'NONE', #3191, 1000.000000000000000 ) ;
#134 = ADVANCED_FACE ( 'NONE', ( #66 ), #3014, .F. ) ;
#135 = VECTOR ( 'NONE', #2398, 1000.000000000000227 ) ;
#136 = DIRECTION ( 'NONE',  ( 0.7618292200757144084, 0.000000000000000000, 0.6477779244763044453 ) ) ;
#137 = ORIENTED_EDGE ( 'NONE', *, *, #2103, .F. ) ;
#138 = AXIS2_PLACEMENT_3D ( 'NONE', #2546, #1302, #2832 ) ;
#139 = CARTESIAN_POINT ( 'NONE',  ( -12.50000000000000355, 0.000000000000000000, -1.900000000000127809 ) ) ;
#140 = DIRECTION ( 'NONE',  ( 0.000000000000000000, 1.000000000000000000, 0.000000000000000000 ) ) ;
#141 = DIRECTION ( 'NONE',  ( 0.000000000000000000, 0.000000000000000000, 1.000000000000000000 ) ) ;
#142 = ORIENTED_EDGE ( 'NONE', *, *, #770, .F. ) ;
#143 = DIRECTION ( 'NONE',  ( -0.000000000000000000, -1.000000000000000000, -0.000000000000000000 ) ) ;
#144 = PLANE ( 'NONE',  #1412 ) ;
#145 = DIRECTION ( 'NONE',  ( 1.000000000000000000, 0.000000000000000000, 0.000000000000000000 ) ) ;
#146 = EDGE_LOOP ( 'NONE', ( #1082, #1677 ) ) ;
#147 = CARTESIAN_POINT ( 'NONE',  ( 13.14982216652516023, 35.00000000000000000, 9.966552914060288870 ) ) ;
#148 = DIRECTION ( 'NONE',  ( 0.1800775285693745620, 0.000000000000000000, -0.9836524201690076685 ) ) ;
#149 = VERTEX_POINT ( 'NONE', #1498 ) ;
#150 = PLANE ( 'NONE',  #2476 ) ;
#151 = CYLINDRICAL_SURFACE ( 'NONE', #335, 21.99999999999998224 ) ;
#152 = ADVANCED_FACE ( 'NONE', ( #1982 ), #2980, .F. ) ;
#153 = DIRECTION ( 'NONE',  ( 0.000000000000000000, 0.000000000000000000, 1.000000000000000000 ) ) ;
#154 = ORIENTED_EDGE ( 'NONE', *, *, #3221, .F. ) ;
#155 = CARTESIAN_POINT ( 'NONE',  ( -8.833459118600627491, 120.0000000000000142, 5.100000000000373568 ) ) ;
#156 = EDGE_CURVE ( 'NONE', #1317, #534, #1515, .T. ) ;
#157 = EDGE_CURVE ( 'NONE', #2923, #1042, #746, .T. ) ;
#158 = DIRECTION ( 'NONE',  ( 0.000000000000000000, 0.000000000000000000, 1.000000000000000000 ) ) ;
#159 = ORIENTED_EDGE ( 'NONE', *, *, #1944, .T. ) ;
#160 = CARTESIAN_POINT ( 'NONE',  ( 2.056376928475379007, 120.0000000000000000, -16.37135650848866320 ) ) ;
#161 = DIRECTION ( 'NONE',  ( 0.000000000000000000, 0.000000000000000000, -1.000000000000000000 ) ) ;
#162 = DIRECTION ( 'NONE',  ( 0.000000000000000000, 0.000000000000000000, 1.000000000000000000 ) ) ;
#163 = ORIENTED_EDGE ( 'NONE', *, *, #2441, .F. ) ;
#164 = ORIENTED_EDGE ( 'NONE', *, *, #688, .T. ) ;
#165 = CIRCLE ( 'NONE', #3129, 1.900000000000000577 ) ;
#166 = AXIS2_PLACEMENT_3D ( 'NONE', #49, #1793, #2299 ) ;
#167 = AXIS2_PLACEMENT_3D ( 'NONE', #2332, #99, #2607 ) ;
#168 = ORIENTED_EDGE ( 'NONE', *, *, #1572, .F. ) ;
#169 = CYLINDRICAL_SURFACE ( 'NONE', #239, 1.900000000000000577 ) ;
#170 = EDGE_CURVE ( 'NONE', #2798, #2025, #1308, .T. ) ;
#171 = FACE_BOUND ( 'NONE', #1425, .T. ) ;
#172 = VERTEX_POINT ( 'NONE', #2054 ) ;
#173 = DIRECTION ( 'NONE',  ( 0.000000000000000000, -0.000000000000000000, 1.000000000000000000 ) ) ;
#174 = LINE ( 'NONE', #1424, #117 ) ;
#175 =( NAMED_UNIT ( * ) SI_UNIT ( $, .STERADIAN. ) SOLID_ANGLE_UNIT ( ) );
#176 = VERTEX_POINT ( 'NONE', #1549 ) ;
#177 = DIRECTION ( 'NONE',  ( 0.000000000000000000, 0.000000000000000000, 1.000000000000000000 ) ) ;
#178 = MANIFOLD_SOLID_BREP ( '\X2\52079664\X0\-\X2\62c94f38\X0\3', #3076 ) ;
#179 = DIRECTION ( 'NONE',  ( 0.000000000000000000, 0.000000000000000000, 1.000000000000000000 ) ) ;
#180 = VERTEX_POINT ( 'NONE', #1352 ) ;
#181 = CARTESIAN_POINT ( 'NONE',  ( 0.000000000000000000, 95.00000000000000000, 0.000000000000000000 ) ) ;
#182 = AXIS2_PLACEMENT_3D ( 'NONE', #1315, #3089, #73 ) ;
#183 = PLANE ( 'NONE',  #1899 ) ;
#184 = CIRCLE ( 'NONE', #2003, 1.900000000000000577 ) ;
#185 = AXIS2_PLACEMENT_3D ( 'NONE', #2967, #1712, #2022 ) ;
#186 = DIRECTION ( 'NONE',  ( -0.000000000000000000, -1.000000000000000000, -0.000000000000000000 ) ) ;
#187 = AXIS2_PLACEMENT_3D ( 'NONE', #3092, #2850, #2328 ) ;
#189 = AXIS2_PLACEMENT_3D ( 'NONE', #1085, #576, #2078 ) ;
#188 = CARTESIAN_POINT ( 'NONE',  ( 0.000000000000000000, 120.0000000000000000, 0.000000000000000000 ) ) ;
#190 = ORIENTED_EDGE ( 'NONE', *, *, #925, .T. ) ;
#191 = CARTESIAN_POINT ( 'NONE',  ( 2.056376928475379007, 10.00000000000000000, -16.37135650848866320 ) ) ;
#192 = CARTESIAN_POINT ( 'NONE',  ( 0.000000000000000000, 35.00000000000000000, 0.000000000000000000 ) ) ;
#193 = VERTEX_POINT ( 'NONE', #1109 ) ;
#194 = CARTESIAN_POINT ( 'NONE',  ( 6.249999999999939604, 0.000000000000000000, 8.925317547305521515 ) ) ;
#195 = FACE_OUTER_BOUND ( 'NONE', #1894, .T. ) ;
#196 = ORIENTED_EDGE ( 'NONE', *, *, #228, .T. ) ;
#197 = CARTESIAN_POINT ( 'NONE',  ( 6.250000000000010658, 0.000000000000000000, -8.925317547305477106 ) ) ;
#198 = ADVANCED_FACE ( 'NONE', ( #1839 ), #1273, .F. ) ;
#199 = ADVANCED_FACE ( 'NONE', ( #2834 ), #843, .F. ) ;
#200 = FACE_OUTER_BOUND ( 'NONE', #1598, .T. ) ;
#201 = DIRECTION ( 'NONE',  ( 0.000000000000000000, 0.000000000000000000, 1.000000000000000000 ) ) ;
#202 = AXIS2_PLACEMENT_3D ( 'NONE', #2464, #186, #1436 ) ;
#203 = DIRECTION ( 'NONE',  ( -0.1800775285693745620, 0.000000000000000000, 0.9836524201690076685 ) ) ;
#204 = VERTEX_POINT ( 'NONE', #1870 ) ;
#205 = PLANE ( 'NONE',  #361 ) ;
#206 = DIRECTION ( 'NONE',  ( 0.000000000000000000, -0.000000000000000000, 1.000000000000000000 ) ) ;
#207 = ORIENTED_EDGE ( 'NONE', *, *, #1468, .F. ) ;
#208 = AXIS2_PLACEMENT_3D ( 'NONE', #912, #1908, #234 ) ;
#209 = CYLINDRICAL_SURFACE ( 'NONE', #1518, 21.99999999999991473 ) ;
#210 = CIRCLE ( 'NONE', #1771, 1.900000000000000577 ) ;
#211 = LINE ( 'NONE', #662, #2938 ) ;
#212 = ORIENTED_EDGE ( 'NONE', *, *, #2780, .F. ) ;
#213 = CARTESIAN_POINT ( 'NONE',  ( 6.249999999999939604, 10.00000000000000000, 8.925317547305521515 ) ) ;
#214 = LINE ( 'NONE', #459, #444 ) ;
#215 = EDGE_CURVE ( 'NONE', #1770, #349, #1409, .T. ) ;
#216 = AXIS2_PLACEMENT_3D ( 'NONE', #2530, #2037, #3031 ) ;
#217 = CARTESIAN_POINT ( 'NONE',  ( -15.20619909500056188, 120.0000000000000000, 6.404803594428502223 ) ) ;
#218 = ADVANCED_FACE ( 'NONE', ( #2072 ), #1368, .F. ) ;
#219 = CIRCLE ( 'NONE', #1365, 16.50000000000000355 ) ;
#220 = DIRECTION ( 'NONE',  ( 0.000000000000000000, 1.000000000000000000, 0.000000000000000000 ) ) ;
#221 = EDGE_LOOP ( 'NONE', ( #2842, #41, #1801, #777 ) ) ;
#222 = DIRECTION ( 'NONE',  ( 0.000000000000000000, 1.000000000000000000, 0.000000000000000000 ) ) ;
#223 = DIRECTION ( 'NONE',  ( 0.000000000000000000, -0.000000000000000000, 1.000000000000000000 ) ) ;
#224 = ORIENTED_EDGE ( 'NONE', *, *, #2877, .F. ) ;
#225 = DIRECTION ( 'NONE',  ( 0.000000000000000000, 0.000000000000000000, 1.000000000000000000 ) ) ;
#226 = DIRECTION ( 'NONE',  ( 0.4999999999999992784, 0.000000000000000000, -0.8660254037844390407 ) ) ;
#227 = ORIENTED_EDGE ( 'NONE', *, *, #1170, .F. ) ;
#228 = EDGE_CURVE ( 'NONE', #3231, #2622, #2330, .T. ) ;
#229 = LINE ( 'NONE', #2410, #838 ) ;
#230 = PLANE ( 'NONE',  #2057 ) ;
#231 = DIRECTION ( 'NONE',  ( 0.000000000000000000, 0.000000000000000000, 1.000000000000000000 ) ) ;
#232 = EDGE_CURVE ( 'NONE', #2853, #2373, #2613, .T. ) ;
#233 = CIRCLE ( 'NONE', #595, 2.500000000000000444 ) ;
#234 = DIRECTION ( 'NONE',  ( 0.000000000000000000, 0.000000000000000000, 1.000000000000000000 ) ) ;
#235 = CARTESIAN_POINT ( 'NONE',  ( 12.50000000000000355, 120.0000000000000142, -1.899999999999958611 ) ) ;
#236 = AXIS2_PLACEMENT_3D ( 'NONE', #3081, #845, #2380 ) ;
#237 = ORIENTED_EDGE ( 'NONE', *, *, #1087, .T. ) ;
#238 = CARTESIAN_POINT ( 'NONE',  ( 23.90582999313836510, 120.0000000000000000, 13.80203738173986849 ) ) ;
#239 = AXIS2_PLACEMENT_3D ( 'NONE', #2429, #911, #666 ) ;
#240 = CIRCLE ( 'NONE', #2736, 2.500000000000000444 ) ;
#241 = DIRECTION ( 'NONE',  ( -0.000000000000000000, 1.000000000000000000, -0.000000000000000000 ) ) ;
#242 = AXIS2_PLACEMENT_3D ( 'NONE', #2615, #2306, #1312 ) ;
#243 = EDGE_LOOP ( 'NONE', ( #2648, #3130 ) ) ;
#244 = DIRECTION ( 'NONE',  ( -0.000000000000000000, -1.000000000000000000, -0.000000000000000000 ) ) ;
#245 = CARTESIAN_POINT ( 'NONE',  ( 0.000000000000000000, 10.00000000000000000, -16.50000000000000000 ) ) ;
#246 = LINE ( 'NONE', #2495, #392 ) ;
#247 = ORIENTED_EDGE ( 'NONE', *, *, #1237, .T. ) ;
#248 = LINE ( 'NONE', #956, #3177 ) ;
#249 = FACE_OUTER_BOUND ( 'NONE', #1280, .T. ) ;
#250 = LINE ( 'NONE', #2744, #2272 ) ;
#251 = CARTESIAN_POINT ( 'NONE',  ( 0.000000000000000000, 130.0000000000000000, -10.19999999999999929 ) ) ;
#252 = ORIENTED_EDGE ( 'NONE', *, *, #1226, .F. ) ;
#253 = CARTESIAN_POINT ( 'NONE',  ( 6.249999999999939604, 130.0000000000000000, 8.925317547305521515 ) ) ;
#254 = FACE_BOUND ( 'NONE', #1135, .T. ) ;
#255 = ADVANCED_FACE ( 'NONE', ( #1092 ), #1626, .F. ) ;
#256 = ORIENTED_EDGE ( 'NONE', *, *, #2241, .F. ) ;
#257 = CARTESIAN_POINT ( 'NONE',  ( -13.14982216652547820, 120.0000000000000000, 9.966552914059862545 ) ) ;
#258 = EDGE_CURVE ( 'NONE', #2891, #1841, #2351, .T. ) ;
#259 = CARTESIAN_POINT ( 'NONE',  ( 13.14982216652516023, 10.00000000000000000, 9.966552914060288870 ) ) ;
#260 = VERTEX_POINT ( 'NONE', #2130 ) ;
#261 = CARTESIAN_POINT ( 'NONE',  ( 0.000000000000000000, 130.0000000000000000, 0.000000000000000000 ) ) ;
#262 = CARTESIAN_POINT ( 'NONE',  ( 6.249999999999939604, 120.0000000000000142, 8.925317547305521515 ) ) ;
#263 = FACE_OUTER_BOUND ( 'NONE', #221, .T. ) ;
#264 = ADVANCED_FACE ( 'NONE', ( #2623 ), #2085, .F. ) ;
#265 = CARTESIAN_POINT ( 'NONE',  ( 6.250000000000010658, 120.0000000000000142, -12.72531754730547782 ) ) ;
#266 = ORIENTED_EDGE ( 'NONE', *, *, #400, .T. ) ;
#267 = VERTEX_POINT ( 'NONE', #858 ) ;
#268 = ADVANCED_FACE ( 'NONE', ( #3125 ), #2595, .F. ) ;
#269 = CARTESIAN_POINT ( 'NONE',  ( 0.000000000000000000, 120.0000000000000000, 0.000000000000000000 ) ) ;
#270 = VECTOR ( 'NONE', #895, 1000.000000000000000 ) ;
#271 = PLANE ( 'NONE',  #1796 ) ;
#272 = CIRCLE ( 'NONE', #1934, 21.99999999999991473 ) ;
#273 = ORIENTED_EDGE ( 'NONE', *, *, #24, .T. ) ;
#274 = CARTESIAN_POINT ( 'NONE',  ( 0.000000000000000000, 120.0000000000000000, 0.000000000000000000 ) ) ;
#275 = EDGE_CURVE ( 'NONE', #2025, #1036, #1339, .T. ) ;
#276 = CARTESIAN_POINT ( 'NONE',  ( -8.833459118600627491, 0.000000000000000000, 2.600000000000372680 ) ) ;
#277 = ORIENTED_EDGE ( 'NONE', *, *, #2230, .T. ) ;
#278 = DIRECTION ( 'NONE',  ( -0.000000000000000000, -1.000000000000000000, -0.000000000000000000 ) ) ;
#279 = CYLINDRICAL_SURFACE ( 'NONE', #1538, 21.99999999999998579 ) ;
#280 = EDGE_LOOP ( 'NONE', ( #3212, #132 ) ) ;
#281 = DIRECTION ( 'NONE',  ( -0.000000000000000000, 1.000000000000000000, -0.000000000000000000 ) ) ;
#282 = ORIENTED_EDGE ( 'NONE', *, *, #1310, .T. ) ;
#283 = CARTESIAN_POINT ( 'NONE',  ( -3.961705628525380440, 95.00000000000000000, -5.963721519761415735 ) ) ;
#284 = DIRECTION ( 'NONE',  ( -0.000000000000000000, -1.000000000000000000, -0.000000000000000000 ) ) ;
#285 = CIRCLE ( 'NONE', #1169, 16.50000000000000355 ) ;
#286 = ORIENTED_EDGE ( 'NONE', *, *, #730, .T. ) ;
#287 = DIRECTION ( 'NONE',  ( 0.000000000000000000, 1.000000000000000000, 0.000000000000000000 ) ) ;
#288 = AXIS2_PLACEMENT_3D ( 'NONE', #2333, #1612, #148 ) ;
#289 = AXIS2_PLACEMENT_3D ( 'NONE', #296, #1295, #2288 ) ;
#290 = DIRECTION ( 'NONE',  ( 0.000000000000000000, 0.000000000000000000, -1.000000000000000000 ) ) ;
#291 = EDGE_LOOP ( 'NONE', ( #2396, #2395 ) ) ;
#292 = DIRECTION ( 'NONE',  ( 1.000000000000000000, 0.000000000000000000, 3.374329777689453414E-15 ) ) ;
#293 = EDGE_CURVE ( 'NONE', #65, #1070, #375, .T. ) ;
#294 = CARTESIAN_POINT ( 'NONE',  ( 0.000000000000000000, 120.0000000000000000, 0.000000000000000000 ) ) ;
#295 = ORIENTED_EDGE ( 'NONE', *, *, #1093, .T. ) ;
#296 = CARTESIAN_POINT ( 'NONE',  ( -8.833459118600627491, 0.000000000000000000, 5.100000000000373568 ) ) ;
#297 = ADVANCED_FACE ( 'NONE', ( #2606 ), #372, .F. ) ;
#298 = EDGE_CURVE ( 'NONE', #193, #611, #3111, .T. ) ;
#299 = ORIENTED_EDGE ( 'NONE', *, *, #1660, .F. ) ;
#300 = VERTEX_POINT ( 'NONE', #642 ) ;
#301 = LINE ( 'NONE', #480, #651 ) ;
#302 = CIRCLE ( 'NONE', #1499, 21.99999999999994316 ) ;
#303 = DIRECTION ( 'NONE',  ( 0.000000000000000000, 0.000000000000000000, 1.000000000000000000 ) ) ;
#304 = ORIENTED_EDGE ( 'NONE', *, *, #1849, .F. ) ;
#305 = FACE_BOUND ( 'NONE', #1277, .T. ) ;
#306 = ORIENTED_EDGE ( 'NONE', *, *, #3022, .T. ) ;
#307 = DIRECTION ( 'NONE',  ( -0.000000000000000000, 1.000000000000000000, -0.000000000000000000 ) ) ;
#308 = EDGE_CURVE ( 'NONE', #2668, #407, #1209, .T. ) ;
#309 = PRODUCT ( '\X2\6da18f6e624753f65ef6957f6746\X0\', '\X2\6da18f6e624753f65ef6957f6746\X0\', '', ( #406 ) ) ;
#310 = CARTESIAN_POINT ( 'NONE',  ( -2.056376928474851873, 35.00000000000000000, -16.37135650848873780 ) ) ;
#311 = ORIENTED_EDGE ( 'NONE', *, *, #2382, .F. ) ;
#312 = CIRCLE ( 'NONE', #1822, 16.50000000000000355 ) ;
#313 = EDGE_CURVE ( 'NONE', #2116, #3231, #3028, .T. ) ;
#314 = EDGE_LOOP ( 'NONE', ( #1497, #922, #627 ) ) ;
#315 = ADVANCED_FACE ( 'NONE', ( #3171 ), #2406, .F. ) ;
#316 = ORIENTED_EDGE ( 'NONE', *, *, #2300, .F. ) ;
#317 = DIRECTION ( 'NONE',  ( 0.000000000000000000, 1.000000000000000000, 0.000000000000000000 ) ) ;
#318 = DIRECTION ( 'NONE',  ( -0.000000000000000000, -1.000000000000000000, -0.000000000000000000 ) ) ;
#319 = ORIENTED_EDGE ( 'NONE', *, *, #2811, .T. ) ;
#320 = DIRECTION ( 'NONE',  ( 0.000000000000000000, 1.000000000000000000, 0.000000000000000000 ) ) ;
#321 = CIRCLE ( 'NONE', #2040, 1.900000000000000577 ) ;
#322 = CARTESIAN_POINT ( 'NONE',  ( 13.14982216652537339, 35.00000000000000000, -9.966552914060008206 ) ) ;
#323 = ORIENTED_EDGE ( 'NONE', *, *, #215, .F. ) ;
#324 = CARTESIAN_POINT ( 'NONE',  ( 15.20619909500035050, 35.00000000000000000, 6.404803594429000491 ) ) ;
#325 = EDGE_CURVE ( 'NONE', #1699, #1861, #2658, .T. ) ;
#326 = LINE ( 'NONE', #2104, #2733 ) ;
#327 = PLANE ( 'NONE',  #2714 ) ;
#328 = ORIENTED_EDGE ( 'NONE', *, *, #1384, .T. ) ;
#329 = VERTEX_POINT ( 'NONE', #676 ) ;
#330 = DIRECTION ( 'NONE',  ( 0.4999999999999911182, 0.000000000000000000, 0.8660254037844437036 ) ) ;
#331 = FACE_OUTER_BOUND ( 'NONE', #831, .T. ) ;
#332 = EDGE_LOOP ( 'NONE', ( #2472, #3058 ) ) ;
#333 = DIRECTION ( 'NONE',  ( -0.000000000000000000, -1.000000000000000000, -0.000000000000000000 ) ) ;
#334 = EDGE_CURVE ( 'NONE', #2084, #2325, #1704, .T. ) ;
#335 = AXIS2_PLACEMENT_3D ( 'NONE', #3105, #1146, #2690 ) ;
#336 = CARTESIAN_POINT ( 'NONE',  ( -12.50000000000000355, 120.0000000000000142, -1.275021754842953214E-13 ) ) ;
#337 = VERTEX_POINT ( 'NONE', #1933 ) ;
#338 = AXIS2_PLACEMENT_3D ( 'NONE', #1206, #1903, #1399 ) ;
#339 = DIRECTION ( 'NONE',  ( 0.000000000000000000, 1.000000000000000000, 0.000000000000000000 ) ) ;
#340 = CIRCLE ( 'NONE', #1385, 16.50000000000000355 ) ;
#341 = PRODUCT_DEFINITION_FORMATION_WITH_SPECIFIED_SOURCE ( '‰ª', '', #309, .NOT_KNOWN. ) ;
#342 = LINE ( 'NONE', #3112, #1483 ) ;
#343 = AXIS2_PLACEMENT_3D ( 'NONE', #2781, #1267, #498 ) ;
#344 = ORIENTED_EDGE ( 'NONE', *, *, #397, .T. ) ;
#345 = DIRECTION ( 'NONE',  ( -0.6477779244763044453, 0.000000000000000000, 0.7618292200757144084 ) ) ;
#346 = ORIENTED_EDGE ( 'NONE', *, *, #1944, .F. ) ;
#347 = CARTESIAN_POINT ( 'NONE',  ( 13.14982216652537161, 120.0000000000000000, -9.966552914060006430 ) ) ;
#348 = CARTESIAN_POINT ( 'NONE',  ( 0.000000000000000000, 120.0000000000000142, -7.699999999999998401 ) ) ;
#349 = VERTEX_POINT ( 'NONE', #2716 ) ;
#350 = FACE_OUTER_BOUND ( 'NONE', #410, .T. ) ;
#351 = EDGE_CURVE ( 'NONE', #172, #1829, #2454, .T. ) ;
#352 = CARTESIAN_POINT ( 'NONE',  ( 12.50000000000000355, 120.0000000000000142, 4.163336342344337027E-14 ) ) ;
#353 = ORIENTED_EDGE ( 'NONE', *, *, #567, .T. ) ;
#354 = DIRECTION ( 'NONE',  ( -0.5000000000000173195, 0.000000000000000000, 0.8660254037844286046 ) ) ;
#355 = ADVANCED_FACE ( 'NONE', ( #953 ), #209, .F. ) ;
#356 = AXIS2_PLACEMENT_3D ( 'NONE', #2752, #551, #535 ) ;
#357 = DIRECTION ( 'NONE',  ( 0.000000000000000000, 0.000000000000000000, 1.000000000000000000 ) ) ;
#358 = EDGE_LOOP ( 'NONE', ( #1792, #1381, #3083 ) ) ;
#359 = DIRECTION ( 'NONE',  ( -0.000000000000000000, 1.000000000000000000, -0.000000000000000000 ) ) ;
#360 = ORIENTED_EDGE ( 'NONE', *, *, #1958, .T. ) ;
#361 = AXIS2_PLACEMENT_3D ( 'NONE', #2937, #1701, #1200 ) ;
#362 = CARTESIAN_POINT ( 'NONE',  ( 3.183881522946681031, 120.0000000000000000, 6.412798476499188105 ) ) ;
#363 = ADVANCED_FACE ( 'NONE', ( #1915 ), #1426, .F. ) ;
#364 = VECTOR ( 'NONE', #2908, 1000.000000000000000 ) ;
#365 = PLANE ( 'NONE',  #1480 ) ;
#366 = EDGE_CURVE ( 'NONE', #753, #1841, #1686, .T. ) ;
#367 = VERTEX_POINT ( 'NONE', #1901 ) ;
#368 = CARTESIAN_POINT ( 'NONE',  ( 6.250000000000010658, 0.000000000000000000, -12.72531754730547782 ) ) ;
#369 = LINE ( 'NONE', #2575, #2221 ) ;
#370 = VECTOR ( 'NONE', #2896, 1000.000000000000000 ) ;
#371 = VERTEX_POINT ( 'NONE', #2422 ) ;
#372 = PLANE ( 'NONE',  #2042 ) ;
#373 = EDGE_CURVE ( 'NONE', #2492, #61, #2892, .T. ) ;
#374 = VECTOR ( 'NONE', #85, 1000.000000000000000 ) ;
#375 = CIRCLE ( 'NONE', #2196, 16.50000000000000355 ) ;
#376 = LINE ( 'NONE', #130, #1331 ) ;
#377 = AXIS2_PLACEMENT_3D ( 'NONE', #192, #690, #657 ) ;
#378 = VERTEX_POINT ( 'NONE', #969 ) ;
#379 = CARTESIAN_POINT ( 'NONE',  ( -15.20619909500056188, 35.00000000000000000, 6.404803594428502223 ) ) ;
#380 = FACE_BOUND ( 'NONE', #146, .T. ) ;
#381 = ORIENTED_EDGE ( 'NONE', *, *, #55, .T. ) ;
#382 = FACE_OUTER_BOUND ( 'NONE', #1309, .T. ) ;
#383 = DIRECTION ( 'NONE',  ( 0.000000000000000000, 0.000000000000000000, -1.000000000000000000 ) ) ;
#384 =( LENGTH_UNIT ( ) NAMED_UNIT ( * ) SI_UNIT ( .MILLI., .METRE. ) );
#385 = ORIENTED_EDGE ( 'NONE', *, *, #2898, .T. ) ;
#386 = DIRECTION ( 'NONE',  ( 0.000000000000000000, 0.000000000000000000, 1.000000000000000000 ) ) ;
#387 = VECTOR ( 'NONE', #835, 1000.000000000000000 ) ;
#388 = PLANE ( 'NONE',  #288 ) ;
#389 = LINE ( 'NONE', #2258, #374 ) ;
#390 = AXIS2_PLACEMENT_3D ( 'NONE', #631, #2866, #1628 ) ;
#391 = ORIENTED_EDGE ( 'NONE', *, *, #1182, .T. ) ;
#392 = VECTOR ( 'NONE', #760, 1000.000000000000114 ) ;
#393 = ADVANCED_FACE ( 'NONE', ( #2179 ), #2686, .F. ) ;
#394 = VECTOR ( 'NONE', #683, 1000.000000000000000 ) ;
#395 = EDGE_LOOP ( 'NONE', ( #1732, #587, #2000, #381 ) ) ;
#396 = CIRCLE ( 'NONE', #1955, 1.900000000000000133 ) ;
#397 = EDGE_CURVE ( 'NONE', #1615, #2236, #1881, .T. ) ;
#398 = UNCERTAINTY_MEASURE_WITH_UNIT (LENGTH_MEASURE( 1.000000000000000082E-05 ), #1321, 'distance_accuracy_value', 'NONE');
#399 = DIRECTION ( 'NONE',  ( 0.000000000000000000, 0.000000000000000000, 1.000000000000000000 ) ) ;
#400 = EDGE_CURVE ( 'NONE', #2926, #896, #2164, .T. ) ;
#401 = DIRECTION ( 'NONE',  ( 0.000000000000000000, 0.000000000000000000, 1.000000000000000000 ) ) ;
#402 = DIRECTION ( 'NONE',  ( -0.000000000000000000, 1.000000000000000000, -0.000000000000000000 ) ) ;
#403 = ORIENTED_EDGE ( 'NONE', *, *, #1446, .F. ) ;
#404 = DIRECTION ( 'NONE',  ( 0.000000000000000000, 0.000000000000000000, 1.000000000000000000 ) ) ;
#405 = CARTESIAN_POINT ( 'NONE',  ( 0.000000000000000000, 130.0000000000000000, -7.699999999999998401 ) ) ;
#406 = PRODUCT_CONTEXT ( 'NONE', #667, 'mechanical' ) ;
#407 = VERTEX_POINT ( 'NONE', #1966 ) ;
#408 = DIRECTION ( 'NONE',  ( 0.000000000000000000, -1.000000000000000000, 0.000000000000000000 ) ) ;
#409 = DIRECTION ( 'NONE',  ( -0.7618292200757144084, 0.000000000000000000, -0.6477779244763044453 ) ) ;
#410 = EDGE_LOOP ( 'NONE', ( #2263, #1289, #108, #588, #773, #2449, #2071, #295, #2862, #2296 ) ) ;
#411 = EDGE_CURVE ( 'NONE', #1851, #44, #1614, .T. ) ;
#412 = ORIENTED_EDGE ( 'NONE', *, *, #648, .F. ) ;
#413 = ORIENTED_EDGE ( 'NONE', *, *, #2331, .F. ) ;
#414 = EDGE_CURVE ( 'NONE', #204, #1522, #2698, .T. ) ;
#415 = CARTESIAN_POINT ( 'NONE',  ( 0.000000000000000000, 120.0000000000000000, 0.000000000000000000 ) ) ;
#416 = EDGE_CURVE ( 'NONE', #1761, #2356, #210, .T. ) ;
#417 = DIRECTION ( 'NONE',  ( 0.000000000000000000, 1.000000000000000000, 0.000000000000000000 ) ) ;
#418 = VERTEX_POINT ( 'NONE', #483 ) ;
#419 = CARTESIAN_POINT ( 'NONE',  ( 15.20619909500034872, 120.0000000000000000, 6.404803594428997826 ) ) ;
#420 = VECTOR ( 'NONE', #916, 1000.000000000000000 ) ;
#421 = CYLINDRICAL_SURFACE ( 'NONE', #1983, 1.900000000000000577 ) ;
#422 = EDGE_LOOP ( 'NONE', ( #3208, #2576 ) ) ;
#423 = DIRECTION ( 'NONE',  ( -0.000000000000000000, 1.000000000000000000, -0.000000000000000000 ) ) ;
#424 = AXIS2_PLACEMENT_3D ( 'NONE', #2026, #739, #2012 ) ;
#425 = CARTESIAN_POINT ( 'NONE',  ( -15.20619909500056188, 120.0000000000000000, 6.404803594428502223 ) ) ;
#426 = VERTEX_POINT ( 'NONE', #2393 ) ;
#427 = LINE ( 'NONE', #1969, #370 ) ;
#428 = CIRCLE ( 'NONE', #993, 16.50000000000000355 ) ;
#429 = ADVANCED_FACE ( 'NONE', ( #1154 ), #1511, .F. ) ;
#430 = AXIS2_PLACEMENT_3D ( 'NONE', #1596, #1929, #2435 ) ;
#431 = PLANE ( 'NONE',  #1803 ) ;
#432 = DIRECTION ( 'NONE',  ( 0.000000000000000000, 0.000000000000000000, 1.000000000000000000 ) ) ;
#433 = DIRECTION ( 'NONE',  ( -0.000000000000000000, -1.000000000000000000, -0.000000000000000000 ) ) ;
#434 = EDGE_LOOP ( 'NONE', ( #1652, #2826, #2409, #3227 ) ) ;
#435 = DIRECTION ( 'NONE',  ( 0.000000000000000000, 0.000000000000000000, 1.000000000000000000 ) ) ;
#436 = DIRECTION ( 'NONE',  ( 0.000000000000000000, -0.000000000000000000, 1.000000000000000000 ) ) ;
#437 = ORIENTED_EDGE ( 'NONE', *, *, #1416, .T. ) ;
#438 = DIRECTION ( 'NONE',  ( -0.000000000000000000, -1.000000000000000000, -0.000000000000000000 ) ) ;
#439 = EDGE_CURVE ( 'NONE', #1410, #2373, #2766, .T. ) ;
#440 = LINE ( 'NONE', #1156, #2769 ) ;
#441 = CARTESIAN_POINT ( 'NONE',  ( 3.961705628525075795, 10.00000000000000000, -5.963721519761327805 ) ) ;
#442 = ORIENTED_EDGE ( 'NONE', *, *, #69, .F. ) ;
#443 = ORIENTED_EDGE ( 'NONE', *, *, #1806, .F. ) ;
#444 = VECTOR ( 'NONE', #714, 1000.000000000000000 ) ;
#445 = DIRECTION ( 'NONE',  ( 0.000000000000000000, 1.000000000000000000, 0.000000000000000000 ) ) ;
#446 = AXIS2_PLACEMENT_3D ( 'NONE', #1918, #2911, #1676 ) ;
#447 = CARTESIAN_POINT ( 'NONE',  ( 0.000000000000000000, 120.0000000000000000, 0.000000000000000000 ) ) ;
#448 = DIRECTION ( 'NONE',  ( 0.000000000000000000, 0.000000000000000000, 1.000000000000000000 ) ) ;
#449 = ORIENTED_EDGE ( 'NONE', *, *, #1758, .T. ) ;
#450 = CARTESIAN_POINT ( 'NONE',  ( 13.14982216652516023, 95.00000000000000000, 9.966552914060288870 ) ) ;
#451 = CARTESIAN_POINT ( 'NONE',  ( 0.000000000000000000, 120.0000000000000000, 0.000000000000000000 ) ) ;
#452 = VERTEX_POINT ( 'NONE', #9 ) ;
#453 = DIRECTION ( 'NONE',  ( 0.000000000000000000, 1.000000000000000000, 0.000000000000000000 ) ) ;
#454 = EDGE_CURVE ( 'NONE', #1879, #1981, #2032, .T. ) ;
#455 = DIRECTION ( 'NONE',  ( -0.000000000000000000, -1.000000000000000000, -0.000000000000000000 ) ) ;
#456 = EDGE_CURVE ( 'NONE', #103, #2256, #1916, .T. ) ;
#457 = VERTEX_POINT ( 'NONE', #2990 ) ;
#458 = EDGE_LOOP ( 'NONE', ( #3097, #1807, #2440, #800 ) ) ;
#459 = CARTESIAN_POINT ( 'NONE',  ( 8.833459118601924231, 120.0000000000000142, 7.599999999999623945 ) ) ;
#460 = DIRECTION ( 'NONE',  ( 0.000000000000000000, 0.000000000000000000, 1.000000000000000000 ) ) ;
#461 = LINE ( 'NONE', #1714, #1303 ) ;
#462 = FACE_BOUND ( 'NONE', #794, .T. ) ;
#463 = CARTESIAN_POINT ( 'NONE',  ( -2.056376928474851873, 10.00000000000000000, -16.37135650848873780 ) ) ;
#464 = ORIENTED_EDGE ( 'NONE', *, *, #1316, .F. ) ;
#465 = DIRECTION ( 'NONE',  ( -0.000000000000000000, -1.000000000000000000, -0.000000000000000000 ) ) ;
#466 = EDGE_CURVE ( 'NONE', #457, #1585, #2784, .T. ) ;
#467 = DIRECTION ( 'NONE',  ( 0.000000000000000000, 0.000000000000000000, 1.000000000000000000 ) ) ;
#468 = EDGE_LOOP ( 'NONE', ( #1059, #1831, #2618 ) ) ;
#469 = CARTESIAN_POINT ( 'NONE',  ( -6.250000000000016875, 10.00000000000000000, -10.82531754730547568 ) ) ;
#470 = CARTESIAN_POINT ( 'NONE',  ( -3.961705628525380440, 35.00000000000000000, -5.963721519761415735 ) ) ;
#471 = ORIENTED_EDGE ( 'NONE', *, *, #2126, .T. ) ;
#472 = ADVANCED_FACE ( 'NONE', ( #1286 ), #2526, .F. ) ;
#473 = LINE ( 'NONE', #1953, #581 ) ;
#474 = CARTESIAN_POINT ( 'NONE',  ( -12.50000000000000355, 120.0000000000000142, -1.275021754842953214E-13 ) ) ;
#475 = DIRECTION ( 'NONE',  ( -0.4999999999999910627, 0.000000000000000000, -0.8660254037844437036 ) ) ;
#476 = AXIS2_PLACEMENT_3D ( 'NONE', #1941, #402, #2871 ) ;
#477 = AXIS2_PLACEMENT_3D ( 'NONE', #1168, #1411, #2437 ) ;
#478 = PLANE ( 'NONE',  #924 ) ;
#479 = ORIENTED_EDGE ( 'NONE', *, *, #629, .F. ) ;
#480 = CARTESIAN_POINT ( 'NONE',  ( -7.145587151471926468, 95.00000000000000000, -0.4490769567378771754 ) ) ;
#481 = FACE_BOUND ( 'NONE', #1356, .T. ) ;
#482 = EDGE_LOOP ( 'NONE', ( #2362, #607, #2108 ) ) ;
#483 = CARTESIAN_POINT ( 'NONE',  ( -3.183881522946685472, 10.00000000000000000, 6.412798476499522060 ) ) ;
#484 = CARTESIAN_POINT ( 'NONE',  ( 0.000000000000000000, 120.0000000000000142, -10.19999999999999929 ) ) ;
#485 = DIRECTION ( 'NONE',  ( -0.000000000000000000, -1.000000000000000000, -0.000000000000000000 ) ) ;
#486 = VERTEX_POINT ( 'NONE', #26 ) ;
#487 = VERTEX_POINT ( 'NONE', #521 ) ;
#488 = DIRECTION ( 'NONE',  ( 0.000000000000000000, -0.000000000000000000, 1.000000000000000000 ) ) ;
#489 = CIRCLE ( 'NONE', #2482, 21.99999999999997513 ) ;
#490 = DIRECTION ( 'NONE',  ( -0.000000000000000000, -1.000000000000000000, -0.000000000000000000 ) ) ;
#491 = VECTOR ( 'NONE', #2800, 1000.000000000000000 ) ;
#492 = EDGE_CURVE ( 'NONE', #3053, #1556, #2598, .T. ) ;
#493 = DIRECTION ( 'NONE',  ( 0.000000000000000000, 0.000000000000000000, 1.000000000000000000 ) ) ;
#494 = DIRECTION ( 'NONE',  ( -0.000000000000000000, -1.000000000000000000, -0.000000000000000000 ) ) ;
#495 = AXIS2_PLACEMENT_3D ( 'NONE', #294, #2021, #1260 ) ;
#496 = EDGE_CURVE ( 'NONE', #1390, #2236, #2861, .T. ) ;
#497 = EDGE_LOOP ( 'NONE', ( #1797, #2605, #1149, #1782 ) ) ;
#498 = DIRECTION ( 'NONE',  ( 0.000000000000000000, 0.000000000000000000, 1.000000000000000000 ) ) ;
#499 = CIRCLE ( 'NONE', #187, 1.900000000000000577 ) ;
#500 = LINE ( 'NONE', #1507, #2774 ) ;
#501 = CIRCLE ( 'NONE', #1336, 22.00000000000001421 ) ;
#502 = EDGE_LOOP ( 'NONE', ( #1338, #720 ) ) ;
#503 = DIRECTION ( 'NONE',  ( 0.000000000000000000, 0.000000000000000000, 1.000000000000000000 ) ) ;
#504 = FACE_OUTER_BOUND ( 'NONE', #1112, .T. ) ;
#505 = DIRECTION ( 'NONE',  ( -0.000000000000000000, 1.000000000000000000, -0.000000000000000000 ) ) ;
#506 = ORIENTED_EDGE ( 'NONE', *, *, #36, .F. ) ;
#507 = DIRECTION ( 'NONE',  ( 0.000000000000000000, -1.000000000000000000, 0.000000000000000000 ) ) ;
#508 = EDGE_CURVE ( 'NONE', #2515, #823, #1736, .T. ) ;
#509 = EDGE_CURVE ( 'NONE', #193, #1370, #1546, .T. ) ;
#510 = CARTESIAN_POINT ( 'NONE',  ( 6.250000000000010658, 120.0000000000000142, -8.925317547305477106 ) ) ;
#511 = EDGE_LOOP ( 'NONE', ( #2462, #224 ) ) ;
#512 = DIRECTION ( 'NONE',  ( 0.000000000000000000, 1.000000000000000000, 0.000000000000000000 ) ) ;
#513 = DIRECTION ( 'NONE',  ( 0.000000000000000000, 1.000000000000000000, 0.000000000000000000 ) ) ;
#514 = ORIENTED_EDGE ( 'NONE', *, *, #2626, .T. ) ;
#515 = ORIENTED_EDGE ( 'NONE', *, *, #1758, .F. ) ;
#516 = EDGE_CURVE ( 'NONE', #1478, #3142, #2337, .T. ) ;
#517 = CARTESIAN_POINT ( 'NONE',  ( 6.249999999999939604, 130.0000000000000000, 12.72531754730552400 ) ) ;
#518 = AXIS2_PLACEMENT_3D ( 'NONE', #709, #1458, #2958 ) ;
#519 = CARTESIAN_POINT ( 'NONE',  ( 0.000000000000000000, 130.0000000000000000, 0.000000000000000000 ) ) ;
#520 = ORIENTED_EDGE ( 'NONE', *, *, #2945, .F. ) ;
#521 = CARTESIAN_POINT ( 'NONE',  ( 13.14982216652537161, 10.00000000000000000, -9.966552914060006430 ) ) ;
#522 = DIRECTION ( 'NONE',  ( 0.000000000000000000, 0.000000000000000000, 1.000000000000000000 ) ) ;
#523 = ORIENTED_EDGE ( 'NONE', *, *, #3216, .F. ) ;
#524 = FACE_OUTER_BOUND ( 'NONE', #849, .T. ) ;
#525 = AXIS2_PLACEMENT_3D ( 'NONE', #3217, #1180, #2725 ) ;
#526 = CARTESIAN_POINT ( 'NONE',  ( 0.000000000000000000, 130.0000000000000000, -10.19999999999999929 ) ) ;
#527 = CARTESIAN_POINT ( 'NONE',  ( 6.250000000000010658, 120.0000000000000142, -12.72531754730547782 ) ) ;
#528 = AXIS2_PLACEMENT_3D ( 'NONE', #261, #1258, #1290 ) ;
#529 = ORIENTED_EDGE ( 'NONE', *, *, #2549, .T. ) ;
#530 = LINE ( 'NONE', #4, #1997 ) ;
#531 = VECTOR ( 'NONE', #1476, 1000.000000000000114 ) ;
#532 = AXIS2_PLACEMENT_3D ( 'NONE', #1610, #2577, #98 ) ;
#533 = DIRECTION ( 'NONE',  ( 0.000000000000000000, 1.000000000000000000, 0.000000000000000000 ) ) ;
#534 = VERTEX_POINT ( 'NONE', #3224 ) ;
#535 = DIRECTION ( 'NONE',  ( -0.9419067486450909410, 0.000000000000000000, 0.3358744956927117165 ) ) ;
#536 = FACE_BOUND ( 'NONE', #1977, .T. ) ;
#537 = ADVANCED_FACE ( 'NONE', ( #3009 ), #2281, .F. ) ;
#538 = ORIENTED_EDGE ( 'NONE', *, *, #2426, .F. ) ;
#539 = FACE_OUTER_BOUND ( 'NONE', #458, .T. ) ;
#540 = EDGE_CURVE ( 'NONE', #1088, #842, #1787, .T. ) ;
#541 = FACE_OUTER_BOUND ( 'NONE', #3161, .T. ) ;
#542 = ORIENTED_EDGE ( 'NONE', *, *, #60, .F. ) ;
#543 = DIRECTION ( 'NONE',  ( -0.000000000000000000, 1.000000000000000000, -0.000000000000000000 ) ) ;
#544 = ORIENTED_EDGE ( 'NONE', *, *, #592, .F. ) ;
#545 = ORIENTED_EDGE ( 'NONE', *, *, #987, .F. ) ;
#546 = DIRECTION ( 'NONE',  ( 0.000000000000000000, 0.000000000000000000, 1.000000000000000000 ) ) ;
#547 = DIRECTION ( 'NONE',  ( -0.000000000000000000, 1.000000000000000000, -0.000000000000000000 ) ) ;
#548 = EDGE_CURVE ( 'NONE', #2964, #2926, #2543, .T. ) ;
#549 = ORIENTED_EDGE ( 'NONE', *, *, #1113, .F. ) ;
#550 = CARTESIAN_POINT ( 'NONE',  ( -6.250000000000094147, 10.00000000000000000, 10.82531754730543838 ) ) ;
#551 = DIRECTION ( 'NONE',  ( -0.3358744956927117165, 0.000000000000000000, -0.9419067486450909410 ) ) ;
#552 = AXIS2_PLACEMENT_3D ( 'NONE', #1110, #2596, #357 ) ;
#553 = AXIS2_PLACEMENT_3D ( 'NONE', #782, #1780, #1229 ) ;
#554 = DIRECTION ( 'NONE',  ( -0.000000000000000000, 1.000000000000000000, -0.000000000000000000 ) ) ;
#555 = DIRECTION ( 'NONE',  ( 0.000000000000000000, 0.000000000000000000, 1.000000000000000000 ) ) ;
#556 = CIRCLE ( 'NONE', #3102, 21.99999999999991473 ) ;
#557 = VERTEX_POINT ( 'NONE', #2232 ) ;
#558 = CARTESIAN_POINT ( 'NONE',  ( 0.000000000000000000, 35.00000000000000000, 0.000000000000000000 ) ) ;
#559 = ADVANCED_FACE ( 'NONE', ( #1995 ), #478, .F. ) ;
#560 = CARTESIAN_POINT ( 'NONE',  ( -6.250000000000016875, 0.000000000000000000, -8.925317547305475330 ) ) ;
#561 = ORIENTED_EDGE ( 'NONE', *, *, #2664, .F. ) ;
#562 = DIRECTION ( 'NONE',  ( -0.000000000000000000, 1.000000000000000000, -0.000000000000000000 ) ) ;
#563 = ORIENTED_EDGE ( 'NONE', *, *, #1115, .T. ) ;
#564 = CARTESIAN_POINT ( 'NONE',  ( 12.50000000000000355, 10.00000000000000000, 4.163336342344337027E-14 ) ) ;
#565 = DIRECTION ( 'NONE',  ( 0.000000000000000000, 0.000000000000000000, 1.000000000000000000 ) ) ;
#566 = ORIENTED_EDGE ( 'NONE', *, *, #2155, .F. ) ;
#567 = EDGE_CURVE ( 'NONE', #745, #452, #1349, .T. ) ;
#568 = DIRECTION ( 'NONE',  ( 0.000000000000000000, 0.000000000000000000, 1.000000000000000000 ) ) ;
#569 = ORIENTED_EDGE ( 'NONE', *, *, #2407, .F. ) ;
#570 = EDGE_CURVE ( 'NONE', #260, #1625, #779, .T. ) ;
#571 = DIRECTION ( 'NONE',  ( 0.000000000000000000, 0.000000000000000000, 1.000000000000000000 ) ) ;
#572 = FACE_OUTER_BOUND ( 'NONE', #1007, .T. ) ;
#573 = ORIENTED_EDGE ( 'NONE', *, *, #496, .T. ) ;
#574 = CIRCLE ( 'NONE', #2345, 2.500000000000000444 ) ;
#575 = ORIENTED_EDGE ( 'NONE', *, *, #1924, .F. ) ;
#576 = DIRECTION ( 'NONE',  ( -0.000000000000000000, 1.000000000000000000, -0.000000000000000000 ) ) ;
#577 = DIRECTION ( 'NONE',  ( 0.000000000000000000, 0.000000000000000000, 1.000000000000000000 ) ) ;
#578 = AXIS2_PLACEMENT_3D ( 'NONE', #251, #513, #1503 ) ;
#579 = EDGE_LOOP ( 'NONE', ( #614, #2480 ) ) ;
#580 = FACE_OUTER_BOUND ( 'NONE', #605, .T. ) ;
#581 = VECTOR ( 'NONE', #1709, 1000.000000000000000 ) ;
#582 = VECTOR ( 'NONE', #2729, 1000.000000000000114 ) ;
#583 = DIRECTION ( 'NONE',  ( 0.000000000000000000, 0.000000000000000000, 1.000000000000000000 ) ) ;
#584 = ORIENTED_EDGE ( 'NONE', *, *, #980, .T. ) ;
#585 = DIRECTION ( 'NONE',  ( -0.000000000000000000, 1.000000000000000000, -0.000000000000000000 ) ) ;
#586 = CARTESIAN_POINT ( 'NONE',  ( 3.061616997868383634E-16, 0.000000000000000000, -12.69999999999999929 ) ) ;
#587 = ORIENTED_EDGE ( 'NONE', *, *, #414, .F. ) ;
#588 = ORIENTED_EDGE ( 'NONE', *, *, #1660, .T. ) ;
#589 = DIRECTION ( 'NONE',  ( 0.000000000000000000, 0.000000000000000000, 1.000000000000000000 ) ) ;
#590 = EDGE_CURVE ( 'NONE', #2062, #2116, #1162, .T. ) ;
#591 = CARTESIAN_POINT ( 'NONE',  ( 15.20619909500048550, 10.00000000000000000, -6.404803594428670976 ) ) ;
#592 = EDGE_CURVE ( 'NONE', #3005, #2455, #1763, .T. ) ;
#593 = EDGE_LOOP ( 'NONE', ( #1952, #3025, #1111, #2046 ) ) ;
#594 = CARTESIAN_POINT ( 'NONE',  ( -3.961705628525380440, 120.0000000000000000, -5.963721519761415735 ) ) ;
#595 = AXIS2_PLACEMENT_3D ( 'NONE', #526, #15, #992 ) ;
#596 = DIRECTION ( 'NONE',  ( 0.000000000000000000, 0.000000000000000000, 1.000000000000000000 ) ) ;
#597 = VERTEX_POINT ( 'NONE', #1212 ) ;
#598 = CIRCLE ( 'NONE', #2417, 16.50000000000000355 ) ;
#599 = DIRECTION ( 'NONE',  ( -0.000000000000000000, -1.000000000000000000, -0.000000000000000000 ) ) ;
#600 = AXIS2_PLACEMENT_3D ( 'NONE', #1, #543, #734 ) ;
#601 = AXIS2_PLACEMENT_3D ( 'NONE', #1477, #2282, #3226 ) ;
#602 = CARTESIAN_POINT ( 'NONE',  ( 6.250000000000010658, 120.0000000000000142, -8.925317547305477106 ) ) ;
#603 = CIRCLE ( 'NONE', #2423, 16.50000000000000355 ) ;
#604 = ADVANCED_FACE ( 'NONE', ( #1730, #1469 ), #684, .T. ) ;
#605 = EDGE_LOOP ( 'NONE', ( #1193, #2292, #2075, #520 ) ) ;
#606 = ADVANCED_FACE ( 'NONE', ( #977, #2676 ), #2487, .T. ) ;
#607 = ORIENTED_EDGE ( 'NONE', *, *, #2106, .F. ) ;
#608 = DIRECTION ( 'NONE',  ( 0.000000000000000000, 0.000000000000000000, 1.000000000000000000 ) ) ;
#609 = DIRECTION ( 'NONE',  ( 0.000000000000000000, -0.000000000000000000, 1.000000000000000000 ) ) ;
#610 = EDGE_CURVE ( 'NONE', #678, #418, #461, .T. ) ;
#611 = VERTEX_POINT ( 'NONE', #2920 ) ;
#612 = DIRECTION ( 'NONE',  ( -0.8660254037844391517, 0.000000000000000000, 0.4999999999999991118 ) ) ;
#613 = CARTESIAN_POINT ( 'NONE',  ( -3.469446951953614189E-15, 35.00000000000000000, -27.60407476347972988 ) ) ;
#614 = ORIENTED_EDGE ( 'NONE', *, *, #894, .F. ) ;
#615 = DIRECTION ( 'NONE',  ( -0.9836524201690216573, 0.000000000000000000, 0.1800775285692987615 ) ) ;
#616 = AXIS2_PLACEMENT_3D ( 'NONE', #2509, #2493, #2247 ) ;
#617 = CARTESIAN_POINT ( 'NONE',  ( 0.000000000000000000, 130.0000000000000000, 0.000000000000000000 ) ) ;
#618 = ORIENTED_EDGE ( 'NONE', *, *, #466, .T. ) ;
#619 = DIRECTION ( 'NONE',  ( 0.000000000000000000, 0.000000000000000000, 1.000000000000000000 ) ) ;
#620 = VECTOR ( 'NONE', #986, 1000.000000000000000 ) ;
#621 = CARTESIAN_POINT ( 'NONE',  ( 3.061616997868384127E-16, 120.0000000000000142, -12.69999999999999929 ) ) ;
#622 = ORIENTED_EDGE ( 'NONE', *, *, #2106, .T. ) ;
#623 = DIRECTION ( 'NONE',  ( 0.000000000000000000, 0.000000000000000000, 1.000000000000000000 ) ) ;
#624 = CARTESIAN_POINT ( 'NONE',  ( -23.90582999313835799, 10.00000000000000000, 13.80203738173985961 ) ) ;
#625 = CARTESIAN_POINT ( 'NONE',  ( 13.14982216652537339, 35.00000000000000000, -9.966552914060008206 ) ) ;
#626 = VECTOR ( 'NONE', #292, 1000.000000000000000 ) ;
#627 = ORIENTED_EDGE ( 'NONE', *, *, #1945, .T. ) ;
#628 = CARTESIAN_POINT ( 'NONE',  ( -3.469446951953614189E-15, 10.00000000000000000, -27.60407476347972988 ) ) ;
#629 = EDGE_CURVE ( 'NONE', #204, #378, #2443, .T. ) ;
#630 = AXIS2_PLACEMENT_3D ( 'NONE', #2214, #692, #177 ) ;
#631 = CARTESIAN_POINT ( 'NONE',  ( 8.833459118601924231, 0.000000000000000000, 5.099999999999623057 ) ) ;
#632 = EDGE_CURVE ( 'NONE', #1478, #20, #701, .T. ) ;
#633 = EDGE_LOOP ( 'NONE', ( #1577, #190, #2948, #1555 ) ) ;
#634 = DIRECTION ( 'NONE',  ( 0.000000000000000000, 0.000000000000000000, 1.000000000000000000 ) ) ;
#635 = DIRECTION ( 'NONE',  ( 0.000000000000000000, 0.000000000000000000, 1.000000000000000000 ) ) ;
#636 = CARTESIAN_POINT ( 'NONE',  ( 3.183881522946681031, 120.0000000000000000, 6.412798476499188105 ) ) ;
#637 = ORIENTED_EDGE ( 'NONE', *, *, #351, .F. ) ;
#638 = DIRECTION ( 'NONE',  ( 0.000000000000000000, 0.000000000000000000, 1.000000000000000000 ) ) ;
#639 = EDGE_CURVE ( 'NONE', #102, #2825, #3198, .T. ) ;
#640 = DIRECTION ( 'NONE',  ( 0.000000000000000000, 0.000000000000000000, 1.000000000000000000 ) ) ;
#641 = EDGE_LOOP ( 'NONE', ( #2336, #827, #767, #1920 ) ) ;
#642 = CARTESIAN_POINT ( 'NONE',  ( 8.833459118601924231, 0.000000000000000000, 2.599999999999622613 ) ) ;
#643 = AXIS2_PLACEMENT_3D ( 'NONE', #3117, #3176, #1970 ) ;
#644 = CARTESIAN_POINT ( 'NONE',  ( -6.250000000000016875, 120.0000000000000142, -8.925317547305475330 ) ) ;
#645 = CARTESIAN_POINT ( 'NONE',  ( 0.000000000000000000, 95.00000000000000000, 0.000000000000000000 ) ) ;
#646 = AXIS2_PLACEMENT_3D ( 'NONE', #3033, #1795, #2792 ) ;
#647 = ORIENTED_EDGE ( 'NONE', *, *, #1113, .T. ) ;
#648 = EDGE_CURVE ( 'NONE', #337, #2515, #3070, .T. ) ;
#649 = AXIS2_PLACEMENT_3D ( 'NONE', #362, #2353, #1631 ) ;
#650 = ADVANCED_FACE ( 'NONE', ( #1197 ), #2902, .F. ) ;
#651 = VECTOR ( 'NONE', #1298, 1000.000000000000000 ) ;
#652 = ORIENTED_EDGE ( 'NONE', *, *, #1447, .T. ) ;
#653 = CARTESIAN_POINT ( 'NONE',  ( 0.000000000000000000, 0.000000000000000000, -10.19999999999999929 ) ) ;
#654 = CARTESIAN_POINT ( 'NONE',  ( 0.000000000000000000, 120.0000000000000000, 0.000000000000000000 ) ) ;
#655 = EDGE_LOOP ( 'NONE', ( #1055, #2594, #3128 ) ) ;
#656 = DIRECTION ( 'NONE',  ( 0.000000000000000000, 1.000000000000000000, 0.000000000000000000 ) ) ;
#657 = DIRECTION ( 'NONE',  ( 0.000000000000000000, 0.000000000000000000, 1.000000000000000000 ) ) ;
#658 = ORIENTED_EDGE ( 'NONE', *, *, #1607, .T. ) ;
#659 = CARTESIAN_POINT ( 'NONE',  ( 23.90582999313836510, 10.00000000000000000, 13.80203738173986849 ) ) ;
#660 = EDGE_CURVE ( 'NONE', #426, #1252, #2184, .T. ) ;
#661 = AXIS2_PLACEMENT_3D ( 'NONE', #1395, #1217, #2924 ) ;
#662 = CARTESIAN_POINT ( 'NONE',  ( 15.20619909500034872, 95.00000000000000000, 6.404803594428997826 ) ) ;
#663 = ORIENTED_EDGE ( 'NONE', *, *, #2544, .F. ) ;
#664 = CYLINDRICAL_SURFACE ( 'NONE', #1875, 1.900000000000000577 ) ;
#665 = DIRECTION ( 'NONE',  ( 0.000000000000000000, 0.000000000000000000, 1.000000000000000000 ) ) ;
#666 = DIRECTION ( 'NONE',  ( 0.000000000000000000, 0.000000000000000000, 1.000000000000000000 ) ) ;
#667 = APPLICATION_CONTEXT ( 'automotive_design' ) ;
#668 = DIRECTION ( 'NONE',  ( -0.000000000000000000, 1.000000000000000000, -0.000000000000000000 ) ) ;
#669 = EDGE_CURVE ( 'NONE', #180, #761, #574, .T. ) ;
#670 = CARTESIAN_POINT ( 'NONE',  ( 0.000000000000000000, 0.000000000000000000, 0.000000000000000000 ) ) ;
#671 = VERTEX_POINT ( 'NONE', #1697 ) ;
#672 = CARTESIAN_POINT ( 'NONE',  ( -23.90582999313835799, 120.0000000000000000, 13.80203738173985961 ) ) ;
#673 = AXIS2_PLACEMENT_3D ( 'NONE', #928, #45, #1037 ) ;
#674 = DIRECTION ( 'NONE',  ( 0.000000000000000000, 1.000000000000000000, 0.000000000000000000 ) ) ;
#675 = ORIENTED_EDGE ( 'NONE', *, *, #2959, .T. ) ;
#676 = CARTESIAN_POINT ( 'NONE',  ( 8.833459118601924231, 120.0000000000000142, 2.599999999999622613 ) ) ;
#677 = CARTESIAN_POINT ( 'NONE',  ( -6.250000000000016875, 0.000000000000000000, -12.72531754730547604 ) ) ;
#678 = VERTEX_POINT ( 'NONE', #962 ) ;
#679 = DIRECTION ( 'NONE',  ( -0.000000000000000000, 1.000000000000000000, -0.000000000000000000 ) ) ;
#680 = AXIS2_PLACEMENT_3D ( 'NONE', #2107, #359, #2135 ) ;
#681 = AXIS2_PLACEMENT_3D ( 'NONE', #1078, #339, #2102 ) ;
#682 = CIRCLE ( 'NONE', #2922, 21.99999999999995737 ) ;
#683 = DIRECTION ( 'NONE',  ( -0.7618292200757572630, 0.000000000000000000, 0.6477779244762540412 ) ) ;
#684 = PLANE ( 'NONE',  #525 ) ;
#685 = CARTESIAN_POINT ( 'NONE',  ( 12.50000000000000355, 120.0000000000000142, 1.900000000000041878 ) ) ;
#686 = ORIENTED_EDGE ( 'NONE', *, *, #660, .T. ) ;
#687 = FACE_OUTER_BOUND ( 'NONE', #3120, .T. ) ;
#688 = EDGE_CURVE ( 'NONE', #2522, #1027, #1680, .T. ) ;
#689 = ADVANCED_FACE ( 'NONE', ( #2708 ), #3163, .F. ) ;
#690 = DIRECTION ( 'NONE',  ( 0.000000000000000000, 1.000000000000000000, 0.000000000000000000 ) ) ;
#691 = ORIENTED_EDGE ( 'NONE', *, *, #2909, .T. ) ;
#692 = DIRECTION ( 'NONE',  ( 0.000000000000000000, 1.000000000000000000, 0.000000000000000000 ) ) ;
#693 = CARTESIAN_POINT ( 'NONE',  ( -2.056376928475275090, 35.00000000000000000, 16.37135650848868451 ) ) ;
#694 = EDGE_LOOP ( 'NONE', ( #1222, #3169 ) ) ;
#695 = DIRECTION ( 'NONE',  ( -0.000000000000000000, 1.000000000000000000, -0.000000000000000000 ) ) ;
#696 = VECTOR ( 'NONE', #547, 1000.000000000000000 ) ;
#697 = DIRECTION ( 'NONE',  ( -0.000000000000000000, 1.000000000000000000, -0.000000000000000000 ) ) ;
#698 = CARTESIAN_POINT ( 'NONE',  ( -6.250000000000094147, 130.0000000000000000, 10.82531754730543838 ) ) ;
#699 = AXIS2_PLACEMENT_3D ( 'NONE', #2408, #2879, #179 ) ;
#700 = EDGE_CURVE ( 'NONE', #973, #20, #2703, .T. ) ;
#701 = LINE ( 'NONE', #1488, #1253 ) ;
#702 = FACE_BOUND ( 'NONE', #3021, .T. ) ;
#703 = ORIENTED_EDGE ( 'NONE', *, *, #610, .T. ) ;
#704 = CYLINDRICAL_SURFACE ( 'NONE', #2083, 21.99999999999993960 ) ;
#705 = ADVANCED_FACE ( 'NONE', ( #1056 ), #2802, .F. ) ;
#706 = LINE ( 'NONE', #2013, #582 ) ;
#707 = DIRECTION ( 'NONE',  ( 0.000000000000000000, 0.000000000000000000, 1.000000000000000000 ) ) ;
#708 = VERTEX_POINT ( 'NONE', #1560 ) ;
#709 = CARTESIAN_POINT ( 'NONE',  ( -3.469446951953614189E-15, 95.00000000000000000, -27.60407476347972988 ) ) ;
#710 = CARTESIAN_POINT ( 'NONE',  ( -15.20619909500049260, 10.00000000000000000, -6.404803594428655877 ) ) ;
#711 = VERTEX_POINT ( 'NONE', #2114 ) ;
#712 = CARTESIAN_POINT ( 'NONE',  ( -6.250000000000016875, 0.000000000000000000, -10.82531754730547568 ) ) ;
#713 = DIRECTION ( 'NONE',  ( -0.000000000000000000, 1.000000000000000000, -0.000000000000000000 ) ) ;
#714 = DIRECTION ( 'NONE',  ( -0.000000000000000000, 1.000000000000000000, -0.000000000000000000 ) ) ;
#715 = ORIENTED_EDGE ( 'NONE', *, *, #293, .T. ) ;
#716 = DIRECTION ( 'NONE',  ( 0.000000000000000000, 1.000000000000000000, 0.000000000000000000 ) ) ;
#717 = PRODUCT_DEFINITION_SHAPE ( 'NONE', 'NONE',  #2870 ) ;
#718 = DIRECTION ( 'NONE',  ( -0.000000000000000000, 1.000000000000000000, -0.000000000000000000 ) ) ;
#719 = DIRECTION ( 'NONE',  ( 0.000000000000000000, -1.000000000000000000, 0.000000000000000000 ) ) ;
#720 = ORIENTED_EDGE ( 'NONE', *, *, #2738, .F. ) ;
#721 = CYLINDRICAL_SURFACE ( 'NONE', #2844, 22.00000000000003197 ) ;
#722 = PLANE ( 'NONE',  #943 ) ;
#723 = ORIENTED_EDGE ( 'NONE', *, *, #308, .F. ) ;
#724 = VECTOR ( 'NONE', #2081, 1000.000000000000000 ) ;
#725 = DIRECTION ( 'NONE',  ( -0.000000000000000000, -1.000000000000000000, -0.000000000000000000 ) ) ;
#726 = CARTESIAN_POINT ( 'NONE',  ( 15.20619909500049083, 120.0000000000000000, -6.404803594428666536 ) ) ;
#727 = CARTESIAN_POINT ( 'NONE',  ( -8.833459118600627491, 120.0000000000000142, 2.600000000000372680 ) ) ;
#728 = ORIENTED_EDGE ( 'NONE', *, *, #1568, .F. ) ;
#729 = DIRECTION ( 'NONE',  ( -0.000000000000000000, -1.000000000000000000, -0.000000000000000000 ) ) ;
#730 = EDGE_CURVE ( 'NONE', #2798, #378, #2873, .T. ) ;
#731 = ADVANCED_FACE ( 'NONE', ( #580 ), #2847, .F. ) ;
#732 = CARTESIAN_POINT ( 'NONE',  ( -8.833459118600627491, 120.0000000000000142, 7.600000000000373568 ) ) ;
#733 = PRESENTATION_LAYER_ASSIGNMENT (  '', '', ( #2451 ) ) ;
#734 = DIRECTION ( 'NONE',  ( 0.000000000000000000, 0.000000000000000000, 1.000000000000000000 ) ) ;
#735 = AXIS2_PLACEMENT_3D ( 'NONE', #2881, #2899, #665 ) ;
#736 = DIRECTION ( 'NONE',  ( 0.000000000000000000, -0.000000000000000000, 1.000000000000000000 ) ) ;
#737 = FACE_OUTER_BOUND ( 'NONE', #1077, .T. ) ;
#738 = ORIENTED_EDGE ( 'NONE', *, *, #2230, .F. ) ;
#739 = DIRECTION ( 'NONE',  ( -0.000000000000000000, 1.000000000000000000, -0.000000000000000000 ) ) ;
#740 = LINE ( 'NONE', #43, #491 ) ;
#741 = EDGE_LOOP ( 'NONE', ( #637, #2191 ) ) ;
#742 = CARTESIAN_POINT ( 'NONE',  ( 0.000000000000000000, 0.000000000000000000, 0.000000000000000000 ) ) ;
#743 = ADVANCED_FACE ( 'NONE', ( #1104 ), #837, .F. ) ;
#744 = DIRECTION ( 'NONE',  ( 0.000000000000000000, 1.000000000000000000, 0.000000000000000000 ) ) ;
#745 = VERTEX_POINT ( 'NONE', #594 ) ;
#746 = LINE ( 'NONE', #2497, #626 ) ;
#747 = DIRECTION ( 'NONE',  ( 0.000000000000000000, 1.000000000000000000, 0.000000000000000000 ) ) ;
#748 = EDGE_LOOP ( 'NONE', ( #38, #2638, #2378, #816 ) ) ;
#749 = DIRECTION ( 'NONE',  ( -0.7618292200757148525, 0.000000000000000000, -0.6477779244763038902 ) ) ;
#750 = VECTOR ( 'NONE', #1245, 1000.000000000000000 ) ;
#751 = CARTESIAN_POINT ( 'NONE',  ( 0.000000000000000000, 10.00000000000000000, 0.000000000000000000 ) ) ;
#752 = AXIS2_PLACEMENT_3D ( 'NONE', #2200, #1443, #1157 ) ;
#753 = VERTEX_POINT ( 'NONE', #1605 ) ;
#754 = CARTESIAN_POINT ( 'NONE',  ( 2.056376928475089461, 120.0000000000000000, 16.37135650848870227 ) ) ;
#755 = VECTOR ( 'NONE', #3055, 1000.000000000000000 ) ;
#756 = CARTESIAN_POINT ( 'NONE',  ( 6.249999999999939604, 130.0000000000000000, 10.82531754730552365 ) ) ;
#757 = ORIENTED_EDGE ( 'NONE', *, *, #2590, .T. ) ;
#758 = DIRECTION ( 'NONE',  ( -0.000000000000000000, -1.000000000000000000, -0.000000000000000000 ) ) ;
#759 = LINE ( 'NONE', #3010, #531 ) ;
#760 = DIRECTION ( 'NONE',  ( 0.9419067486450909410, 0.000000000000000000, -0.3358744956927115499 ) ) ;
#761 = VERTEX_POINT ( 'NONE', #2098 ) ;
#762 = CYLINDRICAL_SURFACE ( 'NONE', #111, 2.500000000000000444 ) ;
#763 = DIRECTION ( 'NONE',  ( -0.000000000000000000, -1.000000000000000000, -0.000000000000000000 ) ) ;
#764 = EDGE_LOOP ( 'NONE', ( #464, #2688, #2815 ) ) ;
#765 = PLANE ( 'NONE',  #185 ) ;
#766 = AXIS2_PLACEMENT_3D ( 'NONE', #42, #1733, #769 ) ;
#767 = ORIENTED_EDGE ( 'NONE', *, *, #1572, .T. ) ;
#768 = EDGE_LOOP ( 'NONE', ( #2319, #515, #2566, #1900 ) ) ;
#769 = DIRECTION ( 'NONE',  ( 0.000000000000000000, -0.000000000000000000, 1.000000000000000000 ) ) ;
#770 = EDGE_CURVE ( 'NONE', #534, #349, #1866, .T. ) ;
#771 = DIRECTION ( 'NONE',  ( 0.000000000000000000, -0.000000000000000000, 1.000000000000000000 ) ) ;
#772 = EDGE_CURVE ( 'NONE', #2303, #1851, #3073, .T. ) ;
#773 = ORIENTED_EDGE ( 'NONE', *, *, #2327, .T. ) ;
#774 = CARTESIAN_POINT ( 'NONE',  ( -6.250000000000094147, 0.000000000000000000, 10.82531754730543838 ) ) ;
#776 = CIRCLE ( 'NONE', #2555, 16.50000000000000355 ) ;
#775 = CARTESIAN_POINT ( 'NONE',  ( 0.000000000000000000, 0.000000000000000000, -10.19999999999999929 ) ) ;
#777 = ORIENTED_EDGE ( 'NONE', *, *, #700, .T. ) ;
#778 = DIRECTION ( 'NONE',  ( 0.000000000000000000, 0.000000000000000000, 1.000000000000000000 ) ) ;
#779 = CIRCLE ( 'NONE', #2755, 2.500000000000000444 ) ;
#780 = CARTESIAN_POINT ( 'NONE',  ( 2.056376928475379007, 120.0000000000000000, -16.37135650848866320 ) ) ;
#781 = ORIENTED_EDGE ( 'NONE', *, *, #908, .F. ) ;
#782 = CARTESIAN_POINT ( 'NONE',  ( 8.833459118601924231, 0.000000000000000000, 5.099999999999623057 ) ) ;
#783 = ORIENTED_EDGE ( 'NONE', *, *, #74, .T. ) ;
#784 = DIRECTION ( 'NONE',  ( 0.000000000000000000, 1.000000000000000000, 0.000000000000000000 ) ) ;
#785 = AXIS2_PLACEMENT_3D ( 'NONE', #2494, #2250, #2960 ) ;
#786 = VECTOR ( 'NONE', #2819, 999.9999999999998863 ) ;
#787 = LINE ( 'NONE', #1603, #387 ) ;
#788 = CIRCLE ( 'NONE', #1106, 1.900000000000000577 ) ;
#789 = EDGE_CURVE ( 'NONE', #2645, #61, #1562, .T. ) ;
#790 = ORIENTED_EDGE ( 'NONE', *, *, #2233, .F. ) ;
#791 = DIRECTION ( 'NONE',  ( 0.000000000000000000, 0.000000000000000000, 1.000000000000000000 ) ) ;
#792 = EDGE_CURVE ( 'NONE', #597, #1370, #1972, .T. ) ;
#793 = CARTESIAN_POINT ( 'NONE',  ( 12.50000000000000355, 120.0000000000000142, 1.900000000000041878 ) ) ;
#794 = EDGE_LOOP ( 'NONE', ( #2077, #3068, #968, #3115 ) ) ;
#795 = CARTESIAN_POINT ( 'NONE',  ( 0.000000000000000000, 95.00000000000000000, 0.000000000000000000 ) ) ;
#796 = CARTESIAN_POINT ( 'NONE',  ( 0.000000000000000000, 35.00000000000000000, 0.000000000000000000 ) ) ;
#797 = ORIENTED_EDGE ( 'NONE', *, *, #927, .T. ) ;
#798 = CARTESIAN_POINT ( 'NONE',  ( -8.833459118600627491, 0.000000000000000000, 7.600000000000373568 ) ) ;
#799 = ORIENTED_EDGE ( 'NONE', *, *, #1215, .F. ) ;
#800 = ORIENTED_EDGE ( 'NONE', *, *, #2484, .T. ) ;
#801 = ADVANCED_FACE ( 'NONE', ( #382 ), #2857, .F. ) ;
#802 = DIRECTION ( 'NONE',  ( -0.000000000000000000, -1.000000000000000000, -0.000000000000000000 ) ) ;
#803 = CARTESIAN_POINT ( 'NONE',  ( -15.20619909500049260, 120.0000000000000000, -6.404803594428655877 ) ) ;
#804 = AXIS2_PLACEMENT_3D ( 'NONE', #1706, #902, #162 ) ;
#805 = ORIENTED_EDGE ( 'NONE', *, *, #772, .T. ) ;
#806 = VECTOR ( 'NONE', #3042, 1000.000000000000000 ) ;
#807 = ADVANCED_FACE ( 'NONE', ( #350 ), #1819, .T. ) ;
#808 = CIRCLE ( 'NONE', #553, 2.500000000000000444 ) ;
#809 = DIRECTION ( 'NONE',  ( -0.000000000000000000, -1.000000000000000000, -0.000000000000000000 ) ) ;
#810 = AXIS2_PLACEMENT_3D ( 'NONE', #1808, #2070, #855 ) ;
#811 = ORIENTED_EDGE ( 'NONE', *, *, #325, .T. ) ;
#812 = PLANE ( 'NONE',  #2510 ) ;
#813 = DIRECTION ( 'NONE',  ( 0.000000000000000000, 0.000000000000000000, -1.000000000000000000 ) ) ;
#814 = FACE_OUTER_BOUND ( 'NONE', #2460, .T. ) ;
#815 = ORIENTED_EDGE ( 'NONE', *, *, #1127, .T. ) ;
#816 = ORIENTED_EDGE ( 'NONE', *, *, #77, .F. ) ;
#817 = CARTESIAN_POINT ( 'NONE',  ( 0.000000000000000000, 95.00000000000000000, 0.000000000000000000 ) ) ;
#818 = AXIS2_PLACEMENT_3D ( 'NONE', #2635, #222, #2416 ) ;
#819 = DIRECTION ( 'NONE',  ( -0.000000000000000000, -1.000000000000000000, -0.000000000000000000 ) ) ;
#820 = EDGE_LOOP ( 'NONE', ( #2499, #1514, #442, #3155 ) ) ;
#821 = DIRECTION ( 'NONE',  ( -0.9419067486450909410, 0.000000000000000000, 0.3358744956927115499 ) ) ;
#822 = DIRECTION ( 'NONE',  ( 0.000000000000000000, 0.000000000000000000, 1.000000000000000000 ) ) ;
#823 = VERTEX_POINT ( 'NONE', #2816 ) ;
#824 = CARTESIAN_POINT ( 'NONE',  ( 6.249999999999939604, 120.0000000000000142, 10.82531754730552365 ) ) ;
#825 = DIRECTION ( 'NONE',  ( -0.000000000000000000, 1.000000000000000000, -0.000000000000000000 ) ) ;
#826 = CARTESIAN_POINT ( 'NONE',  ( 0.000000000000000000, 95.00000000000000000, 0.000000000000000000 ) ) ;
#827 = ORIENTED_EDGE ( 'NONE', *, *, #3138, .F. ) ;
#828 = EDGE_CURVE ( 'NONE', #2923, #1036, #312, .T. ) ;
#829 = AXIS2_PLACEMENT_3D ( 'NONE', #3091, #143, #1334 ) ;
#830 = EDGE_CURVE ( 'NONE', #121, #1390, #2602, .T. ) ;
#831 = EDGE_LOOP ( 'NONE', ( #2359, #1397 ) ) ;
#832 = ORIENTED_EDGE ( 'NONE', *, *, #1182, .F. ) ;
#833 = CARTESIAN_POINT ( 'NONE',  ( -15.20619909500056188, 95.00000000000000000, 6.404803594428502223 ) ) ;
#834 = VECTOR ( 'NONE', #1431, 1000.000000000000000 ) ;
#835 = DIRECTION ( 'NONE',  ( -0.000000000000000000, -1.000000000000000000, -0.000000000000000000 ) ) ;
#836 = VERTEX_POINT ( 'NONE', #368 ) ;
#837 = PLANE ( 'NONE',  #1713 ) ;
#838 = VECTOR ( 'NONE', #1175, 1000.000000000000000 ) ;
#839 = AXIS2_PLACEMENT_3D ( 'NONE', #1525, #1218, #467 ) ;
#840 = EDGE_CURVE ( 'NONE', #1042, #2622, #2357, .T. ) ;
#841 = DIRECTION ( 'NONE',  ( -0.000000000000000000, -1.000000000000000000, -0.000000000000000000 ) ) ;
#842 = VERTEX_POINT ( 'NONE', #1118 ) ;
#843 = PLANE ( 'NONE',  #2822 ) ;
#844 = ADVANCED_FACE ( 'NONE', ( #3108 ), #1377, .F. ) ;
#845 = DIRECTION ( 'NONE',  ( 0.000000000000000000, 1.000000000000000000, 0.000000000000000000 ) ) ;
#846 = ORIENTED_EDGE ( 'NONE', *, *, #2441, .T. ) ;
#847 = EDGE_CURVE ( 'NONE', #378, #2985, #776, .T. ) ;
#848 = CARTESIAN_POINT ( 'NONE',  ( -7.145587151471913145, 95.00000000000000000, -0.4490769567378899429 ) ) ;
#849 = EDGE_LOOP ( 'NONE', ( #1063, #983, #2260, #1552 ) ) ;
#850 = DIRECTION ( 'NONE',  ( -0.000000000000000000, 1.000000000000000000, -0.000000000000000000 ) ) ;
#851 = CARTESIAN_POINT ( 'NONE',  ( -23.90582999313835799, 10.00000000000000000, 13.80203738173985961 ) ) ;
#852 = ORIENTED_EDGE ( 'NONE', *, *, #313, .T. ) ;
#853 = DIRECTION ( 'NONE',  ( 0.000000000000000000, 0.000000000000000000, 1.000000000000000000 ) ) ;
#854 = VECTOR ( 'NONE', #819, 1000.000000000000000 ) ;
#855 = DIRECTION ( 'NONE',  ( 0.000000000000000000, 0.000000000000000000, 1.000000000000000000 ) ) ;
#856 = EDGE_LOOP ( 'NONE', ( #118, #412, #1783, #2912 ) ) ;
#857 = CIRCLE ( 'NONE', #2630, 16.50000000000000355 ) ;
#858 = CARTESIAN_POINT ( 'NONE',  ( 8.833459118601924231, 10.00000000000000000, 7.599999999999623945 ) ) ;
#859 = CIRCLE ( 'NONE', #289, 2.500000000000000444 ) ;
#860 = CIRCLE ( 'NONE', #1593, 22.00000000000002842 ) ;
#861 = CARTESIAN_POINT ( 'NONE',  ( 0.000000000000000000, 10.00000000000000000, -10.19999999999999929 ) ) ;
#862 = ORIENTED_EDGE ( 'NONE', *, *, #170, .F. ) ;
#863 = CARTESIAN_POINT ( 'NONE',  ( -23.90582999313835799, 35.00000000000000000, 13.80203738173985961 ) ) ;
#864 = CYLINDRICAL_SURFACE ( 'NONE', #189, 1.900000000000000577 ) ;
#865 = DIRECTION ( 'NONE',  ( 0.000000000000000000, 0.000000000000000000, 1.000000000000000000 ) ) ;
#866 = ORIENTED_EDGE ( 'NONE', *, *, #24, .F. ) ;
#867 = DIRECTION ( 'NONE',  ( -0.3358744956927116054, 0.000000000000000000, -0.9419067486450910520 ) ) ;
#868 = EDGE_CURVE ( 'NONE', #121, #1580, #2068, .T. ) ;
#869 = ADVANCED_FACE ( 'NONE', ( #897 ), #1454, .F. ) ;
#870 = CYLINDRICAL_SURFACE ( 'NONE', #1072, 2.500000000000000444 ) ;
#871 = EDGE_LOOP ( 'NONE', ( #2758, #2996 ) ) ;
#872 = CARTESIAN_POINT ( 'NONE',  ( 0.000000000000000000, 35.00000000000000000, 0.000000000000000000 ) ) ;
#873 = DIRECTION ( 'NONE',  ( -0.1800775285692985950, -0.000000000000000000, -0.9836524201690216573 ) ) ;
#874 = ORIENTED_EDGE ( 'NONE', *, *, #2627, .F. ) ;
#875 = CARTESIAN_POINT ( 'NONE',  ( -7.145587151471926468, 10.00000000000000000, -0.4490769567378771754 ) ) ;
#876 = ADVANCED_FACE ( 'NONE', ( #2176 ), #1912, .F. ) ;
#877 = DIRECTION ( 'NONE',  ( -0.000000000000000000, 1.000000000000000000, -0.000000000000000000 ) ) ;
#878 = DIRECTION ( 'NONE',  ( 0.000000000000000000, 0.000000000000000000, 1.000000000000000000 ) ) ;
#879 = ORIENTED_EDGE ( 'NONE', *, *, #3074, .T. ) ;
#880 = DIRECTION ( 'NONE',  ( 0.4999999999999991118, 0.000000000000000000, 0.8660254037844391517 ) ) ;
#881 = DIRECTION ( 'NONE',  ( -0.000000000000000000, -1.000000000000000000, -0.000000000000000000 ) ) ;
#882 = ADVANCED_FACE ( 'NONE', ( #3152 ), #205, .T. ) ;
#883 =( GEOMETRIC_REPRESENTATION_CONTEXT ( 3 ) GLOBAL_UNCERTAINTY_ASSIGNED_CONTEXT ( ( #398 ) ) GLOBAL_UNIT_ASSIGNED_CONTEXT ( ( #1321, #991, #2997 ) ) REPRESENTATION_CONTEXT ( 'NONE', 'WORKASPACE' ) );
#884 = ORIENTED_EDGE ( 'NONE', *, *, #157, .F. ) ;
#885 = DIRECTION ( 'NONE',  ( 0.000000000000000000, -0.000000000000000000, 1.000000000000000000 ) ) ;
#886 = ADVANCED_FACE ( 'NONE', ( #687 ), #704, .F. ) ;
#887 = AXIS2_PLACEMENT_3D ( 'NONE', #998, #2969, #3065 ) ;
#888 = CARTESIAN_POINT ( 'NONE',  ( 0.000000000000000000, 130.0000000000000000, 0.000000000000000000 ) ) ;
#889 = DIRECTION ( 'NONE',  ( -0.1800775285692987338, 0.000000000000000000, -0.9836524201690215463 ) ) ;
#890 = ORIENTED_EDGE ( 'NONE', *, *, #456, .T. ) ;
#891 = DIRECTION ( 'NONE',  ( 0.000000000000000000, 0.000000000000000000, -1.000000000000000000 ) ) ;
#892 = ORIENTED_EDGE ( 'NONE', *, *, #1446, .T. ) ;
#893 = CARTESIAN_POINT ( 'NONE',  ( 0.000000000000000000, 120.0000000000000000, 0.000000000000000000 ) ) ;
#894 = EDGE_CURVE ( 'NONE', #761, #180, #1510, .T. ) ;
#895 = DIRECTION ( 'NONE',  ( -0.000000000000000000, -1.000000000000000000, -0.000000000000000000 ) ) ;
#896 = VERTEX_POINT ( 'NONE', #191 ) ;
#897 = FACE_OUTER_BOUND ( 'NONE', #291, .T. ) ;
#898 = DIRECTION ( 'NONE',  ( 0.000000000000000000, 0.000000000000000000, 1.000000000000000000 ) ) ;
#899 = APPLICATION_PROTOCOL_DEFINITION ( 'draft international standard', 'automotive_design', 1998, #2556 ) ;
#900 = ORIENTED_EDGE ( 'NONE', *, *, #1985, .T. ) ;
#901 = DIRECTION ( 'NONE',  ( 0.000000000000000000, 0.000000000000000000, 1.000000000000000000 ) ) ;
#902 = DIRECTION ( 'NONE',  ( 0.000000000000000000, 1.000000000000000000, 0.000000000000000000 ) ) ;
#903 = AXIS2_PLACEMENT_3D ( 'NONE', #2118, #2823, #2313 ) ;
#904 = VERTEX_POINT ( 'NONE', #931 ) ;
#905 = ORIENTED_EDGE ( 'NONE', *, *, #1945, .F. ) ;
#906 = AXIS2_PLACEMENT_3D ( 'NONE', #1010, #1519, #231 ) ;
#907 = VECTOR ( 'NONE', #505, 1000.000000000000000 ) ;
#908 = EDGE_CURVE ( 'NONE', #2045, #823, #2603, .T. ) ;
#909 = AXIS2_PLACEMENT_3D ( 'NONE', #2711, #1540, #1506 ) ;
#910 = CARTESIAN_POINT ( 'NONE',  ( 3.061616997868383634E-16, 10.00000000000000000, -12.69999999999999929 ) ) ;
#911 = DIRECTION ( 'NONE',  ( -0.000000000000000000, 1.000000000000000000, -0.000000000000000000 ) ) ;
#912 = CARTESIAN_POINT ( 'NONE',  ( -6.250000000000094147, 120.0000000000000142, 10.82531754730543838 ) ) ;
#913 = FACE_OUTER_BOUND ( 'NONE', #1974, .T. ) ;
#914 = ORIENTED_EDGE ( 'NONE', *, *, #416, .F. ) ;
#915 = ADVANCED_BREP_SHAPE_REPRESENTATION ( '\X2\6da18f6e624753f65ef6957f6746\X0\', ( #178, #83 ), #2320 ) ;
#916 = DIRECTION ( 'NONE',  ( -0.7618292200757148525, 0.000000000000000000, -0.6477779244763038902 ) ) ;
#917 = FACE_BOUND ( 'NONE', #2671, .T. ) ;
#918 = ORIENTED_EDGE ( 'NONE', *, *, #1897, .F. ) ;
#919 = CARTESIAN_POINT ( 'NONE',  ( -23.90582999313835799, 120.0000000000000000, 13.80203738173985961 ) ) ;
#920 = DIRECTION ( 'NONE',  ( -0.000000000000000000, 1.000000000000000000, -0.000000000000000000 ) ) ;
#921 = PLANE ( 'NONE',  #446 ) ;
#922 = ORIENTED_EDGE ( 'NONE', *, *, #2820, .F. ) ;
#923 = ORIENTED_EDGE ( 'NONE', *, *, #3022, .F. ) ;
#924 = AXIS2_PLACEMENT_3D ( 'NONE', #2224, #1973, #736 ) ;
#925 = EDGE_CURVE ( 'NONE', #3053, #260, #2390, .T. ) ;
#926 = FACE_OUTER_BOUND ( 'NONE', #764, .T. ) ;
#927 = EDGE_CURVE ( 'NONE', #2084, #711, #1405, .T. ) ;
#928 = CARTESIAN_POINT ( 'NONE',  ( -12.50000000000000355, 0.000000000000000000, -1.275021754842953214E-13 ) ) ;
#929 = CARTESIAN_POINT ( 'NONE',  ( 8.833459118601924231, 10.00000000000000000, 2.599999999999622613 ) ) ;
#930 = ORIENTED_EDGE ( 'NONE', *, *, #540, .F. ) ;
#931 = CARTESIAN_POINT ( 'NONE',  ( 2.056376928475093901, 35.00000000000000000, 16.37135650848870583 ) ) ;
#932 = AXIS2_PLACEMENT_3D ( 'NONE', #2124, #3121, #1880 ) ;
#933 = CARTESIAN_POINT ( 'NONE',  ( -23.90582999313835799, 35.00000000000000000, 13.80203738173985961 ) ) ;
#934 = ORIENTED_EDGE ( 'NONE', *, *, #2382, .T. ) ;
#935 = CARTESIAN_POINT ( 'NONE',  ( -23.90582999313835799, 95.00000000000000000, 13.80203738173985961 ) ) ;
#936 = EDGE_CURVE ( 'NONE', #2827, #349, #2294, .T. ) ;
#937 = MECHANICAL_DESIGN_GEOMETRIC_PRESENTATION_REPRESENTATION (  '', ( #2451 ), #883 ) ;
#938 = CARTESIAN_POINT ( 'NONE',  ( -6.250000000000094147, 10.00000000000000000, 10.82531754730543838 ) ) ;
#939 = EDGE_LOOP ( 'NONE', ( #1160, #2812 ) ) ;
#940 = EDGE_CURVE ( 'NONE', #2963, #2989, #2383, .T. ) ;
#941 = DIRECTION ( 'NONE',  ( 0.000000000000000000, 0.000000000000000000, 1.000000000000000000 ) ) ;
#942 = VECTOR ( 'NONE', #1241, 1000.000000000000000 ) ;
#943 = AXIS2_PLACEMENT_3D ( 'NONE', #1992, #533, #1734 ) ;
#944 = DIRECTION ( 'NONE',  ( 0.000000000000000000, 1.000000000000000000, 0.000000000000000000 ) ) ;
#945 = DIRECTION ( 'NONE',  ( 0.000000000000000000, 0.000000000000000000, 1.000000000000000000 ) ) ;
#946 = ADVANCED_FACE ( 'NONE', ( #1184 ), #2679, .F. ) ;
#947 = DIRECTION ( 'NONE',  ( -0.000000000000000000, -1.000000000000000000, -0.000000000000000000 ) ) ;
#948 = FACE_BOUND ( 'NONE', #979, .T. ) ;
#949 = EDGE_LOOP ( 'NONE', ( #2242, #3044, #471 ) ) ;
#950 = DIRECTION ( 'NONE',  ( 0.000000000000000000, 0.000000000000000000, 1.000000000000000000 ) ) ;
#951 = DIRECTION ( 'NONE',  ( -0.000000000000000000, 1.000000000000000000, -0.000000000000000000 ) ) ;
#952 = ORIENTED_EDGE ( 'NONE', *, *, #2276, .F. ) ;
#953 = FACE_OUTER_BOUND ( 'NONE', #2880, .T. ) ;
#954 = CARTESIAN_POINT ( 'NONE',  ( -2.056376928474852317, 10.00000000000000000, -16.37135650848873070 ) ) ;
#955 = ORIENTED_EDGE ( 'NONE', *, *, #2002, .T. ) ;
#956 = CARTESIAN_POINT ( 'NONE',  ( 6.250000000000010658, 0.000000000000000000, -12.72531754730547782 ) ) ;
#957 = CIRCLE ( 'NONE', #1223, 21.99999999999995737 ) ;
#958 = FACE_OUTER_BOUND ( 'NONE', #1809, .T. ) ;
#959 = FACE_OUTER_BOUND ( 'NONE', #502, .T. ) ;
#960 = VECTOR ( 'NONE', #1737, 1000.000000000000000 ) ;
#961 = CIRCLE ( 'NONE', #2318, 16.50000000000000355 ) ;
#962 = CARTESIAN_POINT ( 'NONE',  ( -3.183881522946685472, 35.00000000000000000, 6.412798476499522060 ) ) ;
#963 = AXIS2_PLACEMENT_3D ( 'NONE', #1513, #1255, #1999 ) ;
#964 = DIRECTION ( 'NONE',  ( -0.000000000000000000, 1.000000000000000000, -0.000000000000000000 ) ) ;
#965 = ORIENTED_EDGE ( 'NONE', *, *, #2341, .F. ) ;
#966 = CARTESIAN_POINT ( 'NONE',  ( -23.90582999313835799, 120.0000000000000000, 13.80203738173985961 ) ) ;
#967 = FACE_BOUND ( 'NONE', #579, .T. ) ;
#968 = ORIENTED_EDGE ( 'NONE', *, *, #1662, .T. ) ;
#969 = CARTESIAN_POINT ( 'NONE',  ( 0.000000000000000000, 120.0000000000000000, -16.50000000000000355 ) ) ;
#970 = ADVANCED_FACE ( 'NONE', ( #1439, #3187 ), #1928, .F. ) ;
#971 = EDGE_CURVE ( 'NONE', #2226, #711, #1683, .T. ) ;
#972 = CARTESIAN_POINT ( 'NONE',  ( 12.50000000000000355, 0.000000000000000000, -1.899999999999958611 ) ) ;
#973 = VERTEX_POINT ( 'NONE', #3202 ) ;
#974 = LINE ( 'NONE', #2428, #1570 ) ;
#975 = LINE ( 'NONE', #2966, #2789 ) ;
#976 = CARTESIAN_POINT ( 'NONE',  ( 13.14982216652537161, 120.0000000000000000, -9.966552914060006430 ) ) ;
#977 = FACE_OUTER_BOUND ( 'NONE', #2150, .T. ) ;
#978 = CYLINDRICAL_SURFACE ( 'NONE', #1672, 22.00000000000000711 ) ;
#979 = EDGE_LOOP ( 'NONE', ( #80, #1461 ) ) ;
#980 = EDGE_CURVE ( 'NONE', #426, #753, #302, .T. ) ;
#981 = PLANE ( 'NONE',  #766 ) ;
#982 = DIRECTION ( 'NONE',  ( 0.000000000000000000, 0.000000000000000000, 1.000000000000000000 ) ) ;
#983 = ORIENTED_EDGE ( 'NONE', *, *, #1237, .F. ) ;
#984 = EDGE_CURVE ( 'NONE', #2455, #3005, #95, .T. ) ;
#985 = VECTOR ( 'NONE', #1136, 1000.000000000000114 ) ;
#986 = DIRECTION ( 'NONE',  ( -0.000000000000000000, -1.000000000000000000, -0.000000000000000000 ) ) ;
#987 = EDGE_CURVE ( 'NONE', #1252, #457, #1910, .T. ) ;
#988 = CARTESIAN_POINT ( 'NONE',  ( 13.14982216652516023, 120.0000000000000000, 9.966552914060288870 ) ) ;
#989 = CARTESIAN_POINT ( 'NONE',  ( -6.250000000000016875, 120.0000000000000142, -12.72531754730547604 ) ) ;
#990 = EDGE_LOOP ( 'NONE', ( #1659, #3036, #2833, #3110 ) ) ;
#991 =( NAMED_UNIT ( * ) PLANE_ANGLE_UNIT ( ) SI_UNIT ( $, .RADIAN. ) );
#992 = DIRECTION ( 'NONE',  ( 0.000000000000000000, 0.000000000000000000, 1.000000000000000000 ) ) ;
#993 = AXIS2_PLACEMENT_3D ( 'NONE', #188, #2388, #3132 ) ;
#994 = ORIENTED_EDGE ( 'NONE', *, *, #3086, .T. ) ;
#995 = AXIS2_PLACEMENT_3D ( 'NONE', #1140, #1642, #2379 ) ;
#996 = CARTESIAN_POINT ( 'NONE',  ( 2.056376928475377230, 95.00000000000000000, -16.37135650848866675 ) ) ;
#997 = VECTOR ( 'NONE', #2376, 1000.000000000000000 ) ;
#998 = CARTESIAN_POINT ( 'NONE',  ( 6.250000000000010658, 120.0000000000000142, -10.82531754730547746 ) ) ;
#999 = ORIENTED_EDGE ( 'NONE', *, *, #1147, .F. ) ;
#1000 = CARTESIAN_POINT ( 'NONE',  ( 0.000000000000000000, 95.00000000000000000, 0.000000000000000000 ) ) ;
#1001 = ADVANCED_FACE ( 'NONE', ( #1491, #2278 ), #981, .T. ) ;
#1002 = PLANE ( 'NONE',  #2661 ) ;
#1003 = EDGE_LOOP ( 'NONE', ( #2547, #2561, #2304 ) ) ;
#1004 = CARTESIAN_POINT ( 'NONE',  ( 3.183881522946681031, 35.00000000000000000, 6.412798476499188105 ) ) ;
#1005 = DIRECTION ( 'NONE',  ( -0.000000000000000000, 1.000000000000000000, -0.000000000000000000 ) ) ;
#1006 = FACE_OUTER_BOUND ( 'NONE', #2252, .T. ) ;
#1007 = EDGE_LOOP ( 'NONE', ( #1735, #2929, #2754, #237 ) ) ;
#1008 = DIRECTION ( 'NONE',  ( 0.000000000000000000, -0.000000000000000000, 1.000000000000000000 ) ) ;
#1009 = ORIENTED_EDGE ( 'NONE', *, *, #3203, .F. ) ;
#1010 = CARTESIAN_POINT ( 'NONE',  ( 6.250000000000010658, 0.000000000000000000, -10.82531754730547746 ) ) ;
#1011 = EDGE_CURVE ( 'NONE', #3005, #2459, #2986, .T. ) ;
#1012 = AXIS2_PLACEMENT_3D ( 'NONE', #2386, #2949, #401 ) ;
#1013 = DIRECTION ( 'NONE',  ( -0.000000000000000000, 1.000000000000000000, -0.000000000000000000 ) ) ;
#1014 = VECTOR ( 'NONE', #1460, 1000.000000000000227 ) ;
#1015 = VERTEX_POINT ( 'NONE', #2539 ) ;
#1016 = DIRECTION ( 'NONE',  ( 0.000000000000000000, 0.000000000000000000, 1.000000000000000000 ) ) ;
#1017 = CIRCLE ( 'NONE', #2534, 2.500000000000000444 ) ;
#1018 = AXIS2_PLACEMENT_3D ( 'NONE', #1529, #3029, #290 ) ;
#1019 = DIRECTION ( 'NONE',  ( 0.000000000000000000, 1.000000000000000000, 0.000000000000000000 ) ) ;
#1020 = CIRCLE ( 'NONE', #1178, 2.500000000000000444 ) ;
#1021 = ORIENTED_EDGE ( 'NONE', *, *, #55, .F. ) ;
#1022 = DIRECTION ( 'NONE',  ( 0.000000000000000000, 0.000000000000000000, 1.000000000000000000 ) ) ;
#1023 = CARTESIAN_POINT ( 'NONE',  ( -6.250000000000094147, 0.000000000000000000, 10.82531754730543838 ) ) ;
#1024 = VERTEX_POINT ( 'NONE', #1975 ) ;
#1025 = LINE ( 'NONE', #2562, #2089 ) ;
#1026 = CARTESIAN_POINT ( 'NONE',  ( 6.250000000000010658, 10.00000000000000000, -8.925317547305477106 ) ) ;
#1027 = VERTEX_POINT ( 'NONE', #517 ) ;
#1028 = DIRECTION ( 'NONE',  ( -0.000000000000000000, -1.000000000000000000, -0.000000000000000000 ) ) ;
#1029 = EDGE_CURVE ( 'NONE', #1024, #418, #530, .T. ) ;
#1030 = ORIENTED_EDGE ( 'NONE', *, *, #1812, .T. ) ;
#1031 = EDGE_CURVE ( 'NONE', #2303, #1851, #1532, .T. ) ;
#1032 = ORIENTED_EDGE ( 'NONE', *, *, #2544, .T. ) ;
#1033 = CYLINDRICAL_SURFACE ( 'NONE', #424, 2.500000000000000444 ) ;
#1034 = VECTOR ( 'NONE', #1240, 1000.000000000000000 ) ;
#1035 = FACE_OUTER_BOUND ( 'NONE', #1394, .T. ) ;
#1036 = VERTEX_POINT ( 'NONE', #3006 ) ;
#1037 = DIRECTION ( 'NONE',  ( 0.000000000000000000, 0.000000000000000000, 1.000000000000000000 ) ) ;
#1038 = CARTESIAN_POINT ( 'NONE',  ( 0.000000000000000000, 10.00000000000000000, 0.000000000000000000 ) ) ;
#1039 = DIRECTION ( 'NONE',  ( 0.5000000000000173195, 0.000000000000000000, -0.8660254037844286046 ) ) ;
#1041 = VECTOR ( 'NONE', #1578, 1000.000000000000000 ) ;
#1040 = FACE_OUTER_BOUND ( 'NONE', #2405, .T. ) ;
#1042 = VERTEX_POINT ( 'NONE', #754 ) ;
#1043 = PLANE ( 'NONE',  #166 ) ;
#1044 = AXIS2_PLACEMENT_3D ( 'NONE', #1475, #2977, #1022 ) ;
#1045 = ADVANCED_FACE ( 'NONE', ( #1752 ), #1033, .F. ) ;
#1046 = DIRECTION ( 'NONE',  ( 0.1800775285692985950, 0.000000000000000000, 0.9836524201690216573 ) ) ;
#1047 = ORIENTED_EDGE ( 'NONE', *, *, #3194, .F. ) ;
#1048 = CARTESIAN_POINT ( 'NONE',  ( 12.50000000000000355, 0.000000000000000000, 4.163336342344337027E-14 ) ) ;
#1049 = ORIENTED_EDGE ( 'NONE', *, *, #215, .T. ) ;
#1050 = VERTEX_POINT ( 'NONE', #253 ) ;
#1051 = CARTESIAN_POINT ( 'NONE',  ( 23.90582999313836510, 120.0000000000000000, 13.80203738173986849 ) ) ;
#1052 = CIRCLE ( 'NONE', #2091, 21.99999999999991473 ) ;
#1053 = AXIS2_PLACEMENT_3D ( 'NONE', #1398, #82, #225 ) ;
#1054 = DIRECTION ( 'NONE',  ( 0.000000000000000000, 0.000000000000000000, 1.000000000000000000 ) ) ;
#1055 = ORIENTED_EDGE ( 'NONE', *, *, #2348, .F. ) ;
#1056 = FACE_OUTER_BOUND ( 'NONE', #1430, .T. ) ;
#1057 = CARTESIAN_POINT ( 'NONE',  ( -12.50000000000000355, 130.0000000000000000, -1.900000000000127809 ) ) ;
#1058 = CARTESIAN_POINT ( 'NONE',  ( 23.90582999313836510, 95.00000000000000000, 13.80203738173986849 ) ) ;
#1059 = ORIENTED_EDGE ( 'NONE', *, *, #1985, .F. ) ;
#1060 = CARTESIAN_POINT ( 'NONE',  ( 2.020667218593133100E-15, 0.000000000000000000, 16.50000000000000000 ) ) ;
#1061 = LINE ( 'NONE', #560, #1066 ) ;
#1062 = ORIENTED_EDGE ( 'NONE', *, *, #540, .T. ) ;
#1063 = ORIENTED_EDGE ( 'NONE', *, *, #439, .T. ) ;
#1064 = EDGE_LOOP ( 'NONE', ( #658, #1453, #2710, #1032 ) ) ;
#1065 = LINE ( 'NONE', #379, #755 ) ;
#1066 = VECTOR ( 'NONE', #2255, 1000.000000000000000 ) ;
#1067 = DIRECTION ( 'NONE',  ( -0.000000000000000000, -1.000000000000000000, -0.000000000000000000 ) ) ;
#1068 = CIRCLE ( 'NONE', #903, 1.900000000000000577 ) ;
#1069 = CIRCLE ( 'NONE', #1590, 1.900000000000000133 ) ;
#1070 = VERTEX_POINT ( 'NONE', #2728 ) ;
#1071 = DIRECTION ( 'NONE',  ( 0.000000000000000000, 0.000000000000000000, 1.000000000000000000 ) ) ;
#1072 = AXIS2_PLACEMENT_3D ( 'NONE', #1855, #110, #822 ) ;
#1073 = ADVANCED_FACE ( 'NONE', ( #3023 ), #721, .F. ) ;
#1074 = AXIS2_PLACEMENT_3D ( 'NONE', #1235, #2227, #3220 ) ;
#1075 = EDGE_CURVE ( 'NONE', #2982, #1585, #1487, .T. ) ;
#1076 = DIRECTION ( 'NONE',  ( -0.000000000000000000, -1.000000000000000000, -0.000000000000000000 ) ) ;
#1077 = EDGE_LOOP ( 'NONE', ( #2018, #1494 ) ) ;
#1078 = CARTESIAN_POINT ( 'NONE',  ( 0.000000000000000000, 10.00000000000000000, 0.000000000000000000 ) ) ;
#1079 = EDGE_CURVE ( 'NONE', #1103, #3067, #3052, .T. ) ;
#1080 = CYLINDRICAL_SURFACE ( 'NONE', #1122, 1.900000000000000577 ) ;
#1081 = DIRECTION ( 'NONE',  ( 0.000000000000000000, 0.000000000000000000, 1.000000000000000000 ) ) ;
#1082 = ORIENTED_EDGE ( 'NONE', *, *, #1725, .T. ) ;
#1083 = VERTEX_POINT ( 'NONE', #1250 ) ;
#1084 = ORIENTED_EDGE ( 'NONE', *, *, #3104, .F. ) ;
#1085 = CARTESIAN_POINT ( 'NONE',  ( -6.250000000000094147, 120.0000000000000142, 10.82531754730543838 ) ) ;
#1086 = FACE_BOUND ( 'NONE', #243, .T. ) ;
#1087 = EDGE_CURVE ( 'NONE', #2611, #2459, #1020, .T. ) ;
#1088 = VERTEX_POINT ( 'NONE', #2506 ) ;
#1089 = CARTESIAN_POINT ( 'NONE',  ( 2.056376928475089461, 120.0000000000000000, 16.37135650848870227 ) ) ;
#1090 = DIRECTION ( 'NONE',  ( 0.000000000000000000, 1.000000000000000000, 0.000000000000000000 ) ) ;
#1091 = ORIENTED_EDGE ( 'NONE', *, *, #1371, .T. ) ;
#1092 = FACE_OUTER_BOUND ( 'NONE', #395, .T. ) ;
#1093 = EDGE_CURVE ( 'NONE', #1981, #204, #1747, .T. ) ;
#1094 = CARTESIAN_POINT ( 'NONE',  ( 3.961705628525074907, 120.0000000000000000, -5.963721519761333134 ) ) ;
#1095 = ORIENTED_EDGE ( 'NONE', *, *, #232, .T. ) ;
#1096 = AXIS2_PLACEMENT_3D ( 'NONE', #447, #2189, #493 ) ;
#1097 = ORIENTED_EDGE ( 'NONE', *, *, #1725, .F. ) ;
#1098 = VERTEX_POINT ( 'NONE', #283 ) ;
#1099 = DIRECTION ( 'NONE',  ( -0.000000000000000000, 1.000000000000000000, -0.000000000000000000 ) ) ;
#1100 = AXIS2_PLACEMENT_3D ( 'NONE', #2790, #307, #33 ) ;
#1101 = FACE_OUTER_BOUND ( 'NONE', #1257, .T. ) ;
#1102 = AXIS2_PLACEMENT_3D ( 'NONE', #670, #2173, #1667 ) ;
#1103 = VERTEX_POINT ( 'NONE', #1767 ) ;
#1104 = FACE_OUTER_BOUND ( 'NONE', #2846, .T. ) ;
#1105 = VECTOR ( 'NONE', #1442, 1000.000000000000000 ) ;
#1106 = AXIS2_PLACEMENT_3D ( 'NONE', #1898, #674, #2859 ) ;
#1107 = CARTESIAN_POINT ( 'NONE',  ( -6.250000000000094147, 0.000000000000000000, 12.72531754730543874 ) ) ;
#1108 = EDGE_LOOP ( 'NONE', ( #1765, #1827, #783, #1224 ) ) ;
#1109 = CARTESIAN_POINT ( 'NONE',  ( 3.183881522946681031, 35.00000000000000000, 6.412798476499188105 ) ) ;
#1110 = CARTESIAN_POINT ( 'NONE',  ( 0.000000000000000000, 95.00000000000000000, 0.000000000000000000 ) ) ;
#1111 = ORIENTED_EDGE ( 'NONE', *, *, #1131, .F. ) ;
#1112 = EDGE_LOOP ( 'NONE', ( #479, #757, #2662 ) ) ;
#1113 = EDGE_CURVE ( 'NONE', #452, #426, #2887, .T. ) ;
#1114 = LINE ( 'NONE', #833, #1176 ) ;
#1115 = EDGE_CURVE ( 'NONE', #1841, #2982, #301, .T. ) ;
#1116 = DIRECTION ( 'NONE',  ( 0.000000000000000000, -0.000000000000000000, 1.000000000000000000 ) ) ;
#1117 = ORIENTED_EDGE ( 'NONE', *, *, #2954, .T. ) ;
#1118 = CARTESIAN_POINT ( 'NONE',  ( -12.50000000000000355, 130.0000000000000000, 1.899999999999872680 ) ) ;
#1119 = CIRCLE ( 'NONE', #1329, 1.900000000000000133 ) ;
#1120 = DIRECTION ( 'NONE',  ( 0.000000000000000000, 0.000000000000000000, 1.000000000000000000 ) ) ;
#1121 = ORIENTED_EDGE ( 'NONE', *, *, #2467, .T. ) ;
#1122 = AXIS2_PLACEMENT_3D ( 'NONE', #2073, #825, #1825 ) ;
#1123 = CARTESIAN_POINT ( 'NONE',  ( 0.000000000000000000, 35.00000000000000000, 0.000000000000000000 ) ) ;
#1124 = AXIS2_PLACEMENT_3D ( 'NONE', #2900, #2187, #1696 ) ;
#1125 = DIRECTION ( 'NONE',  ( 0.000000000000000000, 0.000000000000000000, 1.000000000000000000 ) ) ;
#1126 = EDGE_LOOP ( 'NONE', ( #1859, #652, #2895, #346 ) ) ;
#1127 = EDGE_CURVE ( 'NONE', #611, #1297, #2523, .T. ) ;
#1128 = FACE_OUTER_BOUND ( 'NONE', #12, .T. ) ;
#1129 = ORIENTED_EDGE ( 'NONE', *, *, #69, .T. ) ;
#1130 = DIRECTION ( 'NONE',  ( 0.000000000000000000, -1.000000000000000000, 0.000000000000000000 ) ) ;
#1131 = EDGE_CURVE ( 'NONE', #2325, #1879, #489, .T. ) ;
#1132 = PLANE ( 'NONE',  #2529 ) ;
#1133 = EDGE_CURVE ( 'NONE', #2581, #3008, #2312, .T. ) ;
#1134 = DIRECTION ( 'NONE',  ( 0.000000000000000000, -1.000000000000000000, 0.000000000000000000 ) ) ;
#1135 = EDGE_LOOP ( 'NONE', ( #2101, #1444 ) ) ;
#1136 = DIRECTION ( 'NONE',  ( -0.4999999999999991118, -0.000000000000000000, -0.8660254037844391517 ) ) ;
#1137 = DIRECTION ( 'NONE',  ( -0.000000000000000000, 1.000000000000000000, -0.000000000000000000 ) ) ;
#1138 = CARTESIAN_POINT ( 'NONE',  ( 0.000000000000000000, 0.000000000000000000, 0.000000000000000000 ) ) ;
#1139 = EDGE_LOOP ( 'NONE', ( #545, #385 ) ) ;
#1140 = CARTESIAN_POINT ( 'NONE',  ( -2.056376928474852317, 120.0000000000000000, -16.37135650848873070 ) ) ;
#1141 = FACE_OUTER_BOUND ( 'NONE', #1064, .T. ) ;
#1142 = ORIENTED_EDGE ( 'NONE', *, *, #74, .F. ) ;
#1143 = EDGE_CURVE ( 'NONE', #486, #2303, #1854, .T. ) ;
#1144 = ORIENTED_EDGE ( 'NONE', *, *, #1958, .F. ) ;
#1145 = DIRECTION ( 'NONE',  ( 0.000000000000000000, -0.000000000000000000, 1.000000000000000000 ) ) ;
#1146 = DIRECTION ( 'NONE',  ( -0.000000000000000000, -1.000000000000000000, -0.000000000000000000 ) ) ;
#1147 = EDGE_CURVE ( 'NONE', #1203, #367, #2740, .T. ) ;
#1148 = LINE ( 'NONE', #1403, #270 ) ;
#1149 = ORIENTED_EDGE ( 'NONE', *, *, #1888, .F. ) ;
#1150 = DIRECTION ( 'NONE',  ( 0.000000000000000000, 1.000000000000000000, 0.000000000000000000 ) ) ;
#1151 = CARTESIAN_POINT ( 'NONE',  ( -15.20619909500048550, 35.00000000000000000, -6.404803594428684299 ) ) ;
#1152 = AXIS2_PLACEMENT_3D ( 'NONE', #863, #1873, #891 ) ;
#1153 = ORIENTED_EDGE ( 'NONE', *, *, #2962, .T. ) ;
#1154 = FACE_OUTER_BOUND ( 'NONE', #1872, .T. ) ;
#1155 = VECTOR ( 'NONE', #1960, 1000.000000000000000 ) ;
#1156 = CARTESIAN_POINT ( 'NONE',  ( -12.50000000000000355, 0.000000000000000000, -1.900000000000127809 ) ) ;
#1157 = DIRECTION ( 'NONE',  ( 0.000000000000000000, 0.000000000000000000, 1.000000000000000000 ) ) ;
#1158 = VERTEX_POINT ( 'NONE', #139 ) ;
#1159 = ORIENTED_EDGE ( 'NONE', *, *, #2944, .F. ) ;
#1160 = ORIENTED_EDGE ( 'NONE', *, *, #648, .T. ) ;
#1161 = DIRECTION ( 'NONE',  ( 0.000000000000000000, 1.000000000000000000, 0.000000000000000000 ) ) ;
#1162 = LINE ( 'NONE', #3146, #3164 ) ;
#1163 = LINE ( 'NONE', #463, #1828 ) ;
#1164 = ORIENTED_EDGE ( 'NONE', *, *, #1897, .T. ) ;
#1165 = DIRECTION ( 'NONE',  ( -0.000000000000000000, -1.000000000000000000, -0.000000000000000000 ) ) ;
#1166 = DIRECTION ( 'NONE',  ( 0.7618292200757148525, 0.000000000000000000, 0.6477779244763038902 ) ) ;
#1167 = ORIENTED_EDGE ( 'NONE', *, *, #28, .F. ) ;
#1168 = CARTESIAN_POINT ( 'NONE',  ( 0.000000000000000000, 120.0000000000000142, -10.19999999999999929 ) ) ;
#1169 = AXIS2_PLACEMENT_3D ( 'NONE', #2845, #1847, #2600 ) ;
#1170 = EDGE_CURVE ( 'NONE', #1879, #1981, #2322, .T. ) ;
#1171 = DIRECTION ( 'NONE',  ( 0.000000000000000000, 0.000000000000000000, 1.000000000000000000 ) ) ;
#1172 = AXIS2_PLACEMENT_3D ( 'NONE', #645, #1644, #2642 ) ;
#1173 = ADVANCED_FACE ( 'NONE', ( #1359 ), #3069, .F. ) ;
#1174 = EDGE_LOOP ( 'NONE', ( #1269, #2697, #282, #2346 ) ) ;
#1175 = DIRECTION ( 'NONE',  ( -0.000000000000000000, -1.000000000000000000, -0.000000000000000000 ) ) ;
#1176 = VECTOR ( 'NONE', #330, 1000.000000000000227 ) ;
#1177 = CIRCLE ( 'NONE', #31, 1.900000000000000577 ) ;
#1178 = AXIS2_PLACEMENT_3D ( 'NONE', #2244, #2747, #21 ) ;
#1179 = CARTESIAN_POINT ( 'NONE',  ( 3.961705628525075795, 95.00000000000000000, -5.963721519761327805 ) ) ;
#1180 = DIRECTION ( 'NONE',  ( 0.000000000000000000, 1.000000000000000000, 0.000000000000000000 ) ) ;
#1181 = LINE ( 'NONE', #1925, #2194 ) ;
#1182 = EDGE_CURVE ( 'NONE', #1981, #2715, #501, .T. ) ;
#1183 = ORIENTED_EDGE ( 'NONE', *, *, #2434, .T. ) ;
#1184 = FACE_OUTER_BOUND ( 'NONE', #434, .T. ) ;
#1185 = EDGE_CURVE ( 'NONE', #1317, #2585, #3038, .T. ) ;
#1186 = FACE_OUTER_BOUND ( 'NONE', #1530, .T. ) ;
#1187 = ORIENTED_EDGE ( 'NONE', *, *, #1468, .T. ) ;
#1188 = DIRECTION ( 'NONE',  ( 0.000000000000000000, 0.000000000000000000, 1.000000000000000000 ) ) ;
#1189 = CYLINDRICAL_SURFACE ( 'NONE', #2612, 2.500000000000000444 ) ;
#1190 = DIRECTION ( 'NONE',  ( 0.000000000000000000, 1.000000000000000000, 0.000000000000000000 ) ) ;
#1191 = ORIENTED_EDGE ( 'NONE', *, *, #2424, .T. ) ;
#1192 = EDGE_CURVE ( 'NONE', #371, #89, #2588, .T. ) ;
#1193 = ORIENTED_EDGE ( 'NONE', *, *, #1344, .F. ) ;
#1194 = VECTOR ( 'NONE', #1527, 1000.000000000000000 ) ;
#1195 = DIRECTION ( 'NONE',  ( 0.000000000000000000, 1.000000000000000000, 0.000000000000000000 ) ) ;
#1196 = AXIS2_PLACEMENT_3D ( 'NONE', #2159, #2663, #435 ) ;
#1197 = FACE_OUTER_BOUND ( 'NONE', #1307, .T. ) ;
#1198 = FACE_OUTER_BOUND ( 'NONE', #1751, .T. ) ;
#1199 = EDGE_LOOP ( 'NONE', ( #2392, #2350 ) ) ;
#1200 = DIRECTION ( 'NONE',  ( 0.000000000000000000, -0.000000000000000000, 1.000000000000000000 ) ) ;
#1201 = VECTOR ( 'NONE', #2033, 1000.000000000000000 ) ;
#1202 = DIRECTION ( 'NONE',  ( -0.4999999999999992228, 0.000000000000000000, 0.8660254037844390407 ) ) ;
#1203 = VERTEX_POINT ( 'NONE', #1557 ) ;
#1204 = DIRECTION ( 'NONE',  ( 0.000000000000000000, 0.000000000000000000, -1.000000000000000000 ) ) ;
#1205 = FACE_OUTER_BOUND ( 'NONE', #2731, .T. ) ;
#1206 = CARTESIAN_POINT ( 'NONE',  ( 0.000000000000000000, 95.00000000000000000, 0.000000000000000000 ) ) ;
#1207 = ORIENTED_EDGE ( 'NONE', *, *, #1215, .T. ) ;
#1208 = DIRECTION ( 'NONE',  ( 0.000000000000000000, 1.000000000000000000, 0.000000000000000000 ) ) ;
#1209 = CIRCLE ( 'NONE', #1053, 1.900000000000000577 ) ;
#1210 = DIRECTION ( 'NONE',  ( -0.000000000000000000, 1.000000000000000000, -0.000000000000000000 ) ) ;
#1211 = LINE ( 'NONE', #2205, #1432 ) ;
#1212 = CARTESIAN_POINT ( 'NONE',  ( 2.056376928475089461, 10.00000000000000000, 16.37135650848870227 ) ) ;
#1213 = ADVANCED_FACE ( 'NONE', ( #2554 ), #864, .F. ) ;
#1214 = CARTESIAN_POINT ( 'NONE',  ( 6.249999999999939604, 0.000000000000000000, 10.82531754730552365 ) ) ;
#1215 = EDGE_CURVE ( 'NONE', #1027, #1050, #34, .T. ) ;
#1216 = EDGE_LOOP ( 'NONE', ( #25, #2586, #164, #1207 ) ) ;
#1217 = DIRECTION ( 'NONE',  ( 0.000000000000000000, 1.000000000000000000, 0.000000000000000000 ) ) ;
#1218 = DIRECTION ( 'NONE',  ( 0.000000000000000000, 1.000000000000000000, 0.000000000000000000 ) ) ;
#1219 = EDGE_LOOP ( 'NONE', ( #2783, #1021, #832, #1187 ) ) ;
#1220 = CARTESIAN_POINT ( 'NONE',  ( 6.249999999999939604, 0.000000000000000000, 10.82531754730552365 ) ) ;
#1221 = CARTESIAN_POINT ( 'NONE',  ( -12.50000000000000355, 130.0000000000000000, -1.275021754842953214E-13 ) ) ;
#1222 = ORIENTED_EDGE ( 'NONE', *, *, #2748, .F. ) ;
#1223 = AXIS2_PLACEMENT_3D ( 'NONE', #851, #1067, #1576 ) ;
#1224 = ORIENTED_EDGE ( 'NONE', *, *, #2810, .F. ) ;
#1225 = CIRCLE ( 'NONE', #3045, 1.900000000000000577 ) ;
#1226 = EDGE_CURVE ( 'NONE', #3231, #1414, #1643, .T. ) ;
#1227 = CARTESIAN_POINT ( 'NONE',  ( 12.50000000000000355, 130.0000000000000000, 4.163336342344337027E-14 ) ) ;
#1228 = CIRCLE ( 'NONE', #2683, 16.50000000000000355 ) ;
#1229 = DIRECTION ( 'NONE',  ( 0.000000000000000000, 0.000000000000000000, 1.000000000000000000 ) ) ;
#1230 = CIRCLE ( 'NONE', #138, 2.500000000000000444 ) ;
#1231 = AXIS2_PLACEMENT_3D ( 'NONE', #3001, #2043, #3035 ) ;
#1232 = DIRECTION ( 'NONE',  ( 0.000000000000000000, 1.000000000000000000, 0.000000000000000000 ) ) ;
#1233 = DIRECTION ( 'NONE',  ( 0.000000000000000000, 0.000000000000000000, 1.000000000000000000 ) ) ;
#1234 = ORIENTED_EDGE ( 'NONE', *, *, #2028, .T. ) ;
#1235 = CARTESIAN_POINT ( 'NONE',  ( 6.250000000000010658, 10.00000000000000000, -10.82531754730547746 ) ) ;
#1236 = EDGE_CURVE ( 'NONE', #1851, #1522, #603, .T. ) ;
#1237 = EDGE_CURVE ( 'NONE', #1764, #2373, #1065, .T. ) ;
#1238 = FACE_OUTER_BOUND ( 'NONE', #2573, .T. ) ;
#1239 = VERTEX_POINT ( 'NONE', #1816 ) ;
#1240 = DIRECTION ( 'NONE',  ( -0.7618292200757567079, -0.000000000000000000, 0.6477779244762545963 ) ) ;
#1241 = DIRECTION ( 'NONE',  ( -0.000000000000000000, -1.000000000000000000, -0.000000000000000000 ) ) ;
#1242 = CARTESIAN_POINT ( 'NONE',  ( -6.250000000000016875, 120.0000000000000142, -8.925317547305475330 ) ) ;
#1243 = EDGE_LOOP ( 'NONE', ( #575, #2152, #2804, #2298 ) ) ;
#1244 = LINE ( 'NONE', #1678, #834 ) ;
#1245 = DIRECTION ( 'NONE',  ( -0.000000000000000000, -1.000000000000000000, -0.000000000000000000 ) ) ;
#1246 = CARTESIAN_POINT ( 'NONE',  ( -6.250000000000094147, 0.000000000000000000, 8.925317547305438026 ) ) ;
#1247 = EDGE_CURVE ( 'NONE', #2622, #2226, #2940, .T. ) ;
#1248 = CARTESIAN_POINT ( 'NONE',  ( -3.961705628525380440, 10.00000000000000000, -5.963721519761415735 ) ) ;
#1249 = ORIENTED_EDGE ( 'NONE', *, *, #3157, .F. ) ;
#1250 = CARTESIAN_POINT ( 'NONE',  ( 6.249999999999939604, 0.000000000000000000, 12.72531754730552400 ) ) ;
#1251 = LINE ( 'NONE', #2713, #3184 ) ;
#1252 = VERTEX_POINT ( 'NONE', #2569 ) ;
#1253 = VECTOR ( 'NONE', #2154, 1000.000000000000000 ) ;
#1254 = DIRECTION ( 'NONE',  ( 0.000000000000000000, 1.000000000000000000, 0.000000000000000000 ) ) ;
#1255 = DIRECTION ( 'NONE',  ( 0.000000000000000000, 1.000000000000000000, 0.000000000000000000 ) ) ;
#1256 = EDGE_CURVE ( 'NONE', #2982, #1585, #1114, .T. ) ;
#1257 = EDGE_LOOP ( 'NONE', ( #2334, #2468, #159, #1501 ) ) ;
#1258 = DIRECTION ( 'NONE',  ( 0.000000000000000000, 1.000000000000000000, 0.000000000000000000 ) ) ;
#1259 = CIRCLE ( 'NONE', #6, 16.50000000000000355 ) ;
#1260 = DIRECTION ( 'NONE',  ( 0.000000000000000000, -0.000000000000000000, 1.000000000000000000 ) ) ;
#1261 = ORIENTED_EDGE ( 'NONE', *, *, #2590, .F. ) ;
#1262 = AXIS2_PLACEMENT_3D ( 'NONE', #1220, #423, #2146 ) ;
#1263 = PLANE ( 'NONE',  #1850 ) ;
#1264 = CIRCLE ( 'NONE', #377, 16.50000000000000355 ) ;
#1265 = ORIENTED_EDGE ( 'NONE', *, *, #2185, .F. ) ;
#1266 = EDGE_LOOP ( 'NONE', ( #3136, #934 ) ) ;
#1267 = DIRECTION ( 'NONE',  ( 0.000000000000000000, 1.000000000000000000, 0.000000000000000000 ) ) ;
#1268 = CARTESIAN_POINT ( 'NONE',  ( 0.000000000000000000, 120.0000000000000000, 0.000000000000000000 ) ) ;
#1269 = ORIENTED_EDGE ( 'NONE', *, *, #2864, .F. ) ;
#1270 = DIRECTION ( 'NONE',  ( 0.000000000000000000, 0.000000000000000000, 1.000000000000000000 ) ) ;
#1271 = CARTESIAN_POINT ( 'NONE',  ( 12.50000000000000355, 0.000000000000000000, 4.163336342344337027E-14 ) ) ;
#1272 = ORIENTED_EDGE ( 'NONE', *, *, #1627, .F. ) ;
#1273 = PLANE ( 'NONE',  #995 ) ;
#1274 = ADVANCED_FACE ( 'NONE', ( #1832 ), #1374, .F. ) ;
#1275 = ADVANCED_FACE ( 'NONE', ( #2338 ), #105, .F. ) ;
#1276 = CARTESIAN_POINT ( 'NONE',  ( -3.469446951953614189E-15, 120.0000000000000000, -27.60407476347972988 ) ) ;
#1277 = EDGE_LOOP ( 'NONE', ( #413, #715, #1703, #1320 ) ) ;
#1278 = DIRECTION ( 'NONE',  ( 0.000000000000000000, 0.000000000000000000, 1.000000000000000000 ) ) ;
#1279 = AXIS2_PLACEMENT_3D ( 'NONE', #84, #3127, #2609 ) ;
#1280 = EDGE_LOOP ( 'NONE', ( #2335, #1919, #1774, #1754 ) ) ;
#1281 = DIRECTION ( 'NONE',  ( 0.000000000000000000, 0.000000000000000000, 1.000000000000000000 ) ) ;
#1282 = AXIS2_PLACEMENT_3D ( 'NONE', #1048, #562, #1798 ) ;
#1283 = VECTOR ( 'NONE', #2718, 999.9999999999998863 ) ;
#1284 = PLANE ( 'NONE',  #3082 ) ;
#1285 = ORIENTED_EDGE ( 'NONE', *, *, #3015, .T. ) ;
#1286 = FACE_OUTER_BOUND ( 'NONE', #2719, .T. ) ;
#1287 = ADVANCED_FACE ( 'NONE', ( #1602 ), #2599, .F. ) ;
#1288 = DIRECTION ( 'NONE',  ( 0.000000000000000000, 1.000000000000000000, 0.000000000000000000 ) ) ;
#1289 = ORIENTED_EDGE ( 'NONE', *, *, #275, .T. ) ;
#1290 = DIRECTION ( 'NONE',  ( 0.000000000000000000, 0.000000000000000000, 1.000000000000000000 ) ) ;
#1291 = LINE ( 'NONE', #2518, #2517 ) ;
#1292 = ADVANCED_FACE ( 'NONE', ( #200 ), #3131, .F. ) ;
#1293 = PLANE ( 'NONE',  #1896 ) ;
#1294 = EDGE_LOOP ( 'NONE', ( #2508, #584, #437 ) ) ;
#1295 = DIRECTION ( 'NONE',  ( 0.000000000000000000, 1.000000000000000000, 0.000000000000000000 ) ) ;
#1296 = ORIENTED_EDGE ( 'NONE', *, *, #1384, .F. ) ;
#1297 = VERTEX_POINT ( 'NONE', #1679 ) ;
#1298 = DIRECTION ( 'NONE',  ( -0.7618292200757572630, 0.000000000000000000, 0.6477779244762540412 ) ) ;
#1299 = CARTESIAN_POINT ( 'NONE',  ( -12.50000000000000355, 120.0000000000000142, -1.900000000000127809 ) ) ;
#1300 = ORIENTED_EDGE ( 'NONE', *, *, #936, .T. ) ;
#1301 = DIRECTION ( 'NONE',  ( 0.000000000000000000, 0.000000000000000000, 1.000000000000000000 ) ) ;
#1303 = VECTOR ( 'NONE', #2692, 1000.000000000000000 ) ;
#1302 = DIRECTION ( 'NONE',  ( 0.000000000000000000, 1.000000000000000000, 0.000000000000000000 ) ) ;
#1304 = ORIENTED_EDGE ( 'NONE', *, *, #2069, .T. ) ;
#1305 = SURFACE_STYLE_USAGE ( .BOTH. , #1810 ) ;
#1306 = CARTESIAN_POINT ( 'NONE',  ( -3.961705628525380440, 35.00000000000000000, -5.963721519761415735 ) ) ;
#1307 = EDGE_LOOP ( 'NONE', ( #1990, #1097, #529, #811 ) ) ;
#1308 = CIRCLE ( 'NONE', #528, 16.50000000000000355 ) ;
#1309 = EDGE_LOOP ( 'NONE', ( #805, #207, #227, #2634 ) ) ;
#1310 = EDGE_CURVE ( 'NONE', #823, #2045, #2793, .T. ) ;
#1311 = ORIENTED_EDGE ( 'NONE', *, *, #548, .F. ) ;
#1312 = DIRECTION ( 'NONE',  ( 0.000000000000000000, 0.000000000000000000, 1.000000000000000000 ) ) ;
#1313 = CIRCLE ( 'NONE', #476, 16.50000000000000355 ) ;
#1314 = ADVANCED_FACE ( 'NONE', ( #2136 ), #169, .F. ) ;
#1315 = CARTESIAN_POINT ( 'NONE',  ( -6.250000000000016875, 120.0000000000000142, -10.82531754730547568 ) ) ;
#1316 = EDGE_CURVE ( 'NONE', #44, #1522, #2120, .T. ) ;
#1317 = VERTEX_POINT ( 'NONE', #2446 ) ;
#1318 = CARTESIAN_POINT ( 'NONE',  ( 0.000000000000000000, 120.0000000000000000, 0.000000000000000000 ) ) ;
#1319 = DIRECTION ( 'NONE',  ( -0.000000000000000000, -1.000000000000000000, -0.000000000000000000 ) ) ;
#1320 = ORIENTED_EDGE ( 'NONE', *, *, #3118, .F. ) ;
#1321 =( LENGTH_UNIT ( ) NAMED_UNIT ( * ) SI_UNIT ( .MILLI., .METRE. ) );
#1322 = CARTESIAN_POINT ( 'NONE',  ( 6.250000000000010658, 0.000000000000000000, -10.82531754730547746 ) ) ;
#1323 = DIRECTION ( 'NONE',  ( -0.000000000000000000, 1.000000000000000000, -0.000000000000000000 ) ) ;
#1324 = VERTEX_POINT ( 'NONE', #2932 ) ;
#1325 = EDGE_CURVE ( 'NONE', #1818, #102, #1017, .T. ) ;
#1326 = ORIENTED_EDGE ( 'NONE', *, *, #1607, .F. ) ;
#1327 = EDGE_LOOP ( 'NONE', ( #1153, #1441, #1559 ) ) ;
#1328 = DIRECTION ( 'NONE',  ( -0.000000000000000000, 1.000000000000000000, -0.000000000000000000 ) ) ;
#1329 = AXIS2_PLACEMENT_3D ( 'NONE', #1227, #944, #865 ) ;
#1330 = PLANE ( 'NONE',  #1739 ) ;
#1331 = VECTOR ( 'NONE', #889, 1000.000000000000227 ) ;
#1332 = AXIS2_PLACEMENT_3D ( 'NONE', #1535, #716, #3019 ) ;
#1333 = ORIENTED_EDGE ( 'NONE', *, *, #1127, .F. ) ;
#1334 = DIRECTION ( 'NONE',  ( 0.000000000000000000, 0.000000000000000000, -1.000000000000000000 ) ) ;
#1335 = AXIS2_PLACEMENT_3D ( 'NONE', #1271, #30, #2017 ) ;
#1336 = AXIS2_PLACEMENT_3D ( 'NONE', #2047, #802, #2799 ) ;
#1337 = DIRECTION ( 'NONE',  ( -1.602806644402506494E-14, 0.000000000000000000, 1.000000000000000000 ) ) ;
#1338 = ORIENTED_EDGE ( 'NONE', *, *, #1550, .F. ) ;
#1339 = LINE ( 'NONE', #2117, #1779 ) ;
#1340 = CARTESIAN_POINT ( 'NONE',  ( 2.056376928475089461, 95.00000000000000000, 16.37135650848870227 ) ) ;
#1341 = EDGE_LOOP ( 'NONE', ( #3000, #1563 ) ) ;
#1342 = EDGE_LOOP ( 'NONE', ( #2280, #2761 ) ) ;
#1343 = EDGE_LOOP ( 'NONE', ( #1526, #2947 ) ) ;
#1344 = EDGE_CURVE ( 'NONE', #1158, #2420, #1485, .T. ) ;
#1345 = CARTESIAN_POINT ( 'NONE',  ( -3.469446951953614189E-15, 35.00000000000000000, -27.60407476347972988 ) ) ;
#1346 = LINE ( 'NONE', #803, #854 ) ;
#1347 = ORIENTED_EDGE ( 'NONE', *, *, #1133, .F. ) ;
#1348 = CARTESIAN_POINT ( 'NONE',  ( 6.249999999999939604, 10.00000000000000000, 10.82531754730552365 ) ) ;
#1349 = CIRCLE ( 'NONE', #202, 21.99999999999998579 ) ;
#1350 = FACE_OUTER_BOUND ( 'NONE', #2201, .T. ) ;
#1351 = ORIENTED_EDGE ( 'NONE', *, *, #1079, .F. ) ;
#1352 = CARTESIAN_POINT ( 'NONE',  ( 8.833459118601924231, 130.0000000000000000, 2.599999999999622613 ) ) ;
#1353 = ADVANCED_FACE ( 'NONE', ( #3162 ), #183, .T. ) ;
#1354 = DIRECTION ( 'NONE',  ( 0.000000000000000000, 1.000000000000000000, 0.000000000000000000 ) ) ;
#1355 = EDGE_CURVE ( 'NONE', #267, #1629, #3207, .T. ) ;
#1356 = EDGE_LOOP ( 'NONE', ( #781, #2415 ) ) ;
#1357 = AXIS2_PLACEMENT_3D ( 'NONE', #1943, #656, #2192 ) ;
#1358 = ORIENTED_EDGE ( 'NONE', *, *, #1406, .F. ) ;
#1359 = FACE_OUTER_BOUND ( 'NONE', #48, .T. ) ;
#1360 = CARTESIAN_POINT ( 'NONE',  ( -8.833459118600627491, 120.0000000000000142, 7.600000000000373568 ) ) ;
#1361 = AXIS2_PLACEMENT_3D ( 'NONE', #2564, #1013, #1233 ) ;
#1362 = ORIENTED_EDGE ( 'NONE', *, *, #298, .F. ) ;
#1363 = DIRECTION ( 'NONE',  ( 0.000000000000000000, -0.000000000000000000, 1.000000000000000000 ) ) ;
#1364 = AXIS2_PLACEMENT_3D ( 'NONE', #2639, #615, #1599 ) ;
#1365 = AXIS2_PLACEMENT_3D ( 'NONE', #2893, #713, #2741 ) ;
#1366 = CARTESIAN_POINT ( 'NONE',  ( -13.14982216652536096, 120.0000000000000000, -9.966552914060018864 ) ) ;
#1367 = ORIENTED_EDGE ( 'NONE', *, *, #2397, .T. ) ;
#1368 = PLANE ( 'NONE',  #532 ) ;
#1369 = DIRECTION ( 'NONE',  ( -0.000000000000000000, -1.000000000000000000, -0.000000000000000000 ) ) ;
#1370 = VERTEX_POINT ( 'NONE', #3178 ) ;
#1371 = EDGE_CURVE ( 'NONE', #457, #2923, #961, .T. ) ;
#1372 = ADVANCED_FACE ( 'NONE', ( #926 ), #150, .F. ) ;
#1373 = UNCERTAINTY_MEASURE_WITH_UNIT (LENGTH_MEASURE( 1.000000000000000082E-05 ), #384, 'distance_accuracy_value', 'NONE');
#1374 = CYLINDRICAL_SURFACE ( 'NONE', #2372, 2.500000000000000444 ) ;
#1375 = DIRECTION ( 'NONE',  ( -0.4999999999999992228, 0.000000000000000000, 0.8660254037844390407 ) ) ;
#1376 = ORIENTED_EDGE ( 'NONE', *, *, #792, .T. ) ;
#1377 = PLANE ( 'NONE',  #932 ) ;
#1378 = CIRCLE ( 'NONE', #2730, 16.50000000000000355 ) ;
#1379 = LINE ( 'NONE', #1151, #997 ) ;
#1380 = LINE ( 'NONE', #322, #806 ) ;
#1381 = ORIENTED_EDGE ( 'NONE', *, *, #1185, .T. ) ;
#1382 = AXIS2_PLACEMENT_3D ( 'NONE', #1496, #1288, #2978 ) ;
#1383 = DIRECTION ( 'NONE',  ( -0.8660254037844287156, 0.000000000000000000, -0.5000000000000174305 ) ) ;
#1384 = EDGE_CURVE ( 'NONE', #1324, #708, #2992, .T. ) ;
#1385 = AXIS2_PLACEMENT_3D ( 'NONE', #415, #3116, #1449 ) ;
#1386 = AXIS2_PLACEMENT_3D ( 'NONE', #1837, #3060, #1120 ) ;
#1387 = DIRECTION ( 'NONE',  ( 0.000000000000000000, 0.000000000000000000, 1.000000000000000000 ) ) ;
#1388 = ORIENTED_EDGE ( 'NONE', *, *, #60, .T. ) ;
#1389 = ADVANCED_FACE ( 'NONE', ( #1939 ), #431, .F. ) ;
#1390 = VERTEX_POINT ( 'NONE', #3144 ) ;
#1391 = DIRECTION ( 'NONE',  ( 0.000000000000000000, 1.000000000000000000, 0.000000000000000000 ) ) ;
#1392 = FACE_OUTER_BOUND ( 'NONE', #54, .T. ) ;
#1393 = CARTESIAN_POINT ( 'NONE',  ( 12.50000000000000355, 0.000000000000000000, 4.163336342344337027E-14 ) ) ;
#1394 = EDGE_LOOP ( 'NONE', ( #1965, #1682, #879 ) ) ;
#1395 = CARTESIAN_POINT ( 'NONE',  ( 0.000000000000000000, 120.0000000000000000, 0.000000000000000000 ) ) ;
#1396 = CARTESIAN_POINT ( 'NONE',  ( -3.183881522946685472, 120.0000000000000000, 6.412798476499522060 ) ) ;
#1397 = ORIENTED_EDGE ( 'NONE', *, *, #1886, .T. ) ;
#1398 = CARTESIAN_POINT ( 'NONE',  ( -6.250000000000016875, 0.000000000000000000, -10.82531754730547568 ) ) ;
#1399 = DIRECTION ( 'NONE',  ( 0.000000000000000000, 0.000000000000000000, 1.000000000000000000 ) ) ;
#1400 = EDGE_LOOP ( 'NONE', ( #723, #2267, #2432, #3228 ) ) ;
#1401 = ORIENTED_EDGE ( 'NONE', *, *, #3216, .T. ) ;
#1402 = CARTESIAN_POINT ( 'NONE',  ( 0.000000000000000000, 95.00000000000000000, 0.000000000000000000 ) ) ;
#1403 = CARTESIAN_POINT ( 'NONE',  ( 15.20619909500048195, 35.00000000000000000, -6.404803594428690516 ) ) ;
#1404 = ORIENTED_EDGE ( 'NONE', *, *, #2147, .T. ) ;
#1405 = LINE ( 'NONE', #419, #52 ) ;
#1406 = EDGE_CURVE ( 'NONE', #2084, #1879, #1228, .T. ) ;
#1407 = EDGE_CURVE ( 'NONE', #1036, #1042, #340, .T. ) ;
#1408 = DIRECTION ( 'NONE',  ( -0.000000000000000000, -1.000000000000000000, -0.000000000000000000 ) ) ;
#1409 = CIRCLE ( 'NONE', #3180, 21.99999999999998579 ) ;
#1410 = VERTEX_POINT ( 'NONE', #875 ) ;
#1411 = DIRECTION ( 'NONE',  ( -0.000000000000000000, 1.000000000000000000, -0.000000000000000000 ) ) ;
#1412 = AXIS2_PLACEMENT_3D ( 'NONE', #3123, #2418, #1166 ) ;
#1413 = FACE_OUTER_BOUND ( 'NONE', #2389, .T. ) ;
#1414 = VERTEX_POINT ( 'NONE', #2153 ) ;
#1415 = CARTESIAN_POINT ( 'NONE',  ( 3.961705628525074907, 95.00000000000000000, -5.963721519761333134 ) ) ;
#1416 = EDGE_CURVE ( 'NONE', #753, #1252, #2656, .T. ) ;
#1417 = CARTESIAN_POINT ( 'NONE',  ( 0.000000000000000000, 120.0000000000000000, 0.000000000000000000 ) ) ;
#1418 = ADVANCED_FACE ( 'NONE', ( #2674 ), #2500, .F. ) ;
#1419 = CARTESIAN_POINT ( 'NONE',  ( 8.833459118601924231, 130.0000000000000000, 5.099999999999623057 ) ) ;
#1420 = DIRECTION ( 'NONE',  ( 0.000000000000000000, 0.000000000000000000, 1.000000000000000000 ) ) ;
#1421 = VERTEX_POINT ( 'NONE', #2950 ) ;
#1422 = DIRECTION ( 'NONE',  ( 0.000000000000000000, 0.000000000000000000, 1.000000000000000000 ) ) ;
#1423 = EDGE_CURVE ( 'NONE', #2985, #452, #1743, .T. ) ;
#1424 = CARTESIAN_POINT ( 'NONE',  ( -13.14982216652536096, 95.00000000000000000, -9.966552914060020640 ) ) ;
#1425 = EDGE_LOOP ( 'NONE', ( #449, #2772 ) ) ;
#1426 = CYLINDRICAL_SURFACE ( 'NONE', #1262, 1.900000000000000577 ) ;
#1427 = AXIS2_PLACEMENT_3D ( 'NONE', #2617, #877, #635 ) ;
#1428 = LINE ( 'NONE', #693, #2270 ) ;
#1429 = AXIS2_PLACEMENT_3D ( 'NONE', #1935, #2167, #226 ) ;
#1430 = EDGE_LOOP ( 'NONE', ( #622, #2567, #1720, #618 ) ) ;
#1431 = DIRECTION ( 'NONE',  ( -0.000000000000000000, -1.000000000000000000, -0.000000000000000000 ) ) ;
#1432 = VECTOR ( 'NONE', #749, 1000.000000000000000 ) ;
#1433 = AXIS2_PLACEMENT_3D ( 'NONE', #1561, #1076, #583 ) ;
#1434 = AXIS2_PLACEMENT_3D ( 'NONE', #2366, #1862, #1616 ) ;
#1435 = DIRECTION ( 'NONE',  ( 0.000000000000000000, 0.000000000000000000, 1.000000000000000000 ) ) ;
#1436 = DIRECTION ( 'NONE',  ( 0.000000000000000000, 0.000000000000000000, 1.000000000000000000 ) ) ;
#1437 = CARTESIAN_POINT ( 'NONE',  ( -13.14982216652545155, 95.00000000000000000, 9.966552914059903401 ) ) ;
#1438 = ORIENTED_EDGE ( 'NONE', *, *, #2030, .T. ) ;
#1439 = FACE_BOUND ( 'NONE', #1266, .T. ) ;
#1440 = FACE_OUTER_BOUND ( 'NONE', #32, .T. ) ;
#1441 = ORIENTED_EDGE ( 'NONE', *, *, #1687, .T. ) ;
#1442 = DIRECTION ( 'NONE',  ( -0.7618292200757144084, 0.000000000000000000, -0.6477779244763044453 ) ) ;
#1443 = DIRECTION ( 'NONE',  ( 0.000000000000000000, 1.000000000000000000, 0.000000000000000000 ) ) ;
#1444 = ORIENTED_EDGE ( 'NONE', *, *, #3086, .F. ) ;
#1445 = CARTESIAN_POINT ( 'NONE',  ( -13.14982216652548352, 35.00000000000000000, 9.966552914059864321 ) ) ;
#1446 = EDGE_CURVE ( 'NONE', #1252, #2982, #250, .T. ) ;
#1447 = EDGE_CURVE ( 'NONE', #2963, #1829, #2274, .T. ) ;
#1448 = FACE_OUTER_BOUND ( 'NONE', #422, .T. ) ;
#1449 = DIRECTION ( 'NONE',  ( 0.000000000000000000, 0.000000000000000000, 1.000000000000000000 ) ) ;
#1450 = VECTOR ( 'NONE', #1637, 1000.000000000000000 ) ;
#1451 = DIRECTION ( 'NONE',  ( 0.000000000000000000, 0.000000000000000000, 1.000000000000000000 ) ) ;
#1452 = FACE_BOUND ( 'NONE', #2678, .T. ) ;
#1453 = ORIENTED_EDGE ( 'NONE', *, *, #2806, .F. ) ;
#1454 = PLANE ( 'NONE',  #2858 ) ;
#1455 = VECTOR ( 'NONE', #244, 1000.000000000000000 ) ;
#1456 = CARTESIAN_POINT ( 'NONE',  ( 0.000000000000000000, 120.0000000000000142, -7.699999999999998401 ) ) ;
#1457 = EDGE_LOOP ( 'NONE', ( #1351, #2525, #328, #168 ) ) ;
#1458 = DIRECTION ( 'NONE',  ( -0.000000000000000000, -1.000000000000000000, -0.000000000000000000 ) ) ;
#1459 = EDGE_CURVE ( 'NONE', #2914, #3037, #1069, .T. ) ;
#1460 = DIRECTION ( 'NONE',  ( 0.4999999999999911182, 0.000000000000000000, 0.8660254037844437036 ) ) ;
#1461 = ORIENTED_EDGE ( 'NONE', *, *, #2704, .T. ) ;
#1462 = DIRECTION ( 'NONE',  ( -0.000000000000000000, 1.000000000000000000, -0.000000000000000000 ) ) ;
#1463 = AXIS2_PLACEMENT_3D ( 'NONE', #1489, #2225, #2488 ) ;
#1464 = VECTOR ( 'NONE', #725, 1000.000000000000000 ) ;
#1465 = FACE_OUTER_BOUND ( 'NONE', #2689, .T. ) ;
#1466 = ADVANCED_FACE ( 'NONE', ( #263 ), #1971, .F. ) ;
#1467 = CARTESIAN_POINT ( 'NONE',  ( -6.250000000000016875, 120.0000000000000142, -12.72531754730547604 ) ) ;
#1468 = EDGE_CURVE ( 'NONE', #1981, #1851, #39, .T. ) ;
#1469 = FACE_BOUND ( 'NONE', #2050, .T. ) ;
#1470 = CARTESIAN_POINT ( 'NONE',  ( -3.469446951953614189E-15, 35.00000000000000000, -27.60407476347972988 ) ) ;
#1471 = ORIENTED_EDGE ( 'NONE', *, *, #984, .T. ) ;
#1472 = DIRECTION ( 'NONE',  ( -0.000000000000000000, -1.000000000000000000, -0.000000000000000000 ) ) ;
#1473 = DIRECTION ( 'NONE',  ( 0.000000000000000000, 1.000000000000000000, 0.000000000000000000 ) ) ;
#1474 = ORIENTED_EDGE ( 'NONE', *, *, #2289, .F. ) ;
#1475 = CARTESIAN_POINT ( 'NONE',  ( -8.833459118600627491, 0.000000000000000000, 5.100000000000373568 ) ) ;
#1476 = DIRECTION ( 'NONE',  ( -0.1800775285693750893, 0.000000000000000000, 0.9836524201690075575 ) ) ;
#1477 = CARTESIAN_POINT ( 'NONE',  ( 0.000000000000000000, 95.00000000000000000, 0.000000000000000000 ) ) ;
#1478 = VERTEX_POINT ( 'NONE', #1246 ) ;
#1479 = ADVANCED_FACE ( 'NONE', ( #959 ), #765, .F. ) ;
#1480 = AXIS2_PLACEMENT_3D ( 'NONE', #2029, #2782, #303 ) ;
#1481 = EDGE_LOOP ( 'NONE', ( #2941, #391, #2218 ) ) ;
#1482 = FACE_OUTER_BOUND ( 'NONE', #2851, .T. ) ;
#1483 = VECTOR ( 'NONE', #1369, 1000.000000000000000 ) ;
#1484 = DIRECTION ( 'NONE',  ( -0.000000000000000000, 1.000000000000000000, -0.000000000000000000 ) ) ;
#1485 = CIRCLE ( 'NONE', #2419, 1.900000000000000133 ) ;
#1486 = FACE_OUTER_BOUND ( 'NONE', #748, .T. ) ;
#1487 = CIRCLE ( 'NONE', #909, 16.50000000000000355 ) ;
#1488 = CARTESIAN_POINT ( 'NONE',  ( -6.250000000000094147, 0.000000000000000000, 8.925317547305438026 ) ) ;
#1489 = CARTESIAN_POINT ( 'NONE',  ( -3.469446951953614189E-15, 95.00000000000000000, -27.60407476347972988 ) ) ;
#1490 = EDGE_LOOP ( 'NONE', ( #3174, #2329, #2283 ) ) ;
#1491 = FACE_OUTER_BOUND ( 'NONE', #2182, .T. ) ;
#1492 = EDGE_CURVE ( 'NONE', #2149, #2552, #2220, .T. ) ;
#1493 = DIRECTION ( 'NONE',  ( -0.000000000000000000, 1.000000000000000000, -0.000000000000000000 ) ) ;
#1494 = ORIENTED_EDGE ( 'NONE', *, *, #2285, .T. ) ;
#1495 = CARTESIAN_POINT ( 'NONE',  ( -12.50000000000000355, 120.0000000000000142, 1.899999999999872680 ) ) ;
#1496 = CARTESIAN_POINT ( 'NONE',  ( -12.50000000000000355, 130.0000000000000000, -1.275021754842953214E-13 ) ) ;
#1497 = ORIENTED_EDGE ( 'NONE', *, *, #1143, .F. ) ;
#1498 = CARTESIAN_POINT ( 'NONE',  ( -2.056376928475184052, 10.00000000000000000, 16.37135650848868806 ) ) ;
#1499 = AXIS2_PLACEMENT_3D ( 'NONE', #966, #1962, #638 ) ;
#1500 = LINE ( 'NONE', #310, #750 ) ;
#1501 = ORIENTED_EDGE ( 'NONE', *, *, #351, .T. ) ;
#1502 = DIRECTION ( 'NONE',  ( 0.000000000000000000, 0.000000000000000000, 1.000000000000000000 ) ) ;
#1503 = DIRECTION ( 'NONE',  ( 0.000000000000000000, 0.000000000000000000, 1.000000000000000000 ) ) ;
#1504 = ORIENTED_EDGE ( 'NONE', *, *, #2913, .F. ) ;
#1505 = ORIENTED_EDGE ( 'NONE', *, *, #3194, .T. ) ;
#1506 = DIRECTION ( 'NONE',  ( 0.000000000000000000, 0.000000000000000000, 1.000000000000000000 ) ) ;
#1507 = CARTESIAN_POINT ( 'NONE',  ( -8.833459118600627491, 0.000000000000000000, 7.600000000000373568 ) ) ;
#1508 = EDGE_CURVE ( 'NONE', #1778, #1861, #2223, .T. ) ;
#1509 = EDGE_LOOP ( 'NONE', ( #2875, #1539 ) ) ;
#1510 = CIRCLE ( 'NONE', #1357, 2.500000000000000444 ) ;
#1511 = PLANE ( 'NONE',  #616 ) ;
#1512 = EDGE_CURVE ( 'NONE', #176, #300, #808, .T. ) ;
#1513 = CARTESIAN_POINT ( 'NONE',  ( 0.000000000000000000, 35.00000000000000000, 0.000000000000000000 ) ) ;
#1514 = ORIENTED_EDGE ( 'NONE', *, *, #610, .F. ) ;
#1515 = CIRCLE ( 'NONE', #2038, 16.50000000000000355 ) ;
#1516 = CARTESIAN_POINT ( 'NONE',  ( 3.061616997868384620E-16, 120.0000000000000142, -12.69999999999999929 ) ) ;
#1517 = EDGE_LOOP ( 'NONE', ( #2976, #955, #2168, #738 ) ) ;
#1518 = AXIS2_PLACEMENT_3D ( 'NONE', #919, #2927, #1204 ) ;
#1519 = DIRECTION ( 'NONE',  ( -0.000000000000000000, 1.000000000000000000, -0.000000000000000000 ) ) ;
#1520 = AXIS2_PLACEMENT_3D ( 'NONE', #451, #2650, #1638 ) ;
#1521 = ADVANCED_FACE ( 'NONE', ( #1486 ), #2777, .F. ) ;
#1522 = VERTEX_POINT ( 'NONE', #996 ) ;
#1523 = ADVANCED_FACE ( 'NONE', ( #1988 ), #2983, .F. ) ;
#1524 = DIRECTION ( 'NONE',  ( 0.000000000000000000, 0.000000000000000000, 1.000000000000000000 ) ) ;
#1525 = CARTESIAN_POINT ( 'NONE',  ( 8.833459118601924231, 120.0000000000000142, 5.099999999999623057 ) ) ;
#1526 = ORIENTED_EDGE ( 'NONE', *, *, #971, .F. ) ;
#1527 = DIRECTION ( 'NONE',  ( -0.000000000000000000, 1.000000000000000000, -0.000000000000000000 ) ) ;
#1528 = EDGE_CURVE ( 'NONE', #1390, #1615, #1211, .T. ) ;
#1529 = CARTESIAN_POINT ( 'NONE',  ( 0.000000000000000000, 10.00000000000000000, 0.000000000000000000 ) ) ;
#1530 = EDGE_LOOP ( 'NONE', ( #3192, #137, #3066, #2273 ) ) ;
#1531 = DIRECTION ( 'NONE',  ( 0.000000000000000000, 0.000000000000000000, 1.000000000000000000 ) ) ;
#1532 = CIRCLE ( 'NONE', #1632, 16.50000000000000355 ) ;
#1533 = DIRECTION ( 'NONE',  ( 0.000000000000000000, 0.000000000000000000, 1.000000000000000000 ) ) ;
#1534 = ORIENTED_EDGE ( 'NONE', *, *, #58, .F. ) ;
#1535 = CARTESIAN_POINT ( 'NONE',  ( 0.000000000000000000, 120.0000000000000142, -10.19999999999999929 ) ) ;
#1536 = AXIS2_PLACEMENT_3D ( 'NONE', #2956, #1473, #1976 ) ;
#1537 = ORIENTED_EDGE ( 'NONE', *, *, #2640, .T. ) ;
#1538 = AXIS2_PLACEMENT_3D ( 'NONE', #1276, #2981, #37 ) ;
#1539 = ORIENTED_EDGE ( 'NONE', *, *, #1650, .T. ) ;
#1540 = DIRECTION ( 'NONE',  ( -0.000000000000000000, 1.000000000000000000, -0.000000000000000000 ) ) ;
#1541 = AXIS2_PLACEMENT_3D ( 'NONE', #1402, #2384, #1435 ) ;
#1542 = AXIS2_PLACEMENT_3D ( 'NONE', #336, #2082, #2604 ) ;
#1543 = CARTESIAN_POINT ( 'NONE',  ( 0.000000000000000000, 10.00000000000000000, 0.000000000000000000 ) ) ;
#1544 = ORIENTED_EDGE ( 'NONE', *, *, #868, .T. ) ;
#1545 = DIRECTION ( 'NONE',  ( 0.000000000000000000, 1.000000000000000000, 0.000000000000000000 ) ) ;
#1546 = LINE ( 'NONE', #1004, #1455 ) ;
#1547 = CARTESIAN_POINT ( 'NONE',  ( 3.183881522946699238, 120.0000000000000000, 6.412798476499177447 ) ) ;
#1548 = ORIENTED_EDGE ( 'NONE', *, *, #1256, .T. ) ;
#1549 = CARTESIAN_POINT ( 'NONE',  ( 8.833459118601924231, 0.000000000000000000, 7.599999999999623945 ) ) ;
#1550 = EDGE_CURVE ( 'NONE', #2825, #1823, #29, .T. ) ;
#1551 = FACE_OUTER_BOUND ( 'NONE', #3077, .T. ) ;
#1552 = ORIENTED_EDGE ( 'NONE', *, *, #90, .T. ) ;
#1553 = ADVANCED_FACE ( 'NONE', ( #3196, #1957 ), #1263, .T. ) ;
#1554 = EDGE_CURVE ( 'NONE', #300, #176, #1694, .T. ) ;
#1555 = ORIENTED_EDGE ( 'NONE', *, *, #2147, .F. ) ;
#1556 = VERTEX_POINT ( 'NONE', #798 ) ;
#1557 = CARTESIAN_POINT ( 'NONE',  ( -2.056376928474881183, 95.00000000000000000, -16.37135650848873425 ) ) ;
#1558 = DIRECTION ( 'NONE',  ( 0.000000000000000000, 0.000000000000000000, 1.000000000000000000 ) ) ;
#1559 = ORIENTED_EDGE ( 'NONE', *, *, #1371, .F. ) ;
#1560 = CARTESIAN_POINT ( 'NONE',  ( 12.50000000000000355, 130.0000000000000000, 1.900000000000041878 ) ) ;
#1562 = CIRCLE ( 'NONE', #1611, 1.900000000000000577 ) ;
#1561 = CARTESIAN_POINT ( 'NONE',  ( 23.90582999313836510, 120.0000000000000000, 13.80203738173986849 ) ) ;
#1563 = ORIENTED_EDGE ( 'NONE', *, *, #1344, .T. ) ;
#1564 = ADVANCED_FACE ( 'NONE', ( #2795 ), #53, .F. ) ;
#1565 = FACE_OUTER_BOUND ( 'NONE', #1517, .T. ) ;
#1566 = CARTESIAN_POINT ( 'NONE',  ( 8.833459118601924231, 120.0000000000000142, 5.099999999999623057 ) ) ;
#1567 = ORIENTED_EDGE ( 'NONE', *, *, #1582, .T. ) ;
#1568 = EDGE_CURVE ( 'NONE', #1556, #3053, #859, .T. ) ;
#1569 = CIRCLE ( 'NONE', #887, 1.900000000000000577 ) ;
#1570 = VECTOR ( 'NONE', #729, 1000.000000000000000 ) ;
#1571 = ORIENTED_EDGE ( 'NONE', *, *, #1075, .F. ) ;
#1572 = EDGE_CURVE ( 'NONE', #3067, #708, #2535, .T. ) ;
#1573 = ORIENTED_EDGE ( 'NONE', *, *, #1806, .T. ) ;
#1574 = DIRECTION ( 'NONE',  ( 0.000000000000000000, 0.000000000000000000, 1.000000000000000000 ) ) ;
#1575 = AXIS2_PLACEMENT_3D ( 'NONE', #2666, #1624, #206 ) ;
#1576 = DIRECTION ( 'NONE',  ( 0.000000000000000000, 0.000000000000000000, 1.000000000000000000 ) ) ;
#1577 = ORIENTED_EDGE ( 'NONE', *, *, #492, .F. ) ;
#1578 = DIRECTION ( 'NONE',  ( -0.000000000000000000, -1.000000000000000000, -0.000000000000000000 ) ) ;
#1579 = DIRECTION ( 'NONE',  ( 0.000000000000000000, 0.000000000000000000, 1.000000000000000000 ) ) ;
#1580 = VERTEX_POINT ( 'NONE', #2677 ) ;
#1581 = DIRECTION ( 'NONE',  ( 0.000000000000000000, 0.000000000000000000, 1.000000000000000000 ) ) ;
#1582 = EDGE_CURVE ( 'NONE', #3085, #2614, #1909, .T. ) ;
#1583 = CARTESIAN_POINT ( 'NONE',  ( -12.50000000000000355, 10.00000000000000000, -1.275021754842953214E-13 ) ) ;
#1584 = EDGE_LOOP ( 'NONE', ( #2011, #952 ) ) ;
#1585 = VERTEX_POINT ( 'NONE', #1437 ) ;
#1586 = CARTESIAN_POINT ( 'NONE',  ( 0.000000000000000000, 95.00000000000000000, 0.000000000000000000 ) ) ;
#1587 = AXIS2_PLACEMENT_3D ( 'NONE', #2096, #3056, #1054 ) ;
#1588 = CARTESIAN_POINT ( 'NONE',  ( 0.000000000000000000, 95.00000000000000000, 0.000000000000000000 ) ) ;
#1589 = CIRCLE ( 'NONE', #2791, 1.900000000000000133 ) ;
#1590 = AXIS2_PLACEMENT_3D ( 'NONE', #2240, #2724, #1278 ) ;
#1591 = ORIENTED_EDGE ( 'NONE', *, *, #2954, .F. ) ;
#1592 = DIRECTION ( 'NONE',  ( -0.000000000000000000, -1.000000000000000000, -0.000000000000000000 ) ) ;
#1593 = AXIS2_PLACEMENT_3D ( 'NONE', #1058, #1319, #1579 ) ;
#1594 = EDGE_CURVE ( 'NONE', #3008, #2581, #321, .T. ) ;
#1595 = AXIS2_PLACEMENT_3D ( 'NONE', #564, #2813, #2843 ) ;
#1596 = CARTESIAN_POINT ( 'NONE',  ( 6.250000000000010658, 0.000000000000000000, -10.82531754730547746 ) ) ;
#1597 = CARTESIAN_POINT ( 'NONE',  ( 0.000000000000000000, 10.00000000000000000, 0.000000000000000000 ) ) ;
#1598 = EDGE_LOOP ( 'NONE', ( #1815, #1249, #2737 ) ) ;
#1599 = DIRECTION ( 'NONE',  ( 0.1800775285692987615, 0.000000000000000000, 0.9836524201690216573 ) ) ;
#1600 = FACE_OUTER_BOUND ( 'NONE', #1199, .T. ) ;
#1601 = ORIENTED_EDGE ( 'NONE', *, *, #3153, .T. ) ;
#1602 = FACE_OUTER_BOUND ( 'NONE', #2178, .T. ) ;
#1603 = CARTESIAN_POINT ( 'NONE',  ( -13.14982216652548352, 35.00000000000000000, 9.966552914059864321 ) ) ;
#1604 = EDGE_LOOP ( 'NONE', ( #1987, #2970, #1261, #1744 ) ) ;
#1605 = CARTESIAN_POINT ( 'NONE',  ( -7.145587151471913145, 120.0000000000000000, -0.4490769567378899429 ) ) ;
#1606 = VECTOR ( 'NONE', #1656, 1000.000000000000114 ) ;
#1607 = EDGE_CURVE ( 'NONE', #2827, #1770, #1163, .T. ) ;
#1608 = DIRECTION ( 'NONE',  ( 0.000000000000000000, 0.000000000000000000, 1.000000000000000000 ) ) ;
#1609 = ORIENTED_EDGE ( 'NONE', *, *, #1550, .T. ) ;
#1610 = CARTESIAN_POINT ( 'NONE',  ( 0.000000000000000000, 35.00000000000000000, 0.000000000000000000 ) ) ;
#1611 = AXIS2_PLACEMENT_3D ( 'NONE', #1348, #1836, #2831 ) ;
#1612 = DIRECTION ( 'NONE',  ( 0.9836524201690077795, -0.000000000000000000, 0.1800775285693745897 ) ) ;
#1613 = VERTEX_POINT ( 'NONE', #2647 ) ;
#1614 = CIRCLE ( 'NONE', #518, 22.00000000000001421 ) ;
#1615 = VERTEX_POINT ( 'NONE', #2431 ) ;
#1616 = DIRECTION ( 'NONE',  ( 0.000000000000000000, 0.000000000000000000, 1.000000000000000000 ) ) ;
#1617 = CIRCLE ( 'NONE', #1100, 16.50000000000000355 ) ;
#1618 = CARTESIAN_POINT ( 'NONE',  ( 12.50000000000000355, 0.000000000000000000, -1.899999999999958611 ) ) ;
#1619 = ADVANCED_FACE ( 'NONE', ( #1198 ), #2693, .F. ) ;
#1620 = AXIS2_PLACEMENT_3D ( 'NONE', #888, #1885, #161 ) ;
#1621 = ORIENTED_EDGE ( 'NONE', *, *, #156, .T. ) ;
#1622 = DIRECTION ( 'NONE',  ( -0.000000000000000000, -1.000000000000000000, -0.000000000000000000 ) ) ;
#1623 = AXIS2_PLACEMENT_3D ( 'NONE', #935, #438, #1188 ) ;
#1624 = DIRECTION ( 'NONE',  ( 0.000000000000000000, 1.000000000000000000, 0.000000000000000000 ) ) ;
#1625 = VERTEX_POINT ( 'NONE', #2190 ) ;
#1626 = PLANE ( 'NONE',  #1364 ) ;
#1627 = EDGE_CURVE ( 'NONE', #2141, #1203, #1313, .T. ) ;
#1628 = DIRECTION ( 'NONE',  ( 0.000000000000000000, 0.000000000000000000, 1.000000000000000000 ) ) ;
#1629 = VERTEX_POINT ( 'NONE', #929 ) ;
#1630 = PLANE ( 'NONE',  #62 ) ;
#1631 = DIRECTION ( 'NONE',  ( -0.9419067486450649618, 0.000000000000000000, -0.3358744956927847691 ) ) ;
#1632 = AXIS2_PLACEMENT_3D ( 'NONE', #1000, #1991, #1281 ) ;
#1633 = CARTESIAN_POINT ( 'NONE',  ( -12.50000000000000355, 0.000000000000000000, 1.899999999999872680 ) ) ;
#1634 = AXIS2_PLACEMENT_3D ( 'NONE', #3050, #67, #813 ) ;
#1635 = DIRECTION ( 'NONE',  ( 0.000000000000000000, 1.000000000000000000, 0.000000000000000000 ) ) ;
#1636 = ORIENTED_EDGE ( 'NONE', *, *, #840, .F. ) ;
#1637 = DIRECTION ( 'NONE',  ( -0.000000000000000000, 1.000000000000000000, -0.000000000000000000 ) ) ;
#1638 = DIRECTION ( 'NONE',  ( 0.000000000000000000, -0.000000000000000000, 1.000000000000000000 ) ) ;
#1639 = VECTOR ( 'NONE', #1681, 1000.000000000000000 ) ;
#1640 = ORIENTED_EDGE ( 'NONE', *, *, #258, .F. ) ;
#1641 = CIRCLE ( 'NONE', #3209, 16.50000000000000000 ) ;
#1642 = DIRECTION ( 'NONE',  ( 0.9836524201690076685, -0.000000000000000000, 0.1800775285693751171 ) ) ;
#1643 = CIRCLE ( 'NONE', #242, 16.50000000000000355 ) ;
#1644 = DIRECTION ( 'NONE',  ( 0.000000000000000000, -1.000000000000000000, 0.000000000000000000 ) ) ;
#1645 = ORIENTED_EDGE ( 'NONE', *, *, #509, .T. ) ;
#1646 = ORIENTED_EDGE ( 'NONE', *, *, #3043, .F. ) ;
#1647 = ADVANCED_FACE ( 'NONE', ( #2371 ), #2140, .F. ) ;
#1648 = ORIENTED_EDGE ( 'NONE', *, *, #3182, .T. ) ;
#1649 = DIRECTION ( 'NONE',  ( 0.000000000000000000, 0.000000000000000000, 1.000000000000000000 ) ) ;
#1650 = EDGE_CURVE ( 'NONE', #2287, #1088, #2453, .T. ) ;
#1651 = DIRECTION ( 'NONE',  ( 0.000000000000000000, -0.000000000000000000, 1.000000000000000000 ) ) ;
#1652 = ORIENTED_EDGE ( 'NONE', *, *, #2137, .F. ) ;
#1653 = DIRECTION ( 'NONE',  ( -0.000000000000000000, 1.000000000000000000, -0.000000000000000000 ) ) ;
#1654 = FACE_OUTER_BOUND ( 'NONE', #2872, .T. ) ;
#1655 = ORIENTED_EDGE ( 'NONE', *, *, #1192, .T. ) ;
#1656 = DIRECTION ( 'NONE',  ( -0.1800775285692985950, -0.000000000000000000, -0.9836524201690216573 ) ) ;
#1657 = ADVANCED_FACE ( 'NONE', ( #3119 ), #2935, .F. ) ;
#1658 = CARTESIAN_POINT ( 'NONE',  ( -15.20619909500051037, 95.00000000000000000, -6.404803594428622127 ) ) ;
#1659 = ORIENTED_EDGE ( 'NONE', *, *, #2248, .F. ) ;
#1660 = EDGE_CURVE ( 'NONE', #1042, #2614, #428, .T. ) ;
#1661 = ORIENTED_EDGE ( 'NONE', *, *, #1355, .F. ) ;
#1662 = EDGE_CURVE ( 'NONE', #671, #2236, #1148, .T. ) ;
#1663 = PRODUCT_DEFINITION_CONTEXT ( 'detailed design', #2556, 'design' ) ;
#1664 = DIRECTION ( 'NONE',  ( 0.000000000000000000, 1.000000000000000000, 0.000000000000000000 ) ) ;
#1665 = ADVANCED_FACE ( 'NONE', ( #948, #1893, #2886, #171, #702, #2400, #2157, #3148, #1698, #913 ), #2903, .F. ) ;
#1666 = CARTESIAN_POINT ( 'NONE',  ( 0.000000000000000000, 10.00000000000000000, 0.000000000000000000 ) ) ;
#1667 = DIRECTION ( 'NONE',  ( 0.000000000000000000, -0.000000000000000000, 1.000000000000000000 ) ) ;
#1668 = ORIENTED_EDGE ( 'NONE', *, *, #439, .F. ) ;
#1669 = DIRECTION ( 'NONE',  ( 0.000000000000000000, 0.000000000000000000, -1.000000000000000000 ) ) ;
#1670 = VECTOR ( 'NONE', #1462, 1000.000000000000000 ) ;
#1671 = FACE_OUTER_BOUND ( 'NONE', #468, .T. ) ;
#1672 = AXIS2_PLACEMENT_3D ( 'NONE', #1470, #494, #2466 ) ;
#1673 = ORIENTED_EDGE ( 'NONE', *, *, #3047, .F. ) ;
#1674 = CARTESIAN_POINT ( 'NONE',  ( 8.833459118601924231, 0.000000000000000000, 5.099999999999623057 ) ) ;
#1675 = CIRCLE ( 'NONE', #2579, 1.900000000000000577 ) ;
#1676 = DIRECTION ( 'NONE',  ( 0.000000000000000000, 0.000000000000000000, 1.000000000000000000 ) ) ;
#1677 = ORIENTED_EDGE ( 'NONE', *, *, #2627, .T. ) ;
#1678 = CARTESIAN_POINT ( 'NONE',  ( 2.056376928475093901, 35.00000000000000000, 16.37135650848870583 ) ) ;
#1679 = CARTESIAN_POINT ( 'NONE',  ( 13.14982216652516023, 10.00000000000000000, 9.966552914060288870 ) ) ;
#1680 = LINE ( 'NONE', #1959, #3018 ) ;
#1681 = DIRECTION ( 'NONE',  ( -0.000000000000000000, 1.000000000000000000, -0.000000000000000000 ) ) ;
#1682 = ORIENTED_EDGE ( 'NONE', *, *, #792, .F. ) ;
#1683 = LINE ( 'NONE', #450, #2020 ) ;
#1684 = PLANE ( 'NONE',  #1520 ) ;
#1685 = ORIENTED_EDGE ( 'NONE', *, *, #927, .F. ) ;
#1686 = LINE ( 'NONE', #3210, #1464 ) ;
#1687 = EDGE_CURVE ( 'NONE', #2062, #2923, #1052, .T. ) ;
#1688 = CIRCLE ( 'NONE', #1587, 1.900000000000000133 ) ;
#1689 = EDGE_CURVE ( 'NONE', #2325, #486, #1181, .T. ) ;
#1690 = LINE ( 'NONE', #470, #3098 ) ;
#1691 = AXIS2_PLACEMENT_3D ( 'NONE', #1221, #2687, #2216 ) ;
#1692 = EDGE_LOOP ( 'NONE', ( #196, #1636, #884, #1183 ) ) ;
#1693 = CARTESIAN_POINT ( 'NONE',  ( -12.50000000000000355, 10.00000000000000000, -1.900000000000127809 ) ) ;
#1694 = CIRCLE ( 'NONE', #1231, 2.500000000000000444 ) ;
#1695 = DIRECTION ( 'NONE',  ( 0.7618292200757572630, 0.000000000000000000, -0.6477779244762540412 ) ) ;
#1696 = DIRECTION ( 'NONE',  ( 0.000000000000000000, 0.000000000000000000, 1.000000000000000000 ) ) ;
#1697 = CARTESIAN_POINT ( 'NONE',  ( 15.20619909500048195, 35.00000000000000000, -6.404803594428690516 ) ) ;
#1698 = FACE_BOUND ( 'NONE', #1341, .T. ) ;
#1699 = VERTEX_POINT ( 'NONE', #2087 ) ;
#1700 = EDGE_CURVE ( 'NONE', #337, #2045, #389, .T. ) ;
#1701 = DIRECTION ( 'NONE',  ( 0.000000000000000000, 1.000000000000000000, 0.000000000000000000 ) ) ;
#1702 = FACE_BOUND ( 'NONE', #2481, .T. ) ;
#1703 = ORIENTED_EDGE ( 'NONE', *, *, #2944, .T. ) ;
#1704 = LINE ( 'NONE', #2669, #1105 ) ;
#1705 = EDGE_CURVE ( 'NONE', #1103, #1324, #2074, .T. ) ;
#1706 = CARTESIAN_POINT ( 'NONE',  ( -6.250000000000094147, 120.0000000000000142, 10.82531754730543838 ) ) ;
#1707 = ADVANCED_FACE ( 'NONE', ( #2 ), #3218, .F. ) ;
#1708 = ORIENTED_EDGE ( 'NONE', *, *, #1512, .F. ) ;
#1709 = DIRECTION ( 'NONE',  ( -0.000000000000000000, -1.000000000000000000, -0.000000000000000000 ) ) ;
#1710 = CYLINDRICAL_SURFACE ( 'NONE', #1427, 1.900000000000000577 ) ;
#1711 = ORIENTED_EDGE ( 'NONE', *, *, #688, .F. ) ;
#1712 = DIRECTION ( 'NONE',  ( 0.000000000000000000, 1.000000000000000000, 0.000000000000000000 ) ) ;
#1713 = AXIS2_PLACEMENT_3D ( 'NONE', #109, #320, #1363 ) ;
#1714 = CARTESIAN_POINT ( 'NONE',  ( -3.183881522946685472, 35.00000000000000000, 6.412798476499522060 ) ) ;
#1715 = DIRECTION ( 'NONE',  ( 0.000000000000000000, 1.000000000000000000, 0.000000000000000000 ) ) ;
#1716 = ORIENTED_EDGE ( 'NONE', *, *, #3185, .T. ) ;
#1717 = DIRECTION ( 'NONE',  ( -0.000000000000000000, -1.000000000000000000, -0.000000000000000000 ) ) ;
#1718 = PRODUCT_RELATED_PRODUCT_CATEGORY ( 'part', '', ( #309 ) ) ;
#1719 = CARTESIAN_POINT ( 'NONE',  ( 0.000000000000000000, 95.00000000000000000, 0.000000000000000000 ) ) ;
#1720 = ORIENTED_EDGE ( 'NONE', *, *, #2962, .F. ) ;
#1721 = DIRECTION ( 'NONE',  ( 0.000000000000000000, 0.000000000000000000, 1.000000000000000000 ) ) ;
#1722 = CYLINDRICAL_SURFACE ( 'NONE', #5, 1.900000000000000133 ) ;
#1723 = LINE ( 'NONE', #2735, #907 ) ;
#1724 = ORIENTED_EDGE ( 'NONE', *, *, #2501, .T. ) ;
#1725 = EDGE_CURVE ( 'NONE', #2651, #1778, #1569, .T. ) ;
#1726 = CARTESIAN_POINT ( 'NONE',  ( 12.50000000000000355, 10.00000000000000000, 1.900000000000041878 ) ) ;
#1727 = CIRCLE ( 'NONE', #1463, 21.99999999999998579 ) ;
#1728 = PLANE ( 'NONE',  #3200 ) ;
#1729 = CARTESIAN_POINT ( 'NONE',  ( -6.250000000000094147, 0.000000000000000000, 10.82531754730543838 ) ) ;
#1730 = FACE_OUTER_BOUND ( 'NONE', #2957, .T. ) ;
#1731 = CARTESIAN_POINT ( 'NONE',  ( -2.056376928474852317, 120.0000000000000000, -16.37135650848873070 ) ) ;
#1732 = ORIENTED_EDGE ( 'NONE', *, *, #1316, .T. ) ;
#1733 = DIRECTION ( 'NONE',  ( 0.000000000000000000, 1.000000000000000000, 0.000000000000000000 ) ) ;
#1734 = DIRECTION ( 'NONE',  ( 0.000000000000000000, -0.000000000000000000, 1.000000000000000000 ) ) ;
#1735 = ORIENTED_EDGE ( 'NONE', *, *, #1011, .F. ) ;
#1736 = LINE ( 'NONE', #1772, #1201 ) ;
#1737 = DIRECTION ( 'NONE',  ( -0.000000000000000000, 1.000000000000000000, -0.000000000000000000 ) ) ;
#1738 = ORIENTED_EDGE ( 'NONE', *, *, #1993, .F. ) ;
#1739 = AXIS2_PLACEMENT_3D ( 'NONE', #2324, #92, #609 ) ;
#1740 = DIRECTION ( 'NONE',  ( 0.6477779244762545963, -0.000000000000000000, 0.7618292200757567079 ) ) ;
#1741 = CIRCLE ( 'NONE', #338, 16.50000000000000355 ) ;
#1742 = PLANE ( 'NONE',  #495 ) ;
#1743 = CIRCLE ( 'NONE', #2631, 16.50000000000000355 ) ;
#1744 = ORIENTED_EDGE ( 'NONE', *, *, #414, .T. ) ;
#1745 = CARTESIAN_POINT ( 'NONE',  ( 0.000000000000000000, 10.00000000000000000, -10.19999999999999929 ) ) ;
#1746 = AXIS2_PLACEMENT_3D ( 'NONE', #613, #2860, #1608 ) ;
#1747 = CIRCLE ( 'NONE', #2165, 16.50000000000000355 ) ;
#1748 = ADVANCED_FACE ( 'NONE', ( #737 ), #327, .F. ) ;
#1749 = LINE ( 'NONE', #1731, #1155 ) ;
#1750 = EDGE_CURVE ( 'NONE', #2985, #1203, #1749, .T. ) ;
#1751 = EDGE_LOOP ( 'NONE', ( #3124, #1640, #1030 ) ) ;
#1752 = FACE_OUTER_BOUND ( 'NONE', #2031, .T. ) ;
#1753 = DIRECTION ( 'NONE',  ( 0.000000000000000000, 1.000000000000000000, 0.000000000000000000 ) ) ;
#1754 = ORIENTED_EDGE ( 'NONE', *, *, #2675, .T. ) ;
#1755 = CARTESIAN_POINT ( 'NONE',  ( -15.20619909500055833, 10.00000000000000000, 6.404803594428510216 ) ) ;
#1756 = DIRECTION ( 'NONE',  ( 0.000000000000000000, 0.000000000000000000, 1.000000000000000000 ) ) ;
#1757 = ORIENTED_EDGE ( 'NONE', *, *, #1236, .F. ) ;
#1758 = EDGE_CURVE ( 'NONE', #1083, #2492, #165, .T. ) ;
#1759 = ADVANCED_FACE ( 'NONE', ( #2709 ), #2808, .F. ) ;
#1760 = CYLINDRICAL_SURFACE ( 'NONE', #1634, 22.00000000000001776 ) ;
#1761 = VERTEX_POINT ( 'NONE', #2952 ) ;
#1762 = DIRECTION ( 'NONE',  ( 0.000000000000000000, 1.000000000000000000, 0.000000000000000000 ) ) ;
#1763 = CIRCLE ( 'NONE', #2965, 2.500000000000000444 ) ;
#1764 = VERTEX_POINT ( 'NONE', #2984 ) ;
#1765 = ORIENTED_EDGE ( 'NONE', *, *, #3153, .F. ) ;
#1766 = ADVANCED_FACE ( 'NONE', ( #572 ), #2726, .F. ) ;
#1767 = CARTESIAN_POINT ( 'NONE',  ( 12.50000000000000355, 120.0000000000000142, -1.899999999999958611 ) ) ;
#1768 = AXIS2_PLACEMENT_3D ( 'NONE', #2433, #2905, #950 ) ;
#1769 = DIRECTION ( 'NONE',  ( 0.000000000000000000, 0.000000000000000000, 1.000000000000000000 ) ) ;
#1770 = VERTEX_POINT ( 'NONE', #1248 ) ;
#1771 = AXIS2_PLACEMENT_3D ( 'NONE', #469, #2456, #1721 ) ;
#1772 = CARTESIAN_POINT ( 'NONE',  ( -6.250000000000094147, 120.0000000000000142, 8.925317547305438026 ) ) ;
#1773 = FACE_BOUND ( 'NONE', #97, .T. ) ;
#1774 = ORIENTED_EDGE ( 'NONE', *, *, #567, .F. ) ;
#1775 = DIRECTION ( 'NONE',  ( 0.000000000000000000, 1.000000000000000000, 0.000000000000000000 ) ) ;
#1776 = DIRECTION ( 'NONE',  ( -1.000000000000000000, 0.000000000000000000, -1.602806644402506494E-14 ) ) ;
#1777 = AXIS2_PLACEMENT_3D ( 'NONE', #1826, #18, #2448 ) ;
#1778 = VERTEX_POINT ( 'NONE', #265 ) ;
#1779 = VECTOR ( 'NONE', #2876, 1000.000000000000000 ) ;
#1780 = DIRECTION ( 'NONE',  ( 0.000000000000000000, 1.000000000000000000, 0.000000000000000000 ) ) ;
#1781 = CIRCLE ( 'NONE', #430, 1.900000000000000577 ) ;
#1782 = ORIENTED_EDGE ( 'NONE', *, *, #1750, .T. ) ;
#1783 = ORIENTED_EDGE ( 'NONE', *, *, #1700, .T. ) ;
#1784 = CARTESIAN_POINT ( 'NONE',  ( 0.000000000000000000, 120.0000000000000000, 0.000000000000000000 ) ) ;
#1785 = CARTESIAN_POINT ( 'NONE',  ( -6.250000000000016875, 0.000000000000000000, -10.82531754730547568 ) ) ;
#1786 = EDGE_LOOP ( 'NONE', ( #1009, #914 ) ) ;
#1787 = LINE ( 'NONE', #1495, #1194 ) ;
#1788 = ADVANCED_FACE ( 'NONE', ( #2314, #462, #1452, #2056 ), #3051, .T. ) ;
#1789 = FACE_OUTER_BOUND ( 'NONE', #56, .T. ) ;
#1790 = CARTESIAN_POINT ( 'NONE',  ( 0.000000000000000000, 10.00000000000000000, 0.000000000000000000 ) ) ;
#1791 = ADVANCED_FACE ( 'NONE', ( #814 ), #978, .F. ) ;
#1792 = ORIENTED_EDGE ( 'NONE', *, *, #156, .F. ) ;
#1793 = DIRECTION ( 'NONE',  ( 3.374329777689453809E-15, 0.000000000000000000, -1.000000000000000000 ) ) ;
#1794 = EDGE_CURVE ( 'NONE', #1098, #367, #1727, .T. ) ;
#1795 = DIRECTION ( 'NONE',  ( 0.000000000000000000, 1.000000000000000000, 0.000000000000000000 ) ) ;
#1796 = AXIS2_PLACEMENT_3D ( 'NONE', #1268, #1019, #771 ) ;
#1797 = ORIENTED_EDGE ( 'NONE', *, *, #3157, .T. ) ;
#1798 = DIRECTION ( 'NONE',  ( 0.000000000000000000, 0.000000000000000000, 1.000000000000000000 ) ) ;
#1799 = EDGE_LOOP ( 'NONE', ( #1285, #1333, #1362, #1645 ) ) ;
#1800 = AXIS2_PLACEMENT_3D ( 'NONE', #1023, #744, #47 ) ;
#1801 = ORIENTED_EDGE ( 'NONE', *, *, #3002, .T. ) ;
#1802 = CARTESIAN_POINT ( 'NONE',  ( 0.000000000000000000, 95.00000000000000000, 0.000000000000000000 ) ) ;
#1803 = AXIS2_PLACEMENT_3D ( 'NONE', #1874, #2411, #2868 ) ;
#1804 = AXIS2_PLACEMENT_3D ( 'NONE', #2115, #1337, #3109 ) ;
#1805 = CARTESIAN_POINT ( 'NONE',  ( -3.469446951953614189E-15, 35.00000000000000000, -27.60407476347972988 ) ) ;
#1806 = EDGE_CURVE ( 'NONE', #40, #2053, #3079, .T. ) ;
#1807 = ORIENTED_EDGE ( 'NONE', *, *, #1492, .F. ) ;
#1808 = CARTESIAN_POINT ( 'NONE',  ( -6.250000000000016875, 10.00000000000000000, -10.82531754730547568 ) ) ;
#1809 = EDGE_LOOP ( 'NONE', ( #344, #3151, #923, #1838 ) ) ;
#1810 = SURFACE_SIDE_STYLE ('',( #2253 ) ) ;
#1811 = ADVANCED_FACE ( 'NONE', ( #2503 ), #1630, .F. ) ;
#1812 = EDGE_CURVE ( 'NONE', #2891, #2982, #2399, .T. ) ;
#1813 = LINE ( 'NONE', #262, #2934 ) ;
#1814 = ORIENTED_EDGE ( 'NONE', *, *, #2608, .T. ) ;
#1815 = ORIENTED_EDGE ( 'NONE', *, *, #1794, .F. ) ;
#1816 = CARTESIAN_POINT ( 'NONE',  ( -12.50000000000000355, 10.00000000000000000, 1.899999999999872680 ) ) ;
#1817 = DIRECTION ( 'NONE',  ( -0.000000000000000000, 1.000000000000000000, -0.000000000000000000 ) ) ;
#1818 = VERTEX_POINT ( 'NONE', #2151 ) ;
#1819 = CYLINDRICAL_SURFACE ( 'NONE', #829, 16.50000000000000355 ) ;
#1820 = ADVANCED_FACE ( 'NONE', ( #1128 ), #3100, .F. ) ;
#1822 = AXIS2_PLACEMENT_3D ( 'NONE', #1318, #2343, #853 ) ;
#1821 = DIRECTION ( 'NONE',  ( 0.000000000000000000, 0.000000000000000000, 1.000000000000000000 ) ) ;
#1823 = VERTEX_POINT ( 'NONE', #910 ) ;
#1824 = DIRECTION ( 'NONE',  ( 0.000000000000000000, 0.000000000000000000, 1.000000000000000000 ) ) ;
#1825 = DIRECTION ( 'NONE',  ( 0.000000000000000000, 0.000000000000000000, 1.000000000000000000 ) ) ;
#1826 = CARTESIAN_POINT ( 'NONE',  ( -8.833459118600627491, 120.0000000000000142, 5.100000000000373568 ) ) ;
#1827 = ORIENTED_EDGE ( 'NONE', *, *, #2407, .T. ) ;
#1828 = VECTOR ( 'NONE', #203, 1000.000000000000227 ) ;
#1829 = VERTEX_POINT ( 'NONE', #1906 ) ;
#1830 = EDGE_CURVE ( 'NONE', #2420, #1158, #2511, .T. ) ;
#1831 = ORIENTED_EDGE ( 'NONE', *, *, #1029, .F. ) ;
#1832 = FACE_OUTER_BOUND ( 'NONE', #3133, .T. ) ;
#1833 = CIRCLE ( 'NONE', #839, 2.500000000000000444 ) ;
#1834 = DIRECTION ( 'NONE',  ( -0.000000000000000000, 1.000000000000000000, -0.000000000000000000 ) ) ;
#1835 = ORIENTED_EDGE ( 'NONE', *, *, #2909, .F. ) ;
#1836 = DIRECTION ( 'NONE',  ( 0.000000000000000000, 1.000000000000000000, 0.000000000000000000 ) ) ;
#1837 = CARTESIAN_POINT ( 'NONE',  ( 6.249999999999939604, 120.0000000000000142, 10.82531754730552365 ) ) ;
#1838 = ORIENTED_EDGE ( 'NONE', *, *, #2103, .T. ) ;
#1839 = FACE_OUTER_BOUND ( 'NONE', #497, .T. ) ;
#1840 = CARTESIAN_POINT ( 'NONE',  ( 2.056376928475379451, 35.00000000000000000, -16.37135650848867030 ) ) ;
#1841 = VERTEX_POINT ( 'NONE', #848 ) ;
#1842 = ORIENTED_EDGE ( 'NONE', *, *, #293, .F. ) ;
#1843 = ORIENTED_EDGE ( 'NONE', *, *, #1247, .F. ) ;
#1844 = DIRECTION ( 'NONE',  ( 0.000000000000000000, 0.000000000000000000, 1.000000000000000000 ) ) ;
#1845 = CIRCLE ( 'NONE', #2836, 16.50000000000000355 ) ;
#1846 = ADVANCED_FACE ( 'NONE', ( #504 ), #2265, .F. ) ;
#1847 = DIRECTION ( 'NONE',  ( 0.000000000000000000, 1.000000000000000000, 0.000000000000000000 ) ) ;
#1848 = VECTOR ( 'NONE', #3211, 1000.000000000000000 ) ;
#1849 = EDGE_CURVE ( 'NONE', #2614, #2084, #10, .T. ) ;
#1850 = AXIS2_PLACEMENT_3D ( 'NONE', #2257, #1762, #17 ) ;
#1851 = VERTEX_POINT ( 'NONE', #2034 ) ;
#1852 = CARTESIAN_POINT ( 'NONE',  ( -13.14982216652536628, 35.00000000000000000, -9.966552914060018864 ) ) ;
#1853 = CIRCLE ( 'NONE', #1335, 1.900000000000000133 ) ;
#1854 = CIRCLE ( 'NONE', #1434, 21.99999999999997513 ) ;
#1855 = CARTESIAN_POINT ( 'NONE',  ( -8.833459118600627491, 0.000000000000000000, 5.100000000000373568 ) ) ;
#1856 = ORIENTED_EDGE ( 'NONE', *, *, #2002, .F. ) ;
#1857 = DIRECTION ( 'NONE',  ( 0.000000000000000000, 1.000000000000000000, 0.000000000000000000 ) ) ;
#1858 = DIRECTION ( 'NONE',  ( -0.000000000000000000, 1.000000000000000000, -0.000000000000000000 ) ) ;
#1859 = ORIENTED_EDGE ( 'NONE', *, *, #940, .F. ) ;
#1860 = ADVANCED_FACE ( 'NONE', ( #1789 ), #1722, .F. ) ;
#1861 = VERTEX_POINT ( 'NONE', #2545 ) ;
#1862 = DIRECTION ( 'NONE',  ( -0.000000000000000000, -1.000000000000000000, -0.000000000000000000 ) ) ;
#1863 = DIRECTION ( 'NONE',  ( -1.000000000000000000, 0.000000000000000000, -1.602806644402506494E-14 ) ) ;
#1864 = EDGE_CURVE ( 'NONE', #329, #180, #1998, .T. ) ;
#1865 = VERTEX_POINT ( 'NONE', #1057 ) ;
#1866 = LINE ( 'NONE', #1852, #2760 ) ;
#1867 = FACE_OUTER_BOUND ( 'NONE', #1219, .T. ) ;
#1868 = DIRECTION ( 'NONE',  ( -0.1800775285693750893, 0.000000000000000000, 0.9836524201690075575 ) ) ;
#1869 = EDGE_LOOP ( 'NONE', ( #273, #2751 ) ) ;
#1870 = CARTESIAN_POINT ( 'NONE',  ( 2.056376928475379007, 120.0000000000000000, -16.37135650848866320 ) ) ;
#1871 = DIRECTION ( 'NONE',  ( 0.000000000000000000, 1.000000000000000000, 0.000000000000000000 ) ) ;
#1872 = EDGE_LOOP ( 'NONE', ( #1738, #1544, #306 ) ) ;
#1873 = DIRECTION ( 'NONE',  ( -0.000000000000000000, -1.000000000000000000, -0.000000000000000000 ) ) ;
#1874 = CARTESIAN_POINT ( 'NONE',  ( 13.14982216652516023, 35.00000000000000000, 9.966552914060288870 ) ) ;
#1875 = AXIS2_PLACEMENT_3D ( 'NONE', #712, #679, #2183 ) ;
#1876 = DIRECTION ( 'NONE',  ( 0.000000000000000000, 0.000000000000000000, 1.000000000000000000 ) ) ;
#1877 = DIRECTION ( 'NONE',  ( 0.000000000000000000, 1.000000000000000000, 0.000000000000000000 ) ) ;
#1878 = AXIS2_PLACEMENT_3D ( 'NONE', #1566, #1323, #1081 ) ;
#1879 = VERTEX_POINT ( 'NONE', #726 ) ;
#1880 = DIRECTION ( 'NONE',  ( 0.000000000000000000, 0.000000000000000000, 1.000000000000000000 ) ) ;
#1881 = CIRCLE ( 'NONE', #2092, 21.99999999999998224 ) ;
#1882 = CARTESIAN_POINT ( 'NONE',  ( -6.250000000000094147, 0.000000000000000000, 10.82531754730543838 ) ) ;
#1883 = ORIENTED_EDGE ( 'NONE', *, *, #129, .F. ) ;
#1884 = CARTESIAN_POINT ( 'NONE',  ( -23.90582999313835799, 95.00000000000000000, 13.80203738173985961 ) ) ;
#1885 = DIRECTION ( 'NONE',  ( -0.000000000000000000, -1.000000000000000000, -0.000000000000000000 ) ) ;
#1886 = EDGE_CURVE ( 'NONE', #2552, #2149, #114, .T. ) ;
#1887 = LINE ( 'NONE', #586, #2475 ) ;
#1888 = EDGE_CURVE ( 'NONE', #2985, #745, #759, .T. ) ;
#1889 = ORIENTED_EDGE ( 'NONE', *, *, #1247, .T. ) ;
#1890 = ORIENTED_EDGE ( 'NONE', *, *, #1031, .T. ) ;
#1891 = DIRECTION ( 'NONE',  ( 0.000000000000000000, 0.000000000000000000, 1.000000000000000000 ) ) ;
#1892 = CIRCLE ( 'NONE', #2315, 21.99999999999998579 ) ;
#1893 = FACE_BOUND ( 'NONE', #2239, .T. ) ;
#1894 = EDGE_LOOP ( 'NONE', ( #70, #1890 ) ) ;
#1895 = CARTESIAN_POINT ( 'NONE',  ( 0.000000000000000000, 10.00000000000000000, 0.000000000000000000 ) ) ;
#1896 = AXIS2_PLACEMENT_3D ( 'NONE', #2286, #50, #1046 ) ;
#1897 = EDGE_CURVE ( 'NONE', #2141, #2256, #2477, .T. ) ;
#1898 = CARTESIAN_POINT ( 'NONE',  ( 6.249999999999939604, 120.0000000000000142, 10.82531754730552365 ) ) ;
#1899 = AXIS2_PLACEMENT_3D ( 'NONE', #1922, #1195, #1145 ) ;
#1900 = ORIENTED_EDGE ( 'NONE', *, *, #789, .T. ) ;
#1901 = CARTESIAN_POINT ( 'NONE',  ( -13.14982216652536451, 95.00000000000000000, -9.966552914060022417 ) ) ;
#1902 = VECTOR ( 'NONE', #57, 1000.000000000000000 ) ;
#1903 = DIRECTION ( 'NONE',  ( -0.000000000000000000, 1.000000000000000000, -0.000000000000000000 ) ) ;
#1904 = ORIENTED_EDGE ( 'NONE', *, *, #2664, .T. ) ;
#1905 = CARTESIAN_POINT ( 'NONE',  ( 3.061616997868384620E-16, 130.0000000000000000, -12.69999999999999929 ) ) ;
#1906 = CARTESIAN_POINT ( 'NONE',  ( -6.250000000000016875, 130.0000000000000000, -12.72531754730547604 ) ) ;
#1907 = DIRECTION ( 'NONE',  ( 0.000000000000000000, 0.000000000000000000, 1.000000000000000000 ) ) ;
#1908 = DIRECTION ( 'NONE',  ( 0.000000000000000000, 1.000000000000000000, 0.000000000000000000 ) ) ;
#1909 = LINE ( 'NONE', #636, #2657 ) ;
#1910 = CIRCLE ( 'NONE', #2174, 16.50000000000000355 ) ;
#1911 = ORIENTED_EDGE ( 'NONE', *, *, #592, .T. ) ;
#1912 = CYLINDRICAL_SURFACE ( 'NONE', #1768, 1.900000000000000133 ) ;
#1913 = CARTESIAN_POINT ( 'NONE',  ( -6.250000000000094147, 130.0000000000000000, 12.72531754730543874 ) ) ;
#1914 = EDGE_LOOP ( 'NONE', ( #1358, #2093, #2311 ) ) ;
#1915 = FACE_OUTER_BOUND ( 'NONE', #990, .T. ) ;
#1916 = CIRCLE ( 'NONE', #2445, 16.50000000000000000 ) ;
#1917 = ADVANCED_FACE ( 'NONE', ( #3225 ), #1189, .F. ) ;
#1918 = CARTESIAN_POINT ( 'NONE',  ( 0.000000000000000000, 95.00000000000000000, 0.000000000000000000 ) ) ;
#1919 = ORIENTED_EDGE ( 'NONE', *, *, #3205, .F. ) ;
#1920 = ORIENTED_EDGE ( 'NONE', *, *, #2426, .T. ) ;
#1921 = AXIS2_PLACEMENT_3D ( 'NONE', #2574, #2559, #623 ) ;
#1922 = CARTESIAN_POINT ( 'NONE',  ( -8.833459118600627491, 120.0000000000000142, 5.100000000000373568 ) ) ;
#1923 = DIRECTION ( 'NONE',  ( 0.000000000000000000, 1.000000000000000000, 0.000000000000000000 ) ) ;
#1924 = EDGE_CURVE ( 'NONE', #1158, #51, #440, .T. ) ;
#1925 = CARTESIAN_POINT ( 'NONE',  ( 7.145587151472010845, 120.0000000000000000, -0.4490769567380460403 ) ) ;
#1926 = ADVANCED_FACE ( 'NONE', ( #1205 ), #2865, .T. ) ;
#1927 = ORIENTED_EDGE ( 'NONE', *, *, #509, .F. ) ;
#1928 = PLANE ( 'NONE',  #661 ) ;
#1929 = DIRECTION ( 'NONE',  ( 0.000000000000000000, 1.000000000000000000, 0.000000000000000000 ) ) ;
#1930 = AXIS2_PLACEMENT_3D ( 'NONE', #751, #2208, #2745 ) ;
#1931 = AXIS2_PLACEMENT_3D ( 'NONE', #1884, #113, #3094 ) ;
#1932 = ORIENTED_EDGE ( 'NONE', *, *, #1459, .T. ) ;
#1933 = CARTESIAN_POINT ( 'NONE',  ( -6.250000000000094147, 120.0000000000000142, 12.72531754730543874 ) ) ;
#1934 = AXIS2_PLACEMENT_3D ( 'NONE', #624, #1408, #158 ) ;
#1935 = CARTESIAN_POINT ( 'NONE',  ( -13.14982216652536096, 120.0000000000000000, -9.966552914060020640 ) ) ;
#1936 = ORIENTED_EDGE ( 'NONE', *, *, #2820, .T. ) ;
#1937 = CARTESIAN_POINT ( 'NONE',  ( -6.250000000000094147, 10.00000000000000000, 8.925317547305438026 ) ) ;
#1938 = CARTESIAN_POINT ( 'NONE',  ( 2.056376928475379007, 95.00000000000000000, -16.37135650848866320 ) ) ;
#1939 = FACE_OUTER_BOUND ( 'NONE', #1799, .T. ) ;
#1940 = DIRECTION ( 'NONE',  ( 0.000000000000000000, 0.000000000000000000, 1.000000000000000000 ) ) ;
#1941 = CARTESIAN_POINT ( 'NONE',  ( 0.000000000000000000, 95.00000000000000000, 0.000000000000000000 ) ) ;
#1942 = ORIENTED_EDGE ( 'NONE', *, *, #456, .F. ) ;
#1943 = CARTESIAN_POINT ( 'NONE',  ( 8.833459118601924231, 130.0000000000000000, 5.099999999999623057 ) ) ;
#1944 = EDGE_CURVE ( 'NONE', #2989, #172, #2878, .T. ) ;
#1945 = EDGE_CURVE ( 'NONE', #711, #2303, #219, .T. ) ;
#1946 = DIRECTION ( 'NONE',  ( 0.000000000000000000, -0.000000000000000000, 1.000000000000000000 ) ) ;
#1947 = ORIENTED_EDGE ( 'NONE', *, *, #1011, .T. ) ;
#1948 = DIRECTION ( 'NONE',  ( 0.000000000000000000, 0.000000000000000000, 1.000000000000000000 ) ) ;
#1949 = AXIS2_PLACEMENT_3D ( 'NONE', #2340, #2814, #565 ) ;
#1950 = CARTESIAN_POINT ( 'NONE',  ( -15.20619909500048550, 35.00000000000000000, -6.404803594428684299 ) ) ;
#1951 = CIRCLE ( 'NONE', #1691, 1.900000000000000133 ) ;
#1952 = ORIENTED_EDGE ( 'NONE', *, *, #1143, .T. ) ;
#1953 = CARTESIAN_POINT ( 'NONE',  ( 2.056376928475381671, 35.00000000000000000, -16.37135650848867030 ) ) ;
#1954 = AXIS2_PLACEMENT_3D ( 'NONE', #698, #1391, #634 ) ;
#1955 = AXIS2_PLACEMENT_3D ( 'NONE', #352, #1090, #568 ) ;
#1956 = CARTESIAN_POINT ( 'NONE',  ( 0.000000000000000000, 35.00000000000000000, 0.000000000000000000 ) ) ;
#1957 = FACE_BOUND ( 'NONE', #1584, .T. ) ;
#1958 = EDGE_CURVE ( 'NONE', #3, #2226, #1291, .T. ) ;
#1959 = CARTESIAN_POINT ( 'NONE',  ( 6.249999999999939604, 120.0000000000000142, 12.72531754730552400 ) ) ;
#1960 = DIRECTION ( 'NONE',  ( -0.000000000000000000, -1.000000000000000000, -0.000000000000000000 ) ) ;
#1961 = ORIENTED_EDGE ( 'NONE', *, *, #2572, .T. ) ;
#1962 = DIRECTION ( 'NONE',  ( -0.000000000000000000, -1.000000000000000000, -0.000000000000000000 ) ) ;
#1963 = ADVANCED_FACE ( 'NONE', ( #3032, #1482 ), #2483, .F. ) ;
#1964 = FACE_OUTER_BOUND ( 'NONE', #1139, .T. ) ;
#1965 = ORIENTED_EDGE ( 'NONE', *, *, #3015, .F. ) ;
#1966 = CARTESIAN_POINT ( 'NONE',  ( -6.250000000000016875, 0.000000000000000000, -8.925317547305475330 ) ) ;
#1967 = CARTESIAN_POINT ( 'NONE',  ( -15.20619909500056366, 95.00000000000000000, 6.404803594428502223 ) ) ;
#1968 = EDGE_LOOP ( 'NONE', ( #1548, #2979, #2352, #892 ) ) ;
#1969 = CARTESIAN_POINT ( 'NONE',  ( 12.50000000000000355, 0.000000000000000000, 1.900000000000041878 ) ) ;
#1970 = DIRECTION ( 'NONE',  ( 0.000000000000000000, 0.000000000000000000, 1.000000000000000000 ) ) ;
#1971 = CYLINDRICAL_SURFACE ( 'NONE', #2885, 1.900000000000000577 ) ;
#1972 = CIRCLE ( 'NONE', #3229, 22.00000000000001776 ) ;
#1973 = DIRECTION ( 'NONE',  ( 0.000000000000000000, 1.000000000000000000, 0.000000000000000000 ) ) ;
#1974 = EDGE_LOOP ( 'NONE', ( #2436, #1942 ) ) ;
#1975 = CARTESIAN_POINT ( 'NONE',  ( -13.14982216652547820, 10.00000000000000000, 9.966552914059862545 ) ) ;
#1976 = DIRECTION ( 'NONE',  ( 0.000000000000000000, 0.000000000000000000, 1.000000000000000000 ) ) ;
#1977 = EDGE_LOOP ( 'NONE', ( #663, #1621, #2882, #2014 ) ) ;
#1978 = CARTESIAN_POINT ( 'NONE',  ( 0.000000000000000000, 0.000000000000000000, -10.19999999999999929 ) ) ;
#1979 = AXIS2_PLACEMENT_3D ( 'NONE', #654, #1635, #1651 ) ;
#1980 = DIRECTION ( 'NONE',  ( -0.000000000000000000, -1.000000000000000000, -0.000000000000000000 ) ) ;
#1981 = VERTEX_POINT ( 'NONE', #2722 ) ;
#1982 = FACE_OUTER_BOUND ( 'NONE', #949, .T. ) ;
#1983 = AXIS2_PLACEMENT_3D ( 'NONE', #1882, #2682, #640 ) ;
#1984 = EDGE_CURVE ( 'NONE', #1015, #836, #1781, .T. ) ;
#1985 = EDGE_CURVE ( 'NONE', #418, #149, #272, .T. ) ;
#1986 = PLANE ( 'NONE',  #3096 ) ;
#1987 = ORIENTED_EDGE ( 'NONE', *, *, #2348, .T. ) ;
#1988 = FACE_OUTER_BOUND ( 'NONE', #1968, .T. ) ;
#1989 = DIRECTION ( 'NONE',  ( 0.000000000000000000, 0.000000000000000000, 1.000000000000000000 ) ) ;
#1990 = ORIENTED_EDGE ( 'NONE', *, *, #1508, .F. ) ;
#1991 = DIRECTION ( 'NONE',  ( -0.000000000000000000, 1.000000000000000000, -0.000000000000000000 ) ) ;
#1992 = CARTESIAN_POINT ( 'NONE',  ( -23.90582999313835799, 10.00000000000000000, 13.80203738173985961 ) ) ;
#1993 = EDGE_CURVE ( 'NONE', #121, #671, #1264, .T. ) ;
#1994 = ORIENTED_EDGE ( 'NONE', *, *, #1355, .T. ) ;
#1995 = FACE_OUTER_BOUND ( 'NONE', #8, .T. ) ;
#1996 = ADVANCED_FACE ( 'NONE', ( #1186 ), #144, .F. ) ;
#1997 = VECTOR ( 'NONE', #2971, 1000.000000000000000 ) ;
#1998 = LINE ( 'NONE', #2786, #3179 ) ;
#1999 = DIRECTION ( 'NONE',  ( 0.000000000000000000, 0.000000000000000000, 1.000000000000000000 ) ) ;
#2000 = ORIENTED_EDGE ( 'NONE', *, *, #2764, .F. ) ;
#2001 = CIRCLE ( 'NONE', #643, 16.50000000000000000 ) ;
#2002 = EDGE_CURVE ( 'NONE', #300, #1629, #3154, .T. ) ;
#2003 = AXIS2_PLACEMENT_3D ( 'NONE', #2653, #1190, #2699 ) ;
#2004 = ADVANCED_FACE ( 'NONE', ( #1671, #917 ), #2874, .T. ) ;
#2005 = CARTESIAN_POINT ( 'NONE',  ( -6.250000000000094147, 120.0000000000000142, 8.925317547305438026 ) ) ;
#2006 = VECTOR ( 'NONE', #2463, 1000.000000000000000 ) ;
#2007 = CARTESIAN_POINT ( 'NONE',  ( 0.000000000000000000, 120.0000000000000000, 0.000000000000000000 ) ) ;
#2008 = CIRCLE ( 'NONE', #2841, 16.50000000000000000 ) ;
#2009 = AXIS2_PLACEMENT_3D ( 'NONE', #2854, #317, #619 ) ;
#2010 = EDGE_LOOP ( 'NONE', ( #1504, #866, #1724, #19 ) ) ;
#2011 = ORIENTED_EDGE ( 'NONE', *, *, #2700, .F. ) ;
#2012 = DIRECTION ( 'NONE',  ( 0.000000000000000000, 0.000000000000000000, 1.000000000000000000 ) ) ;
#2013 = CARTESIAN_POINT ( 'NONE',  ( -13.14982216652547820, 95.00000000000000000, 9.966552914059862545 ) ) ;
#2014 = ORIENTED_EDGE ( 'NONE', *, *, #936, .F. ) ;
#2015 = DIRECTION ( 'NONE',  ( 0.000000000000000000, 1.000000000000000000, 0.000000000000000000 ) ) ;
#2016 = CARTESIAN_POINT ( 'NONE',  ( -12.50000000000000355, 120.0000000000000142, -1.275021754842953214E-13 ) ) ;
#2017 = DIRECTION ( 'NONE',  ( 0.000000000000000000, 0.000000000000000000, 1.000000000000000000 ) ) ;
#2018 = ORIENTED_EDGE ( 'NONE', *, *, #2069, .F. ) ;
#2019 = CARTESIAN_POINT ( 'NONE',  ( -15.20619909500055833, 35.00000000000000000, 6.404803594428510216 ) ) ;
#2020 = VECTOR ( 'NONE', #2210, 1000.000000000000227 ) ;
#2021 = DIRECTION ( 'NONE',  ( 0.000000000000000000, 1.000000000000000000, 0.000000000000000000 ) ) ;
#2022 = DIRECTION ( 'NONE',  ( 0.000000000000000000, -0.000000000000000000, 1.000000000000000000 ) ) ;
#2023 = AXIS2_PLACEMENT_3D ( 'NONE', #774, #2474, #2732 ) ;
#2024 = ORIENTED_EDGE ( 'NONE', *, *, #2327, .F. ) ;
#2025 = VERTEX_POINT ( 'NONE', #2925 ) ;
#2026 = CARTESIAN_POINT ( 'NONE',  ( -8.833459118600627491, 120.0000000000000142, 5.100000000000373568 ) ) ;
#2027 = AXIS2_PLACEMENT_3D ( 'NONE', #1666, #1232, #2933 ) ;
#2028 = EDGE_CURVE ( 'NONE', #2614, #2226, #3168, .T. ) ;
#2029 = CARTESIAN_POINT ( 'NONE',  ( 0.000000000000000000, 95.00000000000000000, 0.000000000000000000 ) ) ;
#2030 = EDGE_CURVE ( 'NONE', #2797, #557, #682, .T. ) ;
#2031 = EDGE_LOOP ( 'NONE', ( #544, #1947, #994, #256 ) ) ;
#2032 = CIRCLE ( 'NONE', #2186, 16.50000000000000355 ) ;
#2033 = DIRECTION ( 'NONE',  ( -0.000000000000000000, 1.000000000000000000, -0.000000000000000000 ) ) ;
#2034 = CARTESIAN_POINT ( 'NONE',  ( 13.14982216652534497, 95.00000000000000000, -9.966552914060047286 ) ) ;
#2035 = CYLINDRICAL_SURFACE ( 'NONE', #1018, 16.50000000000000000 ) ;
#2036 = ORIENTED_EDGE ( 'NONE', *, *, #90, .F. ) ;
#2037 = DIRECTION ( 'NONE',  ( -0.000000000000000000, -1.000000000000000000, -0.000000000000000000 ) ) ;
#2038 = AXIS2_PLACEMENT_3D ( 'NONE', #558, #1775, #2756 ) ;
#2039 = CARTESIAN_POINT ( 'NONE',  ( 13.14982216652516023, 120.0000000000000000, 9.966552914060288870 ) ) ;
#2040 = AXIS2_PLACEMENT_3D ( 'NONE', #2633, #1877, #448 ) ;
#2041 = ORIENTED_EDGE ( 'NONE', *, *, #3182, .F. ) ;
#2042 = AXIS2_PLACEMENT_3D ( 'NONE', #2360, #408, #128 ) ;
#2043 = DIRECTION ( 'NONE',  ( 0.000000000000000000, 1.000000000000000000, 0.000000000000000000 ) ) ;
#2044 = ADVANCED_FACE ( 'NONE', ( #1654 ), #421, .F. ) ;
#2045 = VERTEX_POINT ( 'NONE', #1913 ) ;
#2046 = ORIENTED_EDGE ( 'NONE', *, *, #1689, .T. ) ;
#2047 = CARTESIAN_POINT ( 'NONE',  ( -3.469446951953614189E-15, 120.0000000000000000, -27.60407476347972988 ) ) ;
#2048 = LINE ( 'NONE', #1360, #3143 ) ;
#2049 = EDGE_CURVE ( 'NONE', #2522, #2088, #788, .T. ) ;
#2050 = EDGE_LOOP ( 'NONE', ( #1347, #2080 ) ) ;
#2051 = ADVANCED_FACE ( 'NONE', ( #2637 ), #1684, .F. ) ;
#2052 = PLANE ( 'NONE',  #1804 ) ;
#2053 = VERTEX_POINT ( 'NONE', #405 ) ;
#2054 = CARTESIAN_POINT ( 'NONE',  ( -6.250000000000016875, 130.0000000000000000, -8.925317547305475330 ) ) ;
#2055 = DIRECTION ( 'NONE',  ( 0.000000000000000000, 0.000000000000000000, -1.000000000000000000 ) ) ;
#2056 = FACE_OUTER_BOUND ( 'NONE', #2830, .T. ) ;
#2057 = AXIS2_PLACEMENT_3D ( 'NONE', #123, #2222, #1695 ) ;
#2058 = ORIENTED_EDGE ( 'NONE', *, *, #980, .F. ) ;
#2059 = CIRCLE ( 'NONE', #1279, 1.900000000000000133 ) ;
#2060 = EDGE_LOOP ( 'NONE', ( #2145, #2743 ) ) ;
#2061 = AXIS2_PLACEMENT_3D ( 'NONE', #2358, #841, #596 ) ;
#2062 = VERTEX_POINT ( 'NONE', #1396 ) ;
#2063 = ADVANCED_FACE ( 'NONE', ( #1440 ), #2890, .F. ) ;
#2064 = DIRECTION ( 'NONE',  ( -0.1800775285693745620, 0.000000000000000000, 0.9836524201690076685 ) ) ;
#2065 = AXIS2_PLACEMENT_3D ( 'NONE', #1784, #2762, #546 ) ;
#2066 = DIRECTION ( 'NONE',  ( 0.000000000000000000, -0.000000000000000000, 1.000000000000000000 ) ) ;
#2067 = ORIENTED_EDGE ( 'NONE', *, *, #1554, .T. ) ;
#2068 = LINE ( 'NONE', #3059, #420 ) ;
#2069 = EDGE_CURVE ( 'NONE', #367, #2891, #174, .T. ) ;
#2070 = DIRECTION ( 'NONE',  ( 0.000000000000000000, 1.000000000000000000, 0.000000000000000000 ) ) ;
#2071 = ORIENTED_EDGE ( 'NONE', *, *, #454, .T. ) ;
#2072 = FACE_OUTER_BOUND ( 'NONE', #1003, .T. ) ;
#2073 = CARTESIAN_POINT ( 'NONE',  ( 6.250000000000010658, 120.0000000000000142, -10.82531754730547746 ) ) ;
#2074 = LINE ( 'NONE', #235, #2249 ) ;
#2075 = ORIENTED_EDGE ( 'NONE', *, *, #2276, .T. ) ;
#2076 = ORIENTED_EDGE ( 'NONE', *, *, #1325, .F. ) ;
#2077 = ORIENTED_EDGE ( 'NONE', *, *, #830, .F. ) ;
#2078 = DIRECTION ( 'NONE',  ( 0.000000000000000000, 0.000000000000000000, 1.000000000000000000 ) ) ;
#2079 = CARTESIAN_POINT ( 'NONE',  ( 0.000000000000000000, 0.000000000000000000, -16.50000000000000000 ) ) ;
#2080 = ORIENTED_EDGE ( 'NONE', *, *, #1594, .F. ) ;
#2081 = DIRECTION ( 'NONE',  ( -0.000000000000000000, -1.000000000000000000, -0.000000000000000000 ) ) ;
#2083 = AXIS2_PLACEMENT_3D ( 'NONE', #672, #1165, #1669 ) ;
#2082 = DIRECTION ( 'NONE',  ( 0.000000000000000000, 1.000000000000000000, 0.000000000000000000 ) ) ;
#2084 = VERTEX_POINT ( 'NONE', #2193 ) ;
#2085 = PLANE ( 'NONE',  #2512 ) ;
#2086 = CYLINDRICAL_SURFACE ( 'NONE', #390, 2.500000000000000444 ) ;
#2087 = CARTESIAN_POINT ( 'NONE',  ( 6.250000000000010658, 130.0000000000000000, -8.925317547305477106 ) ) ;
#2088 = VERTEX_POINT ( 'NONE', #3188 ) ;
#2089 = VECTOR ( 'NONE', #278, 1000.000000000000000 ) ;
#2090 = ADVANCED_FACE ( 'NONE', ( #1867 ), #2621, .F. ) ;
#2091 = AXIS2_PLACEMENT_3D ( 'NONE', #2660, #433, #1420 ) ;
#2092 = AXIS2_PLACEMENT_3D ( 'NONE', #659, #3190, #1948 ) ;
#2093 = ORIENTED_EDGE ( 'NONE', *, *, #334, .T. ) ;
#2094 = CARTESIAN_POINT ( 'NONE',  ( -6.250000000000094147, 120.0000000000000142, 10.82531754730543838 ) ) ;
#2095 = VECTOR ( 'NONE', #2404, 1000.000000000000000 ) ;
#2096 = CARTESIAN_POINT ( 'NONE',  ( -12.50000000000000355, 10.00000000000000000, -1.275021754842953214E-13 ) ) ;
#2097 = ORIENTED_EDGE ( 'NONE', *, *, #2738, .T. ) ;
#2098 = CARTESIAN_POINT ( 'NONE',  ( 8.833459118601924231, 130.0000000000000000, 7.599999999999623945 ) ) ;
#2099 = EDGE_CURVE ( 'NONE', #2797, #2853, #1379, .T. ) ;
#2100 = LINE ( 'NONE', #2377, #2796 ) ;
#2101 = ORIENTED_EDGE ( 'NONE', *, *, #1087, .F. ) ;
#2102 = DIRECTION ( 'NONE',  ( 0.000000000000000000, 0.000000000000000000, 1.000000000000000000 ) ) ;
#2103 = EDGE_CURVE ( 'NONE', #1580, #1615, #2127, .T. ) ;
#2104 = CARTESIAN_POINT ( 'NONE',  ( -3.961705628525380440, 120.0000000000000000, -5.963721519761415735 ) ) ;
#2105 = ORIENTED_EDGE ( 'NONE', *, *, #2811, .F. ) ;
#2106 = EDGE_CURVE ( 'NONE', #1585, #2116, #706, .T. ) ;
#2107 = CARTESIAN_POINT ( 'NONE',  ( 0.000000000000000000, 95.00000000000000000, 0.000000000000000000 ) ) ;
#2108 = ORIENTED_EDGE ( 'NONE', *, *, #58, .T. ) ;
#2109 = DIRECTION ( 'NONE',  ( -0.000000000000000000, -1.000000000000000000, -0.000000000000000000 ) ) ;
#2110 = CIRCLE ( 'NONE', #1012, 1.900000000000000577 ) ;
#2111 = CARTESIAN_POINT ( 'NONE',  ( -6.250000000000016875, 10.00000000000000000, -8.925317547305475330 ) ) ;
#2112 = CIRCLE ( 'NONE', #1382, 1.900000000000000133 ) ;
#2113 = ORIENTED_EDGE ( 'NONE', *, *, #1416, .F. ) ;
#2114 = CARTESIAN_POINT ( 'NONE',  ( 15.20619909500036648, 95.00000000000000000, 6.404803594428963187 ) ) ;
#2115 = CARTESIAN_POINT ( 'NONE',  ( 2.056376928475379007, 120.0000000000000000, -16.37135650848866320 ) ) ;
#2116 = VERTEX_POINT ( 'NONE', #3007 ) ;
#2117 = CARTESIAN_POINT ( 'NONE',  ( 2.020667218593133494E-15, 130.0000000000000000, 16.50000000000000355 ) ) ;
#2118 = CARTESIAN_POINT ( 'NONE',  ( 6.250000000000010658, 120.0000000000000142, -10.82531754730547746 ) ) ;
#2119 = ORIENTED_EDGE ( 'NONE', *, *, #2365, .T. ) ;
#2120 = LINE ( 'NONE', #1179, #135 ) ;
#2121 = DIRECTION ( 'NONE',  ( 0.000000000000000000, 0.000000000000000000, 1.000000000000000000 ) ) ;
#2122 = DIRECTION ( 'NONE',  ( 0.9419067486450648508, 0.000000000000000000, 0.3358744956927848246 ) ) ;
#2123 = ORIENTED_EDGE ( 'NONE', *, *, #590, .T. ) ;
#2124 = CARTESIAN_POINT ( 'NONE',  ( 0.000000000000000000, 95.00000000000000000, 0.000000000000000000 ) ) ;
#2125 = ADVANCED_FACE ( 'NONE', ( #1238 ), #722, .F. ) ;
#2126 = EDGE_CURVE ( 'NONE', #1414, #2622, #2824, .T. ) ;
#2127 = LINE ( 'NONE', #3206, #2354 ) ;
#2128 = APPLICATION_PROTOCOL_DEFINITION ( 'draft international standard', 'automotive_design', 1998, #667 ) ;
#2129 = ORIENTED_EDGE ( 'NONE', *, *, #334, .F. ) ;
#2130 = CARTESIAN_POINT ( 'NONE',  ( -8.833459118600627491, 10.00000000000000000, 2.600000000000372680 ) ) ;
#2131 = DIRECTION ( 'NONE',  ( 0.000000000000000000, 0.000000000000000000, 1.000000000000000000 ) ) ;
#2132 = VECTOR ( 'NONE', #1622, 1000.000000000000000 ) ;
#2133 = DIRECTION ( 'NONE',  ( 0.000000000000000000, 1.000000000000000000, 0.000000000000000000 ) ) ;
#2134 = ORIENTED_EDGE ( 'NONE', *, *, #1687, .F. ) ;
#2135 = DIRECTION ( 'NONE',  ( 0.000000000000000000, 0.000000000000000000, 1.000000000000000000 ) ) ;
#2136 = FACE_OUTER_BOUND ( 'NONE', #768, .T. ) ;
#2137 = EDGE_CURVE ( 'NONE', #329, #1421, #1833, .T. ) ;
#2138 = COLOUR_RGB ( '',0.7921568627450980005, 0.8196078431372548767, 0.9333333333333333481 ) ;
#2139 = CARTESIAN_POINT ( 'NONE',  ( -15.20619909500056188, 10.00000000000000000, 6.404803594428502223 ) ) ;
#2140 = CYLINDRICAL_SURFACE ( 'NONE', #2975, 1.900000000000000133 ) ;
#2141 = VERTEX_POINT ( 'NONE', #2228 ) ;
#2142 = DIRECTION ( 'NONE',  ( 0.000000000000000000, 0.000000000000000000, 1.000000000000000000 ) ) ;
#2143 = CARTESIAN_POINT ( 'NONE',  ( 8.833459118601924231, 0.000000000000000000, 2.599999999999622613 ) ) ;
#2144 = ADVANCED_FACE ( 'NONE', ( #2987, #2696 ), #1002, .F. ) ;
#2145 = ORIENTED_EDGE ( 'NONE', *, *, #3043, .T. ) ;
#2146 = DIRECTION ( 'NONE',  ( 0.000000000000000000, 0.000000000000000000, 1.000000000000000000 ) ) ;
#2147 = EDGE_CURVE ( 'NONE', #1556, #1625, #500, .T. ) ;
#2148 = LINE ( 'NONE', #2894, #133 ) ;
#2149 = VERTEX_POINT ( 'NONE', #1456 ) ;
#2150 = EDGE_LOOP ( 'NONE', ( #2794, #2489, #573 ) ) ;
#2151 = CARTESIAN_POINT ( 'NONE',  ( 3.061616997868383634E-16, 0.000000000000000000, -12.69999999999999929 ) ) ;
#2152 = ORIENTED_EDGE ( 'NONE', *, *, #1830, .F. ) ;
#2153 = CARTESIAN_POINT ( 'NONE',  ( 2.020667218593133494E-15, 95.00000000000000000, 16.50000000000000355 ) ) ;
#2154 = DIRECTION ( 'NONE',  ( -0.000000000000000000, 1.000000000000000000, -0.000000000000000000 ) ) ;
#2155 = EDGE_CURVE ( 'NONE', #2287, #1865, #1251, .T. ) ;
#2156 = AXIS2_PLACEMENT_3D ( 'NONE', #2999, #763, #2055 ) ;
#2157 = FACE_BOUND ( 'NONE', #2060, .T. ) ;
#2158 = ORIENTED_EDGE ( 'NONE', *, *, #1886, .F. ) ;
#2159 = CARTESIAN_POINT ( 'NONE',  ( -6.250000000000094147, 130.0000000000000000, 10.82531754730543838 ) ) ;
#2160 = CIRCLE ( 'NONE', #752, 16.50000000000000000 ) ;
#2161 = DIRECTION ( 'NONE',  ( -0.000000000000000000, -1.000000000000000000, -0.000000000000000000 ) ) ;
#2162 = VECTOR ( 'NONE', #3215, 1000.000000000000000 ) ;
#2163 = ORIENTED_EDGE ( 'NONE', *, *, #1864, .F. ) ;
#2164 = LINE ( 'NONE', #2943, #1606 ) ;
#2165 = AXIS2_PLACEMENT_3D ( 'NONE', #269, #784, #1016 ) ;
#2166 = CARTESIAN_POINT ( 'NONE',  ( -8.833459118600627491, 0.000000000000000000, 5.100000000000373568 ) ) ;
#2167 = DIRECTION ( 'NONE',  ( 0.8660254037844390407, -0.000000000000000000, 0.4999999999999992784 ) ) ;
#2168 = ORIENTED_EDGE ( 'NONE', *, *, #2717, .T. ) ;
#2169 = LINE ( 'NONE', #2672, #2767 ) ;
#2170 = ADVANCED_FACE ( 'NONE', ( #2211, #1702, #2491, #2452, #254, #481, #3222, #967, #2749, #2524 ), #1284, .T. ) ;
#2171 = DIRECTION ( 'NONE',  ( 0.000000000000000000, 1.000000000000000000, 0.000000000000000000 ) ) ;
#2172 = DIRECTION ( 'NONE',  ( -0.000000000000000000, 1.000000000000000000, -0.000000000000000000 ) ) ;
#2173 = DIRECTION ( 'NONE',  ( 0.000000000000000000, 1.000000000000000000, 0.000000000000000000 ) ) ;
#2174 = AXIS2_PLACEMENT_3D ( 'NONE', #3134, #2889, #1524 ) ;
#2175 = ORIENTED_EDGE ( 'NONE', *, *, #632, .T. ) ;
#2176 = FACE_OUTER_BOUND ( 'NONE', #641, .T. ) ;
#2177 = DIRECTION ( 'NONE',  ( 0.000000000000000000, 1.000000000000000000, 0.000000000000000000 ) ) ;
#2178 = EDGE_LOOP ( 'NONE', ( #360, #2553, #2701, #1388 ) ) ;
#2179 = FACE_OUTER_BOUND ( 'NONE', #75, .T. ) ;
#2180 = AXIS2_PLACEMENT_3D ( 'NONE', #1038, #2015, #791 ) ;
#2181 = DIRECTION ( 'NONE',  ( -0.000000000000000000, -1.000000000000000000, -0.000000000000000000 ) ) ;
#2182 = EDGE_LOOP ( 'NONE', ( #323, #1326, #1300 ) ) ;
#2183 = DIRECTION ( 'NONE',  ( 0.000000000000000000, 0.000000000000000000, 1.000000000000000000 ) ) ;
#2184 = CIRCLE ( 'NONE', #2910, 16.50000000000000355 ) ;
#2185 = EDGE_CURVE ( 'NONE', #1050, #1027, #1675, .T. ) ;
#2186 = AXIS2_PLACEMENT_3D ( 'NONE', #274, #1254, #1270 ) ;
#2187 = DIRECTION ( 'NONE',  ( 0.000000000000000000, 1.000000000000000000, 0.000000000000000000 ) ) ;
#2188 = ADVANCED_FACE ( 'NONE', ( #2245, #22 ), #271, .F. ) ;
#2189 = DIRECTION ( 'NONE',  ( 0.000000000000000000, 1.000000000000000000, 0.000000000000000000 ) ) ;
#2190 = CARTESIAN_POINT ( 'NONE',  ( -8.833459118600627491, 10.00000000000000000, 7.600000000000373568 ) ) ;
#2191 = ORIENTED_EDGE ( 'NONE', *, *, #2973, .F. ) ;
#2192 = DIRECTION ( 'NONE',  ( 0.000000000000000000, 0.000000000000000000, 1.000000000000000000 ) ) ;
#2193 = CARTESIAN_POINT ( 'NONE',  ( 15.20619909500034872, 120.0000000000000000, 6.404803594428997826 ) ) ;
#2194 = VECTOR ( 'NONE', #2921, 1000.000000000000000 ) ;
#2195 = SHAPE_DEFINITION_REPRESENTATION ( #717, #915 ) ;
#2196 = AXIS2_PLACEMENT_3D ( 'NONE', #1123, #1857, #386 ) ;
#2197 = ORIENTED_EDGE ( 'NONE', *, *, #2848, .T. ) ;
#2198 = DIRECTION ( 'NONE',  ( -0.000000000000000000, 1.000000000000000000, -0.000000000000000000 ) ) ;
#2199 = AXIS2_PLACEMENT_3D ( 'NONE', #2906, #2177, #436 ) ;
#2200 = CARTESIAN_POINT ( 'NONE',  ( 0.000000000000000000, 10.00000000000000000, 0.000000000000000000 ) ) ;
#2201 = EDGE_LOOP ( 'NONE', ( #87, #728, #1404, #2765 ) ) ;
#2202 = ADVANCED_FACE ( 'NONE', ( #1964 ), #2470, .F. ) ;
#2203 = CARTESIAN_POINT ( 'NONE',  ( -6.250000000000016875, 0.000000000000000000, -10.82531754730547568 ) ) ;
#2204 = FACE_OUTER_BOUND ( 'NONE', #1126, .T. ) ;
#2205 = CARTESIAN_POINT ( 'NONE',  ( 15.20619909500035050, 10.00000000000000000, 6.404803594429000491 ) ) ;
#2206 = EDGE_CURVE ( 'NONE', #1421, #329, #2988, .T. ) ;
#2207 = CARTESIAN_POINT ( 'NONE',  ( -8.833459118600627491, 10.00000000000000000, 5.100000000000373568 ) ) ;
#2208 = DIRECTION ( 'NONE',  ( -0.000000000000000000, -1.000000000000000000, -0.000000000000000000 ) ) ;
#2209 = ORIENTED_EDGE ( 'NONE', *, *, #2717, .F. ) ;
#2210 = DIRECTION ( 'NONE',  ( 0.5000000000000173195, 0.000000000000000000, -0.8660254037844286046 ) ) ;
#2211 = FACE_BOUND ( 'NONE', #511, .T. ) ;
#2212 = VECTOR ( 'NONE', #1210, 1000.000000000000000 ) ;
#2213 = EDGE_LOOP ( 'NONE', ( #569, #1401, #514 ) ) ;
#2214 = CARTESIAN_POINT ( 'NONE',  ( 6.250000000000010658, 130.0000000000000000, -10.82531754730547746 ) ) ;
#2215 = CIRCLE ( 'NONE', #804, 1.900000000000000577 ) ;
#2216 = DIRECTION ( 'NONE',  ( 0.000000000000000000, 0.000000000000000000, 1.000000000000000000 ) ) ;
#2217 = CIRCLE ( 'NONE', #236, 2.500000000000000444 ) ;
#2218 = ORIENTED_EDGE ( 'NONE', *, *, #2764, .T. ) ;
#2219 = CARTESIAN_POINT ( 'NONE',  ( 3.183881522946699238, 95.00000000000000000, 6.412798476499177447 ) ) ;
#2220 = CIRCLE ( 'NONE', #1332, 2.500000000000000444 ) ;
#2221 = VECTOR ( 'NONE', #2560, 1000.000000000000000 ) ;
#2222 = DIRECTION ( 'NONE',  ( 0.6477779244762540412, -0.000000000000000000, 0.7618292200757572630 ) ) ;
#2223 = LINE ( 'NONE', #527, #2006 ) ;
#2224 = CARTESIAN_POINT ( 'NONE',  ( 0.000000000000000000, 35.00000000000000000, 0.000000000000000000 ) ) ;
#2225 = DIRECTION ( 'NONE',  ( -0.000000000000000000, -1.000000000000000000, -0.000000000000000000 ) ) ;
#2226 = VERTEX_POINT ( 'NONE', #2974 ) ;
#2227 = DIRECTION ( 'NONE',  ( 0.000000000000000000, 1.000000000000000000, 0.000000000000000000 ) ) ;
#2228 = CARTESIAN_POINT ( 'NONE',  ( 0.000000000000000000, 95.00000000000000000, -16.50000000000000355 ) ) ;
#2229 = AXIS2_PLACEMENT_3D ( 'NONE', #1895, #2450, #1422 ) ;
#2230 = EDGE_CURVE ( 'NONE', #176, #267, #740, .T. ) ;
#2231 = ORIENTED_EDGE ( 'NONE', *, *, #2206, .F. ) ;
#2232 = CARTESIAN_POINT ( 'NONE',  ( -7.145587151471926468, 35.00000000000000000, -0.4490769567378771754 ) ) ;
#2233 = EDGE_CURVE ( 'NONE', #426, #2891, #1346, .T. ) ;
#2234 = DIRECTION ( 'NONE',  ( 0.000000000000000000, 1.000000000000000000, 0.000000000000000000 ) ) ;
#2235 = PLANE ( 'NONE',  #601 ) ;
#2236 = VERTEX_POINT ( 'NONE', #591 ) ;
#2237 = ORIENTED_EDGE ( 'NONE', *, *, #2030, .F. ) ;
#2238 = CARTESIAN_POINT ( 'NONE',  ( 6.249999999999939604, 120.0000000000000142, 12.72531754730552400 ) ) ;
#2239 = EDGE_LOOP ( 'NONE', ( #2837, #1932 ) ) ;
#2240 = CARTESIAN_POINT ( 'NONE',  ( 12.50000000000000355, 0.000000000000000000, 4.163336342344337027E-14 ) ) ;
#2241 = EDGE_CURVE ( 'NONE', #2455, #2611, #2048, .T. ) ;
#2242 = ORIENTED_EDGE ( 'NONE', *, *, #228, .F. ) ;
#2243 = ADVANCED_FACE ( 'NONE', ( #1035, #1086 ), #59, .T. ) ;
#2244 = CARTESIAN_POINT ( 'NONE',  ( -8.833459118600627491, 130.0000000000000000, 5.100000000000373568 ) ) ;
#2245 = FACE_BOUND ( 'NONE', #1342, .T. ) ;
#2246 = ORIENTED_EDGE ( 'NONE', *, *, #77, .T. ) ;
#2247 = DIRECTION ( 'NONE',  ( 0.000000000000000000, -0.000000000000000000, 1.000000000000000000 ) ) ;
#2248 = EDGE_CURVE ( 'NONE', #2492, #1083, #2628, .T. ) ;
#2249 = VECTOR ( 'NONE', #964, 1000.000000000000000 ) ;
#2250 = DIRECTION ( 'NONE',  ( 0.000000000000000000, 1.000000000000000000, 0.000000000000000000 ) ) ;
#2251 = DIRECTION ( 'NONE',  ( 0.000000000000000000, 1.000000000000000000, 0.000000000000000000 ) ) ;
#2252 = EDGE_LOOP ( 'NONE', ( #1144, #1047, #1889 ) ) ;
#2253 = SURFACE_STYLE_FILL_AREA ( #2548 ) ;
#2254 = AXIS2_PLACEMENT_3D ( 'NONE', #1719, #241, #1769 ) ;
#2255 = DIRECTION ( 'NONE',  ( -0.000000000000000000, 1.000000000000000000, -0.000000000000000000 ) ) ;
#2256 = VERTEX_POINT ( 'NONE', #2079 ) ;
#2257 = CARTESIAN_POINT ( 'NONE',  ( 0.000000000000000000, 10.00000000000000000, 0.000000000000000000 ) ) ;
#2258 = CARTESIAN_POINT ( 'NONE',  ( -6.250000000000094147, 120.0000000000000142, 12.72531754730543874 ) ) ;
#2259 = ORIENTED_EDGE ( 'NONE', *, *, #2365, .F. ) ;
#2260 = ORIENTED_EDGE ( 'NONE', *, *, #2848, .F. ) ;
#2261 = DIRECTION ( 'NONE',  ( 0.000000000000000000, 0.000000000000000000, -1.000000000000000000 ) ) ;
#2262 = DIRECTION ( 'NONE',  ( 0.000000000000000000, -0.000000000000000000, 1.000000000000000000 ) ) ;
#2263 = ORIENTED_EDGE ( 'NONE', *, *, #2705, .F. ) ;
#2264 = DIRECTION ( 'NONE',  ( -0.000000000000000000, 1.000000000000000000, -0.000000000000000000 ) ) ;
#2265 = PLANE ( 'NONE',  #785 ) ;
#2266 = LINE ( 'NONE', #259, #1283 ) ;
#2267 = ORIENTED_EDGE ( 'NONE', *, *, #2913, .T. ) ;
#2268 = VECTOR ( 'NONE', #2807, 1000.000000000000000 ) ;
#2269 = DIRECTION ( 'NONE',  ( 0.7618292200757567079, 0.000000000000000000, -0.6477779244762545963 ) ) ;
#2270 = VECTOR ( 'NONE', #2181, 1000.000000000000000 ) ;
#2271 = LINE ( 'NONE', #510, #2268 ) ;
#2272 = VECTOR ( 'NONE', #490, 1000.000000000000000 ) ;
#2273 = ORIENTED_EDGE ( 'NONE', *, *, #830, .T. ) ;
#2274 = LINE ( 'NONE', #1467, #2162 ) ;
#2275 = ADVANCED_FACE ( 'NONE', ( #3039 ), #2295, .F. ) ;
#2276 = EDGE_CURVE ( 'NONE', #51, #1239, #1688, .T. ) ;
#2277 = ORIENTED_EDGE ( 'NONE', *, *, #1849, .T. ) ;
#2278 = FACE_BOUND ( 'NONE', #1786, .T. ) ;
#2279 = DIRECTION ( 'NONE',  ( 0.000000000000000000, 1.000000000000000000, 0.000000000000000000 ) ) ;
#2280 = ORIENTED_EDGE ( 'NONE', *, *, #3138, .T. ) ;
#2281 = PLANE ( 'NONE',  #356 ) ;
#2282 = DIRECTION ( 'NONE',  ( 0.000000000000000000, -1.000000000000000000, 0.000000000000000000 ) ) ;
#2283 = ORIENTED_EDGE ( 'NONE', *, *, #1407, .F. ) ;
#2284 = FILL_AREA_STYLE_COLOUR ( '', #2138 ) ;
#2285 = EDGE_CURVE ( 'NONE', #367, #2891, #1845, .T. ) ;
#2286 = CARTESIAN_POINT ( 'NONE',  ( 2.056376928475379451, 35.00000000000000000, -16.37135650848867030 ) ) ;
#2287 = VERTEX_POINT ( 'NONE', #1299 ) ;
#2288 = DIRECTION ( 'NONE',  ( 0.000000000000000000, 0.000000000000000000, 1.000000000000000000 ) ) ;
#2289 = EDGE_CURVE ( 'NONE', #2585, #534, #1892, .T. ) ;
#2290 = ORIENTED_EDGE ( 'NONE', *, *, #1689, .F. ) ;
#2291 = ADVANCED_FACE ( 'NONE', ( #1101 ), #2307, .F. ) ;
#2292 = ORIENTED_EDGE ( 'NONE', *, *, #1924, .T. ) ;
#2293 = CARTESIAN_POINT ( 'NONE',  ( 13.14982216652516200, 35.00000000000000000, 9.966552914060288870 ) ) ;
#2294 = CIRCLE ( 'NONE', #2229, 16.50000000000000000 ) ;
#2295 = CYLINDRICAL_SURFACE ( 'NONE', #2367, 1.900000000000000577 ) ;
#2296 = ORIENTED_EDGE ( 'NONE', *, *, #730, .F. ) ;
#2297 = DIRECTION ( 'NONE',  ( 0.000000000000000000, 0.000000000000000000, 1.000000000000000000 ) ) ;
#2298 = ORIENTED_EDGE ( 'NONE', *, *, #2700, .T. ) ;
#2299 = DIRECTION ( 'NONE',  ( -1.000000000000000000, 0.000000000000000000, -3.374329777689453809E-15 ) ) ;
#2300 = EDGE_CURVE ( 'NONE', #2853, #1410, #957, .T. ) ;
#2301 = DIRECTION ( 'NONE',  ( -0.000000000000000000, -1.000000000000000000, -0.000000000000000000 ) ) ;
#2302 = AXIS2_PLACEMENT_3D ( 'NONE', #3183, #417, #153 ) ;
#2303 = VERTEX_POINT ( 'NONE', #2571 ) ;
#2304 = ORIENTED_EDGE ( 'NONE', *, *, #298, .T. ) ;
#2305 = ADVANCED_FACE ( 'NONE', ( #331 ), #1330, .T. ) ;
#2306 = DIRECTION ( 'NONE',  ( -0.000000000000000000, 1.000000000000000000, -0.000000000000000000 ) ) ;
#2307 = CYLINDRICAL_SURFACE ( 'NONE', #182, 1.900000000000000577 ) ;
#2308 = ORIENTED_EDGE ( 'NONE', *, *, #1133, .T. ) ;
#2309 = CARTESIAN_POINT ( 'NONE',  ( 0.000000000000000000, 120.0000000000000000, 0.000000000000000000 ) ) ;
#2310 = CARTESIAN_POINT ( 'NONE',  ( -23.90582999313835799, 35.00000000000000000, 13.80203738173985961 ) ) ;
#2311 = ORIENTED_EDGE ( 'NONE', *, *, #1131, .T. ) ;
#2312 = CIRCLE ( 'NONE', #1074, 1.900000000000000577 ) ;
#2313 = DIRECTION ( 'NONE',  ( 0.000000000000000000, 0.000000000000000000, 1.000000000000000000 ) ) ;
#2314 = FACE_BOUND ( 'NONE', #1108, .T. ) ;
#2315 = AXIS2_PLACEMENT_3D ( 'NONE', #1805, #318, #2557 ) ;
#2316 = ORIENTED_EDGE ( 'NONE', *, *, #1423, .F. ) ;
#2317 = VECTOR ( 'NONE', #1776, 1000.000000000000000 ) ;
#2318 = AXIS2_PLACEMENT_3D ( 'NONE', #893, #2691, #1891 ) ;
#2319 = ORIENTED_EDGE ( 'NONE', *, *, #373, .F. ) ;
#2320 =( GEOMETRIC_REPRESENTATION_CONTEXT ( 3 ) GLOBAL_UNCERTAINTY_ASSIGNED_CONTEXT ( ( #1373 ) ) GLOBAL_UNIT_ASSIGNED_CONTEXT ( ( #384, #2667, #175 ) ) REPRESENTATION_CONTEXT ( 'NONE', 'WORKASPACE' ) );
#2321 = EDGE_LOOP ( 'NONE', ( #2496, #2601 ) ) ;
#2322 = LINE ( 'NONE', #347, #86 ) ;
#2323 = AXIS2_PLACEMENT_3D ( 'NONE', #1345, #2109, #91 ) ;
#2324 = CARTESIAN_POINT ( 'NONE',  ( 0.000000000000000000, 120.0000000000000142, -10.19999999999999929 ) ) ;
#2325 = VERTEX_POINT ( 'NONE', #3071 ) ;
#2326 = CARTESIAN_POINT ( 'NONE',  ( 15.20619909500035050, 35.00000000000000000, 6.404803594429000491 ) ) ;
#2327 = EDGE_CURVE ( 'NONE', #2614, #2084, #285, .T. ) ;
#2328 = DIRECTION ( 'NONE',  ( 0.000000000000000000, 0.000000000000000000, 1.000000000000000000 ) ) ;
#2329 = ORIENTED_EDGE ( 'NONE', *, *, #157, .T. ) ;
#2330 = LINE ( 'NONE', #2863, #115 ) ;
#2331 = EDGE_CURVE ( 'NONE', #65, #1024, #787, .T. ) ;
#2332 = CARTESIAN_POINT ( 'NONE',  ( 0.000000000000000000, 120.0000000000000000, 0.000000000000000000 ) ) ;
#2333 = CARTESIAN_POINT ( 'NONE',  ( -2.056376928474851873, 35.00000000000000000, -16.37135650848873780 ) ) ;
#2334 = ORIENTED_EDGE ( 'NONE', *, *, #1447, .F. ) ;
#2335 = ORIENTED_EDGE ( 'NONE', *, *, #1794, .T. ) ;
#2336 = ORIENTED_EDGE ( 'NONE', *, *, #1705, .F. ) ;
#2337 = CIRCLE ( 'NONE', #2023, 1.900000000000000577 ) ;
#2338 = FACE_OUTER_BOUND ( 'NONE', #856, .T. ) ;
#2339 = ADVANCED_FACE ( 'NONE', ( #2829 ), #365, .F. ) ;
#2340 = CARTESIAN_POINT ( 'NONE',  ( 6.249999999999939604, 0.000000000000000000, 10.82531754730552365 ) ) ;
#2341 = EDGE_CURVE ( 'NONE', #2149, #2053, #2589, .T. ) ;
#2342 = ORIENTED_EDGE ( 'NONE', *, *, #516, .T. ) ;
#2343 = DIRECTION ( 'NONE',  ( 0.000000000000000000, 1.000000000000000000, 0.000000000000000000 ) ) ;
#2345 = AXIS2_PLACEMENT_3D ( 'NONE', #1419, #220, #2412 ) ;
#2344 = FACE_OUTER_BOUND ( 'NONE', #1604, .T. ) ;
#2346 = ORIENTED_EDGE ( 'NONE', *, *, #1700, .F. ) ;
#2347 = DIRECTION ( 'NONE',  ( 0.000000000000000000, 1.000000000000000000, 0.000000000000000000 ) ) ;
#2348 = EDGE_CURVE ( 'NONE', #1522, #1203, #2540, .T. ) ;
#2349 = PLANE ( 'NONE',  #552 ) ;
#2350 = ORIENTED_EDGE ( 'NONE', *, *, #1075, .T. ) ;
#2351 = CIRCLE ( 'NONE', #1931, 21.99999999999994316 ) ;
#2352 = ORIENTED_EDGE ( 'NONE', *, *, #2898, .F. ) ;
#2353 = DIRECTION ( 'NONE',  ( 0.3358744956927847691, 0.000000000000000000, -0.9419067486450649618 ) ) ;
#2354 = VECTOR ( 'NONE', #284, 1000.000000000000000 ) ;
#2355 = CARTESIAN_POINT ( 'NONE',  ( 0.000000000000000000, 120.0000000000000000, 0.000000000000000000 ) ) ;
#2356 = VERTEX_POINT ( 'NONE', #2111 ) ;
#2357 = LINE ( 'NONE', #1089, #724 ) ;
#2358 = CARTESIAN_POINT ( 'NONE',  ( 23.90582999313836510, 35.00000000000000000, 13.80203738173986849 ) ) ;
#2359 = ORIENTED_EDGE ( 'NONE', *, *, #1492, .T. ) ;
#2360 = CARTESIAN_POINT ( 'NONE',  ( 0.000000000000000000, 95.00000000000000000, 0.000000000000000000 ) ) ;
#2361 = CARTESIAN_POINT ( 'NONE',  ( 0.000000000000000000, 35.00000000000000000, 0.000000000000000000 ) ) ;
#2362 = ORIENTED_EDGE ( 'NONE', *, *, #313, .F. ) ;
#2363 = ADVANCED_FACE ( 'NONE', ( #1392 ), #2931, .F. ) ;
#2364 = ORIENTED_EDGE ( 'NONE', *, *, #2608, .F. ) ;
#2365 = EDGE_CURVE ( 'NONE', #2914, #371, #2632, .T. ) ;
#2366 = CARTESIAN_POINT ( 'NONE',  ( 23.90582999313836510, 95.00000000000000000, 13.80203738173986849 ) ) ;
#2367 = AXIS2_PLACEMENT_3D ( 'NONE', #1785, #107, #577 ) ;
#2368 = ADVANCED_FACE ( 'NONE', ( #2204 ), #1710, .F. ) ;
#2369 = DIRECTION ( 'NONE',  ( 0.000000000000000000, 1.000000000000000000, 0.000000000000000000 ) ) ;
#2370 = CIRCLE ( 'NONE', #699, 1.900000000000000577 ) ;
#2372 = AXIS2_PLACEMENT_3D ( 'NONE', #2828, #2587, #122 ) ;
#2371 = FACE_OUTER_BOUND ( 'NONE', #3072, .T. ) ;
#2373 = VERTEX_POINT ( 'NONE', #2139 ) ;
#2374 = CARTESIAN_POINT ( 'NONE',  ( 23.90582999313836510, 10.00000000000000000, 13.80203738173986849 ) ) ;
#2375 = CIRCLE ( 'NONE', #2479, 21.99999999999998224 ) ;
#2376 = DIRECTION ( 'NONE',  ( -0.000000000000000000, -1.000000000000000000, -0.000000000000000000 ) ) ;
#2377 = CARTESIAN_POINT ( 'NONE',  ( -2.056376928474852317, 95.00000000000000000, -16.37135650848873070 ) ) ;
#2378 = ORIENTED_EDGE ( 'NONE', *, *, #1594, .T. ) ;
#2379 = DIRECTION ( 'NONE',  ( 0.1800775285693750893, 0.000000000000000000, -0.9836524201690075575 ) ) ;
#2380 = DIRECTION ( 'NONE',  ( 0.000000000000000000, 0.000000000000000000, 1.000000000000000000 ) ) ;
#2381 = EDGE_LOOP ( 'NONE', ( #1856, #1708, #277, #1994 ) ) ;
#2382 = EDGE_CURVE ( 'NONE', #2088, #2522, #2110, .T. ) ;
#2383 = CIRCLE ( 'NONE', #818, 1.900000000000000577 ) ;
#2384 = DIRECTION ( 'NONE',  ( 0.000000000000000000, -1.000000000000000000, 0.000000000000000000 ) ) ;
#2385 = ADVANCED_FACE ( 'NONE', ( #1465 ), #230, .F. ) ;
#2386 = CARTESIAN_POINT ( 'NONE',  ( 6.249999999999939604, 120.0000000000000142, 10.82531754730552365 ) ) ;
#2387 = ADVANCED_FACE ( 'NONE', ( #958 ), #151, .F. ) ;
#2388 = DIRECTION ( 'NONE',  ( 0.000000000000000000, 1.000000000000000000, 0.000000000000000000 ) ) ;
#2389 = EDGE_LOOP ( 'NONE', ( #1304, #790, #163, #127 ) ) ;
#2390 = LINE ( 'NONE', #2695, #1450 ) ;
#2391 = CARTESIAN_POINT ( 'NONE',  ( -3.469446951953614189E-15, 120.0000000000000000, -27.60407476347972988 ) ) ;
#2392 = ORIENTED_EDGE ( 'NONE', *, *, #1256, .F. ) ;
#2393 = CARTESIAN_POINT ( 'NONE',  ( -15.20619909500049260, 120.0000000000000000, -6.404803594428655877 ) ) ;
#2394 = PLANE ( 'NONE',  #1172 ) ;
#2395 = ORIENTED_EDGE ( 'NONE', *, *, #1170, .T. ) ;
#2396 = ORIENTED_EDGE ( 'NONE', *, *, #454, .F. ) ;
#2397 = EDGE_CURVE ( 'NONE', #2256, #103, #2001, .T. ) ;
#2398 = DIRECTION ( 'NONE',  ( -0.1800775285692987338, 0.000000000000000000, -0.9836524201690215463 ) ) ;
#2399 = CIRCLE ( 'NONE', #680, 16.50000000000000355 ) ;
#2400 = FACE_BOUND ( 'NONE', #280, .T. ) ;
#2401 = AXIS2_PLACEMENT_3D ( 'NONE', #2391, #2161, #383 ) ;
#2402 = EDGE_LOOP ( 'NONE', ( #538, #1296 ) ) ;
#2403 = DIRECTION ( 'NONE',  ( 0.000000000000000000, 1.000000000000000000, 0.000000000000000000 ) ) ;
#2404 = DIRECTION ( 'NONE',  ( -0.000000000000000000, -1.000000000000000000, -0.000000000000000000 ) ) ;
#2405 = EDGE_LOOP ( 'NONE', ( #1673, #252, #1534, #1571, #3061, #2888, #999, #1272, #1164, #1367 ) ) ;
#2406 = CYLINDRICAL_SURFACE ( 'NONE', #3080, 2.500000000000000444 ) ;
#2407 = EDGE_CURVE ( 'NONE', #3159, #1613, #1378, .T. ) ;
#2408 = CARTESIAN_POINT ( 'NONE',  ( 6.249999999999939604, 10.00000000000000000, 10.82531754730552365 ) ) ;
#2409 = ORIENTED_EDGE ( 'NONE', *, *, #669, .T. ) ;
#2410 = CARTESIAN_POINT ( 'NONE',  ( 3.183881522946699238, 120.0000000000000000, 6.412798476499177447 ) ) ;
#2411 = DIRECTION ( 'NONE',  ( 0.3358744956927847691, 0.000000000000000000, -0.9419067486450649618 ) ) ;
#2412 = DIRECTION ( 'NONE',  ( 0.000000000000000000, 0.000000000000000000, 1.000000000000000000 ) ) ;
#2413 = VECTOR ( 'NONE', #3195, 1000.000000000000000 ) ;
#2414 = DIRECTION ( 'NONE',  ( -0.000000000000000000, 1.000000000000000000, -0.000000000000000000 ) ) ;
#2415 = ORIENTED_EDGE ( 'NONE', *, *, #1310, .F. ) ;
#2416 = DIRECTION ( 'NONE',  ( 0.000000000000000000, 0.000000000000000000, 1.000000000000000000 ) ) ;
#2417 = AXIS2_PLACEMENT_3D ( 'NONE', #617, #2133, #571 ) ;
#2418 = DIRECTION ( 'NONE',  ( -0.6477779244763038902, 0.000000000000000000, 0.7618292200757148525 ) ) ;
#2419 = AXIS2_PLACEMENT_3D ( 'NONE', #2629, #445, #399 ) ;
#2420 = VERTEX_POINT ( 'NONE', #1633 ) ;
#2421 = CIRCLE ( 'NONE', #963, 16.50000000000000355 ) ;
#2422 = CARTESIAN_POINT ( 'NONE',  ( 12.50000000000000355, 10.00000000000000000, -1.899999999999958611 ) ) ;
#2423 = AXIS2_PLACEMENT_3D ( 'NONE', #1586, #72, #1844 ) ;
#2424 = EDGE_CURVE ( 'NONE', #1421, #761, #214, .T. ) ;
#2425 = CARTESIAN_POINT ( 'NONE',  ( 0.000000000000000000, 130.0000000000000000, -16.50000000000000355 ) ) ;
#2426 = EDGE_CURVE ( 'NONE', #708, #1324, #1119, .T. ) ;
#2427 = ORIENTED_EDGE ( 'NONE', *, *, #2748, .T. ) ;
#2428 = CARTESIAN_POINT ( 'NONE',  ( 3.961705628525074907, 120.0000000000000000, -5.963721519761333134 ) ) ;
#2429 = CARTESIAN_POINT ( 'NONE',  ( 6.249999999999939604, 0.000000000000000000, 10.82531754730552365 ) ) ;
#2430 = CARTESIAN_POINT ( 'NONE',  ( 0.000000000000000000, 0.000000000000000000, -7.699999999999998401 ) ) ;
#2431 = CARTESIAN_POINT ( 'NONE',  ( 7.145587151472010845, 10.00000000000000000, -0.4490769567380460403 ) ) ;
#2432 = ORIENTED_EDGE ( 'NONE', *, *, #416, .T. ) ;
#2433 = CARTESIAN_POINT ( 'NONE',  ( 12.50000000000000355, 120.0000000000000142, 4.163336342344337027E-14 ) ) ;
#2434 = EDGE_CURVE ( 'NONE', #2923, #3231, #2461, .T. ) ;
#2435 = DIRECTION ( 'NONE',  ( 0.000000000000000000, 0.000000000000000000, 1.000000000000000000 ) ) ;
#2436 = ORIENTED_EDGE ( 'NONE', *, *, #2397, .F. ) ;
#2437 = DIRECTION ( 'NONE',  ( 0.000000000000000000, 0.000000000000000000, 1.000000000000000000 ) ) ;
#2438 = AXIS2_PLACEMENT_3D ( 'NONE', #1978, #2264, #3026 ) ;
#2439 = DIRECTION ( 'NONE',  ( 0.000000000000000000, 1.000000000000000000, 0.000000000000000000 ) ) ;
#2440 = ORIENTED_EDGE ( 'NONE', *, *, #2341, .T. ) ;
#2441 = EDGE_CURVE ( 'NONE', #452, #426, #975, .T. ) ;
#2442 = DIRECTION ( 'NONE',  ( 0.9419067486450909410, 0.000000000000000000, -0.3358744956927117720 ) ) ;
#2443 = CIRCLE ( 'NONE', #1096, 16.50000000000000355 ) ;
#2444 = FACE_OUTER_BOUND ( 'NONE', #1481, .T. ) ;
#2445 = AXIS2_PLACEMENT_3D ( 'NONE', #742, #287, #503 ) ;
#2446 = CARTESIAN_POINT ( 'NONE',  ( -2.056376928474851873, 35.00000000000000000, -16.37135650848873780 ) ) ;
#2447 = DIRECTION ( 'NONE',  ( 0.000000000000000000, 1.000000000000000000, 0.000000000000000000 ) ) ;
#2448 = DIRECTION ( 'NONE',  ( 0.000000000000000000, 0.000000000000000000, 1.000000000000000000 ) ) ;
#2449 = ORIENTED_EDGE ( 'NONE', *, *, #1406, .T. ) ;
#2450 = DIRECTION ( 'NONE',  ( 0.000000000000000000, 1.000000000000000000, 0.000000000000000000 ) ) ;
#2451 = STYLED_ITEM ( 'NONE', ( #2805 ), #178 ) ;
#2452 = FACE_BOUND ( 'NONE', #2625, .T. ) ;
#2453 = CIRCLE ( 'NONE', #2302, 1.900000000000000133 ) ;
#2454 = CIRCLE ( 'NONE', #63, 1.900000000000000577 ) ;
#2455 = VERTEX_POINT ( 'NONE', #732 ) ;
#2456 = DIRECTION ( 'NONE',  ( 0.000000000000000000, 1.000000000000000000, 0.000000000000000000 ) ) ;
#2457 = PLANE ( 'NONE',  #1429 ) ;
#2458 = ADVANCED_FACE ( 'NONE', ( #1448 ), #1728, .F. ) ;
#2459 = VERTEX_POINT ( 'NONE', #2869 ) ;
#2460 = EDGE_LOOP ( 'NONE', ( #1814, #1311, #523, #1601 ) ) ;
#2461 = LINE ( 'NONE', #2706, #2413 ) ;
#2462 = ORIENTED_EDGE ( 'NONE', *, *, #325, .F. ) ;
#2463 = DIRECTION ( 'NONE',  ( -0.000000000000000000, 1.000000000000000000, -0.000000000000000000 ) ) ;
#2464 = CARTESIAN_POINT ( 'NONE',  ( -3.469446951953614189E-15, 120.0000000000000000, -27.60407476347972988 ) ) ;
#2465 = ADVANCED_FACE ( 'NONE', ( #380, #2444 ), #1132, .F. ) ;
#2466 = DIRECTION ( 'NONE',  ( 0.000000000000000000, 0.000000000000000000, -1.000000000000000000 ) ) ;
#2467 = EDGE_CURVE ( 'NONE', #2552, #40, #2855, .T. ) ;
#2468 = ORIENTED_EDGE ( 'NONE', *, *, #3160, .F. ) ;
#2469 = DIRECTION ( 'NONE',  ( 0.000000000000000000, 0.000000000000000000, 1.000000000000000000 ) ) ;
#2470 = PLANE ( 'NONE',  #3197 ) ;
#2471 = VECTOR ( 'NONE', #2485, 1000.000000000000000 ) ;
#2472 = ORIENTED_EDGE ( 'NONE', *, *, #2206, .T. ) ;
#2473 = CARTESIAN_POINT ( 'NONE',  ( -13.14982216652547820, 120.0000000000000000, 9.966552914059862545 ) ) ;
#2474 = DIRECTION ( 'NONE',  ( 0.000000000000000000, 1.000000000000000000, 0.000000000000000000 ) ) ;
#2475 = VECTOR ( 'NONE', #1858, 1000.000000000000000 ) ;
#2476 = AXIS2_PLACEMENT_3D ( 'NONE', #2883, #1130, #1649 ) ;
#2477 = LINE ( 'NONE', #245, #942 ) ;
#2478 = CARTESIAN_POINT ( 'NONE',  ( 12.50000000000000355, 0.000000000000000000, 1.900000000000041878 ) ) ;
#2479 = AXIS2_PLACEMENT_3D ( 'NONE', #2994, #1980, #1756 ) ;
#2480 = ORIENTED_EDGE ( 'NONE', *, *, #669, .F. ) ;
#2481 = EDGE_LOOP ( 'NONE', ( #2953, #443 ) ) ;
#2482 = AXIS2_PLACEMENT_3D ( 'NONE', #1051, #1472, #2469 ) ;
#2483 = PLANE ( 'NONE',  #167 ) ;
#2484 = EDGE_CURVE ( 'NONE', #2053, #40, #233, .T. ) ;
#2485 = DIRECTION ( 'NONE',  ( -0.000000000000000000, 1.000000000000000000, -0.000000000000000000 ) ) ;
#2486 = DIRECTION ( 'NONE',  ( 0.000000000000000000, 0.000000000000000000, 1.000000000000000000 ) ) ;
#2487 = PLANE ( 'NONE',  #2027 ) ;
#2488 = DIRECTION ( 'NONE',  ( 0.000000000000000000, 0.000000000000000000, 1.000000000000000000 ) ) ;
#2489 = ORIENTED_EDGE ( 'NONE', *, *, #1528, .F. ) ;
#2490 = DIRECTION ( 'NONE',  ( -0.000000000000000000, 1.000000000000000000, -0.000000000000000000 ) ) ;
#2491 = FACE_BOUND ( 'NONE', #741, .T. ) ;
#2492 = VERTEX_POINT ( 'NONE', #2742 ) ;
#2493 = DIRECTION ( 'NONE',  ( 0.000000000000000000, 1.000000000000000000, 0.000000000000000000 ) ) ;
#2494 = CARTESIAN_POINT ( 'NONE',  ( 0.000000000000000000, 120.0000000000000000, 0.000000000000000000 ) ) ;
#2495 = CARTESIAN_POINT ( 'NONE',  ( -13.14982216652547820, 120.0000000000000000, 9.966552914059862545 ) ) ;
#2496 = ORIENTED_EDGE ( 'NONE', *, *, #3160, .T. ) ;
#2497 = CARTESIAN_POINT ( 'NONE',  ( -2.056376928475184052, 120.0000000000000000, 16.37135650848868806 ) ) ;
#2498 = FACE_OUTER_BOUND ( 'NONE', #1327, .T. ) ;
#2499 = ORIENTED_EDGE ( 'NONE', *, *, #1029, .T. ) ;
#2500 = CYLINDRICAL_SURFACE ( 'NONE', #906, 1.900000000000000577 ) ;
#2501 = EDGE_CURVE ( 'NONE', #407, #2356, #1061, .T. ) ;
#2502 = AXIS2_PLACEMENT_3D ( 'NONE', #2659, #668, #1451 ) ;
#2503 = FACE_OUTER_BOUND ( 'NONE', #2694, .T. ) ;
#2504 = ORIENTED_EDGE ( 'NONE', *, *, #847, .T. ) ;
#2505 = ORIENTED_EDGE ( 'NONE', *, *, #987, .T. ) ;
#2506 = CARTESIAN_POINT ( 'NONE',  ( -12.50000000000000355, 120.0000000000000142, 1.899999999999872680 ) ) ;
#2507 = DIRECTION ( 'NONE',  ( 0.000000000000000000, 1.000000000000000000, 0.000000000000000000 ) ) ;
#2508 = ORIENTED_EDGE ( 'NONE', *, *, #660, .F. ) ;
#2509 = CARTESIAN_POINT ( 'NONE',  ( 0.000000000000000000, 35.00000000000000000, 0.000000000000000000 ) ) ;
#2510 = AXIS2_PLACEMENT_3D ( 'NONE', #2019, #1740, #2269 ) ;
#2511 = CIRCLE ( 'NONE', #735, 1.900000000000000133 ) ;
#2512 = AXIS2_PLACEMENT_3D ( 'NONE', #3062, #1383, #354 ) ;
#2513 = CARTESIAN_POINT ( 'NONE',  ( 2.020667218593133100E-15, 10.00000000000000000, 16.50000000000000000 ) ) ;
#2514 = ADVANCED_FACE ( 'NONE', ( #2757 ), #1986, .F. ) ;
#2515 = VERTEX_POINT ( 'NONE', #2005 ) ;
#2516 = CARTESIAN_POINT ( 'NONE',  ( 0.000000000000000000, 120.0000000000000142, -10.19999999999999929 ) ) ;
#2517 = VECTOR ( 'NONE', #35, 999.9999999999998863 ) ;
#2518 = CARTESIAN_POINT ( 'NONE',  ( 3.183881522946681031, 95.00000000000000000, 6.412798476499188105 ) ) ;
#2519 = CYLINDRICAL_SURFACE ( 'NONE', #2156, 21.99999999999995381 ) ;
#2520 = ORIENTED_EDGE ( 'NONE', *, *, #2126, .F. ) ;
#2521 = DIRECTION ( 'NONE',  ( 0.000000000000000000, 0.000000000000000000, 1.000000000000000000 ) ) ;
#2522 = VERTEX_POINT ( 'NONE', #2238 ) ;
#2523 = LINE ( 'NONE', #2293, #1902 ) ;
#2524 = FACE_OUTER_BOUND ( 'NONE', #871, .T. ) ;
#2525 = ORIENTED_EDGE ( 'NONE', *, *, #1705, .T. ) ;
#2526 = CYLINDRICAL_SURFACE ( 'NONE', #2438, 2.500000000000000444 ) ;
#2527 = CARTESIAN_POINT ( 'NONE',  ( -6.250000000000016875, 130.0000000000000000, -10.82531754730547568 ) ) ;
#2528 = ORIENTED_EDGE ( 'NONE', *, *, #3074, .F. ) ;
#2529 = AXIS2_PLACEMENT_3D ( 'NONE', #2355, #2369, #1116 ) ;
#2530 = CARTESIAN_POINT ( 'NONE',  ( 23.90582999313836510, 120.0000000000000000, 13.80203738173986849 ) ) ;
#2531 = ADVANCED_FACE ( 'NONE', ( #1551 ), #2519, .F. ) ;
#2532 = CIRCLE ( 'NONE', #2582, 1.900000000000000577 ) ;
#2533 = FACE_OUTER_BOUND ( 'NONE', #2538, .T. ) ;
#2534 = AXIS2_PLACEMENT_3D ( 'NONE', #653, #1664, #1907 ) ;
#2535 = LINE ( 'NONE', #685, #1639 ) ;
#2536 = CIRCLE ( 'NONE', #1433, 22.00000000000002842 ) ;
#2537 = ORIENTED_EDGE ( 'NONE', *, *, #2640, .F. ) ;
#2538 = EDGE_LOOP ( 'NONE', ( #266, #1142, #3186, #2818 ) ) ;
#2539 = CARTESIAN_POINT ( 'NONE',  ( 6.250000000000010658, 0.000000000000000000, -8.925317547305477106 ) ) ;
#2540 = LINE ( 'NONE', #1938, #78 ) ;
#2541 = ORIENTED_EDGE ( 'NONE', *, *, #13, .F. ) ;
#2542 = DIRECTION ( 'NONE',  ( 0.000000000000000000, 0.000000000000000000, 1.000000000000000000 ) ) ;
#2543 = LINE ( 'NONE', #46, #3013 ) ;
#2544 = EDGE_CURVE ( 'NONE', #1317, #2827, #1500, .T. ) ;
#2545 = CARTESIAN_POINT ( 'NONE',  ( 6.250000000000010658, 130.0000000000000000, -12.72531754730547782 ) ) ;
#2546 = CARTESIAN_POINT ( 'NONE',  ( -8.833459118600627491, 130.0000000000000000, 5.100000000000373568 ) ) ;
#2547 = ORIENTED_EDGE ( 'NONE', *, *, #3016, .F. ) ;
#2548 = FILL_AREA_STYLE ('',( #2284 ) ) ;
#2549 = EDGE_CURVE ( 'NONE', #2651, #1699, #2271, .T. ) ;
#2550 = CARTESIAN_POINT ( 'NONE',  ( -8.833459118600627491, 130.0000000000000000, 7.600000000000373568 ) ) ;
#2551 = ORIENTED_EDGE ( 'NONE', *, *, #2099, .F. ) ;
#2552 = VERTEX_POINT ( 'NONE', #1516 ) ;
#2553 = ORIENTED_EDGE ( 'NONE', *, *, #2028, .F. ) ;
#2554 = FACE_OUTER_BOUND ( 'NONE', #1174, .T. ) ;
#2555 = AXIS2_PLACEMENT_3D ( 'NONE', #2309, #76, #1071 ) ;
#2556 = APPLICATION_CONTEXT ( 'automotive_design' ) ;
#2557 = DIRECTION ( 'NONE',  ( 0.000000000000000000, 0.000000000000000000, 1.000000000000000000 ) ) ;
#2558 = ORIENTED_EDGE ( 'NONE', *, *, #1650, .F. ) ;
#2559 = DIRECTION ( 'NONE',  ( -0.000000000000000000, 1.000000000000000000, -0.000000000000000000 ) ) ;
#2560 = DIRECTION ( 'NONE',  ( -0.000000000000000000, 1.000000000000000000, -0.000000000000000000 ) ) ;
#2561 = ORIENTED_EDGE ( 'NONE', *, *, #3104, .T. ) ;
#2562 = CARTESIAN_POINT ( 'NONE',  ( -7.145587151471926468, 35.00000000000000000, -0.4490769567378771754 ) ) ;
#2563 = FACE_OUTER_BOUND ( 'NONE', #2643, .T. ) ;
#2564 = CARTESIAN_POINT ( 'NONE',  ( 12.50000000000000355, 120.0000000000000142, 4.163336342344337027E-14 ) ) ;
#2565 = AXIS2_PLACEMENT_3D ( 'NONE', #484, #2234, #2993 ) ;
#2566 = ORIENTED_EDGE ( 'NONE', *, *, #3150, .T. ) ;
#2567 = ORIENTED_EDGE ( 'NONE', *, *, #590, .F. ) ;
#2568 = ORIENTED_EDGE ( 'NONE', *, *, #366, .T. ) ;
#2569 = CARTESIAN_POINT ( 'NONE',  ( -15.20619909500056188, 120.0000000000000000, 6.404803594428502223 ) ) ;
#2570 = ADVANCED_FACE ( 'NONE', ( #541 ), #1760, .F. ) ;
#2571 = CARTESIAN_POINT ( 'NONE',  ( 15.20619909500049260, 95.00000000000000000, -6.404803594428670088 ) ) ;
#2572 = EDGE_CURVE ( 'NONE', #2088, #1050, #1813, .T. ) ;
#2573 = EDGE_LOOP ( 'NONE', ( #1661, #2209 ) ) ;
#2574 = CARTESIAN_POINT ( 'NONE',  ( -12.50000000000000355, 0.000000000000000000, -1.275021754842953214E-13 ) ) ;
#2575 = CARTESIAN_POINT ( 'NONE',  ( 6.249999999999939604, 0.000000000000000000, 12.72531754730552400 ) ) ;
#2576 = ORIENTED_EDGE ( 'NONE', *, *, #570, .F. ) ;
#2577 = DIRECTION ( 'NONE',  ( 0.000000000000000000, 1.000000000000000000, 0.000000000000000000 ) ) ;
#2578 = DIRECTION ( 'NONE',  ( 0.000000000000000000, 0.000000000000000000, 1.000000000000000000 ) ) ;
#2579 = AXIS2_PLACEMENT_3D ( 'NONE', #756, #2507, #982 ) ;
#2580 = ADVANCED_FACE ( 'NONE', ( #249 ), #279, .F. ) ;
#2581 = VERTEX_POINT ( 'NONE', #1026 ) ;
#2582 = AXIS2_PLACEMENT_3D ( 'NONE', #938, #2439, #1171 ) ;
#2583 = ADVANCED_FACE ( 'NONE', ( #3230, #2498 ), #1742, .F. ) ;
#2584 = AXIS2_PLACEMENT_3D ( 'NONE', #817, #1099, #1574 ) ;
#2585 = VERTEX_POINT ( 'NONE', #1306 ) ;
#2586 = ORIENTED_EDGE ( 'NONE', *, *, #2049, .F. ) ;
#2587 = DIRECTION ( 'NONE',  ( -0.000000000000000000, 1.000000000000000000, -0.000000000000000000 ) ) ;
#2588 = CIRCLE ( 'NONE', #1595, 1.900000000000000133 ) ;
#2589 = LINE ( 'NONE', #348, #696 ) ;
#2590 = EDGE_CURVE ( 'NONE', #204, #2985, #3017, .T. ) ;
#2591 = ORIENTED_EDGE ( 'NONE', *, *, #1423, .T. ) ;
#2592 = CARTESIAN_POINT ( 'NONE',  ( 13.14982216652537161, 120.0000000000000000, -9.966552914060006430 ) ) ;
#2593 = DIRECTION ( 'NONE',  ( 0.000000000000000000, 1.000000000000000000, 0.000000000000000000 ) ) ;
#2594 = ORIENTED_EDGE ( 'NONE', *, *, #129, .T. ) ;
#2595 = CYLINDRICAL_SURFACE ( 'NONE', #2770, 1.900000000000000577 ) ;
#2596 = DIRECTION ( 'NONE',  ( 0.000000000000000000, -1.000000000000000000, 0.000000000000000000 ) ) ;
#2597 = EDGE_LOOP ( 'NONE', ( #3213, #1685, #304, #1234 ) ) ;
#2598 = CIRCLE ( 'NONE', #1044, 2.500000000000000444 ) ;
#2599 = PLANE ( 'NONE',  #649 ) ;
#2600 = DIRECTION ( 'NONE',  ( 0.000000000000000000, 0.000000000000000000, 1.000000000000000000 ) ) ;
#2601 = ORIENTED_EDGE ( 'NONE', *, *, #940, .T. ) ;
#2602 = LINE ( 'NONE', #2326, #2132 ) ;
#2603 = CIRCLE ( 'NONE', #1196, 1.900000000000000577 ) ;
#2604 = DIRECTION ( 'NONE',  ( 0.000000000000000000, 0.000000000000000000, 1.000000000000000000 ) ) ;
#2605 = ORIENTED_EDGE ( 'NONE', *, *, #2675, .F. ) ;
#2606 = FACE_OUTER_BOUND ( 'NONE', #1343, .T. ) ;
#2607 = DIRECTION ( 'NONE',  ( 0.000000000000000000, -0.000000000000000000, 1.000000000000000000 ) ) ;
#2608 = EDGE_CURVE ( 'NONE', #487, #2926, #2991, .T. ) ;
#2609 = DIRECTION ( 'NONE',  ( 0.000000000000000000, 0.000000000000000000, 1.000000000000000000 ) ) ;
#2610 = ADVANCED_FACE ( 'NONE', ( #2533 ), #1293, .F. ) ;
#2611 = VERTEX_POINT ( 'NONE', #2550 ) ;
#2612 = AXIS2_PLACEMENT_3D ( 'NONE', #2166, #920, #2131 ) ;
#2613 = CIRCLE ( 'NONE', #681, 16.50000000000000000 ) ;
#2614 = VERTEX_POINT ( 'NONE', #2039 ) ;
#2615 = CARTESIAN_POINT ( 'NONE',  ( 0.000000000000000000, 95.00000000000000000, 0.000000000000000000 ) ) ;
#2616 = VECTOR ( 'NONE', #1137, 1000.000000000000000 ) ;
#2617 = CARTESIAN_POINT ( 'NONE',  ( -6.250000000000016875, 120.0000000000000142, -10.82531754730547568 ) ) ;
#2618 = ORIENTED_EDGE ( 'NONE', *, *, #3118, .T. ) ;
#2619 = CARTESIAN_POINT ( 'NONE',  ( 0.000000000000000000, 130.0000000000000000, -16.50000000000000355 ) ) ;
#2620 = EDGE_CURVE ( 'NONE', #1625, #260, #27, .T. ) ;
#2621 = CYLINDRICAL_SURFACE ( 'NONE', #2401, 22.00000000000001421 ) ;
#2622 = VERTEX_POINT ( 'NONE', #1340 ) ;
#2623 = FACE_OUTER_BOUND ( 'NONE', #2597, .T. ) ;
#2624 = DIRECTION ( 'NONE',  ( -0.000000000000000000, -1.000000000000000000, -0.000000000000000000 ) ) ;
#2625 = EDGE_LOOP ( 'NONE', ( #1591, #1835 ) ) ;
#2626 = EDGE_CURVE ( 'NONE', #2964, #1613, #101, .T. ) ;
#2627 = EDGE_CURVE ( 'NONE', #1778, #2651, #1068, .T. ) ;
#2628 = CIRCLE ( 'NONE', #1949, 1.900000000000000577 ) ;
#2629 = CARTESIAN_POINT ( 'NONE',  ( -12.50000000000000355, 0.000000000000000000, -1.275021754842953214E-13 ) ) ;
#2630 = AXIS2_PLACEMENT_3D ( 'NONE', #2361, #2835, #3095 ) ;
#2631 = AXIS2_PLACEMENT_3D ( 'NONE', #2007, #2759, #2486 ) ;
#2632 = LINE ( 'NONE', #1618, #2212 ) ;
#2633 = CARTESIAN_POINT ( 'NONE',  ( 6.250000000000010658, 10.00000000000000000, -10.82531754730547746 ) ) ;
#2634 = ORIENTED_EDGE ( 'NONE', *, *, #2673, .T. ) ;
#2635 = CARTESIAN_POINT ( 'NONE',  ( -6.250000000000016875, 120.0000000000000142, -10.82531754730547568 ) ) ;
#2636 = VECTOR ( 'NONE', #485, 1000.000000000000000 ) ;
#2637 = FACE_OUTER_BOUND ( 'NONE', #1490, .T. ) ;
#2638 = ORIENTED_EDGE ( 'NONE', *, *, #13, .T. ) ;
#2639 = CARTESIAN_POINT ( 'NONE',  ( 3.961705628525075795, 120.0000000000000000, -5.963721519761327805 ) ) ;
#2640 = EDGE_CURVE ( 'NONE', #2797, #1764, #857, .T. ) ;
#2641 = DIRECTION ( 'NONE',  ( -0.000000000000000000, 1.000000000000000000, -0.000000000000000000 ) ) ;
#2642 = DIRECTION ( 'NONE',  ( 0.000000000000000000, 0.000000000000000000, 1.000000000000000000 ) ) ;
#2643 = EDGE_LOOP ( 'NONE', ( #874, #3020, #2856, #3189 ) ) ;
#2644 = EDGE_LOOP ( 'NONE', ( #2259, #2907, #2746, #2427 ) ) ;
#2645 = VERTEX_POINT ( 'NONE', #116 ) ;
#2646 = CARTESIAN_POINT ( 'NONE',  ( 12.50000000000000355, 130.0000000000000000, 4.163336342344337027E-14 ) ) ;
#2647 = CARTESIAN_POINT ( 'NONE',  ( 2.056376928475381671, 35.00000000000000000, -16.37135650848867030 ) ) ;
#2648 = ORIENTED_EDGE ( 'NONE', *, *, #789, .F. ) ;
#2649 = CARTESIAN_POINT ( 'NONE',  ( 0.000000000000000000, 120.0000000000000000, 0.000000000000000000 ) ) ;
#2650 = DIRECTION ( 'NONE',  ( 0.000000000000000000, 1.000000000000000000, 0.000000000000000000 ) ) ;
#2651 = VERTEX_POINT ( 'NONE', #602 ) ;
#2652 = DIRECTION ( 'NONE',  ( -0.000000000000000000, 1.000000000000000000, -0.000000000000000000 ) ) ;
#2653 = CARTESIAN_POINT ( 'NONE',  ( 6.250000000000010658, 130.0000000000000000, -10.82531754730547746 ) ) ;
#2654 = ORIENTED_EDGE ( 'NONE', *, *, #2155, .T. ) ;
#2655 = FACE_OUTER_BOUND ( 'NONE', #2010, .T. ) ;
#2656 = LINE ( 'NONE', #2916, #394 ) ;
#2657 = VECTOR ( 'NONE', #2122, 999.9999999999998863 ) ;
#2658 = CIRCLE ( 'NONE', #630, 1.900000000000000577 ) ;
#2659 = CARTESIAN_POINT ( 'NONE',  ( 6.250000000000010658, 120.0000000000000142, -10.82531754730547746 ) ) ;
#2660 = CARTESIAN_POINT ( 'NONE',  ( -23.90582999313835799, 120.0000000000000000, 13.80203738173985961 ) ) ;
#2661 = AXIS2_PLACEMENT_3D ( 'NONE', #7, #1753, #2262 ) ;
#2662 = ORIENTED_EDGE ( 'NONE', *, *, #847, .F. ) ;
#2663 = DIRECTION ( 'NONE',  ( 0.000000000000000000, 1.000000000000000000, 0.000000000000000000 ) ) ;
#2664 = EDGE_CURVE ( 'NONE', #1818, #1823, #1887, .T. ) ;
#2665 = ADVANCED_FACE ( 'NONE', ( #1565 ), #2086, .F. ) ;
#2666 = CARTESIAN_POINT ( 'NONE',  ( 0.000000000000000000, 120.0000000000000000, 0.000000000000000000 ) ) ;
#2667 =( NAMED_UNIT ( * ) PLANE_ANGLE_UNIT ( ) SI_UNIT ( $, .RADIAN. ) );
#2668 = VERTEX_POINT ( 'NONE', #2852 ) ;
#2669 = CARTESIAN_POINT ( 'NONE',  ( 15.20619909500034872, 120.0000000000000000, 6.404803594428997826 ) ) ;
#2670 = CARTESIAN_POINT ( 'NONE',  ( -2.056376928475184052, 120.0000000000000000, 16.37135650848868806 ) ) ;
#2671 = EDGE_LOOP ( 'NONE', ( #3175, #2105 ) ) ;
#2672 = CARTESIAN_POINT ( 'NONE',  ( -13.14982216652548352, 35.00000000000000000, 9.966552914059864321 ) ) ;
#2673 = EDGE_CURVE ( 'NONE', #1879, #2303, #342, .T. ) ;
#2674 = FACE_OUTER_BOUND ( 'NONE', #3003, .T. ) ;
#2675 = EDGE_CURVE ( 'NONE', #745, #1098, #326, .T. ) ;
#2676 = FACE_BOUND ( 'NONE', #694, .T. ) ;
#2677 = CARTESIAN_POINT ( 'NONE',  ( 7.145587151472010845, 35.00000000000000000, -0.4490769567380460403 ) ) ;
#2678 = EDGE_LOOP ( 'NONE', ( #1167, #2727, #815, #2528 ) ) ;
#2679 = CYLINDRICAL_SURFACE ( 'NONE', #2897, 2.500000000000000444 ) ;
#2680 = CIRCLE ( 'NONE', #81, 2.500000000000000444 ) ;
#2681 = ADVANCED_FACE ( 'NONE', ( #1141 ), #388, .F. ) ;
#2682 = DIRECTION ( 'NONE',  ( -0.000000000000000000, 1.000000000000000000, -0.000000000000000000 ) ) ;
#2683 = AXIS2_PLACEMENT_3D ( 'NONE', #1417, #1161, #460 ) ;
#2684 = ORIENTED_EDGE ( 'NONE', *, *, #400, .F. ) ;
#2685 = CIRCLE ( 'NONE', #1542, 1.900000000000000133 ) ;
#2686 = CYLINDRICAL_SURFACE ( 'NONE', #477, 2.500000000000000444 ) ;
#2687 = DIRECTION ( 'NONE',  ( 0.000000000000000000, 1.000000000000000000, 0.000000000000000000 ) ) ;
#2688 = ORIENTED_EDGE ( 'NONE', *, *, #411, .F. ) ;
#2689 = EDGE_LOOP ( 'NONE', ( #563, #403, #2113, #2568 ) ) ;
#2690 = DIRECTION ( 'NONE',  ( 0.000000000000000000, 0.000000000000000000, -1.000000000000000000 ) ) ;
#2691 = DIRECTION ( 'NONE',  ( 0.000000000000000000, 1.000000000000000000, 0.000000000000000000 ) ) ;
#2692 = DIRECTION ( 'NONE',  ( -0.000000000000000000, -1.000000000000000000, -0.000000000000000000 ) ) ;
#2693 = PLANE ( 'NONE',  #2821 ) ;
#2694 = EDGE_LOOP ( 'NONE', ( #1936, #2290, #2129, #797 ) ) ;
#2695 = CARTESIAN_POINT ( 'NONE',  ( -8.833459118600627491, 0.000000000000000000, 2.600000000000372680 ) ) ;
#2696 = FACE_OUTER_BOUND ( 'NONE', #1294, .T. ) ;
#2697 = ORIENTED_EDGE ( 'NONE', *, *, #508, .T. ) ;
#2698 = LINE ( 'NONE', #160, #364 ) ;
#2699 = DIRECTION ( 'NONE',  ( 0.000000000000000000, 0.000000000000000000, 1.000000000000000000 ) ) ;
#2700 = EDGE_CURVE ( 'NONE', #1239, #51, #1589, .T. ) ;
#2701 = ORIENTED_EDGE ( 'NONE', *, *, #1582, .F. ) ;
#2702 = DIRECTION ( 'NONE',  ( -0.000000000000000000, 1.000000000000000000, -0.000000000000000000 ) ) ;
#2703 = CIRCLE ( 'NONE', #3170, 1.900000000000000577 ) ;
#2704 = EDGE_CURVE ( 'NONE', #836, #1015, #1225, .T. ) ;
#2705 = EDGE_CURVE ( 'NONE', #2025, #2798, #598, .T. ) ;
#2706 = CARTESIAN_POINT ( 'NONE',  ( -2.056376928475184052, 120.0000000000000000, 16.37135650848868806 ) ) ;
#2707 = DIRECTION ( 'NONE',  ( 0.8660254037844438146, 0.000000000000000000, -0.4999999999999911182 ) ) ;
#2708 = FACE_OUTER_BOUND ( 'NONE', #1243, .T. ) ;
#2709 = FACE_OUTER_BOUND ( 'NONE', #1457, .T. ) ;
#2710 = ORIENTED_EDGE ( 'NONE', *, *, #1185, .F. ) ;
#2711 = CARTESIAN_POINT ( 'NONE',  ( 0.000000000000000000, 95.00000000000000000, 0.000000000000000000 ) ) ;
#2712 = CIRCLE ( 'NONE', #2972, 1.900000000000000577 ) ;
#2713 = CARTESIAN_POINT ( 'NONE',  ( -12.50000000000000355, 120.0000000000000142, -1.900000000000127809 ) ) ;
#2714 = AXIS2_PLACEMENT_3D ( 'NONE', #826, #719, #3199 ) ;
#2715 = VERTEX_POINT ( 'NONE', #1094 ) ;
#2716 = CARTESIAN_POINT ( 'NONE',  ( -13.14982216652536096, 10.00000000000000000, -9.966552914060020640 ) ) ;
#2717 = EDGE_CURVE ( 'NONE', #1629, #267, #2217, .T. ) ;
#2718 = DIRECTION ( 'NONE',  ( 0.9419067486450648508, -0.000000000000000000, 0.3358744956927848246 ) ) ;
#2719 = EDGE_LOOP ( 'NONE', ( #2076, #1904, #2097, #3101 ) ) ;
#2720 = EDGE_LOOP ( 'NONE', ( #2163, #2231, #1191, #3012 ) ) ;
#2721 = CARTESIAN_POINT ( 'NONE',  ( -23.90582999313835799, 10.00000000000000000, 13.80203738173985961 ) ) ;
#2722 = CARTESIAN_POINT ( 'NONE',  ( 13.14982216652537161, 120.0000000000000000, -9.966552914060006430 ) ) ;
#2723 = ADVANCED_FACE ( 'NONE', ( #1600 ), #2349, .F. ) ;
#2724 = DIRECTION ( 'NONE',  ( 0.000000000000000000, 1.000000000000000000, 0.000000000000000000 ) ) ;
#2725 = DIRECTION ( 'NONE',  ( 0.000000000000000000, -0.000000000000000000, 1.000000000000000000 ) ) ;
#2726 = CYLINDRICAL_SURFACE ( 'NONE', #1777, 2.500000000000000444 ) ;
#2727 = ORIENTED_EDGE ( 'NONE', *, *, #3016, .T. ) ;
#2728 = CARTESIAN_POINT ( 'NONE',  ( -2.056376928475275090, 35.00000000000000000, 16.37135650848868451 ) ) ;
#2729 = DIRECTION ( 'NONE',  ( 0.9419067486450909410, 0.000000000000000000, -0.3358744956927115499 ) ) ;
#2730 = AXIS2_PLACEMENT_3D ( 'NONE', #1956, #3214, #1876 ) ;
#2731 = EDGE_LOOP ( 'NONE', ( #68, #862, #286, #2504, #2591, #647, #686, #2505, #1091, #2776 ) ) ;
#2732 = DIRECTION ( 'NONE',  ( 0.000000000000000000, 0.000000000000000000, 1.000000000000000000 ) ) ;
#2733 = VECTOR ( 'NONE', #2624, 1000.000000000000000 ) ;
#2734 = VECTOR ( 'NONE', #1028, 1000.000000000000000 ) ;
#2735 = CARTESIAN_POINT ( 'NONE',  ( -6.250000000000094147, 0.000000000000000000, 12.72531754730543874 ) ) ;
#2736 = AXIS2_PLACEMENT_3D ( 'NONE', #775, #2753, #522 ) ;
#2737 = ORIENTED_EDGE ( 'NONE', *, *, #1147, .T. ) ;
#2738 = EDGE_CURVE ( 'NONE', #1823, #2825, #2680, .T. ) ;
#2739 = FACE_OUTER_BOUND ( 'NONE', #1692, .T. ) ;
#2740 = CIRCLE ( 'NONE', #2998, 16.50000000000000355 ) ;
#2741 = DIRECTION ( 'NONE',  ( 0.000000000000000000, 0.000000000000000000, 1.000000000000000000 ) ) ;
#2742 = CARTESIAN_POINT ( 'NONE',  ( 6.249999999999939604, 0.000000000000000000, 8.925317547305521515 ) ) ;
#2743 = ORIENTED_EDGE ( 'NONE', *, *, #1325, .T. ) ;
#2744 = CARTESIAN_POINT ( 'NONE',  ( -15.20619909500056188, 120.0000000000000000, 6.404803594428502223 ) ) ;
#2745 = DIRECTION ( 'NONE',  ( 0.000000000000000000, 0.000000000000000000, -1.000000000000000000 ) ) ;
#2746 = ORIENTED_EDGE ( 'NONE', *, *, #36, .T. ) ;
#2747 = DIRECTION ( 'NONE',  ( 0.000000000000000000, 1.000000000000000000, 0.000000000000000000 ) ) ;
#2748 = EDGE_CURVE ( 'NONE', #89, #371, #2059, .T. ) ;
#2749 = FACE_BOUND ( 'NONE', #2402, .T. ) ;
#2750 = AXIS2_PLACEMENT_3D ( 'NONE', #155, #1150, #2142 ) ;
#2751 = ORIENTED_EDGE ( 'NONE', *, *, #308, .T. ) ;
#2752 = CARTESIAN_POINT ( 'NONE',  ( -13.14982216652548352, 35.00000000000000000, 9.966552914059864321 ) ) ;
#2753 = DIRECTION ( 'NONE',  ( 0.000000000000000000, 1.000000000000000000, 0.000000000000000000 ) ) ;
#2754 = ORIENTED_EDGE ( 'NONE', *, *, #2241, .T. ) ;
#2755 = AXIS2_PLACEMENT_3D ( 'NONE', #2207, #1923, #1940 ) ;
#2756 = DIRECTION ( 'NONE',  ( 0.000000000000000000, 0.000000000000000000, 1.000000000000000000 ) ) ;
#2757 = FACE_OUTER_BOUND ( 'NONE', #2213, .T. ) ;
#2758 = ORIENTED_EDGE ( 'NONE', *, *, #170, .T. ) ;
#2759 = DIRECTION ( 'NONE',  ( 0.000000000000000000, 1.000000000000000000, 0.000000000000000000 ) ) ;
#2760 = VECTOR ( 'NONE', #1592, 1000.000000000000000 ) ;
#2761 = ORIENTED_EDGE ( 'NONE', *, *, #1079, .T. ) ;
#2762 = DIRECTION ( 'NONE',  ( 0.000000000000000000, 1.000000000000000000, 0.000000000000000000 ) ) ;
#2763 = CARTESIAN_POINT ( 'NONE',  ( 0.000000000000000000, 120.0000000000000000, 0.000000000000000000 ) ) ;
#2764 = EDGE_CURVE ( 'NONE', #2715, #204, #376, .T. ) ;
#2765 = ORIENTED_EDGE ( 'NONE', *, *, #2620, .T. ) ;
#2766 = LINE ( 'NONE', #1755, #1034 ) ;
#2767 = VECTOR ( 'NONE', #2442, 1000.000000000000000 ) ;
#2768 = ADVANCED_FACE ( 'NONE', ( #2563 ), #1080, .F. ) ;
#2769 = VECTOR ( 'NONE', #3126, 1000.000000000000000 ) ;
#2770 = AXIS2_PLACEMENT_3D ( 'NONE', #824, #585, #1824 ) ;
#2771 = CARTESIAN_POINT ( 'NONE',  ( 3.961705628525075795, 35.00000000000000000, -5.963721519761327805 ) ) ;
#2772 = ORIENTED_EDGE ( 'NONE', *, *, #2248, .T. ) ;
#2773 = DIRECTION ( 'NONE',  ( -0.000000000000000000, 1.000000000000000000, -0.000000000000000000 ) ) ;
#2774 = VECTOR ( 'NONE', #1493, 1000.000000000000000 ) ;
#2775 = CARTESIAN_POINT ( 'NONE',  ( -3.469446951953614189E-15, 10.00000000000000000, -27.60407476347972988 ) ) ;
#2776 = ORIENTED_EDGE ( 'NONE', *, *, #828, .T. ) ;
#2777 = CYLINDRICAL_SURFACE ( 'NONE', #600, 1.900000000000000577 ) ;
#2778 = ORIENTED_EDGE ( 'NONE', *, *, #2233, .T. ) ;
#2779 = EDGE_LOOP ( 'NONE', ( #1471, #1911 ) ) ;
#2780 = EDGE_CURVE ( 'NONE', #2226, #711, #1741, .T. ) ;
#2781 = CARTESIAN_POINT ( 'NONE',  ( 12.50000000000000355, 120.0000000000000142, 4.163336342344337027E-14 ) ) ;
#2782 = DIRECTION ( 'NONE',  ( 0.000000000000000000, -1.000000000000000000, 0.000000000000000000 ) ) ;
#2783 = ORIENTED_EDGE ( 'NONE', *, *, #411, .T. ) ;
#2784 = LINE ( 'NONE', #257, #620 ) ;
#2785 = EDGE_CURVE ( 'NONE', #61, #2645, #2370, .T. ) ;
#2786 = CARTESIAN_POINT ( 'NONE',  ( 8.833459118601924231, 120.0000000000000142, 2.599999999999622613 ) ) ;
#2787 = DIRECTION ( 'NONE',  ( 0.000000000000000000, 1.000000000000000000, 0.000000000000000000 ) ) ;
#2788 = ORIENTED_EDGE ( 'NONE', *, *, #3002, .F. ) ;
#2789 = VECTOR ( 'NONE', #1375, 1000.000000000000227 ) ;
#2790 = CARTESIAN_POINT ( 'NONE',  ( 0.000000000000000000, 95.00000000000000000, 0.000000000000000000 ) ) ;
#2791 = AXIS2_PLACEMENT_3D ( 'NONE', #1583, #1354, #2578 ) ;
#2792 = DIRECTION ( 'NONE',  ( 0.000000000000000000, 0.000000000000000000, 1.000000000000000000 ) ) ;
#2793 = CIRCLE ( 'NONE', #1954, 1.900000000000000577 ) ;
#2794 = ORIENTED_EDGE ( 'NONE', *, *, #397, .F. ) ;
#2795 = FACE_OUTER_BOUND ( 'NONE', #2644, .T. ) ;
#2796 = VECTOR ( 'NONE', #1868, 1000.000000000000114 ) ;
#2797 = VERTEX_POINT ( 'NONE', #1950 ) ;
#2798 = VERTEX_POINT ( 'NONE', #2425 ) ;
#2799 = DIRECTION ( 'NONE',  ( 0.000000000000000000, 0.000000000000000000, 1.000000000000000000 ) ) ;
#2800 = DIRECTION ( 'NONE',  ( -0.000000000000000000, 1.000000000000000000, -0.000000000000000000 ) ) ;
#2801 = ORIENTED_EDGE ( 'NONE', *, *, #1031, .F. ) ;
#2802 = PLANE ( 'NONE',  #3172 ) ;
#2803 = DIRECTION ( 'NONE',  ( -0.000000000000000000, -1.000000000000000000, -0.000000000000000000 ) ) ;
#2804 = ORIENTED_EDGE ( 'NONE', *, *, #2945, .T. ) ;
#2805 = PRESENTATION_STYLE_ASSIGNMENT (( #1305 ) ) ;
#2806 = EDGE_CURVE ( 'NONE', #2585, #1770, #1690, .T. ) ;
#2807 = DIRECTION ( 'NONE',  ( -0.000000000000000000, 1.000000000000000000, -0.000000000000000000 ) ) ;
#2808 = CYLINDRICAL_SURFACE ( 'NONE', #1361, 1.900000000000000133 ) ;
#2809 = EDGE_LOOP ( 'NONE', ( #124, #2067 ) ) ;
#2810 = EDGE_CURVE ( 'NONE', #487, #896, #2160, .T. ) ;
#2811 = EDGE_CURVE ( 'NONE', #20, #973, #2532, .T. ) ;
#2812 = ORIENTED_EDGE ( 'NONE', *, *, #2864, .T. ) ;
#2813 = DIRECTION ( 'NONE',  ( 0.000000000000000000, 1.000000000000000000, 0.000000000000000000 ) ) ;
#2814 = DIRECTION ( 'NONE',  ( 0.000000000000000000, 1.000000000000000000, 0.000000000000000000 ) ) ;
#2815 = ORIENTED_EDGE ( 'NONE', *, *, #1236, .T. ) ;
#2816 = CARTESIAN_POINT ( 'NONE',  ( -6.250000000000094147, 130.0000000000000000, 8.925317547305438026 ) ) ;
#2817 = DIRECTION ( 'NONE',  ( 0.000000000000000000, 0.000000000000000000, 1.000000000000000000 ) ) ;
#2818 = ORIENTED_EDGE ( 'NONE', *, *, #548, .T. ) ;
#2819 = DIRECTION ( 'NONE',  ( 0.9419067486450648508, -0.000000000000000000, 0.3358744956927848246 ) ) ;
#2820 = EDGE_CURVE ( 'NONE', #711, #486, #211, .T. ) ;
#2821 = AXIS2_PLACEMENT_3D ( 'NONE', #3165, #1134, #878 ) ;
#2822 = AXIS2_PLACEMENT_3D ( 'NONE', #872, #2347, #885 ) ;
#2823 = DIRECTION ( 'NONE',  ( 0.000000000000000000, 1.000000000000000000, 0.000000000000000000 ) ) ;
#2824 = CIRCLE ( 'NONE', #2254, 16.50000000000000355 ) ;
#2825 = VERTEX_POINT ( 'NONE', #3139 ) ;
#2826 = ORIENTED_EDGE ( 'NONE', *, *, #1864, .T. ) ;
#2827 = VERTEX_POINT ( 'NONE', #954 ) ;
#2828 = CARTESIAN_POINT ( 'NONE',  ( 0.000000000000000000, 0.000000000000000000, -10.19999999999999929 ) ) ;
#2829 = FACE_OUTER_BOUND ( 'NONE', #314, .T. ) ;
#2830 = EDGE_LOOP ( 'NONE', ( #2520, #71, #890, #918, #1883, #1757, #2801, #905, #212, #1843 ) ) ;
#2831 = DIRECTION ( 'NONE',  ( 0.000000000000000000, 0.000000000000000000, 1.000000000000000000 ) ) ;
#2832 = DIRECTION ( 'NONE',  ( 0.000000000000000000, 0.000000000000000000, 1.000000000000000000 ) ) ;
#2833 = ORIENTED_EDGE ( 'NONE', *, *, #2785, .T. ) ;
#2834 = FACE_OUTER_BOUND ( 'NONE', #358, .T. ) ;
#2835 = DIRECTION ( 'NONE',  ( 0.000000000000000000, 1.000000000000000000, 0.000000000000000000 ) ) ;
#2836 = AXIS2_PLACEMENT_3D ( 'NONE', #1588, #1834, #1558 ) ;
#2837 = ORIENTED_EDGE ( 'NONE', *, *, #3057, .T. ) ;
#2838 = VECTOR ( 'NONE', #873, 1000.000000000000114 ) ;
#2839 = AXIS2_PLACEMENT_3D ( 'NONE', #217, #2707, #475 ) ;
#2840 = EDGE_LOOP ( 'NONE', ( #311, #1961, #3113, #1711 ) ) ;
#2841 = AXIS2_PLACEMENT_3D ( 'NONE', #1597, #2593, #1821 ) ;
#2842 = ORIENTED_EDGE ( 'NONE', *, *, #632, .F. ) ;
#2843 = DIRECTION ( 'NONE',  ( 0.000000000000000000, 0.000000000000000000, 1.000000000000000000 ) ) ;
#2844 = AXIS2_PLACEMENT_3D ( 'NONE', #238, #1717, #2261 ) ;
#2845 = CARTESIAN_POINT ( 'NONE',  ( 0.000000000000000000, 120.0000000000000000, 0.000000000000000000 ) ) ;
#2846 = EDGE_LOOP ( 'NONE', ( #2537, #1438, #2197 ) ) ;
#2847 = CYLINDRICAL_SURFACE ( 'NONE', #1921, 1.900000000000000133 ) ;
#2848 = EDGE_CURVE ( 'NONE', #557, #1764, #2148, .T. ) ;
#2849 = ADVANCED_FACE ( 'NONE', ( #2946 ), #2394, .F. ) ;
#2850 = DIRECTION ( 'NONE',  ( 0.000000000000000000, 1.000000000000000000, 0.000000000000000000 ) ) ;
#2851 = EDGE_LOOP ( 'NONE', ( #2316, #3219, #353 ) ) ;
#2852 = CARTESIAN_POINT ( 'NONE',  ( -6.250000000000016875, 0.000000000000000000, -12.72531754730547604 ) ) ;
#2853 = VERTEX_POINT ( 'NONE', #710 ) ;
#2854 = CARTESIAN_POINT ( 'NONE',  ( 6.249999999999939604, 130.0000000000000000, 10.82531754730552365 ) ) ;
#2855 = LINE ( 'NONE', #621, #2471 ) ;
#2856 = ORIENTED_EDGE ( 'NONE', *, *, #2877, .T. ) ;
#2857 = PLANE ( 'NONE',  #3122 ) ;
#2858 = AXIS2_PLACEMENT_3D ( 'NONE', #2649, #2403, #173 ) ;
#2859 = DIRECTION ( 'NONE',  ( 0.000000000000000000, 0.000000000000000000, 1.000000000000000000 ) ) ;
#2861 = CIRCLE ( 'NONE', #2180, 16.50000000000000000 ) ;
#2860 = DIRECTION ( 'NONE',  ( -0.000000000000000000, -1.000000000000000000, -0.000000000000000000 ) ) ;
#2862 = ORIENTED_EDGE ( 'NONE', *, *, #629, .T. ) ;
#2863 = CARTESIAN_POINT ( 'NONE',  ( -2.056376928475184052, 95.00000000000000000, 16.37135650848868806 ) ) ;
#2864 = EDGE_CURVE ( 'NONE', #2515, #337, #2215, .T. ) ;
#2865 = CYLINDRICAL_SURFACE ( 'NONE', #1620, 16.50000000000000355 ) ;
#2866 = DIRECTION ( 'NONE',  ( -0.000000000000000000, 1.000000000000000000, -0.000000000000000000 ) ) ;
#2867 = EDGE_LOOP ( 'NONE', ( #1505, #542, #3034, #93 ) ) ;
#2868 = DIRECTION ( 'NONE',  ( -0.9419067486450649618, 0.000000000000000000, -0.3358744956927847691 ) ) ;
#2869 = CARTESIAN_POINT ( 'NONE',  ( -8.833459118600627491, 130.0000000000000000, 2.600000000000372680 ) ) ;
#2870 = PRODUCT_DEFINITION ( 'Êú', '', #341, #1663 ) ;
#2871 = DIRECTION ( 'NONE',  ( 0.000000000000000000, 0.000000000000000000, 1.000000000000000000 ) ) ;
#2872 = EDGE_LOOP ( 'NONE', ( #2936, #2175, #319, #2788 ) ) ;
#2873 = LINE ( 'NONE', #2619, #1041 ) ;
#2874 = PLANE ( 'NONE',  #2199 ) ;
#2875 = ORIENTED_EDGE ( 'NONE', *, *, #3221, .T. ) ;
#2876 = DIRECTION ( 'NONE',  ( -0.000000000000000000, -1.000000000000000000, -0.000000000000000000 ) ) ;
#2877 = EDGE_CURVE ( 'NONE', #1861, #1699, #184, .T. ) ;
#2878 = LINE ( 'NONE', #644, #3027 ) ;
#2879 = DIRECTION ( 'NONE',  ( 0.000000000000000000, 1.000000000000000000, 0.000000000000000000 ) ) ;
#2880 = EDGE_LOOP ( 'NONE', ( #852, #3040, #2134, #2123 ) ) ;
#2881 = CARTESIAN_POINT ( 'NONE',  ( -12.50000000000000355, 0.000000000000000000, -1.275021754842953214E-13 ) ) ;
#2882 = ORIENTED_EDGE ( 'NONE', *, *, #770, .T. ) ;
#2883 = CARTESIAN_POINT ( 'NONE',  ( 0.000000000000000000, 95.00000000000000000, 0.000000000000000000 ) ) ;
#2884 = AXIS2_PLACEMENT_3D ( 'NONE', #2775, #2301, #1533 ) ;
#2885 = AXIS2_PLACEMENT_3D ( 'NONE', #1729, #281, #2521 ) ;
#2887 = CIRCLE ( 'NONE', #2065, 16.50000000000000355 ) ;
#2886 = FACE_BOUND ( 'NONE', #2809, .T. ) ;
#2888 = ORIENTED_EDGE ( 'NONE', *, *, #2285, .F. ) ;
#2889 = DIRECTION ( 'NONE',  ( 0.000000000000000000, 1.000000000000000000, 0.000000000000000000 ) ) ;
#2890 = PLANE ( 'NONE',  #1575 ) ;
#2891 = VERTEX_POINT ( 'NONE', #1658 ) ;
#2892 = LINE ( 'NONE', #194, #2919 ) ;
#2893 = CARTESIAN_POINT ( 'NONE',  ( 0.000000000000000000, 95.00000000000000000, 0.000000000000000000 ) ) ;
#2894 = CARTESIAN_POINT ( 'NONE',  ( -15.20619909500055833, 35.00000000000000000, 6.404803594428510216 ) ) ;
#2895 = ORIENTED_EDGE ( 'NONE', *, *, #2973, .T. ) ;
#2896 = DIRECTION ( 'NONE',  ( -0.000000000000000000, 1.000000000000000000, -0.000000000000000000 ) ) ;
#2897 = AXIS2_PLACEMENT_3D ( 'NONE', #3167, #1653, #404 ) ;
#2898 = EDGE_CURVE ( 'NONE', #1252, #457, #2928, .T. ) ;
#2899 = DIRECTION ( 'NONE',  ( 0.000000000000000000, 1.000000000000000000, 0.000000000000000000 ) ) ;
#2900 = CARTESIAN_POINT ( 'NONE',  ( 8.833459118601924231, 10.00000000000000000, 5.099999999999623057 ) ) ;
#2901 = ADVANCED_FACE ( 'NONE', ( #1413 ), #2457, .F. ) ;
#2902 = CYLINDRICAL_SURFACE ( 'NONE', #2502, 1.900000000000000577 ) ;
#2903 = PLANE ( 'NONE',  #1102 ) ;
#2904 = ORIENTED_EDGE ( 'NONE', *, *, #1459, .F. ) ;
#2905 = DIRECTION ( 'NONE',  ( -0.000000000000000000, 1.000000000000000000, -0.000000000000000000 ) ) ;
#2906 = CARTESIAN_POINT ( 'NONE',  ( 0.000000000000000000, 10.00000000000000000, 0.000000000000000000 ) ) ;
#2907 = ORIENTED_EDGE ( 'NONE', *, *, #3057, .F. ) ;
#2908 = DIRECTION ( 'NONE',  ( -0.000000000000000000, -1.000000000000000000, -0.000000000000000000 ) ) ;
#2909 = EDGE_CURVE ( 'NONE', #1865, #842, #1951, .T. ) ;
#2910 = AXIS2_PLACEMENT_3D ( 'NONE', #3181, #2447, #432 ) ;
#2911 = DIRECTION ( 'NONE',  ( 0.000000000000000000, -1.000000000000000000, 0.000000000000000000 ) ) ;
#2912 = ORIENTED_EDGE ( 'NONE', *, *, #908, .T. ) ;
#2913 = EDGE_CURVE ( 'NONE', #2668, #1761, #3158, .T. ) ;
#2914 = VERTEX_POINT ( 'NONE', #972 ) ;
#2915 = AXIS2_PLACEMENT_3D ( 'NONE', #795, #507, #778 ) ;
#2916 = CARTESIAN_POINT ( 'NONE',  ( -7.145587151471926468, 120.0000000000000000, -0.4490769567378771754 ) ) ;
#2917 = ADVANCED_FACE ( 'NONE', ( #195 ), #921, .F. ) ;
#2918 = VECTOR ( 'NONE', #1039, 1000.000000000000227 ) ;
#2919 = VECTOR ( 'NONE', #2198, 1000.000000000000000 ) ;
#2920 = CARTESIAN_POINT ( 'NONE',  ( 13.14982216652516200, 35.00000000000000000, 9.966552914060288870 ) ) ;
#2921 = DIRECTION ( 'NONE',  ( -0.000000000000000000, -1.000000000000000000, -0.000000000000000000 ) ) ;
#2922 = AXIS2_PLACEMENT_3D ( 'NONE', #933, #881, #898 ) ;
#2923 = VERTEX_POINT ( 'NONE', #2670 ) ;
#2924 = DIRECTION ( 'NONE',  ( 0.000000000000000000, -0.000000000000000000, 1.000000000000000000 ) ) ;
#2925 = CARTESIAN_POINT ( 'NONE',  ( 2.020667218593133494E-15, 130.0000000000000000, 16.50000000000000355 ) ) ;
#2926 = VERTEX_POINT ( 'NONE', #441 ) ;
#2927 = DIRECTION ( 'NONE',  ( -0.000000000000000000, -1.000000000000000000, -0.000000000000000000 ) ) ;
#2928 = LINE ( 'NONE', #425, #1014 ) ;
#2929 = ORIENTED_EDGE ( 'NONE', *, *, #984, .F. ) ;
#2930 = LINE ( 'NONE', #197, #1670 ) ;
#2931 = CYLINDRICAL_SURFACE ( 'NONE', #23, 1.900000000000000133 ) ;
#2932 = CARTESIAN_POINT ( 'NONE',  ( 12.50000000000000355, 130.0000000000000000, -1.899999999999958611 ) ) ;
#2933 = DIRECTION ( 'NONE',  ( 0.000000000000000000, -0.000000000000000000, 1.000000000000000000 ) ) ;
#2934 = VECTOR ( 'NONE', #1484, 1000.000000000000000 ) ;
#2935 = PLANE ( 'NONE',  #1979 ) ;
#2936 = ORIENTED_EDGE ( 'NONE', *, *, #516, .F. ) ;
#2937 = CARTESIAN_POINT ( 'NONE',  ( 8.833459118601924231, 120.0000000000000142, 5.099999999999623057 ) ) ;
#2938 = VECTOR ( 'NONE', #409, 1000.000000000000000 ) ;
#2939 = DIRECTION ( 'NONE',  ( 0.000000000000000000, 1.000000000000000000, 0.000000000000000000 ) ) ;
#2940 = CIRCLE ( 'NONE', #2584, 16.50000000000000355 ) ;
#2941 = ORIENTED_EDGE ( 'NONE', *, *, #1093, .F. ) ;
#2942 = VECTOR ( 'NONE', #2803, 1000.000000000000000 ) ;
#2943 = CARTESIAN_POINT ( 'NONE',  ( 2.056376928475379451, 10.00000000000000000, -16.37135650848867030 ) ) ;
#2944 = EDGE_CURVE ( 'NONE', #1070, #149, #1428, .T. ) ;
#2945 = EDGE_CURVE ( 'NONE', #2420, #1239, #3173, .T. ) ;
#2946 = FACE_OUTER_BOUND ( 'NONE', #482, .T. ) ;
#2947 = ORIENTED_EDGE ( 'NONE', *, *, #2780, .T. ) ;
#2948 = ORIENTED_EDGE ( 'NONE', *, *, #570, .T. ) ;
#2949 = DIRECTION ( 'NONE',  ( 0.000000000000000000, 1.000000000000000000, 0.000000000000000000 ) ) ;
#2950 = CARTESIAN_POINT ( 'NONE',  ( 8.833459118601924231, 120.0000000000000142, 7.599999999999623945 ) ) ;
#2951 = DIRECTION ( 'NONE',  ( 0.000000000000000000, 1.000000000000000000, 0.000000000000000000 ) ) ;
#2952 = CARTESIAN_POINT ( 'NONE',  ( -6.250000000000016875, 10.00000000000000000, -12.72531754730547604 ) ) ;
#2953 = ORIENTED_EDGE ( 'NONE', *, *, #2484, .F. ) ;
#2954 = EDGE_CURVE ( 'NONE', #842, #1865, #2112, .T. ) ;
#2955 = CARTESIAN_POINT ( 'NONE',  ( -8.833459118600627491, 120.0000000000000142, 2.600000000000372680 ) ) ;
#2956 = CARTESIAN_POINT ( 'NONE',  ( 8.833459118601924231, 120.0000000000000142, 5.099999999999623057 ) ) ;
#2957 = EDGE_LOOP ( 'NONE', ( #2684, #2364, #3223 ) ) ;
#2958 = DIRECTION ( 'NONE',  ( 0.000000000000000000, 0.000000000000000000, 1.000000000000000000 ) ) ;
#2959 = EDGE_CURVE ( 'NONE', #3142, #1478, #3204, .T. ) ;
#2960 = DIRECTION ( 'NONE',  ( 0.000000000000000000, -0.000000000000000000, 1.000000000000000000 ) ) ;
#2961 = CARTESIAN_POINT ( 'NONE',  ( -12.50000000000000355, 0.000000000000000000, 1.899999999999872680 ) ) ;
#2962 = EDGE_CURVE ( 'NONE', #457, #2062, #246, .T. ) ;
#2963 = VERTEX_POINT ( 'NONE', #989 ) ;
#2964 = VERTEX_POINT ( 'NONE', #2771 ) ;
#2965 = AXIS2_PLACEMENT_3D ( 'NONE', #2968, #2951, #201 ) ;
#2966 = CARTESIAN_POINT ( 'NONE',  ( -13.14982216652536096, 120.0000000000000000, -9.966552914060020640 ) ) ;
#2967 = CARTESIAN_POINT ( 'NONE',  ( -23.90582999313835799, 10.00000000000000000, 13.80203738173985961 ) ) ;
#2968 = CARTESIAN_POINT ( 'NONE',  ( -8.833459118600627491, 120.0000000000000142, 5.100000000000373568 ) ) ;
#2969 = DIRECTION ( 'NONE',  ( 0.000000000000000000, 1.000000000000000000, 0.000000000000000000 ) ) ;
#2970 = ORIENTED_EDGE ( 'NONE', *, *, #1750, .F. ) ;
#2971 = DIRECTION ( 'NONE',  ( 0.9419067486450909410, 0.000000000000000000, -0.3358744956927117720 ) ) ;
#2972 = AXIS2_PLACEMENT_3D ( 'NONE', #2203, #1208, #3193 ) ;
#2973 = EDGE_CURVE ( 'NONE', #1829, #172, #1177, .T. ) ;
#2974 = CARTESIAN_POINT ( 'NONE',  ( 13.14982216652516200, 95.00000000000000000, 9.966552914060292423 ) ) ;
#2975 = AXIS2_PLACEMENT_3D ( 'NONE', #1393, #2414, #141 ) ;
#2976 = ORIENTED_EDGE ( 'NONE', *, *, #1554, .F. ) ;
#2977 = DIRECTION ( 'NONE',  ( 0.000000000000000000, 1.000000000000000000, 0.000000000000000000 ) ) ;
#2978 = DIRECTION ( 'NONE',  ( 0.000000000000000000, 0.000000000000000000, 1.000000000000000000 ) ) ;
#2979 = ORIENTED_EDGE ( 'NONE', *, *, #466, .F. ) ;
#2980 = PLANE ( 'NONE',  #2915 ) ;
#2981 = DIRECTION ( 'NONE',  ( -0.000000000000000000, -1.000000000000000000, -0.000000000000000000 ) ) ;
#2982 = VERTEX_POINT ( 'NONE', #1967 ) ;
#2983 = PLANE ( 'NONE',  #2839 ) ;
#2984 = CARTESIAN_POINT ( 'NONE',  ( -15.20619909500056188, 35.00000000000000000, 6.404803594428502223 ) ) ;
#2985 = VERTEX_POINT ( 'NONE', #11 ) ;
#2986 = LINE ( 'NONE', #2955, #3041 ) ;
#2987 = FACE_BOUND ( 'NONE', #1509, .T. ) ;
#2988 = CIRCLE ( 'NONE', #1536, 2.500000000000000444 ) ;
#2989 = VERTEX_POINT ( 'NONE', #1242 ) ;
#2990 = CARTESIAN_POINT ( 'NONE',  ( -13.14982216652547820, 120.0000000000000000, 9.966552914059862545 ) ) ;
#2991 = CIRCLE ( 'NONE', #2884, 22.00000000000000711 ) ;
#2992 = CIRCLE ( 'NONE', #3145, 1.900000000000000133 ) ;
#2993 = DIRECTION ( 'NONE',  ( 0.000000000000000000, 0.000000000000000000, 1.000000000000000000 ) ) ;
#2994 = CARTESIAN_POINT ( 'NONE',  ( 23.90582999313836510, 35.00000000000000000, 13.80203738173986849 ) ) ;
#2995 = CIRCLE ( 'NONE', #2061, 22.00000000000001776 ) ;
#2996 = ORIENTED_EDGE ( 'NONE', *, *, #2705, .T. ) ;
#2997 =( NAMED_UNIT ( * ) SI_UNIT ( $, .STERADIAN. ) SOLID_ANGLE_UNIT ( ) );
#2998 = AXIS2_PLACEMENT_3D ( 'NONE', #1802, #1328, #589 ) ;
#2999 = CARTESIAN_POINT ( 'NONE',  ( -23.90582999313835799, 35.00000000000000000, 13.80203738173985961 ) ) ;
#3000 = ORIENTED_EDGE ( 'NONE', *, *, #1830, .T. ) ;
#3001 = CARTESIAN_POINT ( 'NONE',  ( 8.833459118601924231, 0.000000000000000000, 5.099999999999623057 ) ) ;
#3002 = EDGE_CURVE ( 'NONE', #3142, #973, #1723, .T. ) ;
#3003 = EDGE_LOOP ( 'NONE', ( #2541, #104, #2246, #2308 ) ) ;
#3004 = ADVANCED_FACE ( 'NONE', ( #1006 ), #2235, .F. ) ;
#3005 = VERTEX_POINT ( 'NONE', #727 ) ;
#3006 = CARTESIAN_POINT ( 'NONE',  ( 2.020667218593133494E-15, 120.0000000000000000, 16.50000000000000355 ) ) ;
#3007 = CARTESIAN_POINT ( 'NONE',  ( -3.183881522946685472, 95.00000000000000000, 6.412798476499522060 ) ) ;
#3008 = VERTEX_POINT ( 'NONE', #3011 ) ;
#3009 = FACE_OUTER_BOUND ( 'NONE', #820, .T. ) ;
#3010 = CARTESIAN_POINT ( 'NONE',  ( -2.056376928474852317, 120.0000000000000000, -16.37135650848873070 ) ) ;
#3011 = CARTESIAN_POINT ( 'NONE',  ( 6.250000000000010658, 10.00000000000000000, -12.72531754730547782 ) ) ;
#3012 = ORIENTED_EDGE ( 'NONE', *, *, #894, .T. ) ;
#3013 = VECTOR ( 'NONE', #758, 1000.000000000000000 ) ;
#3014 = CYLINDRICAL_SURFACE ( 'NONE', #216, 21.99999999999997868 ) ;
#3015 = EDGE_CURVE ( 'NONE', #1370, #1297, #2266, .T. ) ;
#3016 = EDGE_CURVE ( 'NONE', #904, #611, #2421, .T. ) ;
#3017 = LINE ( 'NONE', #780, #2317 ) ;
#3018 = VECTOR ( 'NONE', #718, 1000.000000000000000 ) ;
#3019 = DIRECTION ( 'NONE',  ( 0.000000000000000000, 0.000000000000000000, 1.000000000000000000 ) ) ;
#3020 = ORIENTED_EDGE ( 'NONE', *, *, #1508, .T. ) ;
#3021 = EDGE_LOOP ( 'NONE', ( #675, #2342 ) ) ;
#3022 = EDGE_CURVE ( 'NONE', #1580, #671, #2375, .T. ) ;
#3023 = FACE_OUTER_BOUND ( 'NONE', #2867, .T. ) ;
#3024 = DIRECTION ( 'NONE',  ( 0.000000000000000000, 1.000000000000000000, 0.000000000000000000 ) ) ;
#3025 = ORIENTED_EDGE ( 'NONE', *, *, #2673, .F. ) ;
#3026 = DIRECTION ( 'NONE',  ( 0.000000000000000000, 0.000000000000000000, 1.000000000000000000 ) ) ;
#3027 = VECTOR ( 'NONE', #2641, 1000.000000000000000 ) ;
#3028 = CIRCLE ( 'NONE', #1623, 21.99999999999991473 ) ;
#3029 = DIRECTION ( 'NONE',  ( -0.000000000000000000, -1.000000000000000000, -0.000000000000000000 ) ) ;
#3030 = EDGE_LOOP ( 'NONE', ( #299, #1716, #1567 ) ) ;
#3031 = DIRECTION ( 'NONE',  ( 0.000000000000000000, 0.000000000000000000, -1.000000000000000000 ) ) ;
#3032 = FACE_BOUND ( 'NONE', #2321, .T. ) ;
#3033 = CARTESIAN_POINT ( 'NONE',  ( -8.833459118600627491, 10.00000000000000000, 5.100000000000373568 ) ) ;
#3034 = ORIENTED_EDGE ( 'NONE', *, *, #3185, .F. ) ;
#3035 = DIRECTION ( 'NONE',  ( 0.000000000000000000, 0.000000000000000000, 1.000000000000000000 ) ) ;
#3036 = ORIENTED_EDGE ( 'NONE', *, *, #373, .T. ) ;
#3037 = VERTEX_POINT ( 'NONE', #2478 ) ;
#3038 = LINE ( 'NONE', #3103, #3149 ) ;
#3039 = FACE_OUTER_BOUND ( 'NONE', #1400, .T. ) ;
#3040 = ORIENTED_EDGE ( 'NONE', *, *, #2434, .F. ) ;
#3041 = VECTOR ( 'NONE', #2490, 1000.000000000000000 ) ;
#3042 = DIRECTION ( 'NONE',  ( -0.000000000000000000, -1.000000000000000000, -0.000000000000000000 ) ) ;
#3043 = EDGE_CURVE ( 'NONE', #102, #1818, #240, .T. ) ;
#3044 = ORIENTED_EDGE ( 'NONE', *, *, #1226, .T. ) ;
#3045 = AXIS2_PLACEMENT_3D ( 'NONE', #1322, #3064, #1387 ) ;
#3046 = CARTESIAN_POINT ( 'NONE',  ( 0.000000000000000000, 0.000000000000000000, -7.699999999999998401 ) ) ;
#3047 = EDGE_CURVE ( 'NONE', #1414, #103, #64, .T. ) ;
#3048 = AXIS2_PLACEMENT_3D ( 'NONE', #1745, #512, #1502 ) ;
#3049 = CIRCLE ( 'NONE', #810, 1.900000000000000577 ) ;
#3050 = CARTESIAN_POINT ( 'NONE',  ( 23.90582999313836510, 35.00000000000000000, 13.80203738173986849 ) ) ;
#3051 = CYLINDRICAL_SURFACE ( 'NONE', #1930, 16.50000000000000000 ) ;
#3052 = CIRCLE ( 'NONE', #343, 1.900000000000000133 ) ;
#3053 = VERTEX_POINT ( 'NONE', #276 ) ;
#3054 = ORIENTED_EDGE ( 'NONE', *, *, #2806, .T. ) ;
#3055 = DIRECTION ( 'NONE',  ( -0.000000000000000000, -1.000000000000000000, -0.000000000000000000 ) ) ;
#3056 = DIRECTION ( 'NONE',  ( 0.000000000000000000, 1.000000000000000000, 0.000000000000000000 ) ) ;
#3057 = EDGE_CURVE ( 'NONE', #3037, #2914, #1853, .T. ) ;
#3058 = ORIENTED_EDGE ( 'NONE', *, *, #2137, .T. ) ;
#3059 = CARTESIAN_POINT ( 'NONE',  ( 15.20619909500035050, 35.00000000000000000, 6.404803594429000491 ) ) ;
#3060 = DIRECTION ( 'NONE',  ( -0.000000000000000000, 1.000000000000000000, -0.000000000000000000 ) ) ;
#3061 = ORIENTED_EDGE ( 'NONE', *, *, #1812, .F. ) ;
#3062 = CARTESIAN_POINT ( 'NONE',  ( 13.14982216652516023, 120.0000000000000000, 9.966552914060288870 ) ) ;
#3063 = ADVANCED_FACE ( 'NONE', ( #1040, #305, #536, #1773 ), #2035, .T. ) ;
#3064 = DIRECTION ( 'NONE',  ( 0.000000000000000000, 1.000000000000000000, 0.000000000000000000 ) ) ;
#3065 = DIRECTION ( 'NONE',  ( 0.000000000000000000, 0.000000000000000000, 1.000000000000000000 ) ) ;
#3066 = ORIENTED_EDGE ( 'NONE', *, *, #868, .F. ) ;
#3067 = VERTEX_POINT ( 'NONE', #793 ) ;
#3068 = ORIENTED_EDGE ( 'NONE', *, *, #1993, .T. ) ;
#3069 = CYLINDRICAL_SURFACE ( 'NONE', #2323, 21.99999999999998579 ) ;
#3070 = CIRCLE ( 'NONE', #208, 1.900000000000000577 ) ;
#3071 = CARTESIAN_POINT ( 'NONE',  ( 7.145587151472010845, 120.0000000000000000, -0.4490769567380460403 ) ) ;
#3072 = EDGE_LOOP ( 'NONE', ( #2904, #2119, #1655, #506 ) ) ;
#3073 = LINE ( 'NONE', #125, #985 ) ;
#3074 = EDGE_CURVE ( 'NONE', #597, #1297, #1641, .T. ) ;
#3075 = CARTESIAN_POINT ( 'NONE',  ( -2.056376928475224908, 95.00000000000000000, 16.37135650848868806 ) ) ;
#3076 = CLOSED_SHELL ( 'NONE', ( #2768, #393, #2368, #2363, #1045, #1213, #3106, #946, #1759, #807, #1521, #1647, #2665, #363, #2044, #1917, #472, #2275, #731, #1788, #2849, #2723, #1619, #1748, #1292, #844, #1372, #2917, #2339, #297, #3004, #152, #1001, #604, #606, #2243, #2004, #3063, #1553, #1665, #689, #14, #1274, #3140, #1466, #1314, #315, #1564, #1418, #1173, #2681, #2610, #1791, #2387, #1996, #1389, #2570, #1820, #537, #120, #2531, #1479, #2458, #2125, #743, #559, #218, #429, #2514, #199, #355, #100, #1073, #1287, #264, #1811, #134, #801, #2090, #255, #3114, #198, #2580, #2901, #886, #2385, #1523, #705, #2583, #2051, #970, #2063, #2188, #869, #2465, #1846, #1963, #1657, #2144, #1926, #2170, #2202, #876, #1707, #882, #268, #1275, #1766, #1353, #1860, #2291, #119, #2305, #650 ) ) ;
#3077 = EDGE_LOOP ( 'NONE', ( #3093, #2036, #2237, #3141 ) ) ;
#3078 = DIRECTION ( 'NONE',  ( 1.000000000000000000, 0.000000000000000000, 3.374329777689453414E-15 ) ) ;
#3079 = CIRCLE ( 'NONE', #578, 2.500000000000000444 ) ;
#3080 = AXIS2_PLACEMENT_3D ( 'NONE', #1674, #2652, #3156 ) ;
#3081 = CARTESIAN_POINT ( 'NONE',  ( 8.833459118601924231, 10.00000000000000000, 5.099999999999623057 ) ) ;
#3082 = AXIS2_PLACEMENT_3D ( 'NONE', #519, #2939, #223 ) ;
#3083 = ORIENTED_EDGE ( 'NONE', *, *, #2289, .T. ) ;
#3084 = CARTESIAN_POINT ( 'NONE',  ( 15.20619909500034872, 120.0000000000000000, 6.404803594428997826 ) ) ;
#3085 = VERTEX_POINT ( 'NONE', #1547 ) ;
#3086 = EDGE_CURVE ( 'NONE', #2459, #2611, #1230, .T. ) ;
#3087 = ORIENTED_EDGE ( 'NONE', *, *, #28, .T. ) ;
#3088 = DIRECTION ( 'NONE',  ( -0.4999999999999991118, -0.000000000000000000, -0.8660254037844391517 ) ) ;
#3089 = DIRECTION ( 'NONE',  ( -0.000000000000000000, 1.000000000000000000, -0.000000000000000000 ) ) ;
#3090 = EDGE_LOOP ( 'NONE', ( #549, #846 ) ) ;
#3091 = CARTESIAN_POINT ( 'NONE',  ( 0.000000000000000000, 130.0000000000000000, 0.000000000000000000 ) ) ;
#3092 = CARTESIAN_POINT ( 'NONE',  ( -6.250000000000016875, 120.0000000000000142, -10.82531754730547568 ) ) ;
#3093 = ORIENTED_EDGE ( 'NONE', *, *, #2300, .T. ) ;
#3094 = DIRECTION ( 'NONE',  ( 0.000000000000000000, 0.000000000000000000, 1.000000000000000000 ) ) ;
#3095 = DIRECTION ( 'NONE',  ( 0.000000000000000000, 0.000000000000000000, 1.000000000000000000 ) ) ;
#3096 = AXIS2_PLACEMENT_3D ( 'NONE', #796, #747, #1008 ) ;
#3097 = ORIENTED_EDGE ( 'NONE', *, *, #2467, .F. ) ;
#3098 = VECTOR ( 'NONE', #455, 1000.000000000000000 ) ;
#3099 = AXIS2_PLACEMENT_3D ( 'NONE', #2094, #850, #608 ) ;
#3100 = CYLINDRICAL_SURFACE ( 'NONE', #1152, 21.99999999999991473 ) ;
#3101 = ORIENTED_EDGE ( 'NONE', *, *, #639, .F. ) ;
#3102 = AXIS2_PLACEMENT_3D ( 'NONE', #2310, #809, #2817 ) ;
#3103 = CARTESIAN_POINT ( 'NONE',  ( -2.056376928474851873, 35.00000000000000000, -16.37135650848873780 ) ) ;
#3104 = EDGE_CURVE ( 'NONE', #904, #193, #2995, .T. ) ;
#3105 = CARTESIAN_POINT ( 'NONE',  ( 23.90582999313836510, 35.00000000000000000, 13.80203738173986849 ) ) ;
#3106 = ADVANCED_FACE ( 'NONE', ( #126 ), #79, .F. ) ;
#3107 = ORIENTED_EDGE ( 'NONE', *, *, #366, .F. ) ;
#3108 = FACE_OUTER_BOUND ( 'NONE', #655, .T. ) ;
#3109 = DIRECTION ( 'NONE',  ( 1.000000000000000000, 0.000000000000000000, 1.602806644402506494E-14 ) ) ;
#3110 = ORIENTED_EDGE ( 'NONE', *, *, #3150, .F. ) ;
#3111 = LINE ( 'NONE', #147, #786 ) ;
#3112 = CARTESIAN_POINT ( 'NONE',  ( 15.20619909500049083, 120.0000000000000000, -6.404803594428666536 ) ) ;
#3113 = ORIENTED_EDGE ( 'NONE', *, *, #2185, .T. ) ;
#3114 = ADVANCED_FACE ( 'NONE', ( #2344 ), #2052, .F. ) ;
#3115 = ORIENTED_EDGE ( 'NONE', *, *, #496, .F. ) ;
#3116 = DIRECTION ( 'NONE',  ( 0.000000000000000000, 1.000000000000000000, 0.000000000000000000 ) ) ;
#3117 = CARTESIAN_POINT ( 'NONE',  ( 0.000000000000000000, 0.000000000000000000, 0.000000000000000000 ) ) ;
#3118 = EDGE_CURVE ( 'NONE', #1024, #149, #2008, .T. ) ;
#3119 = FACE_OUTER_BOUND ( 'NONE', #3090, .T. ) ;
#3120 = EDGE_LOOP ( 'NONE', ( #3166, #3107, #2058, #2778 ) ) ;
#3121 = DIRECTION ( 'NONE',  ( 0.000000000000000000, -1.000000000000000000, 0.000000000000000000 ) ) ;
#3122 = AXIS2_PLACEMENT_3D ( 'NONE', #2592, #612, #880 ) ;
#3123 = CARTESIAN_POINT ( 'NONE',  ( 15.20619909500035050, 35.00000000000000000, 6.404803594429000491 ) ) ;
#3124 = ORIENTED_EDGE ( 'NONE', *, *, #1115, .F. ) ;
#3125 = FACE_OUTER_BOUND ( 'NONE', #1216, .T. ) ;
#3126 = DIRECTION ( 'NONE',  ( -0.000000000000000000, 1.000000000000000000, -0.000000000000000000 ) ) ;
#3127 = DIRECTION ( 'NONE',  ( 0.000000000000000000, 1.000000000000000000, 0.000000000000000000 ) ) ;
#3128 = ORIENTED_EDGE ( 'NONE', *, *, #1627, .T. ) ;
#3129 = AXIS2_PLACEMENT_3D ( 'NONE', #1214, #1715, #1989 ) ;
#3130 = ORIENTED_EDGE ( 'NONE', *, *, #2785, .F. ) ;
#3131 = PLANE ( 'NONE',  #1541 ) ;
#3132 = DIRECTION ( 'NONE',  ( 0.000000000000000000, 0.000000000000000000, 1.000000000000000000 ) ) ;
#3133 = EDGE_LOOP ( 'NONE', ( #561, #1646, #3201, #1609 ) ) ;
#3134 = CARTESIAN_POINT ( 'NONE',  ( 0.000000000000000000, 120.0000000000000000, 0.000000000000000000 ) ) ;
#3135 = CARTESIAN_POINT ( 'NONE',  ( 13.14982216652516023, 120.0000000000000000, 9.966552914060288870 ) ) ;
#3136 = ORIENTED_EDGE ( 'NONE', *, *, #2049, .T. ) ;
#3137 = CARTESIAN_POINT ( 'NONE',  ( -6.250000000000016875, 130.0000000000000000, -10.82531754730547568 ) ) ;
#3138 = EDGE_CURVE ( 'NONE', #3067, #1103, #396, .T. ) ;
#3139 = CARTESIAN_POINT ( 'NONE',  ( 0.000000000000000000, 10.00000000000000000, -7.699999999999998401 ) ) ;
#3140 = ADVANCED_FACE ( 'NONE', ( #1350 ), #870, .F. ) ;
#3141 = ORIENTED_EDGE ( 'NONE', *, *, #2099, .T. ) ;
#3142 = VERTEX_POINT ( 'NONE', #1107 ) ;
#3143 = VECTOR ( 'NONE', #1817, 1000.000000000000000 ) ;
#3144 = CARTESIAN_POINT ( 'NONE',  ( 15.20619909500034872, 10.00000000000000000, 6.404803594428997826 ) ) ;
#3145 = AXIS2_PLACEMENT_3D ( 'NONE', #2646, #2171, #945 ) ;
#3146 = CARTESIAN_POINT ( 'NONE',  ( -3.183881522946685472, 120.0000000000000000, 6.412798476499522060 ) ) ;
#3147 = CIRCLE ( 'NONE', #1746, 22.00000000000000711 ) ;
#3149 = VECTOR ( 'NONE', #2064, 1000.000000000000227 ) ;
#3148 = FACE_BOUND ( 'NONE', #1869, .T. ) ;
#3150 = EDGE_CURVE ( 'NONE', #1083, #2645, #369, .T. ) ;
#3151 = ORIENTED_EDGE ( 'NONE', *, *, #1662, .F. ) ;
#3152 = FACE_OUTER_BOUND ( 'NONE', #332, .T. ) ;
#3153 = EDGE_CURVE ( 'NONE', #3159, #487, #1380, .T. ) ;
#3154 = LINE ( 'NONE', #2143, #2616 ) ;
#3155 = ORIENTED_EDGE ( 'NONE', *, *, #2331, .T. ) ;
#3156 = DIRECTION ( 'NONE',  ( 0.000000000000000000, 0.000000000000000000, 1.000000000000000000 ) ) ;
#3157 = EDGE_CURVE ( 'NONE', #1203, #1098, #2100, .T. ) ;
#3158 = LINE ( 'NONE', #677, #1848 ) ;
#3159 = VERTEX_POINT ( 'NONE', #625 ) ;
#3160 = EDGE_CURVE ( 'NONE', #2989, #2963, #499, .T. ) ;
#3161 = EDGE_LOOP ( 'NONE', ( #1376, #1927, #1084, #3087 ) ) ;
#3162 = FACE_OUTER_BOUND ( 'NONE', #2779, .T. ) ;
#3163 = CYLINDRICAL_SURFACE ( 'NONE', #673, 1.900000000000000133 ) ;
#3164 = VECTOR ( 'NONE', #947, 1000.000000000000000 ) ;
#3165 = CARTESIAN_POINT ( 'NONE',  ( 0.000000000000000000, 95.00000000000000000, 0.000000000000000000 ) ) ;
#3166 = ORIENTED_EDGE ( 'NONE', *, *, #258, .T. ) ;
#3167 = CARTESIAN_POINT ( 'NONE',  ( 8.833459118601924231, 120.0000000000000142, 5.099999999999623057 ) ) ;
#3168 = LINE ( 'NONE', #3135, #2095 ) ;
#3169 = ORIENTED_EDGE ( 'NONE', *, *, #1192, .F. ) ;
#3170 = AXIS2_PLACEMENT_3D ( 'NONE', #550, #1545, #2542 ) ;
#3171 = FACE_OUTER_BOUND ( 'NONE', #2381, .T. ) ;
#3172 = AXIS2_PLACEMENT_3D ( 'NONE', #2473, #867, #821 ) ;
#3173 = LINE ( 'NONE', #2961, #960 ) ;
#3174 = ORIENTED_EDGE ( 'NONE', *, *, #828, .F. ) ;
#3175 = ORIENTED_EDGE ( 'NONE', *, *, #700, .F. ) ;
#3176 = DIRECTION ( 'NONE',  ( 0.000000000000000000, 1.000000000000000000, 0.000000000000000000 ) ) ;
#3177 = VECTOR ( 'NONE', #2702, 1000.000000000000000 ) ;
#3178 = CARTESIAN_POINT ( 'NONE',  ( 3.183881522946681031, 10.00000000000000000, 6.412798476499188105 ) ) ;
#3179 = VECTOR ( 'NONE', #554, 1000.000000000000000 ) ;
#3180 = AXIS2_PLACEMENT_3D ( 'NONE', #628, #599, #1581 ) ;
#3181 = CARTESIAN_POINT ( 'NONE',  ( 0.000000000000000000, 120.0000000000000000, 0.000000000000000000 ) ) ;
#3182 = EDGE_CURVE ( 'NONE', #678, #1070, #556, .T. ) ;
#3183 = CARTESIAN_POINT ( 'NONE',  ( -12.50000000000000355, 120.0000000000000142, -1.275021754842953214E-13 ) ) ;
#3184 = VECTOR ( 'NONE', #951, 1000.000000000000000 ) ;
#3185 = EDGE_CURVE ( 'NONE', #1042, #3085, #2536, .T. ) ;
#3186 = ORIENTED_EDGE ( 'NONE', *, *, #2626, .F. ) ;
#3187 = FACE_OUTER_BOUND ( 'NONE', #3030, .T. ) ;
#3188 = CARTESIAN_POINT ( 'NONE',  ( 6.249999999999939604, 120.0000000000000142, 8.925317547305521515 ) ) ;
#3189 = ORIENTED_EDGE ( 'NONE', *, *, #2549, .F. ) ;
#3190 = DIRECTION ( 'NONE',  ( -0.000000000000000000, -1.000000000000000000, -0.000000000000000000 ) ) ;
#3191 = DIRECTION ( 'NONE',  ( -0.7618292200757567079, -0.000000000000000000, 0.6477779244762545963 ) ) ;
#3192 = ORIENTED_EDGE ( 'NONE', *, *, #1528, .T. ) ;
#3193 = DIRECTION ( 'NONE',  ( 0.000000000000000000, 0.000000000000000000, 1.000000000000000000 ) ) ;
#3194 = EDGE_CURVE ( 'NONE', #2622, #3, #860, .T. ) ;
#3195 = DIRECTION ( 'NONE',  ( -0.000000000000000000, -1.000000000000000000, -0.000000000000000000 ) ) ;
#3196 = FACE_OUTER_BOUND ( 'NONE', #112, .T. ) ;
#3197 = AXIS2_PLACEMENT_3D ( 'NONE', #2763, #2279, #1946 ) ;
#3198 = LINE ( 'NONE', #2430, #106 ) ;
#3199 = DIRECTION ( 'NONE',  ( 0.000000000000000000, 0.000000000000000000, 1.000000000000000000 ) ) ;
#3200 = AXIS2_PLACEMENT_3D ( 'NONE', #2721, #140, #488 ) ;
#3201 = ORIENTED_EDGE ( 'NONE', *, *, #639, .T. ) ;
#3202 = CARTESIAN_POINT ( 'NONE',  ( -6.250000000000094147, 10.00000000000000000, 12.72531754730543874 ) ) ;
#3203 = EDGE_CURVE ( 'NONE', #2356, #1761, #3049, .T. ) ;
#3204 = CIRCLE ( 'NONE', #1800, 1.900000000000000577 ) ;
#3205 = EDGE_CURVE ( 'NONE', #452, #367, #96, .T. ) ;
#3206 = CARTESIAN_POINT ( 'NONE',  ( 7.145587151472010845, 35.00000000000000000, -0.4490769567380460403 ) ) ;
#3207 = CIRCLE ( 'NONE', #1124, 2.500000000000000444 ) ;
#3208 = ORIENTED_EDGE ( 'NONE', *, *, #2620, .F. ) ;
#3209 = AXIS2_PLACEMENT_3D ( 'NONE', #1790, #2787, #555 ) ;
#3210 = CARTESIAN_POINT ( 'NONE',  ( -7.145587151471913145, 120.0000000000000000, -0.4490769567378899429 ) ) ;
#3211 = DIRECTION ( 'NONE',  ( -0.000000000000000000, 1.000000000000000000, -0.000000000000000000 ) ) ;
#3212 = ORIENTED_EDGE ( 'NONE', *, *, #1568, .T. ) ;
#3213 = ORIENTED_EDGE ( 'NONE', *, *, #971, .T. ) ;
#3214 = DIRECTION ( 'NONE',  ( 0.000000000000000000, 1.000000000000000000, 0.000000000000000000 ) ) ;
#3215 = DIRECTION ( 'NONE',  ( -0.000000000000000000, 1.000000000000000000, -0.000000000000000000 ) ) ;
#3216 = EDGE_CURVE ( 'NONE', #3159, #2964, #3147, .T. ) ;
#3217 = CARTESIAN_POINT ( 'NONE',  ( 0.000000000000000000, 10.00000000000000000, 0.000000000000000000 ) ) ;
#3218 = CYLINDRICAL_SURFACE ( 'NONE', #1878, 2.500000000000000444 ) ;
#3219 = ORIENTED_EDGE ( 'NONE', *, *, #1888, .T. ) ;
#3220 = DIRECTION ( 'NONE',  ( 0.000000000000000000, 0.000000000000000000, 1.000000000000000000 ) ) ;
#3221 = EDGE_CURVE ( 'NONE', #1088, #2287, #2685, .T. ) ;
#3222 = FACE_BOUND ( 'NONE', #16, .T. ) ;
#3223 = ORIENTED_EDGE ( 'NONE', *, *, #2810, .T. ) ;
#3224 = CARTESIAN_POINT ( 'NONE',  ( -13.14982216652536451, 35.00000000000000000, -9.966552914060022417 ) ) ;
#3225 = FACE_OUTER_BOUND ( 'NONE', #633, .T. ) ;
#3226 = DIRECTION ( 'NONE',  ( 0.000000000000000000, 0.000000000000000000, 1.000000000000000000 ) ) ;
#3227 = ORIENTED_EDGE ( 'NONE', *, *, #2424, .F. ) ;
#3228 = ORIENTED_EDGE ( 'NONE', *, *, #2501, .F. ) ;
#3229 = AXIS2_PLACEMENT_3D ( 'NONE', #2374, #333, #94 ) ;
#3230 = FACE_BOUND ( 'NONE', #939, .T. ) ;
#3231 = VERTEX_POINT ( 'NONE', #3075 ) ;
ENDSEC;
END-ISO-10303-21;
