ISO-10303-21;
HEADER;
FILE_DESCRIPTION (( 'STEP AP214' ),
    '1' );
FILE_NAME ('电机对拖平台-底座.STEP',
    '2026-09-11T06:40:31',
    ( '' ),
    ( '' ),
    'SwSTEP 2.0',
    'SolidWorks 2025',
    '' );
FILE_SCHEMA (( 'AUTOMOTIVE_DESIGN' ));
ENDSEC;

DATA;
#1 = CIRCLE ( 'NONE', #2900, 3.099999999999991651 ) ;
#2 = LINE ( 'NONE', #4040, #3808 ) ;
#3 = CONICAL_SURFACE ( 'NONE', #665, 3.250000000000030642, 0.7853981633974560506 ) ;
#4 = ORIENTED_EDGE ( 'NONE', *, *, #5026, .T. ) ;
#5 = DIRECTION ( 'NONE',  ( 0.000000000000000000, 1.000000000000000000, 0.000000000000000000 ) ) ;
#6 = CIRCLE ( 'NONE', #2662, 2.099999999999935252 ) ;
#7 = CIRCLE ( 'NONE', #3573, 4.999999999999976907 ) ;
#8 = VECTOR ( 'NONE', #154, 1000.000000000000000 ) ;
#9 = FACE_OUTER_BOUND ( 'NONE', #3220, .T. ) ;
#10 = ORIENTED_EDGE ( 'NONE', *, *, #1127, .T. ) ;
#11 = CIRCLE ( 'NONE', #1664, 2.750000000000002665 ) ;
#12 = DIRECTION ( 'NONE',  ( 1.000000000000000000, 0.000000000000000000, 0.000000000000000000 ) ) ;
#13 = AXIS2_PLACEMENT_3D ( 'NONE', #122, #1286, #3765 ) ;
#14 = CARTESIAN_POINT ( 'NONE',  ( 82.50000000000004263, 24.99999999999999645, 8.000000000000007105 ) ) ;
#15 = ORIENTED_EDGE ( 'NONE', *, *, #2775, .F. ) ;
#16 = CARTESIAN_POINT ( 'NONE',  ( 89.50000000000005684, 11.90000000000000036, 20.00000000000000000 ) ) ;
#17 = LINE ( 'NONE', #3182, #3502 ) ;
#18 = EDGE_LOOP ( 'NONE', ( #619, #937, #4840, #5146 ) ) ;
#19 = DIRECTION ( 'NONE',  ( 0.000000000000000000, 0.000000000000000000, -1.000000000000000000 ) ) ;
#20 = CARTESIAN_POINT ( 'NONE',  ( 86.00000000000000000, 15.00000000000000178, 216.9999999999999716 ) ) ;
#21 = EDGE_CURVE ( 'NONE', #2378, #186, #382, .T. ) ;
#22 = ADVANCED_FACE ( 'NONE', ( #4397, #820 ), #42, .F. ) ;
#23 = CARTESIAN_POINT ( 'NONE',  ( -82.50000000000004263, 24.99999999999999645, 8.000000000000028422 ) ) ;
#24 = EDGE_CURVE ( 'NONE', #3789, #5045, #2819, .T. ) ;
#25 = ORIENTED_EDGE ( 'NONE', *, *, #2620, .F. ) ;
#26 = CARTESIAN_POINT ( 'NONE',  ( -79.33333333333327175, 19.33333333333351334, 259.6666666666665151 ) ) ;
#27 = ORIENTED_EDGE ( 'NONE', *, *, #4731, .F. ) ;
#28 = ORIENTED_EDGE ( 'NONE', *, *, #2756, .T. ) ;
#29 = CARTESIAN_POINT ( 'NONE',  ( 82.50000000000002842, 24.49999999999999289, 242.0000000000000000 ) ) ;
#30 = DIRECTION ( 'NONE',  ( 1.000000000000000000, 0.000000000000000000, 0.000000000000000000 ) ) ;
#31 = VERTEX_POINT ( 'NONE', #2374 ) ;
#32 = CARTESIAN_POINT ( 'NONE',  ( 72.23606797749977204, 27.99999999999999645, 250.0000000000000000 ) ) ;
#33 = LINE ( 'NONE', #1615, #5001 ) ;
#34 = ORIENTED_EDGE ( 'NONE', *, *, #3943, .T. ) ;
#35 = CARTESIAN_POINT ( 'NONE',  ( 90.00000000000000000, 11.40000000000005542, 184.9999999999999716 ) ) ;
#36 = CARTESIAN_POINT ( 'NONE',  ( -90.00000000000000000, 30.00000000000000000, 249.0000000000000568 ) ) ;
#37 = EDGE_LOOP ( 'NONE', ( #3728, #1868, #4116, #3061 ) ) ;
#38 = DIRECTION ( 'NONE',  ( 0.000000000000000000, -1.000000000000000000, 0.000000000000000000 ) ) ;
#39 = DIRECTION ( 'NONE',  ( -0.7071067811865279218, 0.7071067811865671127, 0.000000000000000000 ) ) ;
#40 = CARTESIAN_POINT ( 'NONE',  ( -75.50000000000009948, 15.00000000000000178, 232.9999999999999716 ) ) ;
#41 = LINE ( 'NONE', #1207, #4732 ) ;
#42 = PLANE ( 'NONE',  #2242 ) ;
#43 = EDGE_CURVE ( 'NONE', #2022, #3889, #4734, .T. ) ;
#44 = LINE ( 'NONE', #1625, #2821 ) ;
#45 = EDGE_CURVE ( 'NONE', #3841, #3037, #4456, .T. ) ;
#46 = ORIENTED_EDGE ( 'NONE', *, *, #2716, .T. ) ;
#47 = ORIENTED_EDGE ( 'NONE', *, *, #2051, .T. ) ;
#48 = CARTESIAN_POINT ( 'NONE',  ( 86.00000000000000000, 12.90000000000006075, 184.9999999999999716 ) ) ;
#49 = CARTESIAN_POINT ( 'NONE',  ( -75.00000000000000000, 15.00000000000000178, 216.9999999999999716 ) ) ;
#50 = ORIENTED_EDGE ( 'NONE', *, *, #4543, .T. ) ;
#51 = DIRECTION ( 'NONE',  ( 1.000000000000000000, 0.000000000000000000, 0.000000000000000000 ) ) ;
#52 = AXIS2_PLACEMENT_3D ( 'NONE', #357, #1939, #3506 ) ;
#53 = LINE ( 'NONE', #424, #4914 ) ;
#54 = ORIENTED_EDGE ( 'NONE', *, *, #4637, .T. ) ;
#55 = DIRECTION ( 'NONE',  ( -0.000000000000000000, -1.000000000000000000, -0.000000000000000000 ) ) ;
#56 = DIRECTION ( 'NONE',  ( 0.000000000000000000, -0.000000000000000000, -1.000000000000000000 ) ) ;
#57 = AXIS2_PLACEMENT_3D ( 'NONE', #2685, #2765, #685 ) ;
#58 = VECTOR ( 'NONE', #5036, 1000.000000000000000 ) ;
#59 = ORIENTED_EDGE ( 'NONE', *, *, #3099, .T. ) ;
#60 = FACE_OUTER_BOUND ( 'NONE', #3999, .T. ) ;
#61 = FACE_OUTER_BOUND ( 'NONE', #1532, .T. ) ;
#62 = EDGE_LOOP ( 'NONE', ( #5011, #4643 ) ) ;
#63 = PLANE ( 'NONE',  #4907 ) ;
#64 = AXIS2_PLACEMENT_3D ( 'NONE', #4062, #30, #4403 ) ;
#65 = ORIENTED_EDGE ( 'NONE', *, *, #113, .T. ) ;
#66 = DIRECTION ( 'NONE',  ( -0.000000000000000000, 1.000000000000000000, -0.000000000000000000 ) ) ;
#67 = VERTEX_POINT ( 'NONE', #1624 ) ;
#68 = EDGE_LOOP ( 'NONE', ( #4625, #3310 ) ) ;
#69 = ORIENTED_EDGE ( 'NONE', *, *, #3604, .T. ) ;
#70 = LINE ( 'NONE', #4848, #1248 ) ;
#71 = CARTESIAN_POINT ( 'NONE',  ( -82.50000000000002842, 29.50000000000003553, 12.50000000000003197 ) ) ;
#72 = VERTEX_POINT ( 'NONE', #4035 ) ;
#73 = DIRECTION ( 'NONE',  ( 0.000000000000000000, 0.000000000000000000, 1.000000000000000000 ) ) ;
#74 = CIRCLE ( 'NONE', #2978, 1.599999999999993872 ) ;
#75 = CIRCLE ( 'NONE', #2066, 3.099999999999991651 ) ;
#76 = VECTOR ( 'NONE', #4284, 1000.000000000000000 ) ;
#77 = EDGE_CURVE ( 'NONE', #4172, #2194, #6, .T. ) ;
#78 = ADVANCED_FACE ( 'NONE', ( #3166 ), #3630, .F. ) ;
#79 = DIRECTION ( 'NONE',  ( 0.7071067811865644481, 0.000000000000000000, -0.7071067811865306973 ) ) ;
#80 = AXIS2_PLACEMENT_3D ( 'NONE', #4230, #657, #1724 ) ;
#81 = ORIENTED_EDGE ( 'NONE', *, *, #1166, .F. ) ;
#82 = AXIS2_PLACEMENT_3D ( 'NONE', #5061, #1482, #1562 ) ;
#83 = DIRECTION ( 'NONE',  ( 1.000000000000000000, 0.000000000000000000, 0.000000000000000000 ) ) ;
#84 = CARTESIAN_POINT ( 'NONE',  ( 85.49999999999998579, 13.40000000000000213, 20.00000000000000000 ) ) ;
#85 = VECTOR ( 'NONE', #12, 1000.000000000000000 ) ;
#86 = AXIS2_PLACEMENT_3D ( 'NONE', #3242, #4809, #4763 ) ;
#87 = ADVANCED_FACE ( 'NONE', ( #3980 ), #1235, .F. ) ;
#88 = AXIS2_PLACEMENT_3D ( 'NONE', #3354, #983, #4978 ) ;
#89 = VECTOR ( 'NONE', #3012, 1000.000000000000114 ) ;
#90 = EDGE_CURVE ( 'NONE', #4856, #3512, #2403, .T. ) ;
#91 = CIRCLE ( 'NONE', #4920, 3.599999999999936584 ) ;
#92 = CONICAL_SURFACE ( 'NONE', #2995, 1.599999999999993872, 0.7853981633974482790 ) ;
#93 = VERTEX_POINT ( 'NONE', #2327 ) ;
#94 = CARTESIAN_POINT ( 'NONE',  ( -75.00000000000000000, 30.00000000000000000, 1.000000000000000888 ) ) ;
#95 = VECTOR ( 'NONE', #3036, 1000.000000000000114 ) ;
#96 = CARTESIAN_POINT ( 'NONE',  ( -75.00000000000000000, 30.00000000000000000, 0.000000000000000000 ) ) ;
#97 = VERTEX_POINT ( 'NONE', #3584 ) ;
#98 = FACE_OUTER_BOUND ( 'NONE', #3558, .T. ) ;
#99 = CARTESIAN_POINT ( 'NONE',  ( -89.50000000000005684, 15.00000000000000178, 184.9999999999999716 ) ) ;
#100 = ORIENTED_EDGE ( 'NONE', *, *, #4838, .F. ) ;
#101 = CARTESIAN_POINT ( 'NONE',  ( 90.00000000000000000, 15.00000000000000178, 213.4000000000000341 ) ) ;
#102 = DIRECTION ( 'NONE',  ( -2.312964634635742957E-16, 1.000000000000000000, -0.000000000000000000 ) ) ;
#103 = ORIENTED_EDGE ( 'NONE', *, *, #1672, .T. ) ;
#104 = ORIENTED_EDGE ( 'NONE', *, *, #848, .F. ) ;
#105 = DIRECTION ( 'NONE',  ( 0.7071067811865482389, 0.000000000000000000, 0.7071067811865469066 ) ) ;
#106 = CARTESIAN_POINT ( 'NONE',  ( -86.00000000000000000, 15.00000000000000178, 232.9999999999999716 ) ) ;
#107 = ORIENTED_EDGE ( 'NONE', *, *, #2140, .F. ) ;
#108 = CARTESIAN_POINT ( 'NONE',  ( 89.50000000000002842, 15.00000000000000178, 236.0999999999999659 ) ) ;
#109 = DIRECTION ( 'NONE',  ( 0.000000000000000000, 0.7071067811865414665, 0.7071067811865536790 ) ) ;
#110 = ORIENTED_EDGE ( 'NONE', *, *, #1674, .F. ) ;
#111 = DIRECTION ( 'NONE',  ( 0.7071067811865378028, -0.7071067811865573427, 0.000000000000000000 ) ) ;
#112 = LINE ( 'NONE', #36, #4892 ) ;
#113 = EDGE_CURVE ( 'NONE', #798, #4213, #2850, .T. ) ;
#114 = FACE_OUTER_BOUND ( 'NONE', #166, .T. ) ;
#115 = EDGE_CURVE ( 'NONE', #1931, #2601, #4586, .T. ) ;
#116 = ORIENTED_EDGE ( 'NONE', *, *, #1702, .T. ) ;
#117 = CARTESIAN_POINT ( 'NONE',  ( 76.00000000000000000, 0.000000000000000000, 250.0000000000000000 ) ) ;
#118 = CARTESIAN_POINT ( 'NONE',  ( 82.50000000000004263, 25.00000000000000000, 11.25000000000003730 ) ) ;
#119 = EDGE_LOOP ( 'NONE', ( #984, #2053 ) ) ;
#120 = DIRECTION ( 'NONE',  ( 0.000000000000000000, 0.000000000000000000, 1.000000000000000000 ) ) ;
#121 = ADVANCED_FACE ( 'NONE', ( #2512 ), #3768, .F. ) ;
#122 = CARTESIAN_POINT ( 'NONE',  ( 82.50000000000005684, 29.50000000000003553, 8.000000000000007105 ) ) ;
#123 = ORIENTED_EDGE ( 'NONE', *, *, #3713, .F. ) ;
#124 = DIRECTION ( 'NONE',  ( 1.000000000000000000, 0.000000000000000000, -0.000000000000000000 ) ) ;
#125 = FACE_OUTER_BOUND ( 'NONE', #5040, .T. ) ;
#126 = ORIENTED_EDGE ( 'NONE', *, *, #4549, .F. ) ;
#127 = VERTEX_POINT ( 'NONE', #4923 ) ;
#128 = CYLINDRICAL_SURFACE ( 'NONE', #2248, 4.500000000000003553 ) ;
#129 = CARTESIAN_POINT ( 'NONE',  ( 85.31222956928671408, 15.00000000000000178, 188.0999999999999659 ) ) ;
#130 = EDGE_LOOP ( 'NONE', ( #3941, #3279, #812, #690 ) ) ;
#131 = DIRECTION ( 'NONE',  ( -0.7071067811865576758, -0.7071067811865374697, 1.486829979814160280E-17 ) ) ;
#132 = DIRECTION ( 'NONE',  ( -0.000000000000000000, -1.000000000000000000, 0.000000000000000000 ) ) ;
#133 = ORIENTED_EDGE ( 'NONE', *, *, #2716, .F. ) ;
#134 = FACE_BOUND ( 'NONE', #4974, .T. ) ;
#135 = CARTESIAN_POINT ( 'NONE',  ( -82.49999999999995737, -10.00000000000000000, 238.7500000000001137 ) ) ;
#136 = FACE_OUTER_BOUND ( 'NONE', #5056, .T. ) ;
#137 = ORIENTED_EDGE ( 'NONE', *, *, #115, .F. ) ;
#138 = DIRECTION ( 'NONE',  ( 1.000000000000000000, 0.000000000000000000, 0.000000000000000000 ) ) ;
#139 = CIRCLE ( 'NONE', #4385, 3.099999999999991651 ) ;
#140 = DIRECTION ( 'NONE',  ( 0.000000000000000000, 1.000000000000000000, -0.000000000000000000 ) ) ;
#141 = ORIENTED_EDGE ( 'NONE', *, *, #3263, .F. ) ;
#142 = AXIS2_PLACEMENT_3D ( 'NONE', #4413, #809, #1278 ) ;
#143 = CARTESIAN_POINT ( 'NONE',  ( -73.23606797749977204, 27.99999999999999645, 0.000000000000000000 ) ) ;
#144 = VERTEX_POINT ( 'NONE', #2480 ) ;
#145 = EDGE_CURVE ( 'NONE', #144, #4371, #3079, .T. ) ;
#146 = ADVANCED_FACE ( 'NONE', ( #2560 ), #4083, .T. ) ;
#147 = VECTOR ( 'NONE', #2198, 1000.000000000000114 ) ;
#148 = LINE ( 'NONE', #895, #1896 ) ;
#149 = DIRECTION ( 'NONE',  ( 8.659560562354816994E-17, 0.7071067811865570096, -0.7071067811865380248 ) ) ;
#150 = ORIENTED_EDGE ( 'NONE', *, *, #4544, .F. ) ;
#151 = DIRECTION ( 'NONE',  ( 0.000000000000000000, 0.000000000000000000, 1.000000000000000000 ) ) ;
#152 = DIRECTION ( 'NONE',  ( 0.000000000000000000, 0.000000000000000000, 1.000000000000000000 ) ) ;
#153 = EDGE_LOOP ( 'NONE', ( #4041, #3368, #791, #3865 ) ) ;
#154 = DIRECTION ( 'NONE',  ( 0.000000000000000000, -1.000000000000000000, 0.000000000000000000 ) ) ;
#155 = CIRCLE ( 'NONE', #2062, 2.750000000000009326 ) ;
#156 = CARTESIAN_POINT ( 'NONE',  ( 85.50000000000004263, 14.99999999999999822, 20.00000000000000000 ) ) ;
#157 = VERTEX_POINT ( 'NONE', #2451 ) ;
#158 = CARTESIAN_POINT ( 'NONE',  ( -90.00000000000000000, 15.00000000000000178, 216.9999999999999716 ) ) ;
#159 = CIRCLE ( 'NONE', #343, 3.599999999999936584 ) ;
#160 = DIRECTION ( 'NONE',  ( 1.000000000000000000, 0.000000000000000000, 0.000000000000000000 ) ) ;
#161 = AXIS2_PLACEMENT_3D ( 'NONE', #2013, #4841, #3158 ) ;
#162 = CIRCLE ( 'NONE', #4496, 1.699999999999951550 ) ;
#163 = VECTOR ( 'NONE', #1484, 1000.000000000000000 ) ;
#164 = VECTOR ( 'NONE', #3896, 1000.000000000000000 ) ;
#165 = DIRECTION ( 'NONE',  ( 0.000000000000000000, -0.7071067811865474617, -0.7071067811865474617 ) ) ;
#166 = EDGE_LOOP ( 'NONE', ( #3250, #1626, #2427, #3717 ) ) ;
#167 = VECTOR ( 'NONE', #3457, 1000.000000000000000 ) ;
#168 = CARTESIAN_POINT ( 'NONE',  ( 89.50000000000002842, 15.00000000000000178, 236.0999999999999659 ) ) ;
#169 = CARTESIAN_POINT ( 'NONE',  ( 86.00000000000000000, 14.99999999999999822, 20.00000000000000000 ) ) ;
#170 = ORIENTED_EDGE ( 'NONE', *, *, #4640, .F. ) ;
#171 = CONICAL_SURFACE ( 'NONE', #4745, 3.099999999999991651, 0.7853981633974244092 ) ;
#172 = AXIS2_PLACEMENT_3D ( 'NONE', #1630, #3636, #489 ) ;
#173 = AXIS2_PLACEMENT_3D ( 'NONE', #1167, #2750, #933 ) ;
#174 = DIRECTION ( 'NONE',  ( 0.4472135954999583163, 0.8944271909999156334, 0.000000000000000000 ) ) ;
#175 = ORIENTED_EDGE ( 'NONE', *, *, #1066, .F. ) ;
#176 = AXIS2_PLACEMENT_3D ( 'NONE', #2698, #2304, #2280 ) ;
#177 = AXIS2_PLACEMENT_3D ( 'NONE', #3750, #2177, #227 ) ;
#178 = CARTESIAN_POINT ( 'NONE',  ( 82.50000000000002842, 25.00000000000000000, 242.0000000000000000 ) ) ;
#179 = DIRECTION ( 'NONE',  ( 0.000000000000000000, 0.000000000000000000, -1.000000000000000000 ) ) ;
#180 = ADVANCED_FACE ( 'NONE', ( #2975 ), #4917, .F. ) ;
#181 = EDGE_CURVE ( 'NONE', #2217, #3113, #975, .T. ) ;
#182 = EDGE_CURVE ( 'NONE', #1054, #2573, #567, .T. ) ;
#183 = ORIENTED_EDGE ( 'NONE', *, *, #2295, .F. ) ;
#184 = CARTESIAN_POINT ( 'NONE',  ( 75.00000000000000000, 19.99999999999999645, 1.000000000000000888 ) ) ;
#185 = DIRECTION ( 'NONE',  ( -0.7071067811865474617, 0.000000000000000000, 0.7071067811865474617 ) ) ;
#186 = VERTEX_POINT ( 'NONE', #485 ) ;
#187 = FACE_OUTER_BOUND ( 'NONE', #2095, .T. ) ;
#188 = EDGE_CURVE ( 'NONE', #3836, #2022, #5000, .T. ) ;
#189 = ORIENTED_EDGE ( 'NONE', *, *, #3168, .T. ) ;
#190 = DIRECTION ( 'NONE',  ( 0.000000000000000000, 0.000000000000000000, 1.000000000000000000 ) ) ;
#191 = ORIENTED_EDGE ( 'NONE', *, *, #1543, .F. ) ;
#192 = CARTESIAN_POINT ( 'NONE',  ( -85.49999999999987210, 15.00000000000000178, 218.6999999999999318 ) ) ;
#193 = FACE_OUTER_BOUND ( 'NONE', #548, .T. ) ;
#194 = DIRECTION ( 'NONE',  ( -0.000000000000000000, 1.000000000000000000, -0.000000000000000000 ) ) ;
#195 = EDGE_LOOP ( 'NONE', ( #673, #366, #4550, #1595 ) ) ;
#196 = CARTESIAN_POINT ( 'NONE',  ( -90.00000000000000000, 10.00000000000000000, 250.0000000000000000 ) ) ;
#197 = DIRECTION ( 'NONE',  ( 0.000000000000000000, 1.000000000000000000, 0.000000000000000000 ) ) ;
#198 = CARTESIAN_POINT ( 'NONE',  ( -90.00000000000000000, 15.00000000000000178, 229.4000000000000341 ) ) ;
#199 = EDGE_LOOP ( 'NONE', ( #4753, #313, #2773, #4186 ) ) ;
#200 = CARTESIAN_POINT ( 'NONE',  ( -75.50000000000009948, 15.00000000000000178, 216.9999999999999716 ) ) ;
#201 = DIRECTION ( 'NONE',  ( 0.000000000000000000, 1.000000000000000000, 0.000000000000000000 ) ) ;
#202 = EDGE_LOOP ( 'NONE', ( #2879, #321, #2354, #3261 ) ) ;
#203 = DIRECTION ( 'NONE',  ( 1.000000000000000000, 0.000000000000000000, 0.000000000000000000 ) ) ;
#204 = EDGE_CURVE ( 'NONE', #1411, #2277, #595, .T. ) ;
#205 = DIRECTION ( 'NONE',  ( 0.000000000000000000, 0.000000000000000000, -1.000000000000000000 ) ) ;
#206 = EDGE_LOOP ( 'NONE', ( #1359, #3353, #2064, #1854 ) ) ;
#207 = CARTESIAN_POINT ( 'NONE',  ( -89.50000000000002842, 15.00000000000000178, 232.9999999999999716 ) ) ;
#208 = ADVANCED_FACE ( 'NONE', ( #1759 ), #3403, .F. ) ;
#209 = ORIENTED_EDGE ( 'NONE', *, *, #645, .F. ) ;
#210 = CARTESIAN_POINT ( 'NONE',  ( 82.50000000000005684, 24.99999999999999645, 8.000000000000007105 ) ) ;
#211 = ORIENTED_EDGE ( 'NONE', *, *, #4928, .T. ) ;
#212 = EDGE_CURVE ( 'NONE', #1564, #4650, #954, .T. ) ;
#213 = DIRECTION ( 'NONE',  ( -1.000000000000000000, 0.000000000000000000, 0.000000000000000000 ) ) ;
#214 = ADVANCED_FACE ( 'NONE', ( #2172 ), #3366, .F. ) ;
#215 = LINE ( 'NONE', #2207, #1388 ) ;
#216 = CARTESIAN_POINT ( 'NONE',  ( -75.50000000000009948, 15.00000000000000178, 218.6999999999999318 ) ) ;
#217 = CARTESIAN_POINT ( 'NONE',  ( 75.50000000000004263, 15.00000000000000178, 234.6999999999999318 ) ) ;
#218 = ORIENTED_EDGE ( 'NONE', *, *, #1068, .T. ) ;
#219 = CARTESIAN_POINT ( 'NONE',  ( 85.50000000000004263, 14.99999999999999822, 18.40000000000000568 ) ) ;
#220 = DIRECTION ( 'NONE',  ( -0.000000000000000000, -0.000000000000000000, -1.000000000000000000 ) ) ;
#221 = EDGE_LOOP ( 'NONE', ( #1927, #605, #1580, #4515 ) ) ;
#222 = VERTEX_POINT ( 'NONE', #1780 ) ;
#223 = CARTESIAN_POINT ( 'NONE',  ( 89.50000000000005684, 18.10000000000000142, 184.9999999999999716 ) ) ;
#224 = AXIS2_PLACEMENT_3D ( 'NONE', #3080, #1123, #295 ) ;
#225 = VECTOR ( 'NONE', #3222, 1000.000000000000000 ) ;
#226 = ORIENTED_EDGE ( 'NONE', *, *, #2745, .T. ) ;
#227 = DIRECTION ( 'NONE',  ( 0.000000000000000000, 0.000000000000000000, -1.000000000000000000 ) ) ;
#228 = FACE_OUTER_BOUND ( 'NONE', #703, .T. ) ;
#229 = ORIENTED_EDGE ( 'NONE', *, *, #2453, .F. ) ;
#230 = CARTESIAN_POINT ( 'NONE',  ( 90.00000000000000000, 30.00000000000000000, 249.0000000000000568 ) ) ;
#231 = AXIS2_PLACEMENT_3D ( 'NONE', #2679, #702, #5094 ) ;
#232 = VERTEX_POINT ( 'NONE', #4945 ) ;
#233 = DIRECTION ( 'NONE',  ( 1.000000000000000000, -0.000000000000000000, -0.000000000000000000 ) ) ;
#234 = VERTEX_POINT ( 'NONE', #1369 ) ;
#235 = CARTESIAN_POINT ( 'NONE',  ( 82.50000000000005684, 29.50000000000003553, 12.50000000000001066 ) ) ;
#236 = AXIS2_PLACEMENT_3D ( 'NONE', #936, #3397, #1397 ) ;
#237 = CARTESIAN_POINT ( 'NONE',  ( 85.50000000000004263, 15.00000000000000178, 184.9999999999999716 ) ) ;
#238 = CARTESIAN_POINT ( 'NONE',  ( -86.00000000000000000, 12.90000000000005720, 20.00000000000000000 ) ) ;
#239 = EDGE_CURVE ( 'NONE', #4532, #4355, #4555, .T. ) ;
#240 = EDGE_CURVE ( 'NONE', #2553, #1453, #2914, .T. ) ;
#241 = CARTESIAN_POINT ( 'NONE',  ( 86.00000000000000000, 15.00000000000000178, 216.9999999999999716 ) ) ;
#242 = ORIENTED_EDGE ( 'NONE', *, *, #459, .T. ) ;
#243 = CONICAL_SURFACE ( 'NONE', #3647, 1.699999999999951550, 0.7853981633974305154 ) ;
#244 = LINE ( 'NONE', #2967, #3485 ) ;
#245 = DIRECTION ( 'NONE',  ( 1.000000000000000000, 0.000000000000000000, 0.000000000000000000 ) ) ;
#246 = ADVANCED_FACE ( 'NONE', ( #125 ), #544, .F. ) ;
#247 = EDGE_CURVE ( 'NONE', #5052, #2499, #922, .T. ) ;
#248 = VECTOR ( 'NONE', #378, 1000.000000000000000 ) ;
#249 = VECTOR ( 'NONE', #4269, 1000.000000000000114 ) ;
#250 = ORIENTED_EDGE ( 'NONE', *, *, #145, .T. ) ;
#251 = CIRCLE ( 'NONE', #4820, 1.000000000000000888 ) ;
#252 = ORIENTED_EDGE ( 'NONE', *, *, #3807, .T. ) ;
#253 = CONICAL_SURFACE ( 'NONE', #3149, 3.249999999999919620, 0.7853981633974388421 ) ;
#254 = DIRECTION ( 'NONE',  ( -1.000000000000000000, 0.000000000000000000, 0.000000000000000000 ) ) ;
#255 = COLOUR_RGB ( '',0.7921568627450980005, 0.8196078431372548767, 0.9333333333333333481 ) ;
#256 = AXIS2_PLACEMENT_3D ( 'NONE', #210, #1300, #550 ) ;
#257 = CIRCLE ( 'NONE', #4830, 4.500000000000003553 ) ;
#258 = CARTESIAN_POINT ( 'NONE',  ( 89.50000000000005684, 14.99999999999999822, 19.99999999999998934 ) ) ;
#259 = CARTESIAN_POINT ( 'NONE',  ( -66.23187591328682799, 15.00000000000000178, 232.9999999999999716 ) ) ;
#260 = ORIENTED_EDGE ( 'NONE', *, *, #4065, .F. ) ;
#261 = DIRECTION ( 'NONE',  ( 0.000000000000000000, 0.000000000000000000, -1.000000000000000000 ) ) ;
#262 = AXIS2_PLACEMENT_3D ( 'NONE', #949, #889, #2527 ) ;
#263 = ORIENTED_EDGE ( 'NONE', *, *, #368, .T. ) ;
#264 = LINE ( 'NONE', #625, #3661 ) ;
#265 = ORIENTED_EDGE ( 'NONE', *, *, #1604, .F. ) ;
#266 = DIRECTION ( 'NONE',  ( -1.000000000000000000, -0.000000000000000000, -0.000000000000000000 ) ) ;
#267 = DIRECTION ( 'NONE',  ( 1.000000000000000000, 0.000000000000000000, 0.000000000000000000 ) ) ;
#268 = ORIENTED_EDGE ( 'NONE', *, *, #3806, .T. ) ;
#269 = CARTESIAN_POINT ( 'NONE',  ( 86.00000000000000000, 17.09999999999993747, 20.00000000000000000 ) ) ;
#270 = CARTESIAN_POINT ( 'NONE',  ( -72.34164078649988028, 27.55278640450004701, 250.0000000000000000 ) ) ;
#271 = EDGE_LOOP ( 'NONE', ( #2868, #1200, #555, #4771 ) ) ;
#272 = DIRECTION ( 'NONE',  ( 0.000000000000000000, 2.102695122396130717E-17, 1.000000000000000000 ) ) ;
#273 = CARTESIAN_POINT ( 'NONE',  ( -75.00000000000000000, 10.00000000000000000, 250.0000000000000000 ) ) ;
#274 = EDGE_CURVE ( 'NONE', #2763, #144, #407, .T. ) ;
#275 = CYLINDRICAL_SURFACE ( 'NONE', #4738, 4.500000000000003553 ) ;
#276 = EDGE_LOOP ( 'NONE', ( #1752, #1301, #1760, #1507, #2828 ) ) ;
#277 = ORIENTED_EDGE ( 'NONE', *, *, #620, .F. ) ;
#278 = ADVANCED_FACE ( 'NONE', ( #716 ), #2409, .F. ) ;
#279 = LINE ( 'NONE', #2324, #5075 ) ;
#280 = ORIENTED_EDGE ( 'NONE', *, *, #1544, .T. ) ;
#281 = VERTEX_POINT ( 'NONE', #3581 ) ;
#282 = LINE ( 'NONE', #1860, #4008 ) ;
#283 = CARTESIAN_POINT ( 'NONE',  ( -75.49999999999997158, 13.40000000000000568, 184.9999999999999716 ) ) ;
#284 = ORIENTED_EDGE ( 'NONE', *, *, #713, .F. ) ;
#285 = CARTESIAN_POINT ( 'NONE',  ( -75.00000000000000000, 9.000000000000000000, 250.0000000000000000 ) ) ;
#286 = LINE ( 'NONE', #3857, #2990 ) ;
#287 = ORIENTED_EDGE ( 'NONE', *, *, #963, .T. ) ;
#288 = LINE ( 'NONE', #2678, #998 ) ;
#289 = FACE_OUTER_BOUND ( 'NONE', #4247, .T. ) ;
#290 = ORIENTED_EDGE ( 'NONE', *, *, #2082, .F. ) ;
#291 = DIRECTION ( 'NONE',  ( 0.000000000000000000, 0.000000000000000000, -1.000000000000000000 ) ) ;
#292 = CARTESIAN_POINT ( 'NONE',  ( -90.00000000000000000, 13.40000000000000568, 184.9999999999999716 ) ) ;
#293 = EDGE_LOOP ( 'NONE', ( #4356, #2690, #1662, #2256 ) ) ;
#294 = CARTESIAN_POINT ( 'NONE',  ( 73.23606797749977204, 30.00000000000000000, 1.000000000000000888 ) ) ;
#295 = DIRECTION ( 'NONE',  ( 0.000000000000000000, 0.000000000000000000, 1.000000000000000000 ) ) ;
#296 = ORIENTED_EDGE ( 'NONE', *, *, #1027, .T. ) ;
#297 = ORIENTED_EDGE ( 'NONE', *, *, #2456, .F. ) ;
#298 = LINE ( 'NONE', #2740, #3394 ) ;
#299 = CYLINDRICAL_SURFACE ( 'NONE', #2148, 2.750000000000002665 ) ;
#300 = EDGE_CURVE ( 'NONE', #5045, #3789, #3837, .T. ) ;
#301 = ADVANCED_FACE ( 'NONE', ( #2746 ), #5004, .F. ) ;
#302 = AXIS2_PLACEMENT_3D ( 'NONE', #3047, #1828, #2169 ) ;
#303 = DIRECTION ( 'NONE',  ( -1.000000000000000000, 0.000000000000000000, 0.000000000000000000 ) ) ;
#304 = ORIENTED_EDGE ( 'NONE', *, *, #2111, .F. ) ;
#305 = DIRECTION ( 'NONE',  ( -0.7071067811865474617, -0.7071067811865474617, 0.000000000000000000 ) ) ;
#306 = ADVANCED_FACE ( 'NONE', ( #4313 ), #5156, .F. ) ;
#307 = AXIS2_PLACEMENT_3D ( 'NONE', #4568, #2940, #160 ) ;
#308 = ORIENTED_EDGE ( 'NONE', *, *, #4184, .F. ) ;
#309 = CARTESIAN_POINT ( 'NONE',  ( -75.49999999999997158, 15.00000000000000178, 184.9999999999999716 ) ) ;
#310 = ORIENTED_EDGE ( 'NONE', *, *, #1097, .T. ) ;
#311 = DIRECTION ( 'NONE',  ( 1.000000000000000000, 0.000000000000000000, 0.000000000000000000 ) ) ;
#312 = CARTESIAN_POINT ( 'NONE',  ( 82.50000000000005684, -10.00000000000000000, 8.000000000000007105 ) ) ;
#313 = ORIENTED_EDGE ( 'NONE', *, *, #1225, .F. ) ;
#314 = CIRCLE ( 'NONE', #3631, 2.200000000000035261 ) ;
#315 = DIRECTION ( 'NONE',  ( -0.7071067811865644481, 8.659560562354725782E-17, -0.7071067811865306973 ) ) ;
#316 = LINE ( 'NONE', #2682, #3825 ) ;
#317 = VERTEX_POINT ( 'NONE', #1727 ) ;
#318 = CARTESIAN_POINT ( 'NONE',  ( 82.50000000000005684, -10.00000000000000000, 8.000000000000007105 ) ) ;
#319 = LINE ( 'NONE', #1489, #2042 ) ;
#320 = AXIS2_PLACEMENT_3D ( 'NONE', #283, #1838, #1470 ) ;
#321 = ORIENTED_EDGE ( 'NONE', *, *, #2689, .F. ) ;
#322 = DIRECTION ( 'NONE',  ( -2.312964634635742957E-16, 1.000000000000000000, -0.000000000000000000 ) ) ;
#323 = EDGE_LOOP ( 'NONE', ( #4918, #1471, #1894, #3189 ) ) ;
#324 = CONICAL_SURFACE ( 'NONE', #2165, 3.249999999999919620, 0.7853981633974388421 ) ;
#325 = LINE ( 'NONE', #5106, #818 ) ;
#326 = ORIENTED_EDGE ( 'NONE', *, *, #2014, .T. ) ;
#327 = CIRCLE ( 'NONE', #2733, 2.000000000000001776 ) ;
#328 = VECTOR ( 'NONE', #634, 1000.000000000000000 ) ;
#329 = CONICAL_SURFACE ( 'NONE', #80, 1.599999999999993872, 0.7853981633974482790 ) ;
#330 = AXIS2_PLACEMENT_3D ( 'NONE', #1017, #4256, #1408 ) ;
#331 = CARTESIAN_POINT ( 'NONE',  ( 82.50000000000004263, 29.50000000000003553, 237.5000000000000000 ) ) ;
#332 = ORIENTED_EDGE ( 'NONE', *, *, #5117, .T. ) ;
#333 = ADVANCED_FACE ( 'NONE', ( #588 ), #1340, .F. ) ;
#334 = ADVANCED_FACE ( 'NONE', ( #2925 ), #92, .F. ) ;
#335 = CARTESIAN_POINT ( 'NONE',  ( -82.49999999999997158, 24.50000000000001776, 244.7500000000000284 ) ) ;
#336 = CIRCLE ( 'NONE', #919, 3.099999999999991651 ) ;
#337 = CIRCLE ( 'NONE', #1661, 3.099999999999991651 ) ;
#338 = AXIS2_PLACEMENT_3D ( 'NONE', #3612, #3959, #4814 ) ;
#339 = EDGE_CURVE ( 'NONE', #317, #2046, #930, .T. ) ;
#340 = VERTEX_POINT ( 'NONE', #198 ) ;
#341 = CYLINDRICAL_SURFACE ( 'NONE', #2245, 1.599999999999990319 ) ;
#342 = ORIENTED_EDGE ( 'NONE', *, *, #3899, .F. ) ;
#343 = AXIS2_PLACEMENT_3D ( 'NONE', #2032, #477, #1643 ) ;
#344 = CARTESIAN_POINT ( 'NONE',  ( 82.50000000000004263, 24.99999999999999645, 246.5000000000000000 ) ) ;
#345 = LINE ( 'NONE', #3514, #808 ) ;
#346 = CONICAL_SURFACE ( 'NONE', #1253, 4.500000000000003553, 0.7853981633974579379 ) ;
#347 = VERTEX_POINT ( 'NONE', #3689 ) ;
#348 = EDGE_CURVE ( 'NONE', #2434, #1528, #4112, .T. ) ;
#349 = CARTESIAN_POINT ( 'NONE',  ( -90.00000000000000000, 15.00000000000000178, 218.6999999999999318 ) ) ;
#350 = DIRECTION ( 'NONE',  ( 1.000000000000000000, -0.000000000000000000, -0.000000000000000000 ) ) ;
#351 = VERTEX_POINT ( 'NONE', #893 ) ;
#352 = LINE ( 'NONE', #2764, #910 ) ;
#353 = DIRECTION ( 'NONE',  ( -0.5773502691896366112, -0.5773502691896204020, 0.5773502691896204020 ) ) ;
#354 = ORIENTED_EDGE ( 'NONE', *, *, #3381, .T. ) ;
#355 = CARTESIAN_POINT ( 'NONE',  ( -82.49999999999997158, 24.99999999999999645, 238.7500000000000568 ) ) ;
#356 = LINE ( 'NONE', #714, #164 ) ;
#357 = CARTESIAN_POINT ( 'NONE',  ( 82.50000000000004263, -9.500000000000079936, 242.0000000000000000 ) ) ;
#358 = EDGE_LOOP ( 'NONE', ( #4198, #250 ) ) ;
#359 = CARTESIAN_POINT ( 'NONE',  ( -73.23606797749977204, 27.99999999999999645, 0.000000000000000000 ) ) ;
#360 = ORIENTED_EDGE ( 'NONE', *, *, #2965, .T. ) ;
#361 = EDGE_CURVE ( 'NONE', #3247, #1598, #4343, .T. ) ;
#362 = DIRECTION ( 'NONE',  ( 0.000000000000000000, 0.000000000000000000, 1.000000000000000000 ) ) ;
#363 = ORIENTED_EDGE ( 'NONE', *, *, #4513, .F. ) ;
#364 = CYLINDRICAL_SURFACE ( 'NONE', #1171, 3.099999999999991651 ) ;
#365 = DIRECTION ( 'NONE',  ( -1.000000000000000000, 0.000000000000000000, 0.000000000000000000 ) ) ;
#366 = ORIENTED_EDGE ( 'NONE', *, *, #2844, .F. ) ;
#367 = DIRECTION ( 'NONE',  ( 0.000000000000000000, 0.000000000000000000, 1.000000000000000000 ) ) ;
#368 = EDGE_CURVE ( 'NONE', #1609, #425, #5086, .T. ) ;
#369 = FACE_OUTER_BOUND ( 'NONE', #3003, .T. ) ;
#370 = EDGE_CURVE ( 'NONE', #4191, #483, #669, .T. ) ;
#371 = ADVANCED_FACE ( 'NONE', ( #2448 ), #1997, .F. ) ;
#372 = DIRECTION ( 'NONE',  ( 1.000000000000000000, 0.000000000000000000, 0.000000000000000000 ) ) ;
#373 = ORIENTED_EDGE ( 'NONE', *, *, #4959, .T. ) ;
#374 = CARTESIAN_POINT ( 'NONE',  ( -75.00000000000000000, 17.09999999999999787, 184.9999999999999716 ) ) ;
#375 = FACE_OUTER_BOUND ( 'NONE', #4280, .T. ) ;
#376 = EDGE_CURVE ( 'NONE', #2437, #4486, #4255, .T. ) ;
#377 = ORIENTED_EDGE ( 'NONE', *, *, #1707, .F. ) ;
#378 = DIRECTION ( 'NONE',  ( -1.000000000000000000, -0.000000000000000000, -0.000000000000000000 ) ) ;
#379 = PLANE ( 'NONE',  #929 ) ;
#380 = DIRECTION ( 'NONE',  ( 0.7071067811865279218, -0.7071067811865671127, 0.000000000000000000 ) ) ;
#381 = CARTESIAN_POINT ( 'NONE',  ( 71.44721359549994588, 27.10557280900008337, 1.000000000000000666 ) ) ;
#382 = LINE ( 'NONE', #1208, #3324 ) ;
#383 = CARTESIAN_POINT ( 'NONE',  ( 66.23187591328682799, 15.00000000000000178, 236.0999999999999659 ) ) ;
#384 = VERTEX_POINT ( 'NONE', #3264 ) ;
#385 = AXIS2_PLACEMENT_3D ( 'NONE', #2610, #245, #4152 ) ;
#386 = VERTEX_POINT ( 'NONE', #1704 ) ;
#387 = DIRECTION ( 'NONE',  ( -0.000000000000000000, 1.000000000000000000, -0.000000000000000000 ) ) ;
#388 = CARTESIAN_POINT ( 'NONE',  ( -75.50000000000009948, 15.00000000000000178, 216.9999999999999716 ) ) ;
#389 = ORIENTED_EDGE ( 'NONE', *, *, #1098, .F. ) ;
#390 = DIRECTION ( 'NONE',  ( 0.000000000000000000, 0.000000000000000000, 1.000000000000000000 ) ) ;
#391 = AXIS2_PLACEMENT_3D ( 'NONE', #3834, #2185, #1792 ) ;
#392 = DIRECTION ( 'NONE',  ( -0.000000000000000000, 0.000000000000000000, -1.000000000000000000 ) ) ;
#393 = ORIENTED_EDGE ( 'NONE', *, *, #4264, .F. ) ;
#394 = FACE_OUTER_BOUND ( 'NONE', #2549, .T. ) ;
#395 = CARTESIAN_POINT ( 'NONE',  ( -76.00000000000000000, 20.23606797749981467, 250.0000000000000000 ) ) ;
#396 = EDGE_CURVE ( 'NONE', #157, #1914, #4863, .T. ) ;
#397 = EDGE_CURVE ( 'NONE', #1453, #4229, #2948, .T. ) ;
#398 = AXIS2_PLACEMENT_3D ( 'NONE', #388, #3486, #4358 ) ;
#399 = ADVANCED_FACE ( 'NONE', ( #4552 ), #4889, .F. ) ;
#400 = ORIENTED_EDGE ( 'NONE', *, *, #3708, .T. ) ;
#401 = FACE_OUTER_BOUND ( 'NONE', #271, .T. ) ;
#402 = LINE ( 'NONE', #3009, #3754 ) ;
#403 = EDGE_CURVE ( 'NONE', #4856, #2194, #2190, .T. ) ;
#404 = CARTESIAN_POINT ( 'NONE',  ( -85.31222956928671408, 14.99999999999999822, 19.99999999999998934 ) ) ;
#405 = CONICAL_SURFACE ( 'NONE', #5069, 4.500000000000003553, 0.7853981633974569387 ) ;
#406 = CARTESIAN_POINT ( 'NONE',  ( 72.34164078649988028, 27.55278640450004701, 0.000000000000000000 ) ) ;
#407 = LINE ( 'NONE', #3715, #2226 ) ;
#408 = AXIS2_PLACEMENT_3D ( 'NONE', #2688, #4287, #1537 ) ;
#409 = DIRECTION ( 'NONE',  ( 1.000000000000000000, -0.000000000000000000, -0.000000000000000000 ) ) ;
#410 = VECTOR ( 'NONE', #3100, 1000.000000000000000 ) ;
#411 = AXIS2_PLACEMENT_3D ( 'NONE', #404, #815, #3601 ) ;
#412 = VECTOR ( 'NONE', #1872, 1000.000000000000114 ) ;
#413 = ORIENTED_EDGE ( 'NONE', *, *, #2274, .F. ) ;
#414 = CARTESIAN_POINT ( 'NONE',  ( 85.49999999999988631, 15.00000000000000178, 232.9999999999999716 ) ) ;
#415 = EDGE_LOOP ( 'NONE', ( #1797, #3902, #4775, #2576 ) ) ;
#416 = CARTESIAN_POINT ( 'NONE',  ( -75.49999999999997158, 15.00000000000000178, 184.9999999999999716 ) ) ;
#417 = VECTOR ( 'NONE', #109, 1000.000000000000000 ) ;
#418 = FACE_OUTER_BOUND ( 'NONE', #3174, .T. ) ;
#419 = AXIS2_PLACEMENT_3D ( 'NONE', #2004, #51, #2049 ) ;
#420 = ORIENTED_EDGE ( 'NONE', *, *, #1068, .F. ) ;
#421 = LINE ( 'NONE', #1298, #1492 ) ;
#422 = AXIS2_PLACEMENT_3D ( 'NONE', #416, #2075, #4402 ) ;
#423 = VECTOR ( 'NONE', #4764, 1000.000000000000000 ) ;
#424 = CARTESIAN_POINT ( 'NONE',  ( 85.50000000000004263, 16.59999999999999432, 20.00000000000000000 ) ) ;
#425 = VERTEX_POINT ( 'NONE', #3788 ) ;
#426 = DIRECTION ( 'NONE',  ( 0.000000000000000000, 1.000000000000000000, 0.000000000000000000 ) ) ;
#427 = AXIS2_PLACEMENT_3D ( 'NONE', #4084, #3659, #1313 ) ;
#428 = DIRECTION ( 'NONE',  ( -1.000000000000000000, -0.000000000000000000, 0.000000000000000000 ) ) ;
#429 = ORIENTED_EDGE ( 'NONE', *, *, #21, .T. ) ;
#430 = DIRECTION ( 'NONE',  ( -0.000000000000000000, 1.000000000000000000, -0.000000000000000000 ) ) ;
#431 = EDGE_CURVE ( 'NONE', #4423, #1373, #4905, .T. ) ;
#432 = DIRECTION ( 'NONE',  ( 0.000000000000000000, -2.102695122396130717E-17, -1.000000000000000000 ) ) ;
#433 = DIRECTION ( 'NONE',  ( 0.000000000000000000, 0.000000000000000000, -1.000000000000000000 ) ) ;
#434 = ADVANCED_FACE ( 'NONE', ( #1022 ), #275, .F. ) ;
#435 = EDGE_CURVE ( 'NONE', #2508, #1858, #4682, .T. ) ;
#436 = DIRECTION ( 'NONE',  ( -0.000000000000000000, -1.000000000000000000, -0.000000000000000000 ) ) ;
#437 = DIRECTION ( 'NONE',  ( 0.7071067811865479058, 0.7071067811865472397, -1.486829979814180926E-17 ) ) ;
#438 = DIRECTION ( 'NONE',  ( 0.7071067811865675568, -0.7071067811865275887, 1.486829979814139634E-17 ) ) ;
#439 = ORIENTED_EDGE ( 'NONE', *, *, #45, .T. ) ;
#440 = CARTESIAN_POINT ( 'NONE',  ( 89.50000000000005684, 18.09999999999999432, 20.00000000000000000 ) ) ;
#441 = ORIENTED_EDGE ( 'NONE', *, *, #4831, .F. ) ;
#442 = CARTESIAN_POINT ( 'NONE',  ( 90.00000000000000000, 18.59999999999995168, 250.0000000000000000 ) ) ;
#443 = CARTESIAN_POINT ( 'NONE',  ( 71.23606797749977204, 27.99999999999999645, 249.0000000000000000 ) ) ;
#444 = ORIENTED_EDGE ( 'NONE', *, *, #3620, .T. ) ;
#445 = DIRECTION ( 'NONE',  ( -0.6974565623330528652, -0.1646471600639401733, -0.6974565623330528652 ) ) ;
#446 = PLANE ( 'NONE',  #2656 ) ;
#447 = ORIENTED_EDGE ( 'NONE', *, *, #1954, .F. ) ;
#448 = CARTESIAN_POINT ( 'NONE',  ( 85.50000000000004263, 14.99999999999999822, 20.00000000000000000 ) ) ;
#449 = DIRECTION ( 'NONE',  ( -0.5773502691896257311, 0.5773502691896257311, -0.5773502691896257311 ) ) ;
#450 = ORIENTED_EDGE ( 'NONE', *, *, #3580, .T. ) ;
#451 = DIRECTION ( 'NONE',  ( -1.000000000000000000, 0.000000000000000000, 0.000000000000000000 ) ) ;
#452 = DIRECTION ( 'NONE',  ( 0.4472135954999583163, -0.8944271909999156334, 0.000000000000000000 ) ) ;
#453 = ORIENTED_EDGE ( 'NONE', *, *, #4557, .F. ) ;
#454 = DIRECTION ( 'NONE',  ( -0.000000000000000000, 1.000000000000000000, -0.000000000000000000 ) ) ;
#455 = DIRECTION ( 'NONE',  ( -1.000000000000000000, 0.000000000000000000, 0.000000000000000000 ) ) ;
#456 = VERTEX_POINT ( 'NONE', #3419 ) ;
#457 = PLANE ( 'NONE',  #4571 ) ;
#458 = DIRECTION ( 'NONE',  ( 0.000000000000000000, 0.000000000000000000, 1.000000000000000000 ) ) ;
#459 = EDGE_CURVE ( 'NONE', #2636, #2680, #3148, .T. ) ;
#460 = EDGE_CURVE ( 'NONE', #4847, #2636, #3441, .T. ) ;
#461 = ORIENTED_EDGE ( 'NONE', *, *, #1097, .F. ) ;
#462 = EDGE_CURVE ( 'NONE', #1307, #3114, #3083, .T. ) ;
#463 = ORIENTED_EDGE ( 'NONE', *, *, #1166, .T. ) ;
#464 = DIRECTION ( 'NONE',  ( 0.000000000000000000, -4.205390244792260202E-17, -1.000000000000000000 ) ) ;
#465 = DIRECTION ( 'NONE',  ( 0.000000000000000000, 0.000000000000000000, -1.000000000000000000 ) ) ;
#466 = ORIENTED_EDGE ( 'NONE', *, *, #2522, .T. ) ;
#467 = EDGE_CURVE ( 'NONE', #2991, #4864, #662, .T. ) ;
#468 = DIRECTION ( 'NONE',  ( -0.000000000000000000, 1.000000000000000000, -0.000000000000000000 ) ) ;
#469 = CARTESIAN_POINT ( 'NONE',  ( -75.00000000000000000, 12.90000000000000213, 20.00000000000000000 ) ) ;
#470 = EDGE_LOOP ( 'NONE', ( #4063, #2623, #110, #879 ) ) ;
#471 = DIRECTION ( 'NONE',  ( 0.000000000000000000, 1.000000000000000000, 0.000000000000000000 ) ) ;
#472 = CARTESIAN_POINT ( 'NONE',  ( -75.50000000000009948, 15.00000000000000178, 218.6999999999999318 ) ) ;
#473 = AXIS2_PLACEMENT_3D ( 'NONE', #3282, #513, #3600 ) ;
#474 = ADVANCED_FACE ( 'NONE', ( #369 ), #2729, .F. ) ;
#475 = CIRCLE ( 'NONE', #5142, 2.200000000000007283 ) ;
#476 = ORIENTED_EDGE ( 'NONE', *, *, #403, .T. ) ;
#477 = DIRECTION ( 'NONE',  ( 1.000000000000000000, 0.000000000000000000, -0.000000000000000000 ) ) ;
#478 = DIRECTION ( 'NONE',  ( 1.000000000000000000, -0.000000000000000000, -0.000000000000000000 ) ) ;
#479 = ORIENTED_EDGE ( 'NONE', *, *, #3288, .T. ) ;
#480 = LINE ( 'NONE', #3952, #3907 ) ;
#481 = AXIS2_PLACEMENT_3D ( 'NONE', #2002, #2024, #3613 ) ;
#482 = CARTESIAN_POINT ( 'NONE',  ( 85.50000000000004263, 14.99999999999999822, 20.00000000000000000 ) ) ;
#483 = VERTEX_POINT ( 'NONE', #4336 ) ;
#484 = DIRECTION ( 'NONE',  ( -1.000000000000000000, 0.000000000000000000, 0.000000000000000000 ) ) ;
#485 = CARTESIAN_POINT ( 'NONE',  ( -85.24999999999997158, 24.50000000000001776, 242.0000000000000284 ) ) ;
#486 = AXIS2_PLACEMENT_3D ( 'NONE', #1504, #719, #5128 ) ;
#487 = ORIENTED_EDGE ( 'NONE', *, *, #3610, .F. ) ;
#488 = EDGE_LOOP ( 'NONE', ( #3897, #1317, #5140, #1448 ) ) ;
#489 = DIRECTION ( 'NONE',  ( 0.000000000000000000, 0.000000000000000000, 1.000000000000000000 ) ) ;
#490 = ADVANCED_FACE ( 'NONE', ( #1847 ), #4258, .T. ) ;
#491 = CARTESIAN_POINT ( 'NONE',  ( -75.49999999999997158, 13.40000000000000213, 20.00000000000000000 ) ) ;
#492 = EDGE_LOOP ( 'NONE', ( #3949, #982 ) ) ;
#493 = LINE ( 'NONE', #32, #2571 ) ;
#494 = VECTOR ( 'NONE', #1107, 1000.000000000000114 ) ;
#495 = AXIS2_PLACEMENT_3D ( 'NONE', #1065, #4982, #2234 ) ;
#496 = EDGE_CURVE ( 'NONE', #97, #1834, #1897, .T. ) ;
#497 = AXIS2_PLACEMENT_3D ( 'NONE', #2661, #2734, #684 ) ;
#498 = CARTESIAN_POINT ( 'NONE',  ( 82.50000000000004263, 29.50000000000003553, 246.5000000000000000 ) ) ;
#499 = VECTOR ( 'NONE', #4960, 1000.000000000000000 ) ;
#500 = ORIENTED_EDGE ( 'NONE', *, *, #2523, .F. ) ;
#501 = AXIS2_PLACEMENT_3D ( 'NONE', #3195, #1634, #880 ) ;
#502 = FACE_OUTER_BOUND ( 'NONE', #3576, .T. ) ;
#503 = PRODUCT_RELATED_PRODUCT_CATEGORY ( 'part', '', ( #2005 ) ) ;
#504 = DIRECTION ( 'NONE',  ( 0.000000000000000000, 1.000000000000000000, 0.000000000000000000 ) ) ;
#505 = AXIS2_PLACEMENT_3D ( 'NONE', #1254, #83, #2441 ) ;
#506 = VECTOR ( 'NONE', #2951, 1000.000000000000000 ) ;
#507 = AXIS2_PLACEMENT_3D ( 'NONE', #3809, #764, #1950 ) ;
#508 = VECTOR ( 'NONE', #305, 1000.000000000000114 ) ;
#509 = VECTOR ( 'NONE', #3094, 1000.000000000000114 ) ;
#510 = AXIS2_PLACEMENT_3D ( 'NONE', #143, #4528, #1682 ) ;
#511 = ORIENTED_EDGE ( 'NONE', *, *, #43, .F. ) ;
#512 = DIRECTION ( 'NONE',  ( 0.000000000000000000, 0.000000000000000000, 1.000000000000000000 ) ) ;
#513 = DIRECTION ( 'NONE',  ( -0.000000000000000000, 1.000000000000000000, -0.000000000000000000 ) ) ;
#514 = ORIENTED_EDGE ( 'NONE', *, *, #2969, .T. ) ;
#515 = LINE ( 'NONE', #1818, #3569 ) ;
#516 = AXIS2_PLACEMENT_3D ( 'NONE', #2930, #956, #1323 ) ;
#517 = DIRECTION ( 'NONE',  ( 1.000000000000000000, -0.000000000000000000, -0.000000000000000000 ) ) ;
#518 = ORIENTED_EDGE ( 'NONE', *, *, #3293, .T. ) ;
#519 = DIRECTION ( 'NONE',  ( -0.4472135954999583718, 0.8944271909999157444, 0.000000000000000000 ) ) ;
#520 = DIRECTION ( 'NONE',  ( -1.000000000000000000, 0.000000000000000000, 0.000000000000000000 ) ) ;
#521 = ORIENTED_EDGE ( 'NONE', *, *, #1543, .T. ) ;
#522 = ORIENTED_EDGE ( 'NONE', *, *, #1475, .F. ) ;
#523 = CYLINDRICAL_SURFACE ( 'NONE', #1502, 3.099999999999991651 ) ;
#524 = CARTESIAN_POINT ( 'NONE',  ( -73.23606797749977204, 27.99999999999999645, 0.000000000000000000 ) ) ;
#525 = ORIENTED_EDGE ( 'NONE', *, *, #1820, .T. ) ;
#526 = CARTESIAN_POINT ( 'NONE',  ( 76.00000000000000000, 19.99999999999999645, 0.000000000000000000 ) ) ;
#527 = DIRECTION ( 'NONE',  ( 0.000000000000000000, 0.000000000000000000, 1.000000000000000000 ) ) ;
#528 = ORIENTED_EDGE ( 'NONE', *, *, #3645, .T. ) ;
#529 = DIRECTION ( 'NONE',  ( 1.000000000000000000, -0.000000000000000000, -0.000000000000000000 ) ) ;
#530 = FACE_BOUND ( 'NONE', #3451, .T. ) ;
#531 = EDGE_CURVE ( 'NONE', #4371, #144, #2069, .T. ) ;
#532 = EDGE_CURVE ( 'NONE', #3617, #4965, #1819, .T. ) ;
#533 = DIRECTION ( 'NONE',  ( 1.000000000000000000, -0.000000000000000000, -0.000000000000000000 ) ) ;
#534 = CARTESIAN_POINT ( 'NONE',  ( -89.50000000000005684, 11.89999999999999680, 184.9999999999999716 ) ) ;
#535 = ORIENTED_EDGE ( 'NONE', *, *, #4574, .T. ) ;
#536 = FACE_OUTER_BOUND ( 'NONE', #4434, .T. ) ;
#537 = CARTESIAN_POINT ( 'NONE',  ( -75.00000000000000000, 12.90000000000000568, 184.9999999999999716 ) ) ;
#538 = EDGE_CURVE ( 'NONE', #1367, #3141, #251, .T. ) ;
#539 = ORIENTED_EDGE ( 'NONE', *, *, #561, .T. ) ;
#540 = LINE ( 'NONE', #2116, #3234 ) ;
#541 = ADVANCED_FACE ( 'NONE', ( #945 ), #3821, .F. ) ;
#542 = VERTEX_POINT ( 'NONE', #5041 ) ;
#543 = DIRECTION ( 'NONE',  ( -0.000000000000000000, -1.000000000000000000, -0.000000000000000000 ) ) ;
#544 = CYLINDRICAL_SURFACE ( 'NONE', #1503, 3.099999999999991651 ) ;
#545 = VERTEX_POINT ( 'NONE', #1540 ) ;
#546 = CARTESIAN_POINT ( 'NONE',  ( -82.50000000000002842, 29.50000000000003553, 8.000000000000028422 ) ) ;
#547 = LINE ( 'NONE', #618, #1721 ) ;
#548 = EDGE_LOOP ( 'NONE', ( #420, #2529, #615, #4924 ) ) ;
#549 = CARTESIAN_POINT ( 'NONE',  ( 75.49999999999995737, 14.99999999999999822, 18.40000000000000568 ) ) ;
#550 = DIRECTION ( 'NONE',  ( 0.000000000000000000, 0.000000000000000000, 1.000000000000000000 ) ) ;
#551 = ORIENTED_EDGE ( 'NONE', *, *, #1057, .T. ) ;
#552 = DIRECTION ( 'NONE',  ( 1.000000000000000000, -0.000000000000000000, -0.000000000000000000 ) ) ;
#553 = DIRECTION ( 'NONE',  ( 1.000000000000000000, 0.000000000000000000, 0.000000000000000000 ) ) ;
#554 = CARTESIAN_POINT ( 'NONE',  ( -75.00000000000000000, 19.99999999999999645, 1.000000000000000444 ) ) ;
#555 = ORIENTED_EDGE ( 'NONE', *, *, #4219, .T. ) ;
#556 = DIRECTION ( 'NONE',  ( 0.000000000000000000, 1.000000000000000000, 0.000000000000000000 ) ) ;
#557 = AXIS2_PLACEMENT_3D ( 'NONE', #4837, #1282, #3653 ) ;
#558 = FACE_OUTER_BOUND ( 'NONE', #153, .T. ) ;
#559 = EDGE_CURVE ( 'NONE', #589, #1287, #3078, .T. ) ;
#560 = ORIENTED_EDGE ( 'NONE', *, *, #3970, .T. ) ;
#561 = EDGE_CURVE ( 'NONE', #2332, #4096, #3947, .T. ) ;
#562 = CARTESIAN_POINT ( 'NONE',  ( 68.89442719099989176, 34.44721359549998851, 250.0000000000000000 ) ) ;
#563 = ORIENTED_EDGE ( 'NONE', *, *, #1445, .F. ) ;
#564 = ADVANCED_FACE ( 'NONE', ( #1072 ), #1736, .F. ) ;
#565 = CONICAL_SURFACE ( 'NONE', #398, 1.699999999999951550, 0.7853981633974305154 ) ;
#566 = CARTESIAN_POINT ( 'NONE',  ( -89.50000000000002842, 15.00000000000000178, 220.0999999999999659 ) ) ;
#567 = LINE ( 'NONE', #2928, #3492 ) ;
#568 = ORIENTED_EDGE ( 'NONE', *, *, #3876, .T. ) ;
#569 = CARTESIAN_POINT ( 'NONE',  ( 75.00000000000000000, 12.90000000000001990, 184.9999999999999716 ) ) ;
#570 = CARTESIAN_POINT ( 'NONE',  ( -89.50000000000005684, 15.00000000000000178, 188.0999999999999659 ) ) ;
#571 = EDGE_LOOP ( 'NONE', ( #2637, #5022, #732, #2699, #2723, #4156 ) ) ;
#572 = LINE ( 'NONE', #980, #4087 ) ;
#573 = CONICAL_SURFACE ( 'NONE', #3560, 3.100000000000005418, 0.7853981633974482790 ) ;
#574 = LINE ( 'NONE', #2937, #1829 ) ;
#575 = EDGE_LOOP ( 'NONE', ( #899, #3982, #4474, #2134 ) ) ;
#576 = DIRECTION ( 'NONE',  ( 0.000000000000000000, -2.102695122396130717E-17, -1.000000000000000000 ) ) ;
#577 = DIRECTION ( 'NONE',  ( -0.000000000000000000, 0.000000000000000000, 1.000000000000000000 ) ) ;
#578 = AXIS2_PLACEMENT_3D ( 'NONE', #5138, #1067, #2629 ) ;
#579 = VECTOR ( 'NONE', #2311, 1000.000000000000000 ) ;
#580 = AXIS2_PLACEMENT_3D ( 'NONE', #3273, #2462, #2880 ) ;
#581 = CARTESIAN_POINT ( 'NONE',  ( 74.99999999999998579, 10.00000000000000000, 1.000000000000000888 ) ) ;
#582 = ORIENTED_EDGE ( 'NONE', *, *, #3098, .F. ) ;
#583 = FACE_OUTER_BOUND ( 'NONE', #1606, .T. ) ;
#584 = VECTOR ( 'NONE', #3207, 1000.000000000000000 ) ;
#585 = DIRECTION ( 'NONE',  ( 0.000000000000000000, 0.000000000000000000, 1.000000000000000000 ) ) ;
#586 = CIRCLE ( 'NONE', #3238, 2.750000000000009326 ) ;
#587 = CIRCLE ( 'NONE', #3156, 2.000000000000001776 ) ;
#588 = FACE_OUTER_BOUND ( 'NONE', #37, .T. ) ;
#589 = VERTEX_POINT ( 'NONE', #3890 ) ;
#590 = ADVANCED_FACE ( 'NONE', ( #3464 ), #740, .F. ) ;
#591 = CONICAL_SURFACE ( 'NONE', #4736, 1.699999999999951550, 0.7853981633974582710 ) ;
#592 = CONICAL_SURFACE ( 'NONE', #516, 3.099999999999991651, 0.7853981633974482790 ) ;
#593 = DIRECTION ( 'NONE',  ( 0.000000000000000000, 0.000000000000000000, 1.000000000000000000 ) ) ;
#594 = EDGE_CURVE ( 'NONE', #3212, #1366, #162, .T. ) ;
#595 = LINE ( 'NONE', #3267, #2903 ) ;
#596 = EDGE_CURVE ( 'NONE', #157, #1735, #352, .T. ) ;
#597 = ADVANCED_FACE ( 'NONE', ( #4364 ), #1101, .F. ) ;
#598 = EDGE_LOOP ( 'NONE', ( #2349, #4030, #857, #4816, #2525, #2916 ) ) ;
#599 = DIRECTION ( 'NONE',  ( 1.000000000000000000, -0.000000000000000000, -0.000000000000000000 ) ) ;
#600 = CARTESIAN_POINT ( 'NONE',  ( -82.50000000000004263, 25.00000000000000000, 4.749999999999941380 ) ) ;
#601 = ORIENTED_EDGE ( 'NONE', *, *, #2842, .T. ) ;
#602 = CARTESIAN_POINT ( 'NONE',  ( -73.23606797749977204, 27.99999999999999645, 249.0000000000000000 ) ) ;
#603 = VERTEX_POINT ( 'NONE', #2267 ) ;
#604 = CARTESIAN_POINT ( 'NONE',  ( -82.50000000000002842, -9.500000000000079936, 8.000000000000028422 ) ) ;
#605 = ORIENTED_EDGE ( 'NONE', *, *, #4788, .F. ) ;
#606 = CYLINDRICAL_SURFACE ( 'NONE', #3995, 1.699999999999951550 ) ;
#607 = FACE_OUTER_BOUND ( 'NONE', #2595, .T. ) ;
#608 = DIRECTION ( 'NONE',  ( 0.000000000000000000, 0.000000000000000000, -1.000000000000000000 ) ) ;
#609 = ORIENTED_EDGE ( 'NONE', *, *, #239, .F. ) ;
#610 = CARTESIAN_POINT ( 'NONE',  ( -73.23606797749977204, 27.99999999999999645, 250.0000000000000000 ) ) ;
#611 = DIRECTION ( 'NONE',  ( 0.000000000000000000, 0.000000000000000000, 1.000000000000000000 ) ) ;
#612 = ORIENTED_EDGE ( 'NONE', *, *, #2422, .F. ) ;
#613 = ORIENTED_EDGE ( 'NONE', *, *, #1570, .T. ) ;
#614 = CARTESIAN_POINT ( 'NONE',  ( 85.49999999999988631, 15.00000000000000178, 231.3000000000000398 ) ) ;
#615 = ORIENTED_EDGE ( 'NONE', *, *, #2461, .F. ) ;
#616 = ORIENTED_EDGE ( 'NONE', *, *, #3845, .T. ) ;
#617 = DIRECTION ( 'NONE',  ( 0.000000000000000000, 0.000000000000000000, -1.000000000000000000 ) ) ;
#618 = CARTESIAN_POINT ( 'NONE',  ( 85.25000000000005684, -10.00000000000000178, 8.000000000000007105 ) ) ;
#619 = ORIENTED_EDGE ( 'NONE', *, *, #2356, .T. ) ;
#620 = EDGE_CURVE ( 'NONE', #1215, #603, #1158, .T. ) ;
#621 = EDGE_CURVE ( 'NONE', #2270, #3914, #3313, .T. ) ;
#622 = DIRECTION ( 'NONE',  ( 0.000000000000000000, 0.000000000000000000, 1.000000000000000000 ) ) ;
#623 = EDGE_CURVE ( 'NONE', #4768, #4535, #1952, .T. ) ;
#624 = ORIENTED_EDGE ( 'NONE', *, *, #3074, .F. ) ;
#625 = CARTESIAN_POINT ( 'NONE',  ( 85.49999999999988631, 15.00000000000000178, 215.3000000000000114 ) ) ;
#626 = EDGE_LOOP ( 'NONE', ( #3093, #2876, #3435, #551, #4707, #3295 ) ) ;
#627 = EDGE_CURVE ( 'NONE', #4704, #1112, #2706, .T. ) ;
#628 = CARTESIAN_POINT ( 'NONE',  ( -75.00000000000000000, 15.00000000000000178, 232.9999999999999716 ) ) ;
#629 = CARTESIAN_POINT ( 'NONE',  ( -85.25000000000002842, -9.500000000000079936, 8.000000000000028422 ) ) ;
#630 = CARTESIAN_POINT ( 'NONE',  ( -73.23606797749977204, 28.99999999999999645, 0.000000000000000000 ) ) ;
#631 = ORIENTED_EDGE ( 'NONE', *, *, #2330, .F. ) ;
#632 = DIRECTION ( 'NONE',  ( 0.000000000000000000, 0.000000000000000000, -1.000000000000000000 ) ) ;
#633 = CARTESIAN_POINT ( 'NONE',  ( -75.00000000000000000, 19.99999999999999645, 1.000000000000000888 ) ) ;
#634 = DIRECTION ( 'NONE',  ( 0.000000000000000000, 1.000000000000000000, 0.000000000000000000 ) ) ;
#635 = VERTEX_POINT ( 'NONE', #1149 ) ;
#636 = ORIENTED_EDGE ( 'NONE', *, *, #4354, .T. ) ;
#637 = PLANE ( 'NONE',  #1329 ) ;
#638 = AXIS2_PLACEMENT_3D ( 'NONE', #4777, #734, #2663 ) ;
#639 = VECTOR ( 'NONE', #1933, 1000.000000000000000 ) ;
#640 = CARTESIAN_POINT ( 'NONE',  ( -75.00000000000000000, 19.99999999999999645, 1.000000000000000888 ) ) ;
#641 = DIRECTION ( 'NONE',  ( -0.000000000000000000, -1.000000000000000000, -0.000000000000000000 ) ) ;
#642 = VERTEX_POINT ( 'NONE', #3499 ) ;
#643 = DIRECTION ( 'NONE',  ( 1.000000000000000000, -0.000000000000000000, -0.000000000000000000 ) ) ;
#644 = AXIS2_PLACEMENT_3D ( 'NONE', #106, #2854, #856 ) ;
#645 = EDGE_CURVE ( 'NONE', #2293, #3114, #4325, .T. ) ;
#646 = CARTESIAN_POINT ( 'NONE',  ( 75.00000000000000000, 15.00000000000000178, 184.9999999999999716 ) ) ;
#647 = ORIENTED_EDGE ( 'NONE', *, *, #1033, .F. ) ;
#648 = CARTESIAN_POINT ( 'NONE',  ( 90.00000000000000000, 18.59999999999994813, 184.9999999999999716 ) ) ;
#649 = DIRECTION ( 'NONE',  ( 0.000000000000000000, 0.000000000000000000, 1.000000000000000000 ) ) ;
#650 = ORIENTED_EDGE ( 'NONE', *, *, #1884, .F. ) ;
#651 = DIRECTION ( 'NONE',  ( 0.7071067811865474617, 0.7071067811865474617, 0.000000000000000000 ) ) ;
#652 = EDGE_CURVE ( 'NONE', #4758, #2060, #2340, .T. ) ;
#653 = EDGE_CURVE ( 'NONE', #1528, #1307, #3540, .T. ) ;
#654 = DIRECTION ( 'NONE',  ( 0.000000000000000000, 0.000000000000000000, -1.000000000000000000 ) ) ;
#655 = ORIENTED_EDGE ( 'NONE', *, *, #4929, .F. ) ;
#656 = AXIS2_PLACEMENT_3D ( 'NONE', #1805, #3316, #2142 ) ;
#657 = DIRECTION ( 'NONE',  ( -1.000000000000000000, 0.000000000000000000, 0.000000000000000000 ) ) ;
#658 = DIRECTION ( 'NONE',  ( -1.000000000000000000, -0.000000000000000000, 0.000000000000000000 ) ) ;
#659 = AXIS2_PLACEMENT_3D ( 'NONE', #3359, #1018, #4545 ) ;
#660 = AXIS2_PLACEMENT_3D ( 'NONE', #4729, #4393, #5151 ) ;
#661 = ORIENTED_EDGE ( 'NONE', *, *, #2646, .T. ) ;
#662 = CIRCLE ( 'NONE', #408, 3.099999999999991651 ) ;
#663 = ORIENTED_EDGE ( 'NONE', *, *, #4098, .F. ) ;
#664 = CIRCLE ( 'NONE', #3494, 2.750000000000009326 ) ;
#665 = AXIS2_PLACEMENT_3D ( 'NONE', #4900, #468, #73 ) ;
#666 = DIRECTION ( 'NONE',  ( 0.000000000000000000, -1.000000000000000000, 0.000000000000000000 ) ) ;
#667 = VECTOR ( 'NONE', #2541, 1000.000000000000000 ) ;
#668 = AXIS2_PLACEMENT_3D ( 'NONE', #4195, #1740, #2539 ) ;
#669 = CIRCLE ( 'NONE', #1172, 4.999999999999976907 ) ;
#670 = CARTESIAN_POINT ( 'NONE',  ( -82.49999999999995737, 24.99999999999999645, 246.5000000000000284 ) ) ;
#671 = PRODUCT_DEFINITION_FORMATION_WITH_SPECIFIED_SOURCE ( '浠', '', #2005, .NOT_KNOWN. ) ;
#672 = DIRECTION ( 'NONE',  ( 1.000000000000000000, -0.000000000000000000, -0.000000000000000000 ) ) ;
#673 = ORIENTED_EDGE ( 'NONE', *, *, #686, .F. ) ;
#674 = CARTESIAN_POINT ( 'NONE',  ( 86.00000000000000000, 15.00000000000000178, 220.0999999999999659 ) ) ;
#675 = VERTEX_POINT ( 'NONE', #3923 ) ;
#676 = DIRECTION ( 'NONE',  ( 1.000000000000000000, -0.000000000000000000, -0.000000000000000000 ) ) ;
#677 = EDGE_LOOP ( 'NONE', ( #4018, #4607, #1778, #4933 ) ) ;
#678 = CARTESIAN_POINT ( 'NONE',  ( -82.49999999999995737, 29.50000000000003553, 237.5000000000000284 ) ) ;
#679 = DIRECTION ( 'NONE',  ( 0.000000000000000000, 0.000000000000000000, -1.000000000000000000 ) ) ;
#680 = ORIENTED_EDGE ( 'NONE', *, *, #3607, .F. ) ;
#681 = DIRECTION ( 'NONE',  ( -1.000000000000000000, 0.000000000000000000, 0.000000000000000000 ) ) ;
#682 = DIRECTION ( 'NONE',  ( 0.000000000000000000, -1.000000000000000000, 0.000000000000000000 ) ) ;
#683 = ORIENTED_EDGE ( 'NONE', *, *, #2387, .F. ) ;
#684 = DIRECTION ( 'NONE',  ( 0.000000000000000000, 0.000000000000000000, -1.000000000000000000 ) ) ;
#685 = DIRECTION ( 'NONE',  ( 1.000000000000000000, 0.000000000000000000, 0.000000000000000000 ) ) ;
#686 = EDGE_CURVE ( 'NONE', #4674, #4663, #3523, .T. ) ;
#687 = ADVANCED_FACE ( 'NONE', ( #1932 ), #2738, .F. ) ;
#688 = ORIENTED_EDGE ( 'NONE', *, *, #3572, .T. ) ;
#689 = EDGE_CURVE ( 'NONE', #4941, #2161, #1487, .T. ) ;
#690 = ORIENTED_EDGE ( 'NONE', *, *, #2302, .T. ) ;
#691 = LINE ( 'NONE', #3086, #2563 ) ;
#692 = ADVANCED_FACE ( 'NONE', ( #3566 ), #2319, .F. ) ;
#693 = DIRECTION ( 'NONE',  ( -2.312964634635742957E-16, 1.000000000000000000, -0.000000000000000000 ) ) ;
#694 = DIRECTION ( 'NONE',  ( 1.000000000000000000, -0.000000000000000000, -0.000000000000000000 ) ) ;
#695 = FACE_OUTER_BOUND ( 'NONE', #4075, .T. ) ;
#696 = ORIENTED_EDGE ( 'NONE', *, *, #2274, .T. ) ;
#697 = CARTESIAN_POINT ( 'NONE',  ( -82.49999999999995737, -9.500000000000079936, 242.0000000000000284 ) ) ;
#698 = ORIENTED_EDGE ( 'NONE', *, *, #4551, .T. ) ;
#699 = CARTESIAN_POINT ( 'NONE',  ( -89.50000000000005684, 15.00000000000000178, 184.9999999999999716 ) ) ;
#700 = ORIENTED_EDGE ( 'NONE', *, *, #4958, .F. ) ;
#701 = CARTESIAN_POINT ( 'NONE',  ( -82.49999999999995737, -10.00000000000000000, 242.0000000000000284 ) ) ;
#702 = DIRECTION ( 'NONE',  ( 1.000000000000000000, 0.000000000000000000, -0.000000000000000000 ) ) ;
#703 = EDGE_LOOP ( 'NONE', ( #4188, #2092, #2668, #209 ) ) ;
#704 = CARTESIAN_POINT ( 'NONE',  ( -82.50000000000002842, 24.99999999999999645, 8.000000000000028422 ) ) ;
#705 = CARTESIAN_POINT ( 'NONE',  ( 0.000000000000000000, 28.99999999999999645, 250.0000000000000000 ) ) ;
#706 = FACE_OUTER_BOUND ( 'NONE', #1871, .T. ) ;
#707 = ORIENTED_EDGE ( 'NONE', *, *, #1982, .F. ) ;
#708 = DIRECTION ( 'NONE',  ( -1.000000000000000000, 0.000000000000000000, 0.000000000000000000 ) ) ;
#709 = CARTESIAN_POINT ( 'NONE',  ( 85.49999999999988631, 15.00000000000000178, 216.9999999999999716 ) ) ;
#710 = ORIENTED_EDGE ( 'NONE', *, *, #1515, .F. ) ;
#711 = ADVANCED_FACE ( 'NONE', ( #4854 ), #4827, .F. ) ;
#712 = DIRECTION ( 'NONE',  ( 0.000000000000000000, 0.000000000000000000, -1.000000000000000000 ) ) ;
#713 = EDGE_CURVE ( 'NONE', #232, #2603, #4045, .T. ) ;
#714 = CARTESIAN_POINT ( 'NONE',  ( -73.23606797749977204, 30.00000000000000000, 0.000000000000000000 ) ) ;
#715 = EDGE_CURVE ( 'NONE', #3141, #2434, #4776, .T. ) ;
#716 = FACE_OUTER_BOUND ( 'NONE', #206, .T. ) ;
#717 = EDGE_CURVE ( 'NONE', #863, #2505, #1670, .T. ) ;
#718 = AXIS2_PLACEMENT_3D ( 'NONE', #843, #2423, #2033 ) ;
#719 = DIRECTION ( 'NONE',  ( -0.000000000000000000, 0.7071067811865475727, 0.7071067811865475727 ) ) ;
#720 = ORIENTED_EDGE ( 'NONE', *, *, #4006, .F. ) ;
#721 = LINE ( 'NONE', #1111, #3575 ) ;
#722 = CIRCLE ( 'NONE', #3379, 1.599999999999993872 ) ;
#723 = ORIENTED_EDGE ( 'NONE', *, *, #2941, .F. ) ;
#724 = DIRECTION ( 'NONE',  ( 0.000000000000000000, 0.000000000000000000, -1.000000000000000000 ) ) ;
#725 = ORIENTED_EDGE ( 'NONE', *, *, #4056, .T. ) ;
#726 = CARTESIAN_POINT ( 'NONE',  ( 82.50000000000004263, 29.50000000000003553, 237.5000000000000000 ) ) ;
#727 = DIRECTION ( 'NONE',  ( -1.000000000000000000, -0.000000000000000000, 0.000000000000000000 ) ) ;
#728 = VERTEX_POINT ( 'NONE', #2466 ) ;
#729 = CONICAL_SURFACE ( 'NONE', #4227, 3.249999999999919620, 0.7853981633974388421 ) ;
#730 = DIRECTION ( 'NONE',  ( 0.6324555320336736619, -0.3162277660168417714, 0.7071067811865477948 ) ) ;
#731 = CARTESIAN_POINT ( 'NONE',  ( 85.50000000000004263, 13.40000000000000568, 184.9999999999999716 ) ) ;
#732 = ORIENTED_EDGE ( 'NONE', *, *, #2362, .T. ) ;
#733 = CARTESIAN_POINT ( 'NONE',  ( 73.23606797749977204, 27.99999999999999645, 249.0000000000000000 ) ) ;
#734 = DIRECTION ( 'NONE',  ( 0.000000000000000000, 1.000000000000000000, -2.102695122396130717E-17 ) ) ;
#735 = AXIS2_PLACEMENT_3D ( 'NONE', #2559, #3344, #1730 ) ;
#736 = EDGE_LOOP ( 'NONE', ( #4037, #528, #4787, #4564 ) ) ;
#737 = DIRECTION ( 'NONE',  ( 0.000000000000000000, 0.000000000000000000, 1.000000000000000000 ) ) ;
#738 = DIRECTION ( 'NONE',  ( 1.000000000000000000, 0.000000000000000000, 0.000000000000000000 ) ) ;
#739 = AXIS2_PLACEMENT_3D ( 'NONE', #2627, #3262, #2866 ) ;
#740 = CONICAL_SURFACE ( 'NONE', #2392, 3.099999999999998757, 0.7853981633974482790 ) ;
#741 = ADVANCED_FACE ( 'NONE', ( #502 ), #2157, .F. ) ;
#742 = VECTOR ( 'NONE', #3284, 1000.000000000000000 ) ;
#743 = ADVANCED_FACE ( 'NONE', ( #394 ), #3221, .T. ) ;
#744 = CIRCLE ( 'NONE', #4910, 3.099999999999991651 ) ;
#745 = AXIS2_PLACEMENT_3D ( 'NONE', #1350, #4090, #3743 ) ;
#746 = CYLINDRICAL_SURFACE ( 'NONE', #2209, 2.750000000000002665 ) ;
#747 = ORIENTED_EDGE ( 'NONE', *, *, #3674, .T. ) ;
#748 = EDGE_CURVE ( 'NONE', #456, #2217, #2818, .T. ) ;
#749 = CARTESIAN_POINT ( 'NONE',  ( 82.50000000000004263, 30.00000000000000000, 246.9999999999999716 ) ) ;
#750 = AXIS2_PLACEMENT_3D ( 'NONE', #1890, #4197, #5012 ) ;
#751 = VECTOR ( 'NONE', #2278, 1000.000000000000000 ) ;
#752 = ADVANCED_FACE ( 'NONE', ( #4070 ), #3402, .F. ) ;
#753 = EDGE_CURVE ( 'NONE', #2926, #4812, #2884, .T. ) ;
#754 = AXIS2_PLACEMENT_3D ( 'NONE', #5057, #1479, #3533 ) ;
#755 = AXIS2_PLACEMENT_3D ( 'NONE', #2371, #1987, #4029 ) ;
#756 = VERTEX_POINT ( 'NONE', #3178 ) ;
#757 = DIRECTION ( 'NONE',  ( -0.7071067811865479058, 0.7071067811865472397, -1.486829979814180926E-17 ) ) ;
#758 = ORIENTED_EDGE ( 'NONE', *, *, #4821, .F. ) ;
#759 = CARTESIAN_POINT ( 'NONE',  ( -75.50000000000009948, 15.00000000000000178, 232.9999999999999716 ) ) ;
#760 = FACE_OUTER_BOUND ( 'NONE', #5070, .T. ) ;
#761 = AXIS2_PLACEMENT_3D ( 'NONE', #1837, #3030, #790 ) ;
#762 = EDGE_LOOP ( 'NONE', ( #511, #1726, #1526, #2287 ) ) ;
#763 = PLANE ( 'NONE',  #830 ) ;
#764 = DIRECTION ( 'NONE',  ( 1.000000000000000000, 0.000000000000000000, -0.000000000000000000 ) ) ;
#765 = ORIENTED_EDGE ( 'NONE', *, *, #3062, .F. ) ;
#766 = DIRECTION ( 'NONE',  ( -0.000000000000000000, 0.000000000000000000, -1.000000000000000000 ) ) ;
#767 = CARTESIAN_POINT ( 'NONE',  ( 82.50000000000004263, -10.00000000000000000, 242.0000000000000000 ) ) ;
#768 = ORIENTED_EDGE ( 'NONE', *, *, #1700, .T. ) ;
#769 = DIRECTION ( 'NONE',  ( -1.000000000000000000, 0.000000000000000000, 0.000000000000000000 ) ) ;
#770 = CARTESIAN_POINT ( 'NONE',  ( 0.000000000000000000, 28.99999999999999645, 250.0000000000000000 ) ) ;
#771 = DIRECTION ( 'NONE',  ( 0.000000000000000000, 0.000000000000000000, -1.000000000000000000 ) ) ;
#772 = CARTESIAN_POINT ( 'NONE',  ( 75.00000000000000000, 30.00000000000000000, 1.000000000000000888 ) ) ;
#773 = EDGE_LOOP ( 'NONE', ( #1126, #1403, #514, #613 ) ) ;
#774 = CARTESIAN_POINT ( 'NONE',  ( 90.00000000000000000, 14.99999999999999822, 16.40000000000004476 ) ) ;
#775 = ORIENTED_EDGE ( 'NONE', *, *, #2936, .F. ) ;
#776 = ORIENTED_EDGE ( 'NONE', *, *, #1764, .T. ) ;
#777 = EDGE_CURVE ( 'NONE', #3914, #1215, #838, .T. ) ;
#778 = CARTESIAN_POINT ( 'NONE',  ( -89.50000000000005684, 18.10000000000000142, 184.9999999999999716 ) ) ;
#779 = EDGE_CURVE ( 'NONE', #1858, #4377, #3644, .T. ) ;
#780 = FACE_BOUND ( 'NONE', #4688, .T. ) ;
#781 = ORIENTED_EDGE ( 'NONE', *, *, #3712, .F. ) ;
#782 = FACE_OUTER_BOUND ( 'NONE', #1389, .T. ) ;
#783 = ADVANCED_FACE ( 'NONE', ( #4878 ), #2484, .F. ) ;
#784 = DIRECTION ( 'NONE',  ( 0.000000000000000000, 0.000000000000000000, 1.000000000000000000 ) ) ;
#785 = VERTEX_POINT ( 'NONE', #35 ) ;
#786 = DIRECTION ( 'NONE',  ( 0.000000000000000000, 0.000000000000000000, 1.000000000000000000 ) ) ;
#787 = CARTESIAN_POINT ( 'NONE',  ( 90.00000000000000000, -10.00000000000000000, 1.000000000000000888 ) ) ;
#788 = VERTEX_POINT ( 'NONE', #3198 ) ;
#789 = CARTESIAN_POINT ( 'NONE',  ( -86.00000000000000000, 30.00000000000000000, 0.000000000000000000 ) ) ;
#790 = DIRECTION ( 'NONE',  ( 0.000000000000000000, 0.000000000000000000, -1.000000000000000000 ) ) ;
#791 = ORIENTED_EDGE ( 'NONE', *, *, #3388, .F. ) ;
#792 = FACE_OUTER_BOUND ( 'NONE', #3522, .T. ) ;
#793 = DIRECTION ( 'NONE',  ( 0.000000000000000000, 0.000000000000000000, 1.000000000000000000 ) ) ;
#794 = ORIENTED_EDGE ( 'NONE', *, *, #1028, .T. ) ;
#795 = DIRECTION ( 'NONE',  ( 0.000000000000000000, -2.102695122396130717E-17, -1.000000000000000000 ) ) ;
#796 = ORIENTED_EDGE ( 'NONE', *, *, #5048, .T. ) ;
#797 = VECTOR ( 'NONE', #197, 1000.000000000000000 ) ;
#798 = VERTEX_POINT ( 'NONE', #1694 ) ;
#799 = DIRECTION ( 'NONE',  ( 0.000000000000000000, 0.000000000000000000, 1.000000000000000000 ) ) ;
#800 = FACE_OUTER_BOUND ( 'NONE', #3766, .T. ) ;
#801 = VERTEX_POINT ( 'NONE', #4798 ) ;
#802 = DIRECTION ( 'NONE',  ( 0.7071067811865644481, 8.659560562354725782E-17, 0.7071067811865306973 ) ) ;
#803 = AXIS2_PLACEMENT_3D ( 'NONE', #2386, #1202, #56 ) ;
#804 = EDGE_CURVE ( 'NONE', #1178, #2476, #3276, .T. ) ;
#805 = CARTESIAN_POINT ( 'NONE',  ( 75.00000000000000000, 17.09999999999999787, 184.9999999999999716 ) ) ;
#806 = ORIENTED_EDGE ( 'NONE', *, *, #4009, .T. ) ;
#807 = CARTESIAN_POINT ( 'NONE',  ( -89.50000000000002842, 15.00000000000000178, 232.9999999999999716 ) ) ;
#808 = VECTOR ( 'NONE', #1534, 1000.000000000000000 ) ;
#809 = DIRECTION ( 'NONE',  ( 0.7071067811865475727, 0.7071067811865475727, 0.000000000000000000 ) ) ;
#810 = ADVANCED_FACE ( 'NONE', ( #4022 ), #2807, .F. ) ;
#811 = ADVANCED_FACE ( 'NONE', ( #2418 ), #1163, .F. ) ;
#812 = ORIENTED_EDGE ( 'NONE', *, *, #4032, .T. ) ;
#813 = CARTESIAN_POINT ( 'NONE',  ( -90.00000000000000000, 14.99999999999999822, 20.00000000000000000 ) ) ;
#814 = FACE_OUTER_BOUND ( 'NONE', #3346, .T. ) ;
#815 = DIRECTION ( 'NONE',  ( 1.000000000000000000, -0.000000000000000000, -0.000000000000000000 ) ) ;
#816 = CIRCLE ( 'NONE', #3473, 3.250000000000082601 ) ;
#817 = AXIS2_PLACEMENT_3D ( 'NONE', #3930, #3571, #1076 ) ;
#818 = VECTOR ( 'NONE', #3052, 1000.000000000000000 ) ;
#819 = CARTESIAN_POINT ( 'NONE',  ( -89.50000000000005684, 14.99999999999999822, 19.99999999999998934 ) ) ;
#820 = FACE_OUTER_BOUND ( 'NONE', #3624, .T. ) ;
#821 = CARTESIAN_POINT ( 'NONE',  ( -75.49999999999997158, 16.59999999999999787, 184.9999999999999716 ) ) ;
#822 = VECTOR ( 'NONE', #1823, 1000.000000000000114 ) ;
#823 = VECTOR ( 'NONE', #4281, 1000.000000000000000 ) ;
#824 = AXIS2_PLACEMENT_3D ( 'NONE', #3993, #1277, #4442 ) ;
#825 = EDGE_LOOP ( 'NONE', ( #2966, #1875, #3137, #3106 ) ) ;
#826 = ORIENTED_EDGE ( 'NONE', *, *, #3806, .F. ) ;
#827 = LINE ( 'NONE', #3670, #3240 ) ;
#828 = CIRCLE ( 'NONE', #1659, 3.099999999999998757 ) ;
#829 = LINE ( 'NONE', #491, #3383 ) ;
#830 = AXIS2_PLACEMENT_3D ( 'NONE', #3175, #3862, #2780 ) ;
#831 = ORIENTED_EDGE ( 'NONE', *, *, #4064, .F. ) ;
#832 = CARTESIAN_POINT ( 'NONE',  ( 74.17545110987813928, 19.80535041115921047, 248.1754511098781677 ) ) ;
#833 = CIRCLE ( 'NONE', #1584, 2.750000000000002665 ) ;
#834 = AXIS2_PLACEMENT_3D ( 'NONE', #4398, #1237, #3167 ) ;
#835 = DIRECTION ( 'NONE',  ( -2.312964634635742957E-16, 1.000000000000000000, -0.000000000000000000 ) ) ;
#836 = ORIENTED_EDGE ( 'NONE', *, *, #2040, .F. ) ;
#837 = AXIS2_PLACEMENT_3D ( 'NONE', #4512, #1711, #3770 ) ;
#838 = LINE ( 'NONE', #2054, #1578 ) ;
#839 = UNCERTAINTY_MEASURE_WITH_UNIT (LENGTH_MEASURE( 1.000000000000000082E-05 ), #3356, 'distance_accuracy_value', 'NONE');
#840 = FACE_BOUND ( 'NONE', #1173, .T. ) ;
#841 = EDGE_LOOP ( 'NONE', ( #612, #1114, #931, #4203 ) ) ;
#842 = DIRECTION ( 'NONE',  ( 0.000000000000000000, 0.000000000000000000, -1.000000000000000000 ) ) ;
#843 = CARTESIAN_POINT ( 'NONE',  ( -85.50000000000004263, 15.00000000000000178, 184.9999999999999716 ) ) ;
#844 = EDGE_CURVE ( 'NONE', #3672, #542, #4146, .T. ) ;
#845 = ORIENTED_EDGE ( 'NONE', *, *, #2356, .F. ) ;
#846 = EDGE_CURVE ( 'NONE', #876, #4668, #744, .T. ) ;
#847 = FACE_OUTER_BOUND ( 'NONE', #1757, .T. ) ;
#848 = EDGE_CURVE ( 'NONE', #542, #756, #2240, .T. ) ;
#849 = EDGE_CURVE ( 'NONE', #2085, #3355, #3336, .T. ) ;
#850 = DIRECTION ( 'NONE',  ( 8.659560562354850274E-17, -0.7071067811865541231, 0.7071067811865408004 ) ) ;
#851 = DIRECTION ( 'NONE',  ( -1.000000000000000000, 0.000000000000000000, 0.000000000000000000 ) ) ;
#852 = ORIENTED_EDGE ( 'NONE', *, *, #3325, .T. ) ;
#853 = EDGE_CURVE ( 'NONE', #1834, #3114, #1771, .T. ) ;
#854 = ORIENTED_EDGE ( 'NONE', *, *, #3453, .T. ) ;
#855 = CARTESIAN_POINT ( 'NONE',  ( -85.49999999999987210, 15.00000000000000178, 232.9999999999999716 ) ) ;
#856 = DIRECTION ( 'NONE',  ( 0.000000000000000000, 0.000000000000000000, -1.000000000000000000 ) ) ;
#857 = ORIENTED_EDGE ( 'NONE', *, *, #2557, .T. ) ;
#858 = CARTESIAN_POINT ( 'NONE',  ( 71.44721359549994588, 27.10557280900008337, 249.0000000000000000 ) ) ;
#859 = LINE ( 'NONE', #2857, #2575 ) ;
#860 = VERTEX_POINT ( 'NONE', #3408 ) ;
#861 = CARTESIAN_POINT ( 'NONE',  ( -82.50000000000004263, 25.00000000000000000, 8.000000000000028422 ) ) ;
#862 = CARTESIAN_POINT ( 'NONE',  ( -75.49999999999997158, 14.99999999999999822, 20.00000000000000000 ) ) ;
#863 = VERTEX_POINT ( 'NONE', #1015 ) ;
#864 = PLANE ( 'NONE',  #1232 ) ;
#865 = CARTESIAN_POINT ( 'NONE',  ( -82.50000000000002842, 30.00000000000000000, 8.000000000000028422 ) ) ;
#866 = ORIENTED_EDGE ( 'NONE', *, *, #2804, .T. ) ;
#867 = FACE_OUTER_BOUND ( 'NONE', #5037, .T. ) ;
#868 = CARTESIAN_POINT ( 'NONE',  ( 83.33333333333332860, 23.33333333333333215, -5.666666666666665186 ) ) ;
#869 = VERTEX_POINT ( 'NONE', #2578 ) ;
#870 = EDGE_CURVE ( 'NONE', #425, #483, #3725, .T. ) ;
#871 = DIRECTION ( 'NONE',  ( -0.000000000000000000, 0.000000000000000000, 1.000000000000000000 ) ) ;
#872 = ADVANCED_FACE ( 'NONE', ( #1404, #134, #3802 ), #2543, .T. ) ;
#873 = DIRECTION ( 'NONE',  ( 1.000000000000000000, 0.000000000000000000, 0.000000000000000000 ) ) ;
#874 = EDGE_CURVE ( 'NONE', #157, #1246, #1814, .T. ) ;
#875 = VERTEX_POINT ( 'NONE', #2520 ) ;
#876 = VERTEX_POINT ( 'NONE', #5014 ) ;
#877 = FACE_BOUND ( 'NONE', #4153, .T. ) ;
#878 = DIRECTION ( 'NONE',  ( -0.6324555320336716635, -0.3162277660168361648, -0.7071067811865522357 ) ) ;
#879 = ORIENTED_EDGE ( 'NONE', *, *, #4319, .F. ) ;
#880 = DIRECTION ( 'NONE',  ( 0.000000000000000000, 0.000000000000000000, 1.000000000000000000 ) ) ;
#881 = CARTESIAN_POINT ( 'NONE',  ( -76.00000000000000000, 20.23606797749981467, 0.000000000000000000 ) ) ;
#882 = ORIENTED_EDGE ( 'NONE', *, *, #3287, .T. ) ;
#883 = DIRECTION ( 'NONE',  ( -0.000000000000000000, 1.000000000000000000, -0.000000000000000000 ) ) ;
#884 = FACE_OUTER_BOUND ( 'NONE', #4846, .T. ) ;
#885 = VECTOR ( 'NONE', #4183, 1000.000000000000000 ) ;
#886 = AXIS2_PLACEMENT_3D ( 'NONE', #4981, #2544, #2626 ) ;
#887 = ORIENTED_EDGE ( 'NONE', *, *, #4637, .F. ) ;
#888 = CARTESIAN_POINT ( 'NONE',  ( 66.23187591328682799, 15.00000000000000178, 213.8999999999999773 ) ) ;
#889 = DIRECTION ( 'NONE',  ( -1.000000000000000000, 0.000000000000000000, 0.000000000000000000 ) ) ;
#890 = ORIENTED_EDGE ( 'NONE', *, *, #2328, .T. ) ;
#891 = LINE ( 'NONE', #238, #2897 ) ;
#892 = AXIS2_PLACEMENT_3D ( 'NONE', #2334, #1176, #365 ) ;
#893 = CARTESIAN_POINT ( 'NONE',  ( -85.50000000000004263, 13.40000000000000213, 20.00000000000000000 ) ) ;
#894 = ORIENTED_EDGE ( 'NONE', *, *, #4983, .F. ) ;
#895 = CARTESIAN_POINT ( 'NONE',  ( -90.00000000000000000, 16.59999999999999787, 184.9999999999999716 ) ) ;
#896 = CARTESIAN_POINT ( 'NONE',  ( -90.00000000000000000, 10.00000000000000000, 1.000000000000000888 ) ) ;
#897 = ADVANCED_FACE ( 'NONE', ( #4123 ), #606, .F. ) ;
#898 = CIRCLE ( 'NONE', #1400, 2.099999999999938805 ) ;
#899 = ORIENTED_EDGE ( 'NONE', *, *, #2090, .F. ) ;
#900 = ORIENTED_EDGE ( 'NONE', *, *, #2942, .F. ) ;
#901 = CARTESIAN_POINT ( 'NONE',  ( -86.00000000000000000, 17.09999999999993747, 2.712476707891021441E-16 ) ) ;
#902 = DIRECTION ( 'NONE',  ( -0.000000000000000000, 1.000000000000000000, -0.000000000000000000 ) ) ;
#903 = ORIENTED_EDGE ( 'NONE', *, *, #4606, .F. ) ;
#904 = EDGE_CURVE ( 'NONE', #788, #3117, #5079, .T. ) ;
#905 = EDGE_CURVE ( 'NONE', #1012, #1633, #4585, .T. ) ;
#906 = MANIFOLD_SOLID_BREP ( '\X2\501289d2\X0\3', #3917 ) ;
#907 = CARTESIAN_POINT ( 'NONE',  ( 75.00000000000000000, 19.99999999999999645, 249.0000000000000000 ) ) ;
#908 = AXIS2_PLACEMENT_3D ( 'NONE', #4108, #4803, #2814 ) ;
#909 = CIRCLE ( 'NONE', #4324, 1.699999999999951550 ) ;
#910 = VECTOR ( 'NONE', #1460, 1000.000000000000000 ) ;
#911 = EDGE_CURVE ( 'NONE', #2538, #4995, #3484, .T. ) ;
#912 = DIRECTION ( 'NONE',  ( -0.000000000000000000, 1.000000000000000000, -0.000000000000000000 ) ) ;
#913 = VECTOR ( 'NONE', #2524, 1000.000000000000000 ) ;
#914 = ORIENTED_EDGE ( 'NONE', *, *, #3645, .F. ) ;
#915 = AXIS2_PLACEMENT_3D ( 'NONE', #1247, #2415, #1714 ) ;
#916 = CARTESIAN_POINT ( 'NONE',  ( 75.00000000000000000, 19.99999999999999645, 1.000000000000000888 ) ) ;
#917 = CARTESIAN_POINT ( 'NONE',  ( 79.75000000000004263, 24.49999999999998579, 8.000000000000007105 ) ) ;
#918 = MECHANICAL_DESIGN_GEOMETRIC_PRESENTATION_REPRESENTATION (  '', ( #3744 ), #2399 ) ;
#919 = AXIS2_PLACEMENT_3D ( 'NONE', #2106, #4488, #4100 ) ;
#920 = VECTOR ( 'NONE', #4562, 1000.000000000000000 ) ;
#921 = AXIS2_PLACEMENT_3D ( 'NONE', #701, #4693, #4251 ) ;
#922 = CIRCLE ( 'NONE', #4675, 2.750000000000002665 ) ;
#923 = DIRECTION ( 'NONE',  ( 0.000000000000000000, 0.000000000000000000, -1.000000000000000000 ) ) ;
#924 = ORIENTED_EDGE ( 'NONE', *, *, #4931, .T. ) ;
#925 = DIRECTION ( 'NONE',  ( 0.000000000000000000, 0.000000000000000000, 1.000000000000000000 ) ) ;
#926 = DIRECTION ( 'NONE',  ( 0.6324555320336716635, 0.3162277660168361648, -0.7071067811865522357 ) ) ;
#927 = VERTEX_POINT ( 'NONE', #4618 ) ;
#928 = CARTESIAN_POINT ( 'NONE',  ( -89.50000000000002842, 15.00000000000000178, 216.9999999999999716 ) ) ;
#929 = AXIS2_PLACEMENT_3D ( 'NONE', #1958, #2366, #4612 ) ;
#930 = LINE ( 'NONE', #3735, #1419 ) ;
#931 = ORIENTED_EDGE ( 'NONE', *, *, #3319, .T. ) ;
#932 = DIRECTION ( 'NONE',  ( -0.7071067811865573427, 0.000000000000000000, 0.7071067811865376918 ) ) ;
#933 = DIRECTION ( 'NONE',  ( 0.000000000000000000, 0.000000000000000000, -1.000000000000000000 ) ) ;
#934 = ORIENTED_EDGE ( 'NONE', *, *, #2655, .T. ) ;
#935 = CYLINDRICAL_SURFACE ( 'NONE', #3082, 3.099999999999991651 ) ;
#936 = CARTESIAN_POINT ( 'NONE',  ( 82.50000000000005684, -9.500000000000079936, 8.000000000000007105 ) ) ;
#937 = ORIENTED_EDGE ( 'NONE', *, *, #4457, .T. ) ;
#938 = CARTESIAN_POINT ( 'NONE',  ( 82.50000000000004263, 30.00000000000000000, 242.0000000000000000 ) ) ;
#939 = EDGE_CURVE ( 'NONE', #4843, #675, #1866, .T. ) ;
#940 = ADVANCED_FACE ( 'NONE', ( #3063 ), #3835, .F. ) ;
#941 = DIRECTION ( 'NONE',  ( 0.000000000000000000, 1.000000000000000000, 0.000000000000000000 ) ) ;
#942 = ORIENTED_EDGE ( 'NONE', *, *, #3681, .T. ) ;
#943 = CARTESIAN_POINT ( 'NONE',  ( 75.00000000000000000, 30.00000000000000000, 0.000000000000000000 ) ) ;
#944 = EDGE_CURVE ( 'NONE', #1495, #2137, #4414, .T. ) ;
#945 = FACE_OUTER_BOUND ( 'NONE', #1877, .T. ) ;
#946 = CARTESIAN_POINT ( 'NONE',  ( -90.00000000000000000, 15.00000000000000178, 215.3000000000000114 ) ) ;
#947 = ORIENTED_EDGE ( 'NONE', *, *, #2711, .T. ) ;
#948 = DIRECTION ( 'NONE',  ( 0.000000000000000000, -1.000000000000000000, 0.000000000000000000 ) ) ;
#949 = CARTESIAN_POINT ( 'NONE',  ( 75.49999999999995737, 14.99999999999999822, 20.00000000000000000 ) ) ;
#950 = VERTEX_POINT ( 'NONE', #648 ) ;
#951 = CARTESIAN_POINT ( 'NONE',  ( 82.50000000000005684, 30.00000000000000000, 8.000000000000007105 ) ) ;
#952 = VERTEX_POINT ( 'NONE', #4278 ) ;
#953 = CARTESIAN_POINT ( 'NONE',  ( 85.50000000000004263, 14.99999999999999822, 18.40000000000000568 ) ) ;
#954 = LINE ( 'NONE', #4868, #506 ) ;
#955 = ORIENTED_EDGE ( 'NONE', *, *, #4065, .T. ) ;
#956 = DIRECTION ( 'NONE',  ( 1.000000000000000000, 0.000000000000000000, 0.000000000000000000 ) ) ;
#957 = DIRECTION ( 'NONE',  ( 0.000000000000000000, 0.7071067811865474617, 0.7071067811865474617 ) ) ;
#958 = EDGE_LOOP ( 'NONE', ( #3068, #4400, #796, #1279 ) ) ;
#959 = DIRECTION ( 'NONE',  ( 1.000000000000000000, 0.000000000000000000, 0.000000000000000000 ) ) ;
#960 = DIRECTION ( 'NONE',  ( 1.000000000000000000, 0.000000000000000000, 0.000000000000000000 ) ) ;
#961 = VERTEX_POINT ( 'NONE', #344 ) ;
#962 = FACE_OUTER_BOUND ( 'NONE', #4167, .T. ) ;
#963 = EDGE_CURVE ( 'NONE', #93, #2161, #4253, .T. ) ;
#964 = CIRCLE ( 'NONE', #52, 2.750000000000002665 ) ;
#965 = DIRECTION ( 'NONE',  ( -1.000000000000000000, 0.000000000000000000, 0.000000000000000000 ) ) ;
#966 = ADVANCED_FACE ( 'NONE', ( #1558 ), #364, .F. ) ;
#967 = ORIENTED_EDGE ( 'NONE', *, *, #944, .T. ) ;
#968 = FACE_OUTER_BOUND ( 'NONE', #3228, .T. ) ;
#969 = CONICAL_SURFACE ( 'NONE', #2455, 1.699999999999951550, 0.7853981633974582710 ) ;
#970 = DIRECTION ( 'NONE',  ( 1.000000000000000000, -0.000000000000000000, -0.000000000000000000 ) ) ;
#971 = EDGE_LOOP ( 'NONE', ( #4024, #616, #1889, #4860 ) ) ;
#972 = ORIENTED_EDGE ( 'NONE', *, *, #2390, .F. ) ;
#973 = AXIS2_PLACEMENT_3D ( 'NONE', #1272, #4792, #3271 ) ;
#974 = DIRECTION ( 'NONE',  ( 0.000000000000000000, 0.000000000000000000, -1.000000000000000000 ) ) ;
#975 = LINE ( 'NONE', #2143, #4421 ) ;
#976 = VERTEX_POINT ( 'NONE', #5092 ) ;
#977 = DIRECTION ( 'NONE',  ( 1.000000000000000000, 0.000000000000000000, -0.000000000000000000 ) ) ;
#978 = CARTESIAN_POINT ( 'NONE',  ( 79.75000000000004263, -10.00000000000000178, 242.0000000000000000 ) ) ;
#979 = ORIENTED_EDGE ( 'NONE', *, *, #3807, .F. ) ;
#980 = CARTESIAN_POINT ( 'NONE',  ( -75.50000000000009948, 15.00000000000000178, 231.3000000000000398 ) ) ;
#981 = VECTOR ( 'NONE', #2016, 1000.000000000000000 ) ;
#982 = ORIENTED_EDGE ( 'NONE', *, *, #4934, .T. ) ;
#983 = DIRECTION ( 'NONE',  ( -0.000000000000000000, 1.000000000000000000, -0.000000000000000000 ) ) ;
#984 = ORIENTED_EDGE ( 'NONE', *, *, #1640, .T. ) ;
#985 = SURFACE_SIDE_STYLE ('',( #4102 ) ) ;
#986 = CIRCLE ( 'NONE', #4171, 2.750000000000009326 ) ;
#987 = DIRECTION ( 'NONE',  ( 1.000000000000000000, -0.000000000000000000, -0.000000000000000000 ) ) ;
#988 = AXIS2_PLACEMENT_3D ( 'NONE', #3714, #1025, #666 ) ;
#989 = AXIS2_PLACEMENT_3D ( 'NONE', #3023, #3846, #1852 ) ;
#990 = CIRCLE ( 'NONE', #3655, 2.750000000000009326 ) ;
#991 = VECTOR ( 'NONE', #3559, 1000.000000000000000 ) ;
#992 = CARTESIAN_POINT ( 'NONE',  ( -90.00000000000000000, 15.00000000000000178, 213.4000000000000341 ) ) ;
#993 = ORIENTED_EDGE ( 'NONE', *, *, #1472, .T. ) ;
#994 = DIRECTION ( 'NONE',  ( 0.7071067811865306973, 8.659560562355139934E-17, 0.7071067811865644481 ) ) ;
#995 = DIRECTION ( 'NONE',  ( 0.000000000000000000, 1.000000000000000000, 0.000000000000000000 ) ) ;
#996 = CIRCLE ( 'NONE', #4587, 1.599999999999993872 ) ;
#997 = AXIS2_PLACEMENT_3D ( 'NONE', #1374, #3429, #2956 ) ;
#998 = VECTOR ( 'NONE', #1924, 1000.000000000000114 ) ;
#999 = ORIENTED_EDGE ( 'NONE', *, *, #2247, .F. ) ;
#1000 = VECTOR ( 'NONE', #994, 1000.000000000000114 ) ;
#1001 = EDGE_LOOP ( 'NONE', ( #2118, #836, #3785, #4890 ) ) ;
#1002 = ADVANCED_FACE ( 'NONE', ( #2625 ), #2822, .F. ) ;
#1003 = EDGE_CURVE ( 'NONE', #2556, #4305, #5133, .T. ) ;
#1004 = AXIS2_PLACEMENT_3D ( 'NONE', #640, #2220, #1052 ) ;
#1005 = LINE ( 'NONE', #614, #4317 ) ;
#1006 = ADVANCED_FACE ( 'NONE', ( #2229 ), #4166, .F. ) ;
#1007 = ORIENTED_EDGE ( 'NONE', *, *, #1955, .T. ) ;
#1008 = DIRECTION ( 'NONE',  ( -0.4472135954999583163, -0.8944271909999156334, 0.000000000000000000 ) ) ;
#1009 = PLANE ( 'NONE',  #4806 ) ;
#1010 = EDGE_LOOP ( 'NONE', ( #525, #3265, #4038, #444 ) ) ;
#1011 = DIRECTION ( 'NONE',  ( 0.000000000000000000, 0.000000000000000000, 1.000000000000000000 ) ) ;
#1012 = VERTEX_POINT ( 'NONE', #1115 ) ;
#1013 = LINE ( 'NONE', #3060, #1582 ) ;
#1014 = ORIENTED_EDGE ( 'NONE', *, *, #4634, .T. ) ;
#1015 = CARTESIAN_POINT ( 'NONE',  ( 76.00000000000000000, 20.23606797749981467, 0.000000000000000000 ) ) ;
#1016 = CARTESIAN_POINT ( 'NONE',  ( 73.23606797749977204, 27.99999999999999645, 250.0000000000000000 ) ) ;
#1017 = CARTESIAN_POINT ( 'NONE',  ( 82.50000000000004263, 24.99999999999999645, 242.0000000000000000 ) ) ;
#1018 = DIRECTION ( 'NONE',  ( 0.000000000000000000, 1.000000000000000000, 0.000000000000000000 ) ) ;
#1019 = ORIENTED_EDGE ( 'NONE', *, *, #2655, .F. ) ;
#1020 = CARTESIAN_POINT ( 'NONE',  ( -75.00000000000000000, 10.00000000000000000, 1.000000000000000888 ) ) ;
#1021 = CARTESIAN_POINT ( 'NONE',  ( -89.00000000000002842, -10.00000000000000000, 250.0000000000000000 ) ) ;
#1022 = FACE_OUTER_BOUND ( 'NONE', #773, .T. ) ;
#1023 = ORIENTED_EDGE ( 'NONE', *, *, #3418, .F. ) ;
#1024 = ORIENTED_EDGE ( 'NONE', *, *, #3104, .T. ) ;
#1025 = DIRECTION ( 'NONE',  ( 0.7071067811865376918, 0.000000000000000000, 0.7071067811865573427 ) ) ;
#1026 = ORIENTED_EDGE ( 'NONE', *, *, #1488, .F. ) ;
#1027 = EDGE_CURVE ( 'NONE', #860, #340, #91, .T. ) ;
#1028 = EDGE_CURVE ( 'NONE', #2046, #798, #3433, .T. ) ;
#1029 = DIRECTION ( 'NONE',  ( 1.000000000000000000, 0.000000000000000000, -0.000000000000000000 ) ) ;
#1030 = DIRECTION ( 'NONE',  ( 8.659560562355241007E-17, 0.7071067811865223707, -0.7071067811865726638 ) ) ;
#1031 = ORIENTED_EDGE ( 'NONE', *, *, #1516, .F. ) ;
#1032 = LINE ( 'NONE', #4214, #2323 ) ;
#1033 = EDGE_CURVE ( 'NONE', #31, #97, #3038, .T. ) ;
#1034 = ORIENTED_EDGE ( 'NONE', *, *, #3845, .F. ) ;
#1035 = FACE_OUTER_BOUND ( 'NONE', #3488, .T. ) ;
#1036 = EDGE_LOOP ( 'NONE', ( #4326, #4359 ) ) ;
#1037 = DIRECTION ( 'NONE',  ( 0.000000000000000000, 0.000000000000000000, -1.000000000000000000 ) ) ;
#1038 = CARTESIAN_POINT ( 'NONE',  ( -90.00000000000000000, 18.59999999999994813, 250.0000000000000000 ) ) ;
#1039 = FACE_BOUND ( 'NONE', #358, .T. ) ;
#1040 = LINE ( 'NONE', #1120, #1576 ) ;
#1041 = ORIENTED_EDGE ( 'NONE', *, *, #3776, .F. ) ;
#1042 = DIRECTION ( 'NONE',  ( 0.000000000000000000, 0.000000000000000000, 1.000000000000000000 ) ) ;
#1043 = LINE ( 'NONE', #273, #1876 ) ;
#1044 = CARTESIAN_POINT ( 'NONE',  ( -76.00000000000000000, 0.000000000000000000, 250.0000000000000000 ) ) ;
#1045 = ORIENTED_EDGE ( 'NONE', *, *, #3682, .T. ) ;
#1046 = ORIENTED_EDGE ( 'NONE', *, *, #3774, .F. ) ;
#1047 = DIRECTION ( 'NONE',  ( 0.000000000000000000, -2.102695122396130717E-17, -1.000000000000000000 ) ) ;
#1048 = ORIENTED_EDGE ( 'NONE', *, *, #1028, .F. ) ;
#1049 = AXIS2_PLACEMENT_3D ( 'NONE', #1406, #4200, #4957 ) ;
#1050 = ORIENTED_EDGE ( 'NONE', *, *, #1497, .T. ) ;
#1051 = AXIS2_PLACEMENT_3D ( 'NONE', #3671, #1689, #4849 ) ;
#1052 = DIRECTION ( 'NONE',  ( -0.4472135954999583163, -0.8944271909999156334, 0.000000000000000000 ) ) ;
#1053 = DIRECTION ( 'NONE',  ( 0.000000000000000000, 0.000000000000000000, 1.000000000000000000 ) ) ;
#1054 = VERTEX_POINT ( 'NONE', #1093 ) ;
#1055 = CARTESIAN_POINT ( 'NONE',  ( -89.50000000000002842, 15.00000000000000178, 213.8999999999999773 ) ) ;
#1056 = AXIS2_PLACEMENT_3D ( 'NONE', #2832, #902, #3173 ) ;
#1057 = EDGE_CURVE ( 'NONE', #3752, #1054, #5003, .T. ) ;
#1058 = CARTESIAN_POINT ( 'NONE',  ( -89.50000000000005684, 11.89999999999999325, 20.00000000000000000 ) ) ;
#1059 = ORIENTED_EDGE ( 'NONE', *, *, #188, .T. ) ;
#1060 = ADVANCED_FACE ( 'NONE', ( #1454 ), #4328, .F. ) ;
#1061 = CARTESIAN_POINT ( 'NONE',  ( 0.000000000000000000, 28.99999999999999645, 250.0000000000000000 ) ) ;
#1062 = EDGE_CURVE ( 'NONE', #4015, #3711, #2282, .T. ) ;
#1063 = DIRECTION ( 'NONE',  ( -0.7071067811865404673, 8.659560562355019140E-17, -0.7071067811865545671 ) ) ;
#1064 = VERTEX_POINT ( 'NONE', #3859 ) ;
#1065 = CARTESIAN_POINT ( 'NONE',  ( 82.50000000000004263, -9.500000000000079936, 242.0000000000000000 ) ) ;
#1066 = EDGE_CURVE ( 'NONE', #1974, #3497, #288, .T. ) ;
#1067 = DIRECTION ( 'NONE',  ( 1.000000000000000000, -0.000000000000000000, -0.000000000000000000 ) ) ;
#1068 = EDGE_CURVE ( 'NONE', #635, #1564, #5113, .T. ) ;
#1069 = CARTESIAN_POINT ( 'NONE',  ( 86.00000000000000000, 15.00000000000000178, 229.9000000000000057 ) ) ;
#1070 = VERTEX_POINT ( 'NONE', #1587 ) ;
#1071 = CIRCLE ( 'NONE', #4656, 2.750000000000009326 ) ;
#1072 = FACE_OUTER_BOUND ( 'NONE', #1001, .T. ) ;
#1073 = LINE ( 'NONE', #3787, #4136 ) ;
#1074 = EDGE_LOOP ( 'NONE', ( #1803, #3991, #280, #3432 ) ) ;
#1075 = ORIENTED_EDGE ( 'NONE', *, *, #561, .F. ) ;
#1076 = DIRECTION ( 'NONE',  ( 0.000000000000000000, 0.000000000000000000, 1.000000000000000000 ) ) ;
#1077 = CIRCLE ( 'NONE', #1909, 4.500000000000003553 ) ;
#1078 = VECTOR ( 'NONE', #1457, 1000.000000000000000 ) ;
#1079 = CARTESIAN_POINT ( 'NONE',  ( -85.50000000000004263, 15.00000000000000178, 184.9999999999999716 ) ) ;
#1080 = AXIS2_PLACEMENT_3D ( 'NONE', #4742, #1213, #799 ) ;
#1081 = EDGE_LOOP ( 'NONE', ( #522, #4617, #1693, #999 ) ) ;
#1082 = VECTOR ( 'NONE', #4740, 1000.000000000000114 ) ;
#1083 = CIRCLE ( 'NONE', #1749, 3.599999999999936584 ) ;
#1084 = VECTOR ( 'NONE', #4629, 1000.000000000000114 ) ;
#1085 = CARTESIAN_POINT ( 'NONE',  ( -90.00000000000000000, 11.40000000000004832, 184.9999999999999716 ) ) ;
#1086 = DIRECTION ( 'NONE',  ( 0.000000000000000000, 0.000000000000000000, 1.000000000000000000 ) ) ;
#1087 = ORIENTED_EDGE ( 'NONE', *, *, #2809, .T. ) ;
#1088 = DIRECTION ( 'NONE',  ( 0.6324555320336743280, 0.3162277660168396065, -0.7071067811865481278 ) ) ;
#1089 = APPLICATION_CONTEXT ( 'automotive_design' ) ;
#1090 = ORIENTED_EDGE ( 'NONE', *, *, #2934, .T. ) ;
#1091 = PLANE ( 'NONE',  #2497 ) ;
#1092 = EDGE_LOOP ( 'NONE', ( #4374, #2149, #1095, #4085, #4580 ) ) ;
#1093 = CARTESIAN_POINT ( 'NONE',  ( 82.50000000000004263, 24.49999999999998579, 5.249999999999998224 ) ) ;
#1094 = FACE_BOUND ( 'NONE', #4994, .T. ) ;
#1095 = ORIENTED_EDGE ( 'NONE', *, *, #1765, .F. ) ;
#1096 = CYLINDRICAL_SURFACE ( 'NONE', #4502, 4.500000000000003553 ) ;
#1097 = EDGE_CURVE ( 'NONE', #3117, #788, #2164, .T. ) ;
#1098 = EDGE_CURVE ( 'NONE', #3247, #3654, #5162, .T. ) ;
#1099 = DIRECTION ( 'NONE',  ( 0.000000000000000000, 0.000000000000000000, -1.000000000000000000 ) ) ;
#1100 = ORIENTED_EDGE ( 'NONE', *, *, #3850, .F. ) ;
#1101 = CYLINDRICAL_SURFACE ( 'NONE', #3561, 4.500000000000003553 ) ;
#1102 = DIRECTION ( 'NONE',  ( 0.7071067811865601183, 8.659560562354778784E-17, 0.7071067811865349162 ) ) ;
#1103 = EDGE_CURVE ( 'NONE', #2926, #1070, #1418, .T. ) ;
#1104 = EDGE_CURVE ( 'NONE', #2763, #1842, #833, .T. ) ;
#1105 = DIRECTION ( 'NONE',  ( 0.000000000000000000, -0.000000000000000000, 1.000000000000000000 ) ) ;
#1106 = EDGE_LOOP ( 'NONE', ( #1100, #1628, #4, #4465 ) ) ;
#1107 = DIRECTION ( 'NONE',  ( 0.7071067811865474617, -0.7071067811865474617, 0.000000000000000000 ) ) ;
#1108 = FACE_OUTER_BOUND ( 'NONE', #2955, .T. ) ;
#1109 = LINE ( 'NONE', #3822, #1299 ) ;
#1110 = ORIENTED_EDGE ( 'NONE', *, *, #1613, .T. ) ;
#1111 = CARTESIAN_POINT ( 'NONE',  ( 85.49999999999988631, 15.00000000000000178, 218.6999999999999318 ) ) ;
#1112 = VERTEX_POINT ( 'NONE', #48 ) ;
#1113 = DIRECTION ( 'NONE',  ( 0.000000000000000000, 0.000000000000000000, -1.000000000000000000 ) ) ;
#1114 = ORIENTED_EDGE ( 'NONE', *, *, #1923, .F. ) ;
#1115 = CARTESIAN_POINT ( 'NONE',  ( 75.00000000000000000, 15.00000000000000178, 187.0999999999999375 ) ) ;
#1116 = DIRECTION ( 'NONE',  ( 1.000000000000000000, 0.000000000000000000, -0.000000000000000000 ) ) ;
#1117 = ORIENTED_EDGE ( 'NONE', *, *, #1859, .T. ) ;
#1118 = CARTESIAN_POINT ( 'NONE',  ( -72.34164078649986607, 27.55278640450004346, 0.000000000000000000 ) ) ;
#1119 = CARTESIAN_POINT ( 'NONE',  ( 82.50000000000002842, 24.99999999999999645, 242.0000000000000000 ) ) ;
#1120 = CARTESIAN_POINT ( 'NONE',  ( 79.75000000000005684, -10.00000000000000178, 8.000000000000007105 ) ) ;
#1121 = ORIENTED_EDGE ( 'NONE', *, *, #1820, .F. ) ;
#1122 = DIRECTION ( 'NONE',  ( 0.000000000000000000, 0.000000000000000000, 1.000000000000000000 ) ) ;
#1123 = DIRECTION ( 'NONE',  ( 1.000000000000000000, -0.000000000000000000, -0.000000000000000000 ) ) ;
#1124 = ADVANCED_FACE ( 'NONE', ( #877, #4375 ), #4769, .T. ) ;
#1125 = ADVANCED_FACE ( 'NONE', ( #4789 ), #2325, .F. ) ;
#1126 = ORIENTED_EDGE ( 'NONE', *, *, #1542, .F. ) ;
#1127 = EDGE_CURVE ( 'NONE', #1112, #2085, #3998, .T. ) ;
#1128 = DIRECTION ( 'NONE',  ( -1.000000000000000000, -0.000000000000000000, 0.000000000000000000 ) ) ;
#1129 = EDGE_CURVE ( 'NONE', #2192, #281, #4667, .T. ) ;
#1130 = ORIENTED_EDGE ( 'NONE', *, *, #5026, .F. ) ;
#1131 = EDGE_CURVE ( 'NONE', #4589, #4663, #827, .T. ) ;
#1132 = CARTESIAN_POINT ( 'NONE',  ( -80.00000000000000000, 5.000000000000000000, -3.999999999999999112 ) ) ;
#1133 = EDGE_CURVE ( 'NONE', #2184, #3672, #3077, .T. ) ;
#1134 = VECTOR ( 'NONE', #3417, 1000.000000000000000 ) ;
#1135 = FACE_OUTER_BOUND ( 'NONE', #3475, .T. ) ;
#1136 = ORIENTED_EDGE ( 'NONE', *, *, #1103, .F. ) ;
#1137 = LINE ( 'NONE', #3903, #5002 ) ;
#1138 = AXIS2_PLACEMENT_3D ( 'NONE', #943, #1361, #3337 ) ;
#1139 = EDGE_LOOP ( 'NONE', ( #2199, #3983, #191, #5034 ) ) ;
#1140 =( NAMED_UNIT ( * ) SI_UNIT ( $, .STERADIAN. ) SOLID_ANGLE_UNIT ( ) );
#1141 = VERTEX_POINT ( 'NONE', #1175 ) ;
#1142 = DIRECTION ( 'NONE',  ( 0.000000000000000000, 1.000000000000000000, 0.000000000000000000 ) ) ;
#1143 = CARTESIAN_POINT ( 'NONE',  ( -85.49999999999987210, 15.00000000000000178, 215.3000000000000114 ) ) ;
#1144 = ORIENTED_EDGE ( 'NONE', *, *, #531, .F. ) ;
#1145 = CONICAL_SURFACE ( 'NONE', #64, 3.099999999999991651, 0.7853981633974244092 ) ;
#1146 = CARTESIAN_POINT ( 'NONE',  ( 82.50000000000005684, 29.50000000000003553, 3.500000000000002220 ) ) ;
#1147 = DIRECTION ( 'NONE',  ( -1.000000000000000000, 0.000000000000000000, 0.000000000000000000 ) ) ;
#1148 = VERTEX_POINT ( 'NONE', #3213 ) ;
#1149 = CARTESIAN_POINT ( 'NONE',  ( -90.00000000000000000, 30.00000000000000000, 1.000000000000000888 ) ) ;
#1150 = CARTESIAN_POINT ( 'NONE',  ( 89.50000000000005684, 14.99999999999999822, 16.89999999999999147 ) ) ;
#1151 = DIRECTION ( 'NONE',  ( -0.000000000000000000, -1.000000000000000000, -0.000000000000000000 ) ) ;
#1152 = AXIS2_PLACEMENT_3D ( 'NONE', #2298, #303, #4272 ) ;
#1153 = ORIENTED_EDGE ( 'NONE', *, *, #686, .T. ) ;
#1154 = CARTESIAN_POINT ( 'NONE',  ( -90.00000000000000000, 18.59999999999994813, 20.00000000000000000 ) ) ;
#1155 = CIRCLE ( 'NONE', #1815, 1.599999999999993872 ) ;
#1156 = CARTESIAN_POINT ( 'NONE',  ( -90.00000000000000000, 15.00000000000000178, 184.9999999999999716 ) ) ;
#1157 = CONICAL_SURFACE ( 'NONE', #3395, 1.699999999999951550, 0.7853981633974445042 ) ;
#1158 = CIRCLE ( 'NONE', #2645, 3.249999999999919620 ) ;
#1159 = EDGE_CURVE ( 'NONE', #4119, #1148, #1194, .T. ) ;
#1160 = ADVANCED_FACE ( 'NONE', ( #3984 ), #1913, .F. ) ;
#1161 = VECTOR ( 'NONE', #194, 1000.000000000000000 ) ;
#1162 = VECTOR ( 'NONE', #4463, 999.9999999999998863 ) ;
#1163 = CONICAL_SURFACE ( 'NONE', #4660, 3.249999999999919620, 0.7853981633974382870 ) ;
#1164 = AXIS2_PLACEMENT_3D ( 'NONE', #2872, #201, #2534 ) ;
#1165 = DIRECTION ( 'NONE',  ( 0.000000000000000000, -0.7071067811865545671, -0.7071067811865404673 ) ) ;
#1166 = EDGE_CURVE ( 'NONE', #4096, #2476, #70, .T. ) ;
#1167 = CARTESIAN_POINT ( 'NONE',  ( -75.00000000000000000, 15.00000000000000178, 232.9999999999999716 ) ) ;
#1168 = DIRECTION ( 'NONE',  ( -0.000000000000000000, -1.000000000000000000, -0.000000000000000000 ) ) ;
#1169 = AXIS2_PLACEMENT_3D ( 'NONE', #1941, #1168, #3855 ) ;
#1170 = EDGE_CURVE ( 'NONE', #950, #927, #2412, .T. ) ;
#1171 = AXIS2_PLACEMENT_3D ( 'NONE', #1843, #266, #3139 ) ;
#1172 = AXIS2_PLACEMENT_3D ( 'NONE', #951, #1265, #4451 ) ;
#1173 = EDGE_LOOP ( 'NONE', ( #3044, #2339 ) ) ;
#1174 = ORIENTED_EDGE ( 'NONE', *, *, #4703, .F. ) ;
#1175 = CARTESIAN_POINT ( 'NONE',  ( 90.00000000000000000, 11.40000000000005542, 20.00000000000000000 ) ) ;
#1176 = DIRECTION ( 'NONE',  ( 0.000000000000000000, 0.000000000000000000, -1.000000000000000000 ) ) ;
#1177 = VECTOR ( 'NONE', #2471, 1000.000000000000000 ) ;
#1178 = VERTEX_POINT ( 'NONE', #778 ) ;
#1179 = PLANE ( 'NONE',  #82 ) ;
#1180 = LINE ( 'NONE', #4020, #5083 ) ;
#1181 = ORIENTED_EDGE ( 'NONE', *, *, #3194, .T. ) ;
#1182 = DIRECTION ( 'NONE',  ( 0.000000000000000000, 0.000000000000000000, 1.000000000000000000 ) ) ;
#1183 = FACE_OUTER_BOUND ( 'NONE', #1395, .T. ) ;
#1184 = ORIENTED_EDGE ( 'NONE', *, *, #3128, .T. ) ;
#1185 = LINE ( 'NONE', #3950, #248 ) ;
#1186 = CARTESIAN_POINT ( 'NONE',  ( -82.49999999999995737, 29.50000000000003553, 246.5000000000000284 ) ) ;
#1187 = DIRECTION ( 'NONE',  ( -1.000000000000000000, -0.000000000000000000, 0.000000000000000000 ) ) ;
#1188 = CARTESIAN_POINT ( 'NONE',  ( -90.00000000000000000, 13.40000000000000568, 184.9999999999999716 ) ) ;
#1189 = ORIENTED_EDGE ( 'NONE', *, *, #905, .T. ) ;
#1190 = EDGE_CURVE ( 'NONE', #186, #3841, #2580, .T. ) ;
#1191 = LINE ( 'NONE', #1209, #4919 ) ;
#1192 = EDGE_LOOP ( 'NONE', ( #4767, #284, #4249, #3108 ) ) ;
#1193 = EDGE_LOOP ( 'NONE', ( #2833, #3472, #3828, #2239 ) ) ;
#1194 = LINE ( 'NONE', #2379, #3498 ) ;
#1195 = PLANE ( 'NONE',  #3722 ) ;
#1196 = ORIENTED_EDGE ( 'NONE', *, *, #1444, .T. ) ;
#1197 = EDGE_CURVE ( 'NONE', #2217, #456, #3922, .T. ) ;
#1198 = DIRECTION ( 'NONE',  ( -1.000000000000000000, -0.000000000000000000, -0.000000000000000000 ) ) ;
#1199 = CARTESIAN_POINT ( 'NONE',  ( -75.50000000000009948, 15.00000000000000178, 231.3000000000000398 ) ) ;
#1200 = ORIENTED_EDGE ( 'NONE', *, *, #300, .F. ) ;
#1201 = CARTESIAN_POINT ( 'NONE',  ( 89.00000000000000000, 28.99999999999999645, 0.000000000000000000 ) ) ;
#1202 = DIRECTION ( 'NONE',  ( 0.000000000000000000, -1.000000000000000000, 0.000000000000000000 ) ) ;
#1203 = ORIENTED_EDGE ( 'NONE', *, *, #2020, .T. ) ;
#1204 = DIRECTION ( 'NONE',  ( 1.000000000000000000, -0.000000000000000000, -0.000000000000000000 ) ) ;
#1205 = CARTESIAN_POINT ( 'NONE',  ( -85.50000000000004263, 13.40000000000000568, 184.9999999999999716 ) ) ;
#1206 = FACE_OUTER_BOUND ( 'NONE', #3024, .T. ) ;
#1207 = CARTESIAN_POINT ( 'NONE',  ( -85.25000000000002842, -10.00000000000004441, 8.000000000000028422 ) ) ;
#1208 = CARTESIAN_POINT ( 'NONE',  ( -85.24999999999997158, -10.00000000000004086, 242.0000000000000284 ) ) ;
#1209 = CARTESIAN_POINT ( 'NONE',  ( 86.00000000000000000, 17.09999999999994102, 184.9999999999999716 ) ) ;
#1210 = VERTEX_POINT ( 'NONE', #4039 ) ;
#1211 = VECTOR ( 'NONE', #4989, 1000.000000000000000 ) ;
#1212 = ORIENTED_EDGE ( 'NONE', *, *, #1226, .F. ) ;
#1213 = DIRECTION ( 'NONE',  ( -1.000000000000000000, 0.000000000000000000, 0.000000000000000000 ) ) ;
#1214 = DIRECTION ( 'NONE',  ( 0.000000000000000000, -2.102695122396130717E-17, -1.000000000000000000 ) ) ;
#1215 = VERTEX_POINT ( 'NONE', #1658 ) ;
#1216 = PLANE ( 'NONE',  #4331 ) ;
#1217 = CIRCLE ( 'NONE', #1049, 3.099999999999991651 ) ;
#1218 = EDGE_CURVE ( 'NONE', #4869, #4401, #11, .T. ) ;
#1219 = EDGE_CURVE ( 'NONE', #4471, #127, #2744, .T. ) ;
#1220 = DIRECTION ( 'NONE',  ( -0.7071067811865644481, 8.659560562354725782E-17, -0.7071067811865306973 ) ) ;
#1221 = ORIENTED_EDGE ( 'NONE', *, *, #4677, .F. ) ;
#1222 = DIRECTION ( 'NONE',  ( 0.000000000000000000, 0.000000000000000000, -1.000000000000000000 ) ) ;
#1223 = VECTOR ( 'NONE', #4560, 1000.000000000000114 ) ;
#1224 = CARTESIAN_POINT ( 'NONE',  ( -90.00000000000000000, 14.99999999999999822, 18.40000000000000568 ) ) ;
#1225 = EDGE_CURVE ( 'NONE', #4668, #876, #4088, .T. ) ;
#1226 = EDGE_CURVE ( 'NONE', #976, #317, #3270, .T. ) ;
#1227 = EDGE_LOOP ( 'NONE', ( #4622, #310 ) ) ;
#1228 = CARTESIAN_POINT ( 'NONE',  ( -86.00000000000000000, 17.09999999999994102, 184.9999999999999716 ) ) ;
#1229 = LINE ( 'NONE', #1261, #4215 ) ;
#1230 = CARTESIAN_POINT ( 'NONE',  ( 75.50000000000004263, 15.00000000000000178, 218.6999999999999318 ) ) ;
#1231 = CONICAL_SURFACE ( 'NONE', #2893, 3.249999999999919620, 0.7853981633974388421 ) ;
#1232 = AXIS2_PLACEMENT_3D ( 'NONE', #117, #4883, #2421 ) ;
#1233 = CIRCLE ( 'NONE', #1986, 3.099999999999991651 ) ;
#1234 = DIRECTION ( 'NONE',  ( -0.000000000000000000, 1.000000000000000000, -0.000000000000000000 ) ) ;
#1235 = PLANE ( 'NONE',  #4415 ) ;
#1236 = AXIS2_PLACEMENT_3D ( 'NONE', #3863, #5062, #3071 ) ;
#1237 = DIRECTION ( 'NONE',  ( -0.000000000000000000, 0.000000000000000000, 1.000000000000000000 ) ) ;
#1238 = CIRCLE ( 'NONE', #4159, 3.249999999999919620 ) ;
#1239 = VECTOR ( 'NONE', #1198, 1000.000000000000000 ) ;
#1240 = VERTEX_POINT ( 'NONE', #1737 ) ;
#1241 = VERTEX_POINT ( 'NONE', #1761 ) ;
#1242 = DIRECTION ( 'NONE',  ( 0.000000000000000000, 1.000000000000000000, 0.000000000000000000 ) ) ;
#1243 = AXIS2_PLACEMENT_3D ( 'NONE', #2383, #2027, #3990 ) ;
#1244 = CARTESIAN_POINT ( 'NONE',  ( 82.50000000000005684, -9.500000000000079936, 8.000000000000007105 ) ) ;
#1245 = AXIS2_PLACEMENT_3D ( 'NONE', #938, #5031, #1766 ) ;
#1246 = VERTEX_POINT ( 'NONE', #2536 ) ;
#1247 = CARTESIAN_POINT ( 'NONE',  ( -82.49999999999995737, 29.50000000000003553, 242.0000000000000284 ) ) ;
#1248 = VECTOR ( 'NONE', #2023, 1000.000000000000000 ) ;
#1249 = AXIS2_PLACEMENT_3D ( 'NONE', #699, #4217, #1113 ) ;
#1250 = AXIS2_PLACEMENT_3D ( 'NONE', #94, #3622, #38 ) ;
#1251 = DIRECTION ( 'NONE',  ( -1.000000000000000000, 0.000000000000000000, 0.000000000000000000 ) ) ;
#1252 = ORIENTED_EDGE ( 'NONE', *, *, #1218, .T. ) ;
#1253 = AXIS2_PLACEMENT_3D ( 'NONE', #546, #3426, #4002 ) ;
#1254 = CARTESIAN_POINT ( 'NONE',  ( -75.49999999999997158, 14.99999999999999822, 20.00000000000000000 ) ) ;
#1255 = CARTESIAN_POINT ( 'NONE',  ( 82.50000000000004263, -10.00000000000000178, 242.0000000000000000 ) ) ;
#1256 = EDGE_CURVE ( 'NONE', #2705, #2505, #1295, .T. ) ;
#1257 = ADVANCED_FACE ( 'NONE', ( #4590 ), #128, .F. ) ;
#1258 = ADVANCED_FACE ( 'NONE', ( #3327 ), #4091, .F. ) ;
#1259 = ORIENTED_EDGE ( 'NONE', *, *, #1789, .F. ) ;
#1260 = DIRECTION ( 'NONE',  ( 1.000000000000000000, 0.000000000000000000, 0.000000000000000000 ) ) ;
#1261 = CARTESIAN_POINT ( 'NONE',  ( 82.50000000000004263, 24.99999999999999645, 237.5000000000000000 ) ) ;
#1262 = ORIENTED_EDGE ( 'NONE', *, *, #844, .T. ) ;
#1263 = PLANE ( 'NONE',  #2652 ) ;
#1264 = ADVANCED_FACE ( 'NONE', ( #2877 ), #592, .F. ) ;
#1265 = DIRECTION ( 'NONE',  ( -0.000000000000000000, -1.000000000000000000, -0.000000000000000000 ) ) ;
#1266 = ORIENTED_EDGE ( 'NONE', *, *, #4322, .F. ) ;
#1267 = FACE_OUTER_BOUND ( 'NONE', #2187, .T. ) ;
#1268 = CARTESIAN_POINT ( 'NONE',  ( -85.50000000000004263, 16.59999999999999787, 184.9999999999999716 ) ) ;
#1269 = ORIENTED_EDGE ( 'NONE', *, *, #3510, .T. ) ;
#1270 = ORIENTED_EDGE ( 'NONE', *, *, #2869, .T. ) ;
#1271 = CARTESIAN_POINT ( 'NONE',  ( 82.50000000000004263, -9.500000000000079936, 242.0000000000000000 ) ) ;
#1272 = CARTESIAN_POINT ( 'NONE',  ( 82.50000000000005684, 29.50000000000003553, 8.000000000000007105 ) ) ;
#1273 = ORIENTED_EDGE ( 'NONE', *, *, #3029, .F. ) ;
#1274 = DIRECTION ( 'NONE',  ( 0.000000000000000000, -1.000000000000000000, 0.000000000000000000 ) ) ;
#1275 = DIRECTION ( 'NONE',  ( 1.000000000000000000, -0.000000000000000000, -0.000000000000000000 ) ) ;
#1276 = ORIENTED_EDGE ( 'NONE', *, *, #1789, .T. ) ;
#1277 = DIRECTION ( 'NONE',  ( 1.000000000000000000, 0.000000000000000000, 0.000000000000000000 ) ) ;
#1278 = DIRECTION ( 'NONE',  ( -0.000000000000000000, 0.000000000000000000, -1.000000000000000000 ) ) ;
#1279 = ORIENTED_EDGE ( 'NONE', *, *, #3572, .F. ) ;
#1280 = CARTESIAN_POINT ( 'NONE',  ( 66.23187591328682799, 15.00000000000000178, 229.9000000000000057 ) ) ;
#1281 = EDGE_CURVE ( 'NONE', #1633, #1246, #4533, .T. ) ;
#1282 = DIRECTION ( 'NONE',  ( 0.000000000000000000, 1.000000000000000000, 0.000000000000000000 ) ) ;
#1283 = ORIENTED_EDGE ( 'NONE', *, *, #435, .T. ) ;
#1284 = DIRECTION ( 'NONE',  ( 0.000000000000000000, 0.000000000000000000, 1.000000000000000000 ) ) ;
#1285 = ADVANCED_FACE ( 'NONE', ( #4139 ), #2408, .F. ) ;
#1286 = DIRECTION ( 'NONE',  ( 0.000000000000000000, 1.000000000000000000, 0.000000000000000000 ) ) ;
#1287 = VERTEX_POINT ( 'NONE', #3347 ) ;
#1288 = ADVANCED_FACE ( 'NONE', ( #2905 ), #523, .F. ) ;
#1289 = EDGE_CURVE ( 'NONE', #2556, #4172, #4484, .T. ) ;
#1290 = LINE ( 'NONE', #2193, #4651 ) ;
#1291 = CARTESIAN_POINT ( 'NONE',  ( -85.31222956928671408, 18.10000000000000142, 184.9999999999999716 ) ) ;
#1292 = ADVANCED_FACE ( 'NONE', ( #2102 ), #935, .F. ) ;
#1293 = ORIENTED_EDGE ( 'NONE', *, *, #2970, .T. ) ;
#1294 = ORIENTED_EDGE ( 'NONE', *, *, #4104, .F. ) ;
#1295 = LINE ( 'NONE', #184, #2495 ) ;
#1296 = DIRECTION ( 'NONE',  ( 0.000000000000000000, 0.000000000000000000, 1.000000000000000000 ) ) ;
#1297 = ORIENTED_EDGE ( 'NONE', *, *, #1765, .T. ) ;
#1298 = CARTESIAN_POINT ( 'NONE',  ( -75.89442719099992019, 20.44721359549996009, 0.000000000000000000 ) ) ;
#1299 = VECTOR ( 'NONE', #5029, 1000.000000000000114 ) ;
#1300 = DIRECTION ( 'NONE',  ( 0.000000000000000000, 1.000000000000000000, 0.000000000000000000 ) ) ;
#1301 = ORIENTED_EDGE ( 'NONE', *, *, #939, .T. ) ;
#1302 = DIRECTION ( 'NONE',  ( 0.000000000000000000, 0.000000000000000000, 1.000000000000000000 ) ) ;
#1303 = DIRECTION ( 'NONE',  ( -0.000000000000000000, 1.000000000000000000, -0.000000000000000000 ) ) ;
#1304 = AXIS2_PLACEMENT_3D ( 'NONE', #1902, #3466, #5066 ) ;
#1305 = AXIS2_PLACEMENT_3D ( 'NONE', #1016, #577, #267 ) ;
#1306 = CARTESIAN_POINT ( 'NONE',  ( 82.50000000000004263, -10.00000000000000000, 238.7500000000000853 ) ) ;
#1307 = VERTEX_POINT ( 'NONE', #2567 ) ;
#1308 = FACE_OUTER_BOUND ( 'NONE', #3507, .T. ) ;
#1309 = CARTESIAN_POINT ( 'NONE',  ( 68.89442719099990597, 34.44721359549998851, 250.0000000000000000 ) ) ;
#1310 = ORIENTED_EDGE ( 'NONE', *, *, #2911, .F. ) ;
#1311 = CARTESIAN_POINT ( 'NONE',  ( 73.23606797749977204, 27.99999999999999645, 1.000000000000000666 ) ) ;
#1312 = AXIS2_PLACEMENT_3D ( 'NONE', #1244, #3985, #3590 ) ;
#1313 = DIRECTION ( 'NONE',  ( 0.000000000000000000, 0.000000000000000000, 1.000000000000000000 ) ) ;
#1314 = ORIENTED_EDGE ( 'NONE', *, *, #1170, .F. ) ;
#1315 = CARTESIAN_POINT ( 'NONE',  ( -85.49999999999987210, 15.00000000000000178, 231.3000000000000398 ) ) ;
#1316 = CARTESIAN_POINT ( 'NONE',  ( -66.23187591328682799, 15.00000000000000178, 232.9999999999999716 ) ) ;
#1317 = ORIENTED_EDGE ( 'NONE', *, *, #4832, .T. ) ;
#1318 = ADVANCED_FACE ( 'NONE', ( #3696 ), #4168, .F. ) ;
#1319 = EDGE_CURVE ( 'NONE', #869, #3442, #1916, .T. ) ;
#1320 = AXIS2_PLACEMENT_3D ( 'NONE', #772, #4867, #1623 ) ;
#1321 = EDGE_CURVE ( 'NONE', #4320, #3946, #3413, .T. ) ;
#1322 = ORIENTED_EDGE ( 'NONE', *, *, #467, .T. ) ;
#1323 = DIRECTION ( 'NONE',  ( 0.000000000000000000, 0.000000000000000000, -1.000000000000000000 ) ) ;
#1324 = CARTESIAN_POINT ( 'NONE',  ( -82.50000000000002842, 29.50000000000003553, 8.000000000000028422 ) ) ;
#1325 = VERTEX_POINT ( 'NONE', #4897 ) ;
#1326 = ADVANCED_FACE ( 'NONE', ( #2514 ), #346, .F. ) ;
#1327 = CARTESIAN_POINT ( 'NONE',  ( -86.00000000000000000, 15.00000000000000178, 235.2000000000000739 ) ) ;
#1328 = VECTOR ( 'NONE', #3043, 1000.000000000000000 ) ;
#1329 = AXIS2_PLACEMENT_3D ( 'NONE', #2292, #254, #3109 ) ;
#1330 = AXIS2_PLACEMENT_3D ( 'NONE', #2939, #213, #1335 ) ;
#1331 = CARTESIAN_POINT ( 'NONE',  ( 86.00000000000000000, 18.10000000000000142, 184.9999999999999716 ) ) ;
#1332 = AXIS2_PLACEMENT_3D ( 'NONE', #2647, #2259, #1864 ) ;
#1333 = ORIENTED_EDGE ( 'NONE', *, *, #2970, .F. ) ;
#1334 = AXIS2_PLACEMENT_3D ( 'NONE', #3673, #2105, #1663 ) ;
#1335 = DIRECTION ( 'NONE',  ( 0.000000000000000000, 0.000000000000000000, 1.000000000000000000 ) ) ;
#1336 = DIRECTION ( 'NONE',  ( 1.000000000000000000, 0.000000000000000000, 0.000000000000000000 ) ) ;
#1337 = AXIS2_PLACEMENT_3D ( 'NONE', #1685, #102, #1394 ) ;
#1338 = CONICAL_SURFACE ( 'NONE', #4338, 1.000000000000000888, 0.7853981633974491672 ) ;
#1339 = AXIS2_PLACEMENT_3D ( 'NONE', #1688, #3191, #4061 ) ;
#1340 = CONICAL_SURFACE ( 'NONE', #3411, 4.500000000000003553, 0.7853981633974579379 ) ;
#1341 = LINE ( 'NONE', #2998, #499 ) ;
#1342 = ORIENTED_EDGE ( 'NONE', *, *, #204, .F. ) ;
#1343 = LINE ( 'NONE', #5019, #1741 ) ;
#1344 = CIRCLE ( 'NONE', #176, 3.250000000000082601 ) ;
#1345 = CARTESIAN_POINT ( 'NONE',  ( 75.50000000000004263, 15.00000000000000178, 232.9999999999999716 ) ) ;
#1346 = ORIENTED_EDGE ( 'NONE', *, *, #874, .F. ) ;
#1347 = DIRECTION ( 'NONE',  ( 0.000000000000000000, 0.000000000000000000, 1.000000000000000000 ) ) ;
#1348 = ORIENTED_EDGE ( 'NONE', *, *, #939, .F. ) ;
#1349 = CARTESIAN_POINT ( 'NONE',  ( -85.50000000000004263, 13.40000000000000568, 184.9999999999999716 ) ) ;
#1350 = CARTESIAN_POINT ( 'NONE',  ( 82.50000000000002842, 24.99999999999999645, 242.0000000000000000 ) ) ;
#1351 = ORIENTED_EDGE ( 'NONE', *, *, #3742, .F. ) ;
#1352 = DIRECTION ( 'NONE',  ( 0.000000000000000000, 0.000000000000000000, 1.000000000000000000 ) ) ;
#1353 = EDGE_CURVE ( 'NONE', #950, #4441, #402, .T. ) ;
#1354 = CARTESIAN_POINT ( 'NONE',  ( 85.49999999999988631, 15.00000000000000178, 218.6999999999999318 ) ) ;
#1355 = ORIENTED_EDGE ( 'NONE', *, *, #2363, .T. ) ;
#1356 = DIRECTION ( 'NONE',  ( -1.000000000000000000, -0.000000000000000000, -0.000000000000000000 ) ) ;
#1357 = EDGE_CURVE ( 'NONE', #1070, #2695, #17, .T. ) ;
#1358 = DIRECTION ( 'NONE',  ( 0.000000000000000000, 1.000000000000000000, 0.000000000000000000 ) ) ;
#1359 = ORIENTED_EDGE ( 'NONE', *, *, #5091, .F. ) ;
#1360 = CARTESIAN_POINT ( 'NONE',  ( 73.23606797749977204, 28.99999999999999645, 250.0000000000000000 ) ) ;
#1361 = DIRECTION ( 'NONE',  ( -1.000000000000000000, 0.000000000000000000, 0.000000000000000000 ) ) ;
#1362 = CARTESIAN_POINT ( 'NONE',  ( 66.23187591328682799, 15.00000000000000178, 232.9999999999999716 ) ) ;
#1363 = ORIENTED_EDGE ( 'NONE', *, *, #3104, .F. ) ;
#1364 = DIRECTION ( 'NONE',  ( 0.000000000000000000, 0.000000000000000000, 1.000000000000000000 ) ) ;
#1365 = FACE_OUTER_BOUND ( 'NONE', #3594, .T. ) ;
#1366 = VERTEX_POINT ( 'NONE', #2640 ) ;
#1367 = VERTEX_POINT ( 'NONE', #2344 ) ;
#1368 = FACE_OUTER_BOUND ( 'NONE', #3157, .T. ) ;
#1369 = CARTESIAN_POINT ( 'NONE',  ( -79.74999999999997158, 24.50000000000001776, 242.0000000000000284 ) ) ;
#1370 = ORIENTED_EDGE ( 'NONE', *, *, #3542, .T. ) ;
#1371 = DIRECTION ( 'NONE',  ( -1.000000000000000000, -0.000000000000000000, -0.000000000000000000 ) ) ;
#1372 = CARTESIAN_POINT ( 'NONE',  ( -89.50000000000005684, 18.10000000000000142, 20.00000000000000000 ) ) ;
#1373 = VERTEX_POINT ( 'NONE', #4271 ) ;
#1374 = CARTESIAN_POINT ( 'NONE',  ( 75.00000000000000000, 15.00000000000000178, 216.9999999999999716 ) ) ;
#1375 = DIRECTION ( 'NONE',  ( 0.7071067811865474617, 0.000000000000000000, -0.7071067811865474617 ) ) ;
#1376 = ORIENTED_EDGE ( 'NONE', *, *, #2777, .T. ) ;
#1377 = DIRECTION ( 'NONE',  ( 0.000000000000000000, 0.000000000000000000, 1.000000000000000000 ) ) ;
#1378 = CYLINDRICAL_SURFACE ( 'NONE', #3294, 3.099999999999998757 ) ;
#1379 = ADVANCED_FACE ( 'NONE', ( #2614 ), #4429, .F. ) ;
#1380 = EDGE_CURVE ( 'NONE', #1241, #3588, #4174, .T. ) ;
#1381 = CARTESIAN_POINT ( 'NONE',  ( -90.00000000000000000, 10.00000000000000000, 1.000000000000000888 ) ) ;
#1382 = VERTEX_POINT ( 'NONE', #3448 ) ;
#1383 = DIRECTION ( 'NONE',  ( 0.000000000000000000, 4.205390244792260202E-17, 1.000000000000000000 ) ) ;
#1384 = CONICAL_SURFACE ( 'NONE', #4718, 1.699999999999951550, 0.7853981633974582710 ) ;
#1385 = DIRECTION ( 'NONE',  ( 1.000000000000000000, 0.000000000000000000, 0.000000000000000000 ) ) ;
#1386 = ADVANCED_FACE ( 'NONE', ( #4368, #5028 ), #379, .T. ) ;
#1387 = EDGE_CURVE ( 'NONE', #1768, #3020, #4842, .T. ) ;
#1388 = VECTOR ( 'NONE', #1336, 1000.000000000000000 ) ;
#1389 = EDGE_LOOP ( 'NONE', ( #979, #3180, #831, #4652 ) ) ;
#1390 = ORIENTED_EDGE ( 'NONE', *, *, #4132, .F. ) ;
#1391 = VECTOR ( 'NONE', #1214, 1000.000000000000000 ) ;
#1392 = AXIS2_PLACEMENT_3D ( 'NONE', #1808, #1784, #4140 ) ;
#1393 = FACE_OUTER_BOUND ( 'NONE', #3831, .T. ) ;
#1394 = DIRECTION ( 'NONE',  ( -1.000000000000000000, 0.000000000000000000, 0.000000000000000000 ) ) ;
#1395 = EDGE_LOOP ( 'NONE', ( #1136, #2847, #1401, #1456 ) ) ;
#1396 = DIRECTION ( 'NONE',  ( 0.000000000000000000, 0.000000000000000000, -1.000000000000000000 ) ) ;
#1397 = DIRECTION ( 'NONE',  ( 0.000000000000000000, 0.000000000000000000, 1.000000000000000000 ) ) ;
#1398 = ORIENTED_EDGE ( 'NONE', *, *, #2235, .T. ) ;
#1399 = DIRECTION ( 'NONE',  ( -1.000000000000000000, 0.000000000000000000, 0.000000000000000000 ) ) ;
#1400 = AXIS2_PLACEMENT_3D ( 'NONE', #2430, #484, #4455 ) ;
#1401 = ORIENTED_EDGE ( 'NONE', *, *, #2811, .F. ) ;
#1402 = CARTESIAN_POINT ( 'NONE',  ( -89.50000000000002842, 15.00000000000000178, 236.0999999999999659 ) ) ;
#1403 = ORIENTED_EDGE ( 'NONE', *, *, #3738, .F. ) ;
#1404 = FACE_BOUND ( 'NONE', #3469, .T. ) ;
#1405 = AXIS2_PLACEMENT_3D ( 'NONE', #4836, #1260, #2840 ) ;
#1406 = CARTESIAN_POINT ( 'NONE',  ( -89.50000000000002842, 15.00000000000000178, 232.9999999999999716 ) ) ;
#1407 = CIRCLE ( 'NONE', #4737, 3.250000000000027089 ) ;
#1408 = DIRECTION ( 'NONE',  ( 0.000000000000000000, -0.000000000000000000, 1.000000000000000000 ) ) ;
#1409 = VECTOR ( 'NONE', #272, 1000.000000000000000 ) ;
#1410 = CARTESIAN_POINT ( 'NONE',  ( 73.23606797749977204, 30.00000000000000000, 1.000000000000000888 ) ) ;
#1411 = VERTEX_POINT ( 'NONE', #2394 ) ;
#1412 = VECTOR ( 'NONE', #4567, 1000.000000000000000 ) ;
#1413 = DIRECTION ( 'NONE',  ( 0.000000000000000000, 0.000000000000000000, -1.000000000000000000 ) ) ;
#1414 = VECTOR ( 'NONE', #5129, 1000.000000000000000 ) ;
#1415 = CARTESIAN_POINT ( 'NONE',  ( -75.00000000000000000, 14.99999999999999822, 20.00000000000000000 ) ) ;
#1416 = EDGE_CURVE ( 'NONE', #1833, #4122, #1807, .T. ) ;
#1417 = VECTOR ( 'NONE', #3112, 999.9999999999998863 ) ;
#1418 = CIRCLE ( 'NONE', #2660, 1.699999999999951550 ) ;
#1419 = VECTOR ( 'NONE', #2846, 1000.000000000000000 ) ;
#1420 = ORIENTED_EDGE ( 'NONE', *, *, #1706, .T. ) ;
#1421 = ADVANCED_FACE ( 'NONE', ( #814 ), #4210, .F. ) ;
#1422 = ORIENTED_EDGE ( 'NONE', *, *, #2145, .T. ) ;
#1423 = VECTOR ( 'NONE', #1571, 1000.000000000000000 ) ;
#1424 = ADVANCED_FACE ( 'NONE', ( #3396 ), #1597, .T. ) ;
#1425 = PLANE ( 'NONE',  #2398 ) ;
#1426 = CARTESIAN_POINT ( 'NONE',  ( -86.00000000000000000, 30.00000000000000000, 0.000000000000000000 ) ) ;
#1427 = LINE ( 'NONE', #600, #3048 ) ;
#1428 = VERTEX_POINT ( 'NONE', #670 ) ;
#1429 = CARTESIAN_POINT ( 'NONE',  ( -82.49999999999997158, 24.99999999999999645, 238.7500000000000568 ) ) ;
#1430 = ORIENTED_EDGE ( 'NONE', *, *, #594, .F. ) ;
#1431 = DIRECTION ( 'NONE',  ( -1.000000000000000000, 0.000000000000000000, 0.000000000000000000 ) ) ;
#1432 = VERTEX_POINT ( 'NONE', #1186 ) ;
#1433 = CARTESIAN_POINT ( 'NONE',  ( 75.00000000000000000, 15.00000000000000178, 184.9999999999999716 ) ) ;
#1434 = FACE_OUTER_BOUND ( 'NONE', #3101, .T. ) ;
#1435 = LINE ( 'NONE', #3018, #3487 ) ;
#1436 = LINE ( 'NONE', #270, #2396 ) ;
#1437 = ORIENTED_EDGE ( 'NONE', *, *, #559, .F. ) ;
#1438 = FACE_OUTER_BOUND ( 'NONE', #4499, .T. ) ;
#1439 = DIRECTION ( 'NONE',  ( 0.000000000000000000, 0.000000000000000000, -1.000000000000000000 ) ) ;
#1440 = ORIENTED_EDGE ( 'NONE', *, *, #376, .F. ) ;
#1441 = ORIENTED_EDGE ( 'NONE', *, *, #4828, .T. ) ;
#1442 = CARTESIAN_POINT ( 'NONE',  ( -82.49999999999997158, 24.50000000000001776, 242.0000000000000284 ) ) ;
#1443 = EDGE_CURVE ( 'NONE', #351, #2851, #3053, .T. ) ;
#1444 = EDGE_CURVE ( 'NONE', #3055, #3668, #3333, .T. ) ;
#1445 = EDGE_CURVE ( 'NONE', #1366, #2904, #3155, .T. ) ;
#1446 = DIRECTION ( 'NONE',  ( 1.000000000000000000, 0.000000000000000000, 0.000000000000000000 ) ) ;
#1447 = CARTESIAN_POINT ( 'NONE',  ( -90.00000000000000000, 14.99999999999999822, 20.00000000000000000 ) ) ;
#1448 = ORIENTED_EDGE ( 'NONE', *, *, #5152, .F. ) ;
#1449 = CARTESIAN_POINT ( 'NONE',  ( 75.00000000000000000, 12.90000000000000213, 20.00000000000000000 ) ) ;
#1450 = ADVANCED_FACE ( 'NONE', ( #4239, #2788 ), #4392, .F. ) ;
#1451 = ORIENTED_EDGE ( 'NONE', *, *, #1674, .T. ) ;
#1452 = DIRECTION ( 'NONE',  ( 0.7071067811865474617, -0.7071067811865474617, 0.000000000000000000 ) ) ;
#1453 = VERTEX_POINT ( 'NONE', #4661 ) ;
#1454 = FACE_OUTER_BOUND ( 'NONE', #1592, .T. ) ;
#1455 = DIRECTION ( 'NONE',  ( -0.000000000000000000, -1.000000000000000000, -0.000000000000000000 ) ) ;
#1456 = ORIENTED_EDGE ( 'NONE', *, *, #2235, .F. ) ;
#1457 = DIRECTION ( 'NONE',  ( 0.7071067811865601183, 8.659560562354778784E-17, 0.7071067811865349162 ) ) ;
#1458 = LINE ( 'NONE', #731, #1328 ) ;
#1459 = VERTEX_POINT ( 'NONE', #1085 ) ;
#1460 = DIRECTION ( 'NONE',  ( -0.7071067811865279218, -0.7071067811865672237, 0.000000000000000000 ) ) ;
#1461 = DIRECTION ( 'NONE',  ( 0.000000000000000000, -2.102695122396130717E-17, -1.000000000000000000 ) ) ;
#1462 = DIRECTION ( 'NONE',  ( 0.7071067811865644481, 8.659560562354725782E-17, 0.7071067811865306973 ) ) ;
#1463 = EDGE_LOOP ( 'NONE', ( #4435, #696 ) ) ;
#1464 = AXIS2_PLACEMENT_3D ( 'NONE', #4963, #1800, #1385 ) ;
#1465 = ORIENTED_EDGE ( 'NONE', *, *, #1473, .T. ) ;
#1466 = DIRECTION ( 'NONE',  ( 0.4472135954999583163, 0.8944271909999156334, 0.000000000000000000 ) ) ;
#1467 = AXIS2_PLACEMENT_3D ( 'NONE', #2088, #1303, #3678 ) ;
#1468 = VECTOR ( 'NONE', #4534, 1000.000000000000000 ) ;
#1469 = DIRECTION ( 'NONE',  ( 0.000000000000000000, 0.000000000000000000, 1.000000000000000000 ) ) ;
#1470 = DIRECTION ( 'NONE',  ( 0.000000000000000000, 2.102695122396130717E-17, 1.000000000000000000 ) ) ;
#1471 = ORIENTED_EDGE ( 'NONE', *, *, #715, .F. ) ;
#1472 = EDGE_CURVE ( 'NONE', #635, #1411, #282, .T. ) ;
#1473 = EDGE_CURVE ( 'NONE', #1373, #3138, #4049, .T. ) ;
#1474 = CARTESIAN_POINT ( 'NONE',  ( 82.50000000000004263, -9.500000000000079936, 242.0000000000000000 ) ) ;
#1475 = EDGE_CURVE ( 'NONE', #4535, #4977, #3623, .T. ) ;
#1476 = EDGE_LOOP ( 'NONE', ( #2771, #4133 ) ) ;
#1477 = DIRECTION ( 'NONE',  ( 1.000000000000000000, 0.000000000000000000, 0.000000000000000000 ) ) ;
#1478 = ORIENTED_EDGE ( 'NONE', *, *, #3489, .T. ) ;
#1479 = DIRECTION ( 'NONE',  ( -1.000000000000000000, 0.000000000000000000, 0.000000000000000000 ) ) ;
#1480 = CARTESIAN_POINT ( 'NONE',  ( 86.00000000000000000, 14.99999999999999822, 17.90000000000006253 ) ) ;
#1481 = ORIENTED_EDGE ( 'NONE', *, *, #3970, .F. ) ;
#1482 = DIRECTION ( 'NONE',  ( 0.000000000000000000, 1.000000000000000000, 0.000000000000000000 ) ) ;
#1483 = AXIS2_PLACEMENT_3D ( 'NONE', #178, #1779, #2479 ) ;
#1484 = DIRECTION ( 'NONE',  ( 0.7071067811865279218, 0.000000000000000000, -0.7071067811865671127 ) ) ;
#1485 = EDGE_LOOP ( 'NONE', ( #2212, #3880, #2367, #2300 ) ) ;
#1486 = CIRCLE ( 'NONE', #3649, 1.699999999999951550 ) ;
#1487 = LINE ( 'NONE', #5102, #3827 ) ;
#1488 = EDGE_CURVE ( 'NONE', #1064, #3360, #3230, .T. ) ;
#1489 = CARTESIAN_POINT ( 'NONE',  ( 79.33333333333327175, 19.33333333333351334, 259.6666666666665151 ) ) ;
#1490 = AXIS2_PLACEMENT_3D ( 'NONE', #5120, #4721, #1901 ) ;
#1491 = AXIS2_PLACEMENT_3D ( 'NONE', #4180, #965, #608 ) ;
#1492 = VECTOR ( 'NONE', #2803, 999.9999999999998863 ) ;
#1493 = EDGE_LOOP ( 'NONE', ( #4746, #1656, #3639, #3503 ) ) ;
#1494 = VECTOR ( 'NONE', #3115, 1000.000000000000000 ) ;
#1495 = VERTEX_POINT ( 'NONE', #3707 ) ;
#1496 = CARTESIAN_POINT ( 'NONE',  ( 75.00000000000000000, 15.00000000000000178, 230.8000000000000114 ) ) ;
#1497 = EDGE_CURVE ( 'NONE', #3212, #2437, #4526, .T. ) ;
#1498 = CIRCLE ( 'NONE', #2078, 2.000000000000001776 ) ;
#1499 = DIRECTION ( 'NONE',  ( 0.000000000000000000, 0.000000000000000000, -1.000000000000000000 ) ) ;
#1500 = AXIS2_PLACEMENT_3D ( 'NONE', #1061, #1945, #2649 ) ;
#1501 = AXIS2_PLACEMENT_3D ( 'NONE', #1474, #4274, #1887 ) ;
#1502 = AXIS2_PLACEMENT_3D ( 'NONE', #2151, #1371, #4872 ) ;
#1503 = AXIS2_PLACEMENT_3D ( 'NONE', #1316, #2120, #1709 ) ;
#1504 = CARTESIAN_POINT ( 'NONE',  ( 0.000000000000000000, 9.000000000000000000, 250.0000000000000000 ) ) ;
#1505 = ORIENTED_EDGE ( 'NONE', *, *, #4574, .F. ) ;
#1506 = DIRECTION ( 'NONE',  ( 0.000000000000000000, -1.000000000000000000, 0.000000000000000000 ) ) ;
#1507 = ORIENTED_EDGE ( 'NONE', *, *, #2591, .F. ) ;
#1508 = EDGE_CURVE ( 'NONE', #2161, #3660, #3260, .T. ) ;
#1509 = DIRECTION ( 'NONE',  ( 0.000000000000000000, 0.000000000000000000, 1.000000000000000000 ) ) ;
#1510 = ORIENTED_EDGE ( 'NONE', *, *, #3517, .T. ) ;
#1511 = CARTESIAN_POINT ( 'NONE',  ( -86.00000000000000000, 17.09999999999993747, 20.00000000000000000 ) ) ;
#1512 = CARTESIAN_POINT ( 'NONE',  ( 82.50000000000004263, 29.50000000000003553, 242.0000000000000000 ) ) ;
#1513 = ORIENTED_EDGE ( 'NONE', *, *, #3637, .T. ) ;
#1514 = CARTESIAN_POINT ( 'NONE',  ( 90.00000000000000000, 10.00000000000000000, 1.000000000000000888 ) ) ;
#1515 = EDGE_CURVE ( 'NONE', #3676, #157, #2500, .T. ) ;
#1516 = EDGE_CURVE ( 'NONE', #234, #4558, #3163, .T. ) ;
#1517 = ADVANCED_FACE ( 'NONE', ( #1725, #4077, #4109 ), #4447, .T. ) ;
#1518 = CARTESIAN_POINT ( 'NONE',  ( 75.50000000000004263, 15.00000000000000178, 218.6999999999999318 ) ) ;
#1519 = VERTEX_POINT ( 'NONE', #3686 ) ;
#1520 = DIRECTION ( 'NONE',  ( 0.000000000000000000, 0.000000000000000000, -1.000000000000000000 ) ) ;
#1521 = FACE_OUTER_BOUND ( 'NONE', #1648, .T. ) ;
#1522 = VERTEX_POINT ( 'NONE', #1621 ) ;
#1523 = CARTESIAN_POINT ( 'NONE',  ( -73.23606797749977204, 27.99999999999999645, 0.000000000000000000 ) ) ;
#1524 = CARTESIAN_POINT ( 'NONE',  ( -75.00000000000000000, 17.09999999999999432, 20.00000000000000000 ) ) ;
#1525 = ORIENTED_EDGE ( 'NONE', *, *, #2210, .F. ) ;
#1526 = ORIENTED_EDGE ( 'NONE', *, *, #4157, .T. ) ;
#1527 = LINE ( 'NONE', #3031, #3534 ) ;
#1528 = VERTEX_POINT ( 'NONE', #2059 ) ;
#1529 = PLANE ( 'NONE',  #1996 ) ;
#1530 = VERTEX_POINT ( 'NONE', #4804 ) ;
#1531 = APPLICATION_PROTOCOL_DEFINITION ( 'draft international standard', 'automotive_design', 1998, #1089 ) ;
#1532 = EDGE_LOOP ( 'NONE', ( #1616, #2757, #680, #4602 ) ) ;
#1533 = CARTESIAN_POINT ( 'NONE',  ( -83.33333333333332860, 23.33333333333333215, -5.666666666666665186 ) ) ;
#1534 = DIRECTION ( 'NONE',  ( 1.000000000000000000, -0.000000000000000000, -0.000000000000000000 ) ) ;
#1535 = VERTEX_POINT ( 'NONE', #3309 ) ;
#1536 = CARTESIAN_POINT ( 'NONE',  ( -86.00000000000000000, 15.00000000000000178, 216.9999999999999716 ) ) ;
#1537 = DIRECTION ( 'NONE',  ( 0.000000000000000000, 0.000000000000000000, -1.000000000000000000 ) ) ;
#1538 = CARTESIAN_POINT ( 'NONE',  ( 85.49999999999998579, 16.59999999999999787, 184.9999999999999716 ) ) ;
#1539 = ORIENTED_EDGE ( 'NONE', *, *, #4387, .T. ) ;
#1540 = CARTESIAN_POINT ( 'NONE',  ( -73.23606797749977204, 30.00000000000000000, 1.000000000000000888 ) ) ;
#1541 = DIRECTION ( 'NONE',  ( 1.000000000000000000, -0.000000000000000000, -0.000000000000000000 ) ) ;
#1542 = EDGE_CURVE ( 'NONE', #1568, #2538, #1229, .T. ) ;
#1543 = EDGE_CURVE ( 'NONE', #281, #2192, #3373, .T. ) ;
#1544 = EDGE_CURVE ( 'NONE', #4423, #2972, #2815, .T. ) ;
#1545 = ORIENTED_EDGE ( 'NONE', *, *, #4291, .T. ) ;
#1546 = FACE_OUTER_BOUND ( 'NONE', #2073, .T. ) ;
#1547 = EDGE_CURVE ( 'NONE', #2851, #4856, #5050, .T. ) ;
#1548 = CARTESIAN_POINT ( 'NONE',  ( 85.49999999999988631, 15.00000000000000178, 231.3000000000000398 ) ) ;
#1549 = CIRCLE ( 'NONE', #3887, 3.250000000000027089 ) ;
#1550 = ADVANCED_FACE ( 'NONE', ( #61 ), #4885, .F. ) ;
#1551 = PLANE ( 'NONE',  #3028 ) ;
#1552 = CARTESIAN_POINT ( 'NONE',  ( 86.00000000000000000, 15.00000000000000178, 216.9999999999999716 ) ) ;
#1553 = DIRECTION ( 'NONE',  ( 1.000000000000000000, 0.000000000000000000, 0.000000000000000000 ) ) ;
#1554 = AXIS2_PLACEMENT_3D ( 'NONE', #3297, #3370, #2123 ) ;
#1555 = CIRCLE ( 'NONE', #3891, 1.699999999999951550 ) ;
#1556 = EDGE_LOOP ( 'NONE', ( #1014, #1983, #5132, #360, #4683, #1090, #290, #2947 ) ) ;
#1557 = ORIENTED_EDGE ( 'NONE', *, *, #849, .F. ) ;
#1558 = FACE_OUTER_BOUND ( 'NONE', #1493, .T. ) ;
#1559 = CARTESIAN_POINT ( 'NONE',  ( 82.50000000000005684, -10.00000000000000178, 8.000000000000007105 ) ) ;
#1560 = ORIENTED_EDGE ( 'NONE', *, *, #911, .F. ) ;
#1561 = CIRCLE ( 'NONE', #5145, 2.099999999999994316 ) ;
#1562 = DIRECTION ( 'NONE',  ( 0.000000000000000000, -0.000000000000000000, 1.000000000000000000 ) ) ;
#1563 = DIRECTION ( 'NONE',  ( 0.5773502691896257311, 0.5773502691896257311, -0.5773502691896257311 ) ) ;
#1564 = VERTEX_POINT ( 'NONE', #2114 ) ;
#1565 = DIRECTION ( 'NONE',  ( -1.000000000000000000, 0.000000000000000000, 0.000000000000000000 ) ) ;
#1566 = LINE ( 'NONE', #3147, #3972 ) ;
#1567 = AXIS2_PLACEMENT_3D ( 'NONE', #4631, #672, #3932 ) ;
#1568 = VERTEX_POINT ( 'NONE', #1644 ) ;
#1569 = DIRECTION ( 'NONE',  ( 1.000000000000000000, -0.000000000000000000, -0.000000000000000000 ) ) ;
#1570 = EDGE_CURVE ( 'NONE', #3076, #2538, #3626, .T. ) ;
#1571 = DIRECTION ( 'NONE',  ( 0.000000000000000000, 0.000000000000000000, -1.000000000000000000 ) ) ;
#1572 = CIRCLE ( 'NONE', #3226, 1.699999999999951550 ) ;
#1573 = CARTESIAN_POINT ( 'NONE',  ( -86.00000000000000000, 15.00000000000000178, 232.9999999999999716 ) ) ;
#1574 = VECTOR ( 'NONE', #1836, 1000.000000000000114 ) ;
#1575 = ADVANCED_FACE ( 'NONE', ( #2841 ), #1799, .F. ) ;
#1576 = VECTOR ( 'NONE', #2211, 1000.000000000000000 ) ;
#1577 = ADVANCED_FACE ( 'NONE', ( #2864 ), #3969, .T. ) ;
#1578 = VECTOR ( 'NONE', #1639, 1000.000000000000114 ) ;
#1579 = DIRECTION ( 'NONE',  ( -1.000000000000000000, 0.000000000000000000, 0.000000000000000000 ) ) ;
#1580 = ORIENTED_EDGE ( 'NONE', *, *, #3876, .F. ) ;
#1581 = CARTESIAN_POINT ( 'NONE',  ( 82.50000000000005684, 24.99999999999999645, 12.50000000000001066 ) ) ;
#1582 = VECTOR ( 'NONE', #3014, 1000.000000000000000 ) ;
#1583 = CONICAL_SURFACE ( 'NONE', #1169, 3.249999999999919620, 0.7853981633974382870 ) ;
#1584 = AXIS2_PLACEMENT_3D ( 'NONE', #29, #387, #2800 ) ;
#1585 = ORIENTED_EDGE ( 'NONE', *, *, #3062, .T. ) ;
#1586 = ORIENTED_EDGE ( 'NONE', *, *, #3679, .T. ) ;
#1587 = CARTESIAN_POINT ( 'NONE',  ( -85.49999999999987210, 15.00000000000000178, 234.6999999999999318 ) ) ;
#1588 = DIRECTION ( 'NONE',  ( 1.000000000000000000, -0.000000000000000000, -0.000000000000000000 ) ) ;
#1589 = ORIENTED_EDGE ( 'NONE', *, *, #1497, .F. ) ;
#1590 = CARTESIAN_POINT ( 'NONE',  ( 85.31222956928671408, 18.10000000000000142, 184.9999999999999716 ) ) ;
#1591 = CARTESIAN_POINT ( 'NONE',  ( -89.00000000000002842, 0.000000000000000000, 250.0000000000000000 ) ) ;
#1592 = EDGE_LOOP ( 'NONE', ( #1745, #4519, #3339, #2158 ) ) ;
#1593 = DIRECTION ( 'NONE',  ( -0.7071067811865475727, 0.000000000000000000, -0.7071067811865475727 ) ) ;
#1594 = DIRECTION ( 'NONE',  ( 0.000000000000000000, 0.000000000000000000, 1.000000000000000000 ) ) ;
#1595 = ORIENTED_EDGE ( 'NONE', *, *, #2646, .F. ) ;
#1596 = CARTESIAN_POINT ( 'NONE',  ( -75.00000000000000000, 15.00000000000000178, 184.9999999999999716 ) ) ;
#1597 = PLANE ( 'NONE',  #1004 ) ;
#1598 = VERTEX_POINT ( 'NONE', #3022 ) ;
#1599 = DIRECTION ( 'NONE',  ( 0.000000000000000000, 0.000000000000000000, -1.000000000000000000 ) ) ;
#1600 = DIRECTION ( 'NONE',  ( 1.000000000000000000, -0.000000000000000000, -0.000000000000000000 ) ) ;
#1601 = DIRECTION ( 'NONE',  ( 0.000000000000000000, 0.000000000000000000, 1.000000000000000000 ) ) ;
#1602 = ORIENTED_EDGE ( 'NONE', *, *, #3006, .T. ) ;
#1603 = DIRECTION ( 'NONE',  ( -0.5773502691896366112, 0.5773502691896204020, -0.5773502691896204020 ) ) ;
#1604 = EDGE_CURVE ( 'NONE', #1530, #1937, #3812, .T. ) ;
#1605 = EDGE_CURVE ( 'NONE', #3037, #4110, #4884, .T. ) ;
#1606 = EDGE_LOOP ( 'NONE', ( #4232, #3237, #3272, #3035 ) ) ;
#1607 = APPLICATION_PROTOCOL_DEFINITION ( 'draft international standard', 'automotive_design', 1998, #3760 ) ;
#1608 = EDGE_CURVE ( 'NONE', #642, #2272, #4888, .T. ) ;
#1609 = VERTEX_POINT ( 'NONE', #3764 ) ;
#1610 = DIRECTION ( 'NONE',  ( 0.000000000000000000, -0.000000000000000000, 1.000000000000000000 ) ) ;
#1611 = CARTESIAN_POINT ( 'NONE',  ( 75.49999999999995737, 15.00000000000000178, 184.9999999999999716 ) ) ;
#1612 = ORIENTED_EDGE ( 'NONE', *, *, #45, .F. ) ;
#1613 = EDGE_CURVE ( 'NONE', #3355, #2195, #3125, .T. ) ;
#1614 = FACE_OUTER_BOUND ( 'NONE', #4835, .T. ) ;
#1615 = CARTESIAN_POINT ( 'NONE',  ( -66.23187591328682799, 15.00000000000000178, 236.0999999999999659 ) ) ;
#1616 = ORIENTED_EDGE ( 'NONE', *, *, #4633, .T. ) ;
#1617 = DIRECTION ( 'NONE',  ( 1.000000000000000000, 0.000000000000000000, 0.000000000000000000 ) ) ;
#1618 = CARTESIAN_POINT ( 'NONE',  ( -90.00000000000000000, -10.00000000000000000, 1.000000000000000888 ) ) ;
#1619 = ORIENTED_EDGE ( 'NONE', *, *, #1444, .F. ) ;
#1620 = DIRECTION ( 'NONE',  ( -0.000000000000000000, 0.000000000000000000, -1.000000000000000000 ) ) ;
#1621 = CARTESIAN_POINT ( 'NONE',  ( 90.00000000000000000, -10.00000000000000000, 249.0000000000000568 ) ) ;
#1622 = DIRECTION ( 'NONE',  ( 1.000000000000000000, 0.000000000000000000, 0.000000000000000000 ) ) ;
#1623 = DIRECTION ( 'NONE',  ( 1.000000000000000000, -0.000000000000000000, 0.000000000000000000 ) ) ;
#1624 = CARTESIAN_POINT ( 'NONE',  ( -79.75000000000002842, -9.500000000000079936, 8.000000000000028422 ) ) ;
#1625 = CARTESIAN_POINT ( 'NONE',  ( 89.50000000000002842, 15.00000000000000178, 229.9000000000000057 ) ) ;
#1626 = ORIENTED_EDGE ( 'NONE', *, *, #3844, .T. ) ;
#1627 = CIRCLE ( 'NONE', #5137, 2.200000000000007283 ) ;
#1628 = ORIENTED_EDGE ( 'NONE', *, *, #1832, .F. ) ;
#1629 = EDGE_CURVE ( 'NONE', #3512, #4305, #3731, .T. ) ;
#1630 = CARTESIAN_POINT ( 'NONE',  ( -82.50000000000002842, 30.00000000000000000, 8.000000000000028422 ) ) ;
#1631 = ADVANCED_FACE ( 'NONE', ( #1776 ), #1754, .T. ) ;
#1632 = DIRECTION ( 'NONE',  ( 0.000000000000000000, 0.000000000000000000, 1.000000000000000000 ) ) ;
#1633 = VERTEX_POINT ( 'NONE', #2136 ) ;
#1634 = DIRECTION ( 'NONE',  ( -1.000000000000000000, 0.000000000000000000, 0.000000000000000000 ) ) ;
#1635 = VECTOR ( 'NONE', #1102, 1000.000000000000000 ) ;
#1636 = EDGE_CURVE ( 'NONE', #2797, #1325, #2370, .T. ) ;
#1637 = FACE_OUTER_BOUND ( 'NONE', #3428, .T. ) ;
#1638 = ORIENTED_EDGE ( 'NONE', *, *, #115, .T. ) ;
#1639 = DIRECTION ( 'NONE',  ( 0.000000000000000000, -0.7071067811865541231, -0.7071067811865408004 ) ) ;
#1640 = EDGE_CURVE ( 'NONE', #4277, #2904, #1627, .T. ) ;
#1641 = DIRECTION ( 'NONE',  ( 0.000000000000000000, 0.000000000000000000, -1.000000000000000000 ) ) ;
#1642 = ORIENTED_EDGE ( 'NONE', *, *, #3682, .F. ) ;
#1643 = DIRECTION ( 'NONE',  ( 0.000000000000000000, 0.000000000000000000, -1.000000000000000000 ) ) ;
#1644 = CARTESIAN_POINT ( 'NONE',  ( 82.50000000000004263, 24.99999999999999645, 237.5000000000000000 ) ) ;
#1645 = EDGE_LOOP ( 'NONE', ( #3246, #2535, #4797, #461 ) ) ;
#1646 = DIRECTION ( 'NONE',  ( 0.000000000000000000, 0.000000000000000000, -1.000000000000000000 ) ) ;
#1647 = AXIS2_PLACEMENT_3D ( 'NONE', #3241, #1962, #3164 ) ;
#1648 = EDGE_LOOP ( 'NONE', ( #4784, #218, #4511, #175 ) ) ;
#1649 = CIRCLE ( 'NONE', #660, 2.750000000000002665 ) ;
#1650 = FACE_OUTER_BOUND ( 'NONE', #323, .T. ) ;
#1651 = ORIENTED_EDGE ( 'NONE', *, *, #462, .T. ) ;
#1652 = VECTOR ( 'NONE', #5043, 1000.000000000000114 ) ;
#1653 = AXIS2_PLACEMENT_3D ( 'NONE', #3416, #4962, #1383 ) ;
#1654 = AXIS2_PLACEMENT_3D ( 'NONE', #4717, #1948, #367 ) ;
#1655 = AXIS2_PLACEMENT_3D ( 'NONE', #2604, #2960, #3758 ) ;
#1656 = ORIENTED_EDGE ( 'NONE', *, *, #43, .T. ) ;
#1657 = ORIENTED_EDGE ( 'NONE', *, *, #2781, .T. ) ;
#1658 = CARTESIAN_POINT ( 'NONE',  ( 82.50000000000005684, -10.00000000000000000, 4.750000000000087041 ) ) ;
#1659 = AXIS2_PLACEMENT_3D ( 'NONE', #3945, #372, #784 ) ;
#1660 = LINE ( 'NONE', #2045, #3977 ) ;
#1661 = AXIS2_PLACEMENT_3D ( 'NONE', #4689, #1553, #2720 ) ;
#1662 = ORIENTED_EDGE ( 'NONE', *, *, #2350, .T. ) ;
#1663 = DIRECTION ( 'NONE',  ( 0.000000000000000000, 0.000000000000000000, -1.000000000000000000 ) ) ;
#1664 = AXIS2_PLACEMENT_3D ( 'NONE', #1271, #2853, #4460 ) ;
#1665 = EDGE_CURVE ( 'NONE', #4355, #4539, #4205, .T. ) ;
#1666 = AXIS2_PLACEMENT_3D ( 'NONE', #3706, #4497, #925 ) ;
#1667 = PLANE ( 'NONE',  #4418 ) ;
#1668 = ORIENTED_EDGE ( 'NONE', *, *, #1859, .F. ) ;
#1669 = VECTOR ( 'NONE', #2488, 1000.000000000000000 ) ;
#1670 = LINE ( 'NONE', #916, #2986 ) ;
#1671 = DIRECTION ( 'NONE',  ( 0.000000000000000000, 0.000000000000000000, 1.000000000000000000 ) ) ;
#1672 = EDGE_CURVE ( 'NONE', #340, #860, #2126, .T. ) ;
#1673 = EDGE_CURVE ( 'NONE', #4229, #3422, #4649, .T. ) ;
#1674 = EDGE_CURVE ( 'NONE', #3051, #728, #4630, .T. ) ;
#1675 = ADVANCED_FACE ( 'NONE', ( #558 ), #4556, .F. ) ;
#1676 = ORIENTED_EDGE ( 'NONE', *, *, #4702, .T. ) ;
#1677 = CARTESIAN_POINT ( 'NONE',  ( 76.00000000000000000, 20.23606797749981467, 250.0000000000000000 ) ) ;
#1678 = DIRECTION ( 'NONE',  ( 0.000000000000000000, 0.000000000000000000, 1.000000000000000000 ) ) ;
#1679 = ADVANCED_FACE ( 'NONE', ( #1365 ), #1384, .F. ) ;
#1680 = ORIENTED_EDGE ( 'NONE', *, *, #911, .T. ) ;
#1681 = DIRECTION ( 'NONE',  ( 0.000000000000000000, 0.000000000000000000, 1.000000000000000000 ) ) ;
#1682 = DIRECTION ( 'NONE',  ( 1.000000000000000000, 0.000000000000000000, 0.000000000000000000 ) ) ;
#1683 = ORIENTED_EDGE ( 'NONE', *, *, #1702, .F. ) ;
#1684 = CARTESIAN_POINT ( 'NONE',  ( -75.50000000000009948, 15.00000000000000178, 232.9999999999999716 ) ) ;
#1685 = CARTESIAN_POINT ( 'NONE',  ( 82.50000000000004263, -10.00000000000000178, 242.0000000000000000 ) ) ;
#1686 = ORIENTED_EDGE ( 'NONE', *, *, #5098, .F. ) ;
#1687 = ORIENTED_EDGE ( 'NONE', *, *, #1629, .F. ) ;
#1688 = CARTESIAN_POINT ( 'NONE',  ( 90.00000000000000000, 15.00000000000000178, 232.9999999999999716 ) ) ;
#1689 = DIRECTION ( 'NONE',  ( -0.000000000000000000, 1.000000000000000000, -0.000000000000000000 ) ) ;
#1690 = ORIENTED_EDGE ( 'NONE', *, *, #623, .T. ) ;
#1691 = FACE_OUTER_BOUND ( 'NONE', #221, .T. ) ;
#1692 = CARTESIAN_POINT ( 'NONE',  ( -82.49999999999995737, -10.00000000000000000, 242.0000000000000284 ) ) ;
#1693 = ORIENTED_EDGE ( 'NONE', *, *, #3128, .F. ) ;
#1694 = CARTESIAN_POINT ( 'NONE',  ( 74.99999999999998579, 10.00000000000000000, 249.0000000000000000 ) ) ;
#1695 = DIRECTION ( 'NONE',  ( 0.000000000000000000, -0.000000000000000000, 1.000000000000000000 ) ) ;
#1696 = CARTESIAN_POINT ( 'NONE',  ( 85.49999999999988631, 15.00000000000000178, 215.3000000000000114 ) ) ;
#1697 = VERTEX_POINT ( 'NONE', #2189 ) ;
#1698 = FACE_OUTER_BOUND ( 'NONE', #3193, .T. ) ;
#1699 = DIRECTION ( 'NONE',  ( -0.000000000000000000, 1.000000000000000000, -0.000000000000000000 ) ) ;
#1700 = EDGE_CURVE ( 'NONE', #3660, #1325, #4231, .T. ) ;
#1701 = EDGE_LOOP ( 'NONE', ( #631, #2139, #1651, #924 ) ) ;
#1702 = EDGE_CURVE ( 'NONE', #3536, #2332, #139, .T. ) ;
#1703 = CARTESIAN_POINT ( 'NONE',  ( 89.50000000000002842, 15.00000000000000178, 232.9999999999999716 ) ) ;
#1704 = CARTESIAN_POINT ( 'NONE',  ( 88.99999999999994316, -10.00000000000000000, 0.000000000000000000 ) ) ;
#1705 = ORIENTED_EDGE ( 'NONE', *, *, #1057, .F. ) ;
#1706 = EDGE_CURVE ( 'NONE', #1522, #1813, #1073, .T. ) ;
#1707 = EDGE_CURVE ( 'NONE', #4355, #2046, #1043, .T. ) ;
#1708 = DIRECTION ( 'NONE',  ( 0.000000000000000000, 0.000000000000000000, 1.000000000000000000 ) ) ;
#1709 = DIRECTION ( 'NONE',  ( 0.000000000000000000, 0.000000000000000000, 1.000000000000000000 ) ) ;
#1710 = ORIENTED_EDGE ( 'NONE', *, *, #4288, .F. ) ;
#1711 = DIRECTION ( 'NONE',  ( 1.000000000000000000, -0.000000000000000000, -0.000000000000000000 ) ) ;
#1712 = DIRECTION ( 'NONE',  ( -1.000000000000000000, 0.000000000000000000, 0.000000000000000000 ) ) ;
#1713 = ORIENTED_EDGE ( 'NONE', *, *, #3034, .F. ) ;
#1714 = DIRECTION ( 'NONE',  ( 0.000000000000000000, 0.000000000000000000, 1.000000000000000000 ) ) ;
#1715 = AXIS2_PLACEMENT_3D ( 'NONE', #3341, #4604, #4624 ) ;
#1716 = CARTESIAN_POINT ( 'NONE',  ( 89.50000000000002842, 15.00000000000000178, 220.0999999999999659 ) ) ;
#1717 = ORIENTED_EDGE ( 'NONE', *, *, #1954, .T. ) ;
#1718 = FILL_AREA_STYLE_COLOUR ( '', #255 ) ;
#1719 = DIRECTION ( 'NONE',  ( 0.000000000000000000, 0.000000000000000000, -1.000000000000000000 ) ) ;
#1720 = AXIS2_PLACEMENT_3D ( 'NONE', #4936, #1772, #553 ) ;
#1721 = VECTOR ( 'NONE', #2152, 1000.000000000000000 ) ;
#1722 = DIRECTION ( 'NONE',  ( 0.000000000000000000, -0.7071067811865545671, -0.7071067811865404673 ) ) ;
#1723 = ORIENTED_EDGE ( 'NONE', *, *, #1884, .T. ) ;
#1724 = DIRECTION ( 'NONE',  ( 0.000000000000000000, 0.000000000000000000, 1.000000000000000000 ) ) ;
#1725 = FACE_BOUND ( 'NONE', #2874, .T. ) ;
#1726 = ORIENTED_EDGE ( 'NONE', *, *, #188, .F. ) ;
#1727 = CARTESIAN_POINT ( 'NONE',  ( -75.00000000000000000, 19.99999999999999645, 249.0000000000000000 ) ) ;
#1728 = ORIENTED_EDGE ( 'NONE', *, *, #182, .F. ) ;
#1729 = EDGE_CURVE ( 'NONE', #3789, #4847, #5042, .T. ) ;
#1730 = DIRECTION ( 'NONE',  ( 1.000000000000000000, -2.081668171172166620E-14, 0.000000000000000000 ) ) ;
#1731 = ADVANCED_FACE ( 'NONE', ( #1183 ), #969, .F. ) ;
#1732 = CARTESIAN_POINT ( 'NONE',  ( 73.23606797749977204, 27.99999999999999645, 0.000000000000000000 ) ) ;
#1733 = EDGE_CURVE ( 'NONE', #2573, #3360, #1549, .T. ) ;
#1734 = VECTOR ( 'NONE', #974, 1000.000000000000000 ) ;
#1735 = VERTEX_POINT ( 'NONE', #4724 ) ;
#1736 = CONICAL_SURFACE ( 'NONE', #497, 1.599999999999990319, 0.7853981633974482790 ) ;
#1737 = CARTESIAN_POINT ( 'NONE',  ( 85.49999999999988631, 15.00000000000000178, 234.6999999999999318 ) ) ;
#1738 = DIRECTION ( 'NONE',  ( 0.000000000000000000, 1.000000000000000000, 0.000000000000000000 ) ) ;
#1739 = EDGE_LOOP ( 'NONE', ( #2510, #3169, #993, #4185 ) ) ;
#1740 = DIRECTION ( 'NONE',  ( -1.000000000000000000, 0.000000000000000000, 0.000000000000000000 ) ) ;
#1741 = VECTOR ( 'NONE', #4151, 1000.000000000000000 ) ;
#1742 = CIRCLE ( 'NONE', #1817, 3.599999999999950351 ) ;
#1743 = CYLINDRICAL_SURFACE ( 'NONE', #4829, 4.500000000000003553 ) ;
#1744 = CIRCLE ( 'NONE', #4665, 3.099999999999991651 ) ;
#1745 = ORIENTED_EDGE ( 'NONE', *, *, #1767, .F. ) ;
#1746 = DIRECTION ( 'NONE',  ( 0.000000000000000000, 0.000000000000000000, -1.000000000000000000 ) ) ;
#1747 = CARTESIAN_POINT ( 'NONE',  ( -75.00000000000000000, 10.00000000000000000, 249.0000000000000000 ) ) ;
#1748 = VECTOR ( 'NONE', #4016, 999.9999999999998863 ) ;
#1749 = AXIS2_PLACEMENT_3D ( 'NONE', #3796, #1399, #622 ) ;
#1750 = AXIS2_PLACEMENT_3D ( 'NONE', #3296, #203, #1783 ) ;
#1751 = LINE ( 'NONE', #4494, #4581 ) ;
#1752 = ORIENTED_EDGE ( 'NONE', *, *, #3968, .F. ) ;
#1753 = DIRECTION ( 'NONE',  ( -1.000000000000000000, 0.000000000000000000, 0.000000000000000000 ) ) ;
#1754 = CYLINDRICAL_SURFACE ( 'NONE', #1464, 2.000000000000001776 ) ;
#1755 = ORIENTED_EDGE ( 'NONE', *, *, #3218, .F. ) ;
#1756 = DIRECTION ( 'NONE',  ( 0.000000000000000000, 1.000000000000000000, 0.000000000000000000 ) ) ;
#1757 = EDGE_LOOP ( 'NONE', ( #1728, #1705, #3875, #5104, #2381 ) ) ;
#1758 = LINE ( 'NONE', #223, #4987 ) ;
#1759 = FACE_OUTER_BOUND ( 'NONE', #4483, .T. ) ;
#1760 = ORIENTED_EDGE ( 'NONE', *, *, #4928, .F. ) ;
#1761 = CARTESIAN_POINT ( 'NONE',  ( -82.50000000000004263, 24.49999999999996092, 5.250000000000019540 ) ) ;
#1762 = DIRECTION ( 'NONE',  ( -1.000000000000000000, 0.000000000000000000, 0.000000000000000000 ) ) ;
#1763 = ORIENTED_EDGE ( 'NONE', *, *, #5093, .F. ) ;
#1764 = EDGE_CURVE ( 'NONE', #3654, #545, #2214, .T. ) ;
#1765 = EDGE_CURVE ( 'NONE', #1935, #1148, #2957, .T. ) ;
#1766 = DIRECTION ( 'NONE',  ( 0.000000000000000000, 0.000000000000000000, 1.000000000000000000 ) ) ;
#1767 = EDGE_CURVE ( 'NONE', #3736, #97, #319, .T. ) ;
#1768 = VERTEX_POINT ( 'NONE', #1150 ) ;
#1769 = CARTESIAN_POINT ( 'NONE',  ( 86.00000000000000000, 18.09999999999999432, 20.00000000000000000 ) ) ;
#1770 = ORIENTED_EDGE ( 'NONE', *, *, #3679, .F. ) ;
#1771 = LINE ( 'NONE', #1360, #2902 ) ;
#1772 = DIRECTION ( 'NONE',  ( 0.000000000000000000, 0.7071067811865475727, -0.7071067811865475727 ) ) ;
#1773 = CARTESIAN_POINT ( 'NONE',  ( 89.50000000000002842, 15.00000000000000178, 216.9999999999999716 ) ) ;
#1774 = ORIENTED_EDGE ( 'NONE', *, *, #1319, .T. ) ;
#1775 = FACE_OUTER_BOUND ( 'NONE', #4946, .T. ) ;
#1776 = FACE_OUTER_BOUND ( 'NONE', #4955, .T. ) ;
#1777 = VERTEX_POINT ( 'NONE', #3867 ) ;
#1778 = ORIENTED_EDGE ( 'NONE', *, *, #396, .F. ) ;
#1779 = DIRECTION ( 'NONE',  ( -0.000000000000000000, 1.000000000000000000, -0.000000000000000000 ) ) ;
#1780 = CARTESIAN_POINT ( 'NONE',  ( -75.49999999999997158, 14.99999999999999822, 18.40000000000000568 ) ) ;
#1781 = ORIENTED_EDGE ( 'NONE', *, *, #4291, .F. ) ;
#1782 = ORIENTED_EDGE ( 'NONE', *, *, #4056, .F. ) ;
#1783 = DIRECTION ( 'NONE',  ( 0.000000000000000000, 0.000000000000000000, 1.000000000000000000 ) ) ;
#1784 = DIRECTION ( 'NONE',  ( 0.000000000000000000, 0.000000000000000000, -1.000000000000000000 ) ) ;
#1785 = ORIENTED_EDGE ( 'NONE', *, *, #4772, .T. ) ;
#1786 = CARTESIAN_POINT ( 'NONE',  ( -71.23606797749977204, 27.99999999999999645, 1.000000000000001110 ) ) ;
#1787 = ADVANCED_FACE ( 'NONE', ( #375 ), #3500, .F. ) ;
#1788 = EDGE_LOOP ( 'NONE', ( #4896, #2532, #2204, #3425 ) ) ;
#1789 = EDGE_CURVE ( 'NONE', #1735, #875, #4968, .T. ) ;
#1790 = CARTESIAN_POINT ( 'NONE',  ( -73.23606797749977204, 28.99999999999999289, 250.0000000000000000 ) ) ;
#1791 = ORIENTED_EDGE ( 'NONE', *, *, #467, .F. ) ;
#1792 = DIRECTION ( 'NONE',  ( 0.000000000000000000, 0.000000000000000000, 1.000000000000000000 ) ) ;
#1793 = LINE ( 'NONE', #1846, #3322 ) ;
#1794 = EDGE_CURVE ( 'NONE', #675, #1900, #3544, .T. ) ;
#1795 = ADVANCED_FACE ( 'NONE', ( #4681 ), #4365, .F. ) ;
#1796 = DIRECTION ( 'NONE',  ( 1.000000000000000000, -0.000000000000000000, -0.000000000000000000 ) ) ;
#1797 = ORIENTED_EDGE ( 'NONE', *, *, #403, .F. ) ;
#1798 = CYLINDRICAL_SURFACE ( 'NONE', #4906, 4.500000000000003553 ) ;
#1799 = CONICAL_SURFACE ( 'NONE', #3042, 1.699999999999951550, 0.7853981633974445042 ) ;
#1800 = DIRECTION ( 'NONE',  ( 0.000000000000000000, 0.000000000000000000, 1.000000000000000000 ) ) ;
#1801 = AXIS2_PLACEMENT_3D ( 'NONE', #2707, #3967, #3541 ) ;
#1802 = ORIENTED_EDGE ( 'NONE', *, *, #2295, .T. ) ;
#1803 = ORIENTED_EDGE ( 'NONE', *, *, #4520, .F. ) ;
#1804 = CONICAL_SURFACE ( 'NONE', #3978, 1.599999999999990319, 0.7853981633974760346 ) ;
#1805 = CARTESIAN_POINT ( 'NONE',  ( -90.00000000000000000, 15.00000000000000178, 184.9999999999999716 ) ) ;
#1806 = ORIENTED_EDGE ( 'NONE', *, *, #1033, .T. ) ;
#1807 = LINE ( 'NONE', #4780, #1423 ) ;
#1808 = CARTESIAN_POINT ( 'NONE',  ( 73.23606797749977204, 27.99999999999999645, 250.0000000000000000 ) ) ;
#1809 = ORIENTED_EDGE ( 'NONE', *, *, #3186, .T. ) ;
#1810 = FACE_OUTER_BOUND ( 'NONE', #762, .T. ) ;
#1811 = CIRCLE ( 'NONE', #1647, 1.699999999999951550 ) ;
#1812 = CARTESIAN_POINT ( 'NONE',  ( 82.50000000000002842, 24.49999999999999289, 244.7500000000000000 ) ) ;
#1813 = VERTEX_POINT ( 'NONE', #787 ) ;
#1814 = LINE ( 'NONE', #4980, #1412 ) ;
#1815 = AXIS2_PLACEMENT_3D ( 'NONE', #5125, #4311, #712 ) ;
#1816 = DIRECTION ( 'NONE',  ( 0.000000000000000000, 0.000000000000000000, 1.000000000000000000 ) ) ;
#1817 = AXIS2_PLACEMENT_3D ( 'NONE', #4655, #3931, #1879 ) ;
#1818 = CARTESIAN_POINT ( 'NONE',  ( 85.31222956928671408, 11.89999999999999680, 184.9999999999999716 ) ) ;
#1819 = CIRCLE ( 'NONE', #2481, 3.099999999999998757 ) ;
#1820 = EDGE_CURVE ( 'NONE', #3634, #2705, #4700, .T. ) ;
#1821 = VECTOR ( 'NONE', #682, 1000.000000000000000 ) ;
#1822 = VECTOR ( 'NONE', #802, 1000.000000000000114 ) ;
#1823 = DIRECTION ( 'NONE',  ( -0.7071067811865503483, 0.000000000000000000, 0.7071067811865446862 ) ) ;
#1824 = ORIENTED_EDGE ( 'NONE', *, *, #1226, .T. ) ;
#1825 = AXIS2_PLACEMENT_3D ( 'NONE', #1433, #529, #1377 ) ;
#1826 = CARTESIAN_POINT ( 'NONE',  ( 82.50000000000004263, -9.500000000000079936, 239.2500000000000000 ) ) ;
#1827 = AXIS2_PLACEMENT_3D ( 'NONE', #4531, #2068, #3666 ) ;
#1828 = DIRECTION ( 'NONE',  ( 1.000000000000000000, 0.000000000000000000, -0.000000000000000000 ) ) ;
#1829 = VECTOR ( 'NONE', #4518, 1000.000000000000000 ) ;
#1830 = CIRCLE ( 'NONE', #1245, 4.999999999999976907 ) ;
#1831 = EDGE_CURVE ( 'NONE', #2695, #2601, #2341, .T. ) ;
#1832 = EDGE_CURVE ( 'NONE', #4486, #2437, #1555, .T. ) ;
#1833 = VERTEX_POINT ( 'NONE', #5143 ) ;
#1834 = VERTEX_POINT ( 'NONE', #5103 ) ;
#1835 = VECTOR ( 'NONE', #432, 1000.000000000000000 ) ;
#1836 = DIRECTION ( 'NONE',  ( 0.7071067811865474617, -0.7071067811865474617, 0.000000000000000000 ) ) ;
#1837 = CARTESIAN_POINT ( 'NONE',  ( -89.50000000000002842, 15.00000000000000178, 232.9999999999999716 ) ) ;
#1838 = DIRECTION ( 'NONE',  ( 0.7071067811865668906, 0.7071067811865282549, -1.486829979814141175E-17 ) ) ;
#1839 = ORIENTED_EDGE ( 'NONE', *, *, #4951, .F. ) ;
#1840 = LINE ( 'NONE', #4615, #8 ) ;
#1841 = CARTESIAN_POINT ( 'NONE',  ( -90.00000000000000000, 15.00000000000000178, 216.9999999999999716 ) ) ;
#1842 = VERTEX_POINT ( 'NONE', #2289 ) ;
#1843 = CARTESIAN_POINT ( 'NONE',  ( -66.23187591328682799, 15.00000000000000178, 216.9999999999999716 ) ) ;
#1844 = FACE_BOUND ( 'NONE', #4529, .T. ) ;
#1845 = ORIENTED_EDGE ( 'NONE', *, *, #4891, .T. ) ;
#1846 = CARTESIAN_POINT ( 'NONE',  ( -76.14834242256095820, 20.27108687317120328, -0.1483424225609555058 ) ) ;
#1847 = FACE_OUTER_BOUND ( 'NONE', #2342, .T. ) ;
#1848 = CARTESIAN_POINT ( 'NONE',  ( -75.49999999999997158, 14.99999999999999822, 18.40000000000000568 ) ) ;
#1849 = ORIENTED_EDGE ( 'NONE', *, *, #1515, .T. ) ;
#1850 = CARTESIAN_POINT ( 'NONE',  ( -90.00000000000000000, 11.40000000000004832, 20.00000000000000000 ) ) ;
#1851 = DIRECTION ( 'NONE',  ( -0.000000000000000000, -1.000000000000000000, -0.000000000000000000 ) ) ;
#1852 = DIRECTION ( 'NONE',  ( 0.000000000000000000, 0.000000000000000000, 1.000000000000000000 ) ) ;
#1853 = ORIENTED_EDGE ( 'NONE', *, *, #3680, .F. ) ;
#1854 = ORIENTED_EDGE ( 'NONE', *, *, #3674, .F. ) ;
#1855 = ADVANCED_FACE ( 'NONE', ( #1521 ), #3524, .F. ) ;
#1856 = EDGE_CURVE ( 'NONE', #2194, #232, #2463, .T. ) ;
#1857 = FACE_OUTER_BOUND ( 'NONE', #1074, .T. ) ;
#1858 = VERTEX_POINT ( 'NONE', #395 ) ;
#1859 = EDGE_CURVE ( 'NONE', #2836, #127, #1566, .T. ) ;
#1860 = CARTESIAN_POINT ( 'NONE',  ( -90.00000000000000000, 30.00000000000000000, 0.000000000000000000 ) ) ;
#1861 = FACE_OUTER_BOUND ( 'NONE', #4060, .T. ) ;
#1862 = ORIENTED_EDGE ( 'NONE', *, *, #2753, .T. ) ;
#1863 = DIRECTION ( 'NONE',  ( -1.000000000000000000, 0.000000000000000000, -0.000000000000000000 ) ) ;
#1864 = DIRECTION ( 'NONE',  ( 1.000000000000000000, 0.000000000000000000, 0.000000000000000000 ) ) ;
#1865 = ORIENTED_EDGE ( 'NONE', *, *, #77, .T. ) ;
#1866 = LINE ( 'NONE', #4714, #167 ) ;
#1867 = CARTESIAN_POINT ( 'NONE',  ( -85.49999999999987210, 15.00000000000000178, 231.3000000000000398 ) ) ;
#1868 = ORIENTED_EDGE ( 'NONE', *, *, #2302, .F. ) ;
#1869 = LINE ( 'NONE', #2761, #823 ) ;
#1870 = FACE_OUTER_BOUND ( 'NONE', #3084, .T. ) ;
#1871 = EDGE_LOOP ( 'NONE', ( #1024, #1322 ) ) ;
#1872 = DIRECTION ( 'NONE',  ( 0.7071067811865474617, 0.7071067811865474617, 0.000000000000000000 ) ) ;
#1873 = DIRECTION ( 'NONE',  ( 0.000000000000000000, 0.000000000000000000, 1.000000000000000000 ) ) ;
#1874 = DIRECTION ( 'NONE',  ( 0.000000000000000000, 0.000000000000000000, 1.000000000000000000 ) ) ;
#1875 = ORIENTED_EDGE ( 'NONE', *, *, #4004, .F. ) ;
#1876 = VECTOR ( 'NONE', #3440, 1000.000000000000000 ) ;
#1877 = EDGE_LOOP ( 'NONE', ( #3231, #3955, #479, #3326 ) ) ;
#1878 = CARTESIAN_POINT ( 'NONE',  ( 66.23187591328682799, 15.00000000000000178, 216.9999999999999716 ) ) ;
#1879 = DIRECTION ( 'NONE',  ( 0.000000000000000000, 0.000000000000000000, -1.000000000000000000 ) ) ;
#1880 = ORIENTED_EDGE ( 'NONE', *, *, #1225, .T. ) ;
#1881 = VECTOR ( 'NONE', #4222, 1000.000000000000000 ) ;
#1882 = ADVANCED_FACE ( 'NONE', ( #4308 ), #2792, .F. ) ;
#1883 = CIRCLE ( 'NONE', #1056, 2.750000000000009326 ) ;
#1884 = EDGE_CURVE ( 'NONE', #1210, #222, #2808, .T. ) ;
#1885 = CARTESIAN_POINT ( 'NONE',  ( -86.00000000000000000, 17.09999999999993747, 20.00000000000000000 ) ) ;
#1886 = ORIENTED_EDGE ( 'NONE', *, *, #2082, .T. ) ;
#1887 = DIRECTION ( 'NONE',  ( 0.000000000000000000, 0.000000000000000000, 1.000000000000000000 ) ) ;
#1888 = ADVANCED_FACE ( 'NONE', ( #4023 ), #3703, .F. ) ;
#1889 = ORIENTED_EDGE ( 'NONE', *, *, #2224, .F. ) ;
#1890 = CARTESIAN_POINT ( 'NONE',  ( -90.00000000000000000, 16.59999999999999787, 184.9999999999999716 ) ) ;
#1891 = EDGE_LOOP ( 'NONE', ( #4739, #3539, #4605, #116, #539 ) ) ;
#1892 = DIRECTION ( 'NONE',  ( 0.000000000000000000, 0.000000000000000000, -1.000000000000000000 ) ) ;
#1893 = DIRECTION ( 'NONE',  ( 0.7071067811865471286, -0.7071067811865479058, 1.486829979814182467E-17 ) ) ;
#1894 = ORIENTED_EDGE ( 'NONE', *, *, #4454, .F. ) ;
#1895 = DIRECTION ( 'NONE',  ( 1.000000000000000000, -0.000000000000000000, -0.000000000000000000 ) ) ;
#1896 = VECTOR ( 'NONE', #3791, 1000.000000000000000 ) ;
#1897 = LINE ( 'NONE', #705, #3651 ) ;
#1898 = CARTESIAN_POINT ( 'NONE',  ( 82.50000000000005684, -10.00000000000000000, 8.000000000000007105 ) ) ;
#1899 = AXIS2_PLACEMENT_3D ( 'NONE', #789, #4391, #1620 ) ;
#1900 = VERTEX_POINT ( 'NONE', #135 ) ;
#1901 = DIRECTION ( 'NONE',  ( 0.000000000000000000, 0.000000000000000000, 1.000000000000000000 ) ) ;
#1902 = CARTESIAN_POINT ( 'NONE',  ( -82.49999999999995737, -10.00000000000000000, 242.0000000000000284 ) ) ;
#1903 = AXIS2_PLACEMENT_3D ( 'NONE', #2368, #2288, #3439 ) ;
#1904 = CIRCLE ( 'NONE', #5077, 2.200000000000090772 ) ;
#1905 = VECTOR ( 'NONE', #1274, 1000.000000000000000 ) ;
#1906 = AXIS2_PLACEMENT_3D ( 'NONE', #807, #3595, #2859 ) ;
#1907 = ORIENTED_EDGE ( 'NONE', *, *, #1353, .F. ) ;
#1908 = CARTESIAN_POINT ( 'NONE',  ( -73.23606797749977204, 28.99999999999999289, 250.0000000000000000 ) ) ;
#1909 = AXIS2_PLACEMENT_3D ( 'NONE', #2084, #941, #3274 ) ;
#1910 = CIRCLE ( 'NONE', #997, 2.200000000000007283 ) ;
#1911 = EDGE_LOOP ( 'NONE', ( #3210, #2589, #955, #3515 ) ) ;
#1912 = CARTESIAN_POINT ( 'NONE',  ( -86.00000000000000000, 15.00000000000000178, 229.9000000000000057 ) ) ;
#1913 = CONICAL_SURFACE ( 'NONE', #3663, 1.699999999999951550, 0.7853981633974445042 ) ;
#1914 = VERTEX_POINT ( 'NONE', #84 ) ;
#1915 = CIRCLE ( 'NONE', #817, 4.500000000000003553 ) ;
#1916 = CIRCLE ( 'NONE', #837, 3.099999999999991651 ) ;
#1917 = DIRECTION ( 'NONE',  ( -2.312964634635742957E-16, 1.000000000000000000, -0.000000000000000000 ) ) ;
#1918 = ORIENTED_EDGE ( 'NONE', *, *, #300, .T. ) ;
#1919 = FACE_BOUND ( 'NONE', #5054, .T. ) ;
#1920 = EDGE_LOOP ( 'NONE', ( #747, #4340, #3420, #4870 ) ) ;
#1921 = CARTESIAN_POINT ( 'NONE',  ( 89.50000000000005684, 11.90000000000000036, 20.00000000000000000 ) ) ;
#1922 = EDGE_LOOP ( 'NONE', ( #4692, #2726, #1144, #1713, #15 ) ) ;
#1923 = EDGE_CURVE ( 'NONE', #1535, #3536, #3046, .T. ) ;
#1924 = DIRECTION ( 'NONE',  ( 0.7071067811865474617, -0.000000000000000000, -0.7071067811865474617 ) ) ;
#1925 = ADVANCED_FACE ( 'NONE', ( #884 ), #4384, .T. ) ;
#1926 = PLANE ( 'NONE',  #3628 ) ;
#1927 = ORIENTED_EDGE ( 'NONE', *, *, #689, .F. ) ;
#1928 = DIRECTION ( 'NONE',  ( 0.000000000000000000, 1.000000000000000000, 0.000000000000000000 ) ) ;
#1929 = EDGE_CURVE ( 'NONE', #4015, #1432, #4307, .T. ) ;
#1930 = DIRECTION ( 'NONE',  ( 0.000000000000000000, 0.000000000000000000, 1.000000000000000000 ) ) ;
#1931 = VERTEX_POINT ( 'NONE', #2030 ) ;
#1932 = FACE_OUTER_BOUND ( 'NONE', #3849, .T. ) ;
#1933 = DIRECTION ( 'NONE',  ( -0.000000000000000000, -0.000000000000000000, -1.000000000000000000 ) ) ;
#1934 = ADVANCED_FACE ( 'NONE', ( #4046 ), #2056, .F. ) ;
#1935 = VERTEX_POINT ( 'NONE', #3255 ) ;
#1936 = DIRECTION ( 'NONE',  ( -1.000000000000000000, -0.000000000000000000, 0.000000000000000000 ) ) ;
#1937 = VERTEX_POINT ( 'NONE', #4879 ) ;
#1938 = CARTESIAN_POINT ( 'NONE',  ( 82.50000000000005684, -10.00000000000000178, 8.000000000000007105 ) ) ;
#1939 = DIRECTION ( 'NONE',  ( -0.000000000000000000, -1.000000000000000000, -0.000000000000000000 ) ) ;
#1940 = CARTESIAN_POINT ( 'NONE',  ( 75.00000000000000000, 30.00000000000000000, 249.0000000000000000 ) ) ;
#1941 = CARTESIAN_POINT ( 'NONE',  ( 82.50000000000004263, -10.00000000000000000, 242.0000000000000000 ) ) ;
#1942 = EDGE_LOOP ( 'NONE', ( #4078, #2043, #2034, #5110 ) ) ;
#1943 = LINE ( 'NONE', #440, #1082 ) ;
#1944 = EDGE_LOOP ( 'NONE', ( #10, #2359, #1110, #4577, #2191 ) ) ;
#1945 = DIRECTION ( 'NONE',  ( 0.000000000000000000, -0.7071067811865475727, -0.7071067811865475727 ) ) ;
#1946 = DIRECTION ( 'NONE',  ( -1.000000000000000000, 0.000000000000000000, 0.000000000000000000 ) ) ;
#1947 = ORIENTED_EDGE ( 'NONE', *, *, #90, .F. ) ;
#1948 = DIRECTION ( 'NONE',  ( -0.000000000000000000, -1.000000000000000000, -0.000000000000000000 ) ) ;
#1949 = EDGE_CURVE ( 'NONE', #4444, #1459, #2838, .T. ) ;
#1950 = DIRECTION ( 'NONE',  ( -0.000000000000000000, 0.000000000000000000, -1.000000000000000000 ) ) ;
#1951 = EDGE_LOOP ( 'NONE', ( #3385, #5032 ) ) ;
#1952 = LINE ( 'NONE', #3045, #3737 ) ;
#1953 = DIRECTION ( 'NONE',  ( 0.7071067811865475727, 0.000000000000000000, 0.7071067811865475727 ) ) ;
#1954 = EDGE_CURVE ( 'NONE', #4558, #186, #3716, .T. ) ;
#1955 = EDGE_CURVE ( 'NONE', #2258, #1411, #112, .T. ) ;
#1956 = ORIENTED_EDGE ( 'NONE', *, *, #4731, .T. ) ;
#1957 = LINE ( 'NONE', #5147, #4073 ) ;
#1958 = CARTESIAN_POINT ( 'NONE',  ( -82.49999999999995737, 24.99999999999999645, 242.0000000000000284 ) ) ;
#1959 = EDGE_LOOP ( 'NONE', ( #4458, #2313, #2852, #4927 ) ) ;
#1960 = DIRECTION ( 'NONE',  ( 0.4472135954999583163, -0.8944271909999156334, 0.000000000000000000 ) ) ;
#1961 = AXIS2_PLACEMENT_3D ( 'NONE', #1309, #926, #452 ) ;
#1962 = DIRECTION ( 'NONE',  ( 1.000000000000000000, 0.000000000000000000, 0.000000000000000000 ) ) ;
#1963 = DIRECTION ( 'NONE',  ( -1.000000000000000000, 0.000000000000000000, 0.000000000000000000 ) ) ;
#1964 = LINE ( 'NONE', #4321, #2992 ) ;
#1965 = ORIENTED_EDGE ( 'NONE', *, *, #2205, .T. ) ;
#1966 = FACE_OUTER_BOUND ( 'NONE', #2074, .T. ) ;
#1967 = ORIENTED_EDGE ( 'NONE', *, *, #1357, .F. ) ;
#1968 = CARTESIAN_POINT ( 'NONE',  ( -85.49999999999987210, 15.00000000000000178, 216.9999999999999716 ) ) ;
#1969 = CARTESIAN_POINT ( 'NONE',  ( 75.49999999999995737, 14.99999999999999822, 20.00000000000000000 ) ) ;
#1970 = VERTEX_POINT ( 'NONE', #917 ) ;
#1971 = CIRCLE ( 'NONE', #3893, 2.200000000000035261 ) ;
#1972 = LINE ( 'NONE', #1590, #1239 ) ;
#1973 = CARTESIAN_POINT ( 'NONE',  ( 82.50000000000005684, 24.99999999999999645, 8.000000000000007105 ) ) ;
#1974 = VERTEX_POINT ( 'NONE', #1618 ) ;
#1975 = CARTESIAN_POINT ( 'NONE',  ( -82.50000000000002842, 24.99999999999999645, 8.000000000000028422 ) ) ;
#1976 = CARTESIAN_POINT ( 'NONE',  ( 89.50000000000005684, 14.99999999999999822, 19.99999999999998934 ) ) ;
#1977 = CIRCLE ( 'NONE', #2474, 3.599999999999943689 ) ;
#1978 = ORIENTED_EDGE ( 'NONE', *, *, #3105, .F. ) ;
#1979 = ADVANCED_FACE ( 'NONE', ( #840, #2886 ), #2785, .T. ) ;
#1980 = DIRECTION ( 'NONE',  ( 0.000000000000000000, 0.000000000000000000, 1.000000000000000000 ) ) ;
#1981 = DIRECTION ( 'NONE',  ( -0.7071067811865474617, -0.7071067811865474617, 0.000000000000000000 ) ) ;
#1982 = EDGE_CURVE ( 'NONE', #3422, #798, #2419, .T. ) ;
#1983 = ORIENTED_EDGE ( 'NONE', *, *, #1066, .T. ) ;
#1984 = EDGE_CURVE ( 'NONE', #347, #222, #722, .T. ) ;
#1985 = FACE_OUTER_BOUND ( 'NONE', #1010, .T. ) ;
#1986 = AXIS2_PLACEMENT_3D ( 'NONE', #3976, #2345, #1599 ) ;
#1987 = DIRECTION ( 'NONE',  ( -1.000000000000000000, 0.000000000000000000, 0.000000000000000000 ) ) ;
#1988 = ADVANCED_FACE ( 'NONE', ( #4491 ), #4826, .F. ) ;
#1989 = CIRCLE ( 'NONE', #1249, 3.099999999999991651 ) ;
#1990 = AXIS2_PLACEMENT_3D ( 'NONE', #2494, #4019, #4487 ) ;
#1991 = AXIS2_PLACEMENT_3D ( 'NONE', #3938, #2306, #3911 ) ;
#1992 = AXIS2_PLACEMENT_3D ( 'NONE', #1552, #2405, #458 ) ;
#1993 = PLANE ( 'NONE',  #2810 ) ;
#1994 = CARTESIAN_POINT ( 'NONE',  ( -85.50000000000004263, 15.00000000000000178, 184.9999999999999716 ) ) ;
#1995 = CARTESIAN_POINT ( 'NONE',  ( 75.49999999999995737, 15.00000000000000178, 184.9999999999999716 ) ) ;
#1996 = AXIS2_PLACEMENT_3D ( 'NONE', #5130, #2643, #4735 ) ;
#1997 = CONICAL_SURFACE ( 'NONE', #4921, 3.099999999999991651, 0.7853981633974482790 ) ;
#1998 = EDGE_LOOP ( 'NONE', ( #1420, #2888, #2865, #1370 ) ) ;
#1999 = CARTESIAN_POINT ( 'NONE',  ( 0.000000000000000000, 0.000000000000000000, 0.000000000000000000 ) ) ;
#2000 = ORIENTED_EDGE ( 'NONE', *, *, #3898, .T. ) ;
#2001 = CARTESIAN_POINT ( 'NONE',  ( 75.50000000000004263, 15.00000000000000178, 216.9999999999999716 ) ) ;
#2002 = CARTESIAN_POINT ( 'NONE',  ( -82.49999999999997158, 24.99999999999999645, 242.0000000000000284 ) ) ;
#2003 = VERTEX_POINT ( 'NONE', #472 ) ;
#2004 = CARTESIAN_POINT ( 'NONE',  ( 89.50000000000002842, 15.00000000000000178, 216.9999999999999716 ) ) ;
#2005 = PRODUCT ( '\X2\7535673a5bf962d65e7353f0\X0\-\X2\5e955ea7\X0\', '\X2\7535673a5bf962d65e7353f0\X0\-\X2\5e955ea7\X0\', '', ( #5160 ) ) ;
#2006 = DIRECTION ( 'NONE',  ( 0.000000000000000000, 0.000000000000000000, 1.000000000000000000 ) ) ;
#2007 = ORIENTED_EDGE ( 'NONE', *, *, #3681, .F. ) ;
#2008 = CARTESIAN_POINT ( 'NONE',  ( -90.00000000000000000, 15.00000000000000178, 231.3000000000000398 ) ) ;
#2009 = CARTESIAN_POINT ( 'NONE',  ( -86.00000000000000000, 15.00000000000000178, 184.9999999999999716 ) ) ;
#2010 = VERTEX_POINT ( 'NONE', #4855 ) ;
#2011 = DIRECTION ( 'NONE',  ( 1.000000000000000000, -0.000000000000000000, -0.000000000000000000 ) ) ;
#2012 = DIRECTION ( 'NONE',  ( 0.000000000000000000, 0.7071067811865420216, 0.7071067811865531239 ) ) ;
#2013 = CARTESIAN_POINT ( 'NONE',  ( 75.50000000000004263, 15.00000000000000178, 216.9999999999999716 ) ) ;
#2014 = EDGE_CURVE ( 'NONE', #3654, #3364, #4467, .T. ) ;
#2015 = ADVANCED_FACE ( 'NONE', ( #530, #4179, #1844, #607 ), #4521, .T. ) ;
#2016 = DIRECTION ( 'NONE',  ( 0.000000000000000000, 0.000000000000000000, 1.000000000000000000 ) ) ;
#2017 = EDGE_CURVE ( 'NONE', #2719, #3617, #3131, .T. ) ;
#2018 = VERTEX_POINT ( 'NONE', #3759 ) ;
#2019 = DIRECTION ( 'NONE',  ( -0.000000000000000000, -1.000000000000000000, -0.000000000000000000 ) ) ;
#2020 = EDGE_CURVE ( 'NONE', #1834, #2553, #4475, .T. ) ;
#2021 = ORIENTED_EDGE ( 'NONE', *, *, #779, .F. ) ;
#2022 = VERTEX_POINT ( 'NONE', #4124 ) ;
#2023 = DIRECTION ( 'NONE',  ( -1.000000000000000000, -0.000000000000000000, -0.000000000000000000 ) ) ;
#2024 = DIRECTION ( 'NONE',  ( -0.000000000000000000, -1.000000000000000000, -0.000000000000000000 ) ) ;
#2025 = ORIENTED_EDGE ( 'NONE', *, *, #3520, .F. ) ;
#2026 = DIRECTION ( 'NONE',  ( 0.000000000000000000, 2.102695122396130717E-17, 1.000000000000000000 ) ) ;
#2027 = DIRECTION ( 'NONE',  ( -1.000000000000000000, 0.000000000000000000, 0.000000000000000000 ) ) ;
#2028 = ORIENTED_EDGE ( 'NONE', *, *, #2269, .F. ) ;
#2029 = CARTESIAN_POINT ( 'NONE',  ( 82.50000000000004263, -10.00000000000000000, 242.0000000000000000 ) ) ;
#2030 = CARTESIAN_POINT ( 'NONE',  ( -75.00000000000000000, 15.00000000000000178, 230.7999999999999545 ) ) ;
#2031 = EDGE_LOOP ( 'NONE', ( #655, #4233, #263, #3335 ) ) ;
#2032 = CARTESIAN_POINT ( 'NONE',  ( -90.00000000000000000, 15.00000000000000178, 216.9999999999999716 ) ) ;
#2033 = DIRECTION ( 'NONE',  ( 0.000000000000000000, 0.000000000000000000, -1.000000000000000000 ) ) ;
#2034 = ORIENTED_EDGE ( 'NONE', *, *, #4951, .T. ) ;
#2035 = DIRECTION ( 'NONE',  ( -1.000000000000000000, 0.000000000000000000, 0.000000000000000000 ) ) ;
#2036 = EDGE_LOOP ( 'NONE', ( #1710, #5115, #1602, #3481 ) ) ;
#2037 = LINE ( 'NONE', #3629, #2144 ) ;
#2038 = DIRECTION ( 'NONE',  ( 1.000000000000000000, 0.000000000000000000, -0.000000000000000000 ) ) ;
#2039 = ADVANCED_FACE ( 'NONE', ( #193 ), #2521, .T. ) ;
#2040 = EDGE_CURVE ( 'NONE', #4698, #4713, #2714, .T. ) ;
#2041 = ORIENTED_EDGE ( 'NONE', *, *, #1170, .T. ) ;
#2042 = VECTOR ( 'NONE', #353, 999.9999999999998863 ) ;
#2043 = ORIENTED_EDGE ( 'NONE', *, *, #1729, .T. ) ;
#2044 = DIRECTION ( 'NONE',  ( 0.000000000000000000, 0.000000000000000000, -1.000000000000000000 ) ) ;
#2045 = CARTESIAN_POINT ( 'NONE',  ( 90.00000000000000000, 30.00000000000000000, 0.000000000000000000 ) ) ;
#2046 = VERTEX_POINT ( 'NONE', #1747 ) ;
#2047 = EDGE_CURVE ( 'NONE', #3643, #3654, #4636, .T. ) ;
#2048 = EDGE_CURVE ( 'NONE', #4059, #2972, #475, .T. ) ;
#2049 = DIRECTION ( 'NONE',  ( 0.000000000000000000, 0.000000000000000000, -1.000000000000000000 ) ) ;
#2050 = AXIS2_PLACEMENT_3D ( 'NONE', #2009, #428, #1719 ) ;
#2051 = EDGE_CURVE ( 'NONE', #2601, #1931, #3550, .T. ) ;
#2052 = FACE_OUTER_BOUND ( 'NONE', #1911, .T. ) ;
#2053 = ORIENTED_EDGE ( 'NONE', *, *, #3710, .T. ) ;
#2054 = CARTESIAN_POINT ( 'NONE',  ( 82.50000000000005684, -10.00000000000000000, 4.750000000000087041 ) ) ;
#2055 = VECTOR ( 'NONE', #1063, 1000.000000000000000 ) ;
#2056 = PLANE ( 'NONE',  #803 ) ;
#2057 = ORIENTED_EDGE ( 'NONE', *, *, #3848, .F. ) ;
#2058 = FACE_OUTER_BOUND ( 'NONE', #4327, .T. ) ;
#2059 = CARTESIAN_POINT ( 'NONE',  ( 90.00000000000000000, 30.00000000000000000, 1.000000000000000888 ) ) ;
#2060 = VERTEX_POINT ( 'NONE', #2163 ) ;
#2061 = DIRECTION ( 'NONE',  ( -0.000000000000000000, 1.000000000000000000, -0.000000000000000000 ) ) ;
#2062 = AXIS2_PLACEMENT_3D ( 'NONE', #4134, #2898, #1708 ) ;
#2063 = DIRECTION ( 'NONE',  ( -1.000000000000000000, 0.000000000000000000, 0.000000000000000000 ) ) ;
#2064 = ORIENTED_EDGE ( 'NONE', *, *, #2910, .F. ) ;
#2065 = VECTOR ( 'NONE', #2550, 1000.000000000000000 ) ;
#2066 = AXIS2_PLACEMENT_3D ( 'NONE', #1703, #4600, #1681 ) ;
#2067 = CARTESIAN_POINT ( 'NONE',  ( 90.00000000000000000, 14.99999999999999822, 19.99999999999998934 ) ) ;
#2068 = DIRECTION ( 'NONE',  ( -0.000000000000000000, 1.000000000000000000, -0.000000000000000000 ) ) ;
#2069 = CIRCLE ( 'NONE', #3480, 3.250000000000002665 ) ;
#2070 = AXIS2_PLACEMENT_3D ( 'NONE', #4603, #556, #1364 ) ;
#2071 = AXIS2_PLACEMENT_3D ( 'NONE', #2355, #1895, #3490 ) ;
#2072 = VECTOR ( 'NONE', #2162, 1000.000000000000114 ) ;
#2073 = EDGE_LOOP ( 'NONE', ( #3693, #3777, #1845, #947, #1270, #1862 ) ) ;
#2074 = EDGE_LOOP ( 'NONE', ( #1781, #393, #1657, #1505 ) ) ;
#2075 = DIRECTION ( 'NONE',  ( 1.000000000000000000, 0.000000000000000000, 0.000000000000000000 ) ) ;
#2076 = AXIS2_PLACEMENT_3D ( 'NONE', #1973, #4043, #2006 ) ;
#2077 = FACE_OUTER_BOUND ( 'NONE', #3705, .T. ) ;
#2078 = AXIS2_PLACEMENT_3D ( 'NONE', #602, #261, #4594 ) ;
#2079 = ORIENTED_EDGE ( 'NONE', *, *, #274, .F. ) ;
#2080 = CARTESIAN_POINT ( 'NONE',  ( 86.00000000000000000, 14.99999999999999822, 16.89999999999999147 ) ) ;
#2081 = VECTOR ( 'NONE', #2261, 1000.000000000000000 ) ;
#2082 = EDGE_CURVE ( 'NONE', #1937, #31, #215, .T. ) ;
#2083 = ADVANCED_FACE ( 'NONE', ( #962 ), #4619, .F. ) ;
#2084 = CARTESIAN_POINT ( 'NONE',  ( 82.50000000000004263, 24.99999999999999645, 242.0000000000000000 ) ) ;
#2085 = VERTEX_POINT ( 'NONE', #3409 ) ;
#2086 = VECTOR ( 'NONE', #39, 1000.000000000000000 ) ;
#2087 = DIRECTION ( 'NONE',  ( 0.000000000000000000, 0.000000000000000000, -1.000000000000000000 ) ) ;
#2088 = CARTESIAN_POINT ( 'NONE',  ( -82.49999999999997158, 24.50000000000001776, 242.0000000000000284 ) ) ;
#2089 = ADVANCED_FACE ( 'NONE', ( #4147 ), #3804, .F. ) ;
#2090 = EDGE_CURVE ( 'NONE', #3668, #3055, #1217, .T. ) ;
#2091 = DIRECTION ( 'NONE',  ( 0.000000000000000000, 0.000000000000000000, 1.000000000000000000 ) ) ;
#2092 = ORIENTED_EDGE ( 'NONE', *, *, #2020, .F. ) ;
#2093 = DIRECTION ( 'NONE',  ( 0.000000000000000000, 0.000000000000000000, -1.000000000000000000 ) ) ;
#2094 = DIRECTION ( 'NONE',  ( 0.000000000000000000, 0.000000000000000000, 1.000000000000000000 ) ) ;
#2095 = EDGE_LOOP ( 'NONE', ( #3283, #1619, #5161, #3532 ) ) ;
#2096 = LINE ( 'NONE', #3688, #742 ) ;
#2097 = ORIENTED_EDGE ( 'NONE', *, *, #1475, .T. ) ;
#2098 = CARTESIAN_POINT ( 'NONE',  ( -90.00000000000000000, 13.40000000000000568, 184.9999999999999716 ) ) ;
#2099 = DIRECTION ( 'NONE',  ( -0.000000000000000000, 0.000000000000000000, 1.000000000000000000 ) ) ;
#2100 = EDGE_LOOP ( 'NONE', ( #568, #1259, #4824, #710, #845 ) ) ;
#2101 = ORIENTED_EDGE ( 'NONE', *, *, #1353, .T. ) ;
#2102 = FACE_OUTER_BOUND ( 'NONE', #1942, .T. ) ;
#2103 = CARTESIAN_POINT ( 'NONE',  ( -76.00000000000000000, 9.000000000000000000, 250.0000000000000000 ) ) ;
#2104 = ORIENTED_EDGE ( 'NONE', *, *, #2461, .T. ) ;
#2105 = DIRECTION ( 'NONE',  ( -1.000000000000000000, -0.000000000000000000, 0.000000000000000000 ) ) ;
#2106 = CARTESIAN_POINT ( 'NONE',  ( 89.50000000000002842, 15.00000000000000178, 216.9999999999999716 ) ) ;
#2107 = ORIENTED_EDGE ( 'NONE', *, *, #4315, .T. ) ;
#2108 = DIRECTION ( 'NONE',  ( -0.7071067811865474617, -0.7071067811865474617, 0.000000000000000000 ) ) ;
#2109 = ADVANCED_FACE ( 'NONE', ( #1434 ), #1378, .F. ) ;
#2110 = DIRECTION ( 'NONE',  ( 1.000000000000000000, -0.000000000000000000, -0.000000000000000000 ) ) ;
#2111 = EDGE_CURVE ( 'NONE', #801, #2060, #2994, .T. ) ;
#2112 = ORIENTED_EDGE ( 'NONE', *, *, #1197, .F. ) ;
#2113 = FACE_OUTER_BOUND ( 'NONE', #2305, .T. ) ;
#2114 = CARTESIAN_POINT ( 'NONE',  ( -89.00000000000000000, 28.99999999999999645, 0.000000000000000000 ) ) ;
#2115 = ORIENTED_EDGE ( 'NONE', *, *, #1129, .T. ) ;
#2116 = CARTESIAN_POINT ( 'NONE',  ( -71.44721359549994588, 27.10557280900008337, 0.000000000000000000 ) ) ;
#2117 = EDGE_CURVE ( 'NONE', #2909, #3621, #3803, .T. ) ;
#2118 = ORIENTED_EDGE ( 'NONE', *, *, #2428, .T. ) ;
#2119 = DIRECTION ( 'NONE',  ( 0.000000000000000000, 0.000000000000000000, 1.000000000000000000 ) ) ;
#2120 = DIRECTION ( 'NONE',  ( -1.000000000000000000, -0.000000000000000000, -0.000000000000000000 ) ) ;
#2121 = ORIENTED_EDGE ( 'NONE', *, *, #2269, .T. ) ;
#2122 = CARTESIAN_POINT ( 'NONE',  ( -90.00000000000000000, 15.00000000000000178, 216.9999999999999716 ) ) ;
#2123 = DIRECTION ( 'NONE',  ( 0.000000000000000000, 0.000000000000000000, 1.000000000000000000 ) ) ;
#2124 = ORIENTED_EDGE ( 'NONE', *, *, #496, .T. ) ;
#2125 = LINE ( 'NONE', #4516, #920 ) ;
#2126 = CIRCLE ( 'NONE', #302, 3.599999999999936584 ) ;
#2127 = LINE ( 'NONE', #1790, #2490 ) ;
#2128 = ORIENTED_EDGE ( 'NONE', *, *, #1831, .T. ) ;
#2129 = DIRECTION ( 'NONE',  ( 1.000000000000000000, 0.000000000000000000, 0.000000000000000000 ) ) ;
#2130 = VECTOR ( 'NONE', #449, 999.9999999999998863 ) ;
#2131 = CIRCLE ( 'NONE', #5060, 4.500000000000003553 ) ;
#2132 = LINE ( 'NONE', #1410, #4079 ) ;
#2133 = CIRCLE ( 'NONE', #236, 2.750000000000009326 ) ;
#2134 = ORIENTED_EDGE ( 'NONE', *, *, #5122, .F. ) ;
#2135 = CARTESIAN_POINT ( 'NONE',  ( 82.50000000000002842, 24.99999999999999645, 245.2500000000000000 ) ) ;
#2136 = CARTESIAN_POINT ( 'NONE',  ( 75.00000000000000000, 12.90000000000001990, 184.9999999999999716 ) ) ;
#2137 = VERTEX_POINT ( 'NONE', #2231 ) ;
#2138 = DIRECTION ( 'NONE',  ( -0.6324555320336716635, 0.3162277660168361648, -0.7071067811865522357 ) ) ;
#2139 = ORIENTED_EDGE ( 'NONE', *, *, #653, .T. ) ;
#2140 = EDGE_CURVE ( 'NONE', #4589, #1535, #4904, .T. ) ;
#2141 = ADVANCED_FACE ( 'NONE', ( #2759 ), #4715, .F. ) ;
#2142 = DIRECTION ( 'NONE',  ( 0.000000000000000000, 0.000000000000000000, -1.000000000000000000 ) ) ;
#2143 = CARTESIAN_POINT ( 'NONE',  ( -82.50000000000002842, 24.99999999999999645, 3.500000000000023093 ) ) ;
#2144 = VECTOR ( 'NONE', #2749, 1000.000000000000114 ) ;
#2145 = EDGE_CURVE ( 'NONE', #2991, #3668, #2701, .T. ) ;
#2146 = ADVANCED_FACE ( 'NONE', ( #289 ), #729, .F. ) ;
#2147 = AXIS2_PLACEMENT_3D ( 'NONE', #813, #2011, #2093 ) ;
#2148 = AXIS2_PLACEMENT_3D ( 'NONE', #1938, #693, #3851 ) ;
#2149 = ORIENTED_EDGE ( 'NONE', *, *, #1159, .T. ) ;
#2150 = VECTOR ( 'NONE', #766, 1000.000000000000000 ) ;
#2151 = CARTESIAN_POINT ( 'NONE',  ( 85.31222956928671408, 15.00000000000000178, 184.9999999999999716 ) ) ;
#2152 = DIRECTION ( 'NONE',  ( -2.312964634635742957E-16, 1.000000000000000000, -0.000000000000000000 ) ) ;
#2153 = ORIENTED_EDGE ( 'NONE', *, *, #1508, .T. ) ;
#2154 = DIRECTION ( 'NONE',  ( 0.000000000000000000, 0.000000000000000000, 1.000000000000000000 ) ) ;
#2155 = AXIS2_PLACEMENT_3D ( 'NONE', #2922, #4129, #4204 ) ;
#2156 = CIRCLE ( 'NONE', #915, 4.500000000000003553 ) ;
#2157 = CONICAL_SURFACE ( 'NONE', #824, 1.699999999999951550, 0.7853981633974305154 ) ;
#2158 = ORIENTED_EDGE ( 'NONE', *, *, #496, .F. ) ;
#2159 = DIRECTION ( 'NONE',  ( 0.000000000000000000, 0.000000000000000000, 1.000000000000000000 ) ) ;
#2160 = AXIS2_PLACEMENT_3D ( 'NONE', #4822, #4796, #1251 ) ;
#2161 = VERTEX_POINT ( 'NONE', #3535 ) ;
#2162 = DIRECTION ( 'NONE',  ( 0.000000000000000000, 0.7071067811865408004, 0.7071067811865543451 ) ) ;
#2163 = CARTESIAN_POINT ( 'NONE',  ( -75.49999999999997158, 16.59999999999999787, 184.9999999999999716 ) ) ;
#2164 = CIRCLE ( 'NONE', #1339, 3.599999999999936584 ) ;
#2165 = AXIS2_PLACEMENT_3D ( 'NONE', #4048, #4424, #842 ) ;
#2166 = LINE ( 'NONE', #3338, #3065 ) ;
#2167 = ORIENTED_EDGE ( 'NONE', *, *, #4575, .T. ) ;
#2168 = CARTESIAN_POINT ( 'NONE',  ( -85.50000000000004263, 16.59999999999999432, 20.00000000000000000 ) ) ;
#2169 = DIRECTION ( 'NONE',  ( 0.000000000000000000, 0.000000000000000000, -1.000000000000000000 ) ) ;
#2170 = ORIENTED_EDGE ( 'NONE', *, *, #2428, .F. ) ;
#2171 = LINE ( 'NONE', #2098, #2225 ) ;
#2172 = FACE_OUTER_BOUND ( 'NONE', #1485, .T. ) ;
#2173 = ADVANCED_FACE ( 'NONE', ( #5058 ), #1926, .F. ) ;
#2174 = EDGE_CURVE ( 'NONE', #3442, #2719, #3095, .T. ) ;
#2175 = EDGE_CURVE ( 'NONE', #728, #4768, #1561, .T. ) ;
#2176 = ORIENTED_EDGE ( 'NONE', *, *, #1289, .T. ) ;
#2177 = DIRECTION ( 'NONE',  ( 1.000000000000000000, 0.000000000000000000, 0.000000000000000000 ) ) ;
#2178 = LINE ( 'NONE', #4948, #3209 ) ;
#2179 = ORIENTED_EDGE ( 'NONE', *, *, #2111, .T. ) ;
#2180 = CARTESIAN_POINT ( 'NONE',  ( -82.49999999999995737, 30.00000000000000000, 237.0000000000000568 ) ) ;
#2181 = ADVANCED_FACE ( 'NONE', ( #3066 ), #565, .F. ) ;
#2182 = ORIENTED_EDGE ( 'NONE', *, *, #3712, .T. ) ;
#2183 = DIRECTION ( 'NONE',  ( 0.000000000000000000, 0.000000000000000000, 1.000000000000000000 ) ) ;
#2184 = VERTEX_POINT ( 'NONE', #1143 ) ;
#2185 = DIRECTION ( 'NONE',  ( 1.000000000000000000, -0.000000000000000000, -0.000000000000000000 ) ) ;
#2186 = DIRECTION ( 'NONE',  ( -0.000000000000000000, -1.000000000000000000, -0.000000000000000000 ) ) ;
#2187 = EDGE_LOOP ( 'NONE', ( #3312, #4877, #1266, #2673, #25 ) ) ;
#2188 = LINE ( 'NONE', #2526, #1000 ) ;
#2189 = CARTESIAN_POINT ( 'NONE',  ( -82.49999999999995737, 24.99999999999999645, 237.5000000000000284 ) ) ;
#2190 = LINE ( 'NONE', #4265, #1652 ) ;
#2191 = ORIENTED_EDGE ( 'NONE', *, *, #627, .T. ) ;
#2192 = VERTEX_POINT ( 'NONE', #3434 ) ;
#2193 = CARTESIAN_POINT ( 'NONE',  ( -82.50000000000002842, -10.00000000000000000, 11.24999999999994671 ) ) ;
#2194 = VERTEX_POINT ( 'NONE', #4279 ) ;
#2195 = VERTEX_POINT ( 'NONE', #1480 ) ;
#2196 = DIRECTION ( 'NONE',  ( 1.000000000000000000, -0.000000000000000000, -0.000000000000000000 ) ) ;
#2197 = ADVANCED_FACE ( 'NONE', ( #780, #4673, #1094, #3039 ), #4642, .F. ) ;
#2198 = DIRECTION ( 'NONE',  ( -0.7071067811865573427, 0.000000000000000000, -0.7071067811865376918 ) ) ;
#2199 = ORIENTED_EDGE ( 'NONE', *, *, #4034, .F. ) ;
#2200 = DIRECTION ( 'NONE',  ( 0.000000000000000000, 1.000000000000000000, 0.000000000000000000 ) ) ;
#2201 = EDGE_CURVE ( 'NONE', #2926, #3430, #5134, .T. ) ;
#2202 = ORIENTED_EDGE ( 'NONE', *, *, #1794, .F. ) ;
#2203 = CARTESIAN_POINT ( 'NONE',  ( -90.00000000000000000, 15.00000000000000178, 184.9999999999999716 ) ) ;
#2204 = ORIENTED_EDGE ( 'NONE', *, *, #2047, .F. ) ;
#2205 = EDGE_CURVE ( 'NONE', #4438, #1459, #4644, .T. ) ;
#2206 = EDGE_CURVE ( 'NONE', #2538, #3076, #2131, .T. ) ;
#2207 = CARTESIAN_POINT ( 'NONE',  ( -90.00000000000000000, -10.00000000000000000, 250.0000000000000000 ) ) ;
#2208 = DIRECTION ( 'NONE',  ( 1.000000000000000000, 0.000000000000000000, 0.000000000000000000 ) ) ;
#2209 = AXIS2_PLACEMENT_3D ( 'NONE', #2718, #1917, #5051 ) ;
#2210 = EDGE_CURVE ( 'NONE', #952, #3798, #3884, .T. ) ;
#2211 = DIRECTION ( 'NONE',  ( -2.312964634635742957E-16, 1.000000000000000000, -0.000000000000000000 ) ) ;
#2212 = ORIENTED_EDGE ( 'NONE', *, *, #2942, .T. ) ;
#2213 = FACE_OUTER_BOUND ( 'NONE', #5087, .T. ) ;
#2214 = CIRCLE ( 'NONE', #57, 2.000000000000001776 ) ;
#2215 = CARTESIAN_POINT ( 'NONE',  ( 76.00000000000000000, 0.000000000000000000, 250.0000000000000000 ) ) ;
#2216 = AXIS2_PLACEMENT_3D ( 'NONE', #1976, #3567, #3994 ) ;
#2217 = VERTEX_POINT ( 'NONE', #2307 ) ;
#2218 = EDGE_LOOP ( 'NONE', ( #211, #4504 ) ) ;
#2219 = LINE ( 'NONE', #3505, #1574 ) ;
#2220 = DIRECTION ( 'NONE',  ( 0.6324555320336716635, -0.3162277660168361648, -0.7071067811865522357 ) ) ;
#2221 = CARTESIAN_POINT ( 'NONE',  ( 85.31222956928671408, 14.99999999999999822, 19.99999999999998934 ) ) ;
#2222 = ORIENTED_EDGE ( 'NONE', *, *, #3225, .T. ) ;
#2223 = CARTESIAN_POINT ( 'NONE',  ( -82.50000000000004263, 24.99999999999999645, 11.25000000000011013 ) ) ;
#2224 = EDGE_CURVE ( 'NONE', #3442, #1833, #345, .T. ) ;
#2225 = VECTOR ( 'NONE', #4160, 1000.000000000000000 ) ;
#2226 = VECTOR ( 'NONE', #149, 1000.000000000000000 ) ;
#2227 = DIRECTION ( 'NONE',  ( 1.000000000000000000, -0.000000000000000000, -0.000000000000000000 ) ) ;
#2228 = EDGE_LOOP ( 'NONE', ( #2855, #4570, #3015, #1755 ) ) ;
#2229 = FACE_OUTER_BOUND ( 'NONE', #3483, .T. ) ;
#2230 = CONICAL_SURFACE ( 'NONE', #4839, 3.249999999999975131, 0.7853981633974348453 ) ;
#2231 = CARTESIAN_POINT ( 'NONE',  ( 86.00000000000000000, 15.00000000000000178, 214.7999999999998693 ) ) ;
#2232 = CONICAL_SURFACE ( 'NONE', #3227, 1.599999999999990319, 0.7853981633974482790 ) ;
#2233 = ORIENTED_EDGE ( 'NONE', *, *, #4104, .T. ) ;
#2234 = DIRECTION ( 'NONE',  ( 0.000000000000000000, 0.000000000000000000, 1.000000000000000000 ) ) ;
#2235 = EDGE_CURVE ( 'NONE', #1070, #3546, #4744, .T. ) ;
#2236 = ADVANCED_FACE ( 'NONE', ( #760 ), #3133, .T. ) ;
#2237 = VECTOR ( 'NONE', #4794, 1000.000000000000114 ) ;
#2238 = DIRECTION ( 'NONE',  ( -1.000000000000000000, 0.000000000000000000, 0.000000000000000000 ) ) ;
#2239 = ORIENTED_EDGE ( 'NONE', *, *, #4828, .F. ) ;
#2240 = CIRCLE ( 'NONE', #4162, 2.200000000000090772 ) ;
#2241 = LINE ( 'NONE', #219, #3244 ) ;
#2242 = AXIS2_PLACEMENT_3D ( 'NONE', #3933, #1963, #2347 ) ;
#2243 = CARTESIAN_POINT ( 'NONE',  ( -90.00000000000000000, 16.59999999999999432, 20.00000000000000000 ) ) ;
#2244 = EDGE_CURVE ( 'NONE', #4110, #3037, #4725, .T. ) ;
#2245 = AXIS2_PLACEMENT_3D ( 'NONE', #2203, #233, #3881 ) ;
#2246 = AXIS2_PLACEMENT_3D ( 'NONE', #3775, #1356, #2154 ) ;
#2247 = EDGE_CURVE ( 'NONE', #4977, #347, #829, .T. ) ;
#2248 = AXIS2_PLACEMENT_3D ( 'NONE', #2596, #4947, #151 ) ;
#2249 = VECTOR ( 'NONE', #3236, 999.9999999999998863 ) ;
#2250 = ORIENTED_EDGE ( 'NONE', *, *, #2869, .F. ) ;
#2251 =( GEOMETRIC_REPRESENTATION_CONTEXT ( 3 ) GLOBAL_UNCERTAINTY_ASSIGNED_CONTEXT ( ( #2860 ) ) GLOBAL_UNIT_ASSIGNED_CONTEXT ( ( #2433, #2755, #1140 ) ) REPRESENTATION_CONTEXT ( 'NONE', 'WORKASPACE' ) );
#2252 = ORIENTED_EDGE ( 'NONE', *, *, #4551, .F. ) ;
#2253 = DIRECTION ( 'NONE',  ( -0.000000000000000000, 1.000000000000000000, -0.000000000000000000 ) ) ;
#2254 = DIRECTION ( 'NONE',  ( 0.000000000000000000, 0.000000000000000000, 1.000000000000000000 ) ) ;
#2255 = DIRECTION ( 'NONE',  ( -1.000000000000000000, -0.000000000000000000, -0.000000000000000000 ) ) ;
#2256 = ORIENTED_EDGE ( 'NONE', *, *, #1129, .F. ) ;
#2257 = DIRECTION ( 'NONE',  ( 0.7071067811865306973, 8.659560562355139934E-17, 0.7071067811865644481 ) ) ;
#2258 = VERTEX_POINT ( 'NONE', #3249 ) ;
#2259 = DIRECTION ( 'NONE',  ( -0.000000000000000000, 0.000000000000000000, 1.000000000000000000 ) ) ;
#2260 = ORIENTED_EDGE ( 'NONE', *, *, #397, .T. ) ;
#2261 = DIRECTION ( 'NONE',  ( 8.659560562355009279E-17, 0.7071067811865414665, -0.7071067811865536790 ) ) ;
#2262 = CARTESIAN_POINT ( 'NONE',  ( -75.00000000000000000, 14.99999999999999822, 20.00000000000000000 ) ) ;
#2263 = ORIENTED_EDGE ( 'NONE', *, *, #2174, .T. ) ;
#2264 = FACE_OUTER_BOUND ( 'NONE', #3258, .T. ) ;
#2265 = CARTESIAN_POINT ( 'NONE',  ( 86.00000000000000000, 15.00000000000000178, 232.9999999999999716 ) ) ;
#2266 = ORIENTED_EDGE ( 'NONE', *, *, #1003, .T. ) ;
#2267 = CARTESIAN_POINT ( 'NONE',  ( 82.50000000000005684, -10.00000000000000000, 11.24999999999992717 ) ) ;
#2268 = DIRECTION ( 'NONE',  ( 0.000000000000000000, 0.000000000000000000, 1.000000000000000000 ) ) ;
#2269 = EDGE_CURVE ( 'NONE', #2184, #756, #2, .T. ) ;
#2270 = VERTEX_POINT ( 'NONE', #4017 ) ;
#2271 = EDGE_CURVE ( 'NONE', #3111, #1287, #1971, .T. ) ;
#2272 = VERTEX_POINT ( 'NONE', #3192 ) ;
#2273 = DIRECTION ( 'NONE',  ( 0.000000000000000000, 0.000000000000000000, 1.000000000000000000 ) ) ;
#2274 = EDGE_CURVE ( 'NONE', #3430, #3546, #4394, .T. ) ;
#2275 = FACE_OUTER_BOUND ( 'NONE', #415, .T. ) ;
#2276 = CARTESIAN_POINT ( 'NONE',  ( 90.00000000000000000, 15.00000000000000178, 220.5999999999999091 ) ) ;
#2277 = VERTEX_POINT ( 'NONE', #4770 ) ;
#2278 = DIRECTION ( 'NONE',  ( 0.000000000000000000, -2.102695122396130717E-17, -1.000000000000000000 ) ) ;
#2279 = ORIENTED_EDGE ( 'NONE', *, *, #90, .T. ) ;
#2280 = DIRECTION ( 'NONE',  ( 0.000000000000000000, 0.000000000000000000, 1.000000000000000000 ) ) ;
#2281 = EDGE_LOOP ( 'NONE', ( #1478, #2384, #81, #1075 ) ) ;
#2282 = LINE ( 'NONE', #678, #2081 ) ;
#2283 = CARTESIAN_POINT ( 'NONE',  ( -90.00000000000000000, 10.00000000000000000, 250.0000000000000000 ) ) ;
#2284 = EDGE_LOOP ( 'NONE', ( #1252, #3343, #3856, #3936, #3986, #229 ) ) ;
#2285 = DIRECTION ( 'NONE',  ( -2.312964634635742957E-16, 1.000000000000000000, -0.000000000000000000 ) ) ;
#2286 = DIRECTION ( 'NONE',  ( 0.6324555320336791020, -0.3162277660168420490, -0.7071067811865426878 ) ) ;
#2287 = ORIENTED_EDGE ( 'NONE', *, *, #4450, .T. ) ;
#2288 = DIRECTION ( 'NONE',  ( -0.000000000000000000, 1.000000000000000000, -0.000000000000000000 ) ) ;
#2289 = CARTESIAN_POINT ( 'NONE',  ( 79.75000000000002842, 24.49999999999999289, 242.0000000000000000 ) ) ;
#2290 = ORIENTED_EDGE ( 'NONE', *, *, #4958, .T. ) ;
#2291 = CYLINDRICAL_SURFACE ( 'NONE', #3906, 3.099999999999991651 ) ;
#2292 = CARTESIAN_POINT ( 'NONE',  ( 86.00000000000000000, 30.00000000000000000, 0.000000000000000000 ) ) ;
#2293 = VERTEX_POINT ( 'NONE', #443 ) ;
#2294 = AXIS2_PLACEMENT_3D ( 'NONE', #1559, #3458, #1946 ) ;
#2295 = EDGE_CURVE ( 'NONE', #2603, #2556, #4807, .T. ) ;
#2296 = ADVANCED_FACE ( 'NONE', ( #2077 ), #4976, .F. ) ;
#2297 = VECTOR ( 'NONE', #185, 1000.000000000000114 ) ;
#2298 = CARTESIAN_POINT ( 'NONE',  ( -85.49999999999987210, 15.00000000000000178, 232.9999999999999716 ) ) ;
#2299 = ADVANCED_FACE ( 'NONE', ( #418 ), #1195, .T. ) ;
#2300 = ORIENTED_EDGE ( 'NONE', *, *, #4866, .F. ) ;
#2301 = CARTESIAN_POINT ( 'NONE',  ( -85.50000000000004263, 13.40000000000000568, 184.9999999999999716 ) ) ;
#2302 = EDGE_CURVE ( 'NONE', #425, #1609, #2638, .T. ) ;
#2303 = ORIENTED_EDGE ( 'NONE', *, *, #1131, .T. ) ;
#2304 = DIRECTION ( 'NONE',  ( -0.000000000000000000, -1.000000000000000000, -0.000000000000000000 ) ) ;
#2305 = EDGE_LOOP ( 'NONE', ( #447, #4301, #5124, #1612, #3371 ) ) ;
#2306 = DIRECTION ( 'NONE',  ( -1.000000000000000000, 0.000000000000000000, 0.000000000000000000 ) ) ;
#2307 = CARTESIAN_POINT ( 'NONE',  ( -82.50000000000002842, 24.99999999999999645, 3.500000000000023093 ) ) ;
#2308 = ORIENTED_EDGE ( 'NONE', *, *, #1608, .T. ) ;
#2309 = DIRECTION ( 'NONE',  ( 8.659560562355015442E-17, 0.7071067811865408004, -0.7071067811865543451 ) ) ;
#2310 = VECTOR ( 'NONE', #519, 999.9999999999998863 ) ;
#2311 = DIRECTION ( 'NONE',  ( -0.000000000000000000, -0.000000000000000000, -1.000000000000000000 ) ) ;
#2312 = AXIS2_PLACEMENT_3D ( 'NONE', #5071, #1936, #2710 ) ;
#2313 = ORIENTED_EDGE ( 'NONE', *, *, #339, .F. ) ;
#2314 = VECTOR ( 'NONE', #2996, 1000.000000000000000 ) ;
#2315 = DIRECTION ( 'NONE',  ( 0.000000000000000000, 0.000000000000000000, -1.000000000000000000 ) ) ;
#2316 = DIRECTION ( 'NONE',  ( 1.000000000000000000, -0.000000000000000000, -0.000000000000000000 ) ) ;
#2317 = VECTOR ( 'NONE', #1722, 1000.000000000000000 ) ;
#2318 = CONICAL_SURFACE ( 'NONE', #501, 1.599999999999990319, 0.7853981633974760346 ) ;
#2319 = CONICAL_SURFACE ( 'NONE', #4999, 3.250000000000086153, 0.7853981633974839172 ) ;
#2320 = ORIENTED_EDGE ( 'NONE', *, *, #1640, .F. ) ;
#2321 = CYLINDRICAL_SURFACE ( 'NONE', #5072, 3.099999999999991651 ) ;
#2322 = CIRCLE ( 'NONE', #4505, 3.249999999999919620 ) ;
#2323 = VECTOR ( 'NONE', #4975, 1000.000000000000114 ) ;
#2324 = CARTESIAN_POINT ( 'NONE',  ( 82.50000000000004263, 24.99999999999999645, 246.5000000000000000 ) ) ;
#2325 = CONICAL_SURFACE ( 'NONE', #422, 1.599999999999990319, 0.7853981633974760346 ) ;
#2326 = CARTESIAN_POINT ( 'NONE',  ( 72.23606797749977204, 27.99999999999999645, 250.0000000000000000 ) ) ;
#2327 = CARTESIAN_POINT ( 'NONE',  ( 75.49999999999995737, 15.00000000000000178, 186.5999999999999659 ) ) ;
#2328 = EDGE_CURVE ( 'NONE', #4758, #3051, #2778, .T. ) ;
#2329 = CARTESIAN_POINT ( 'NONE',  ( 71.44721359549994588, 27.10557280900007981, 1.000000000000000666 ) ) ;
#2330 = EDGE_CURVE ( 'NONE', #1528, #3736, #1660, .T. ) ;
#2331 = EDGE_LOOP ( 'NONE', ( #4462, #4267 ) ) ;
#2332 = VERTEX_POINT ( 'NONE', #2459 ) ;
#2333 = DIRECTION ( 'NONE',  ( 0.000000000000000000, 0.000000000000000000, 1.000000000000000000 ) ) ;
#2334 = CARTESIAN_POINT ( 'NONE',  ( 73.23606797749977204, 27.99999999999999645, 250.0000000000000000 ) ) ;
#2335 = ORIENTED_EDGE ( 'NONE', *, *, #3943, .F. ) ;
#2336 = PRODUCT_DEFINITION ( '鏈', '', #671, #3596 ) ;
#2337 = LINE ( 'NONE', #349, #991 ) ;
#2338 = PLANE ( 'NONE',  #2160 ) ;
#2339 = ORIENTED_EDGE ( 'NONE', *, *, #1733, .T. ) ;
#2340 = LINE ( 'NONE', #374, #5076 ) ;
#2341 = LINE ( 'NONE', #3948, #1635 ) ;
#2342 = EDGE_LOOP ( 'NONE', ( #4194, #4310, #354, #1824 ) ) ;
#2343 = CARTESIAN_POINT ( 'NONE',  ( 82.50000000000004263, -9.500000000000079936, 244.7500000000000000 ) ) ;
#2344 = CARTESIAN_POINT ( 'NONE',  ( 72.34164078649988028, 27.55278640450005057, 0.000000000000000000 ) ) ;
#2345 = DIRECTION ( 'NONE',  ( -1.000000000000000000, 0.000000000000000000, 0.000000000000000000 ) ) ;
#2346 = LINE ( 'NONE', #2823, #4492 ) ;
#2347 = DIRECTION ( 'NONE',  ( 0.000000000000000000, 0.000000000000000000, 1.000000000000000000 ) ) ;
#2348 = DIRECTION ( 'NONE',  ( -0.7071067811865378028, 0.7071067811865573427, 0.000000000000000000 ) ) ;
#2349 = ORIENTED_EDGE ( 'NONE', *, *, #4196, .F. ) ;
#2350 = EDGE_CURVE ( 'NONE', #72, #281, #3638, .T. ) ;
#2351 = ORIENTED_EDGE ( 'NONE', *, *, #3870, .T. ) ;
#2352 = DIRECTION ( 'NONE',  ( -1.000000000000000000, 0.000000000000000000, 0.000000000000000000 ) ) ;
#2353 = DIRECTION ( 'NONE',  ( 0.000000000000000000, 0.000000000000000000, 1.000000000000000000 ) ) ;
#2354 = ORIENTED_EDGE ( 'NONE', *, *, #3742, .T. ) ;
#2355 = CARTESIAN_POINT ( 'NONE',  ( -90.00000000000000000, 15.00000000000000178, 232.9999999999999716 ) ) ;
#2356 = EDGE_CURVE ( 'NONE', #3660, #3676, #2885, .T. ) ;
#2357 = ADVANCED_FACE ( 'NONE', ( #800 ), #1145, .F. ) ;
#2358 = LINE ( 'NONE', #2805, #3321 ) ;
#2359 = ORIENTED_EDGE ( 'NONE', *, *, #849, .T. ) ;
#2360 = DIRECTION ( 'NONE',  ( 0.000000000000000000, 2.102695122396130717E-17, 1.000000000000000000 ) ) ;
#2361 = DIRECTION ( 'NONE',  ( 0.000000000000000000, 0.000000000000000000, 1.000000000000000000 ) ) ;
#2362 = EDGE_CURVE ( 'NONE', #4283, #2270, #2963, .T. ) ;
#2363 = EDGE_CURVE ( 'NONE', #2972, #4059, #4057, .T. ) ;
#2364 = ORIENTED_EDGE ( 'NONE', *, *, #2756, .F. ) ;
#2365 = DIRECTION ( 'NONE',  ( -0.000000000000000000, 1.000000000000000000, -0.000000000000000000 ) ) ;
#2366 = DIRECTION ( 'NONE',  ( 0.000000000000000000, 1.000000000000000000, 0.000000000000000000 ) ) ;
#2367 = ORIENTED_EDGE ( 'NONE', *, *, #4158, .F. ) ;
#2368 = CARTESIAN_POINT ( 'NONE',  ( -82.50000000000002842, 24.99999999999999645, 8.000000000000028422 ) ) ;
#2369 = CYLINDRICAL_SURFACE ( 'NONE', #411, 3.099999999999998757 ) ;
#2370 = CIRCLE ( 'NONE', #385, 1.599999999999993872 ) ;
#2371 = CARTESIAN_POINT ( 'NONE',  ( -89.50000000000005684, 15.00000000000000178, 184.9999999999999716 ) ) ;
#2372 = VECTOR ( 'NONE', #2108, 1000.000000000000114 ) ;
#2373 = CARTESIAN_POINT ( 'NONE',  ( 82.50000000000002842, 24.49999999999999289, 239.2500000000000000 ) ) ;
#2374 = CARTESIAN_POINT ( 'NONE',  ( 88.99999999999997158, -10.00000000000000000, 250.0000000000000000 ) ) ;
#2375 = FACE_OUTER_BOUND ( 'NONE', #18, .T. ) ;
#2376 = VECTOR ( 'NONE', #4193, 1000.000000000000000 ) ;
#2377 = EDGE_LOOP ( 'NONE', ( #1839, #4390, #1853, #3687 ) ) ;
#2378 = VERTEX_POINT ( 'NONE', #4437 ) ;
#2379 = CARTESIAN_POINT ( 'NONE',  ( 82.50000000000004263, -10.00000000000000000, 245.2499999999999147 ) ) ;
#2380 = FACE_OUTER_BOUND ( 'NONE', #825, .T. ) ;
#2381 = ORIENTED_EDGE ( 'NONE', *, *, #1733, .F. ) ;
#2382 = CARTESIAN_POINT ( 'NONE',  ( 90.00000000000000000, -10.00000000000000000, 249.0000000000000568 ) ) ;
#2383 = CARTESIAN_POINT ( 'NONE',  ( 86.00000000000000000, 15.00000000000000178, 232.9999999999999716 ) ) ;
#2384 = ORIENTED_EDGE ( 'NONE', *, *, #804, .T. ) ;
#2385 = DIRECTION ( 'NONE',  ( 0.000000000000000000, -2.102695122396130717E-17, -1.000000000000000000 ) ) ;
#2386 = CARTESIAN_POINT ( 'NONE',  ( 85.31222956928671408, 11.89999999999999325, 20.00000000000000000 ) ) ;
#2387 = EDGE_CURVE ( 'NONE', #1054, #1970, #1883, .T. ) ;
#2388 = ADVANCED_FACE ( 'NONE', ( #2380 ), #1804, .F. ) ;
#2389 = AXIS2_PLACEMENT_3D ( 'NONE', #3130, #4782, #1960 ) ;
#2390 = EDGE_CURVE ( 'NONE', #2675, #4438, #2597, .T. ) ;
#2391 = VERTEX_POINT ( 'NONE', #4613 ) ;
#2392 = AXIS2_PLACEMENT_3D ( 'NONE', #4342, #3146, #1520 ) ;
#2393 = CARTESIAN_POINT ( 'NONE',  ( 82.50000000000005684, 30.00000000000000000, 3.000000000000030198 ) ) ;
#2394 = CARTESIAN_POINT ( 'NONE',  ( -90.00000000000000000, 30.00000000000000000, 249.0000000000000568 ) ) ;
#2395 = ORIENTED_EDGE ( 'NONE', *, *, #4578, .F. ) ;
#2396 = VECTOR ( 'NONE', #2286, 1000.000000000000114 ) ;
#2397 = LINE ( 'NONE', #2447, #4576 ) ;
#2398 = AXIS2_PLACEMENT_3D ( 'NONE', #4209, #3816, #1047 ) ;
#2399 =( GEOMETRIC_REPRESENTATION_CONTEXT ( 3 ) GLOBAL_UNCERTAINTY_ASSIGNED_CONTEXT ( ( #839 ) ) GLOBAL_UNIT_ASSIGNED_CONTEXT ( ( #3356, #4956, #4903 ) ) REPRESENTATION_CONTEXT ( 'NONE', 'WORKASPACE' ) );
#2400 = VECTOR ( 'NONE', #79, 1000.000000000000114 ) ;
#2401 = VECTOR ( 'NONE', #3656, 1000.000000000000000 ) ;
#2402 = AXIS2_PLACEMENT_3D ( 'NONE', #759, #311, #1892 ) ;
#2403 = CIRCLE ( 'NONE', #4246, 1.599999999999990319 ) ;
#2404 = DIRECTION ( 'NONE',  ( 0.000000000000000000, 0.000000000000000000, 1.000000000000000000 ) ) ;
#2405 = DIRECTION ( 'NONE',  ( 1.000000000000000000, -0.000000000000000000, -0.000000000000000000 ) ) ;
#2406 = CARTESIAN_POINT ( 'NONE',  ( -90.00000000000000000, 14.99999999999999822, 20.00000000000000000 ) ) ;
#2407 = AXIS2_PLACEMENT_3D ( 'NONE', #207, #3399, #3332 ) ;
#2408 = CONICAL_SURFACE ( 'NONE', #177, 3.099999999999991651, 0.7853981633974244092 ) ;
#2409 = CONICAL_SURFACE ( 'NONE', #755, 3.099999999999991651, 0.7853981633974482790 ) ;
#2410 = ORIENTED_EDGE ( 'NONE', *, *, #2522, .F. ) ;
#2411 = ORIENTED_EDGE ( 'NONE', *, *, #652, .T. ) ;
#2412 = LINE ( 'NONE', #442, #4833 ) ;
#2413 = DIRECTION ( 'NONE',  ( -0.7071067811865404673, 8.659560562355019140E-17, -0.7071067811865545671 ) ) ;
#2414 = ORIENTED_EDGE ( 'NONE', *, *, #2271, .F. ) ;
#2415 = DIRECTION ( 'NONE',  ( 0.000000000000000000, 1.000000000000000000, 0.000000000000000000 ) ) ;
#2416 = CARTESIAN_POINT ( 'NONE',  ( -75.00000000000000000, 30.00000000000000000, 0.000000000000000000 ) ) ;
#2417 = EDGE_LOOP ( 'NONE', ( #2290, #2895 ) ) ;
#2418 = FACE_OUTER_BOUND ( 'NONE', #3810, .T. ) ;
#2419 = LINE ( 'NONE', #3277, #2130 ) ;
#2420 = ORIENTED_EDGE ( 'NONE', *, *, #2047, .T. ) ;
#2421 = DIRECTION ( 'NONE',  ( 0.000000000000000000, -1.000000000000000000, 0.000000000000000000 ) ) ;
#2422 = EDGE_CURVE ( 'NONE', #3536, #2675, #2954, .T. ) ;
#2423 = DIRECTION ( 'NONE',  ( -1.000000000000000000, 0.000000000000000000, 0.000000000000000000 ) ) ;
#2424 = EDGE_LOOP ( 'NONE', ( #2540, #1849, #3695, #373 ) ) ;
#2425 = CARTESIAN_POINT ( 'NONE',  ( 82.50000000000004263, 25.00000000000000000, 8.000000000000007105 ) ) ;
#2426 = EDGE_CURVE ( 'NONE', #3200, #3752, #547, .T. ) ;
#2427 = ORIENTED_EDGE ( 'NONE', *, *, #1321, .T. ) ;
#2428 = EDGE_CURVE ( 'NONE', #1112, #4713, #4170, .T. ) ;
#2429 = EDGE_CURVE ( 'NONE', #1937, #2258, #4926, .T. ) ;
#2430 = CARTESIAN_POINT ( 'NONE',  ( 86.00000000000000000, 14.99999999999999822, 20.00000000000000000 ) ) ;
#2431 = ORIENTED_EDGE ( 'NONE', *, *, #3105, .T. ) ;
#2432 = ORIENTED_EDGE ( 'NONE', *, *, #431, .T. ) ;
#2433 =( LENGTH_UNIT ( ) NAMED_UNIT ( * ) SI_UNIT ( .MILLI., .METRE. ) );
#2434 = VERTEX_POINT ( 'NONE', #3329 ) ;
#2435 = DIRECTION ( 'NONE',  ( 0.000000000000000000, 0.000000000000000000, 1.000000000000000000 ) ) ;
#2436 = CARTESIAN_POINT ( 'NONE',  ( 75.00000000000000000, 19.99999999999999645, 1.000000000000000888 ) ) ;
#2437 = VERTEX_POINT ( 'NONE', #1354 ) ;
#2438 = CARTESIAN_POINT ( 'NONE',  ( 68.33333333333332860, 16.66666666666666785, 7.666666666666666963 ) ) ;
#2439 = DIRECTION ( 'NONE',  ( 0.000000000000000000, 2.102695122396130717E-17, 1.000000000000000000 ) ) ;
#2440 = ORIENTED_EDGE ( 'NONE', *, *, #753, .T. ) ;
#2441 = DIRECTION ( 'NONE',  ( 0.000000000000000000, 0.000000000000000000, -1.000000000000000000 ) ) ;
#2442 = DIRECTION ( 'NONE',  ( 0.000000000000000000, 1.000000000000000000, 0.000000000000000000 ) ) ;
#2443 = EDGE_LOOP ( 'NONE', ( #389, #1390, #2104, #2891 ) ) ;
#2444 = DIRECTION ( 'NONE',  ( 0.000000000000000000, 0.000000000000000000, -1.000000000000000000 ) ) ;
#2445 = DIRECTION ( 'NONE',  ( -1.000000000000000000, 0.000000000000000000, 0.000000000000000000 ) ) ;
#2446 = EDGE_LOOP ( 'NONE', ( #1440, #3854, #126, #1130 ) ) ;
#2447 = CARTESIAN_POINT ( 'NONE',  ( 90.00000000000000000, 11.40000000000005542, 184.9999999999999716 ) ) ;
#2448 = FACE_OUTER_BOUND ( 'NONE', #4298, .T. ) ;
#2449 = ORIENTED_EDGE ( 'NONE', *, *, #4125, .F. ) ;
#2450 = CARTESIAN_POINT ( 'NONE',  ( -89.50000000000005684, 15.00000000000000178, 188.0999999999999659 ) ) ;
#2451 = CARTESIAN_POINT ( 'NONE',  ( 75.49999999999990052, 13.40000000000000213, 20.00000000000000000 ) ) ;
#2452 = EDGE_CURVE ( 'NONE', #1241, #4208, #1427, .T. ) ;
#2453 = EDGE_CURVE ( 'NONE', #4869, #1842, #2615, .T. ) ;
#2454 = ORIENTED_EDGE ( 'NONE', *, *, #2936, .T. ) ;
#2455 = AXIS2_PLACEMENT_3D ( 'NONE', #3122, #4263, #1594 ) ;
#2456 = EDGE_CURVE ( 'NONE', #1287, #3111, #314, .T. ) ;
#2457 = ORIENTED_EDGE ( 'NONE', *, *, #4132, .T. ) ;
#2458 = CARTESIAN_POINT ( 'NONE',  ( -82.50000000000002842, 24.99999999999999645, 8.000000000000028422 ) ) ;
#2459 = CARTESIAN_POINT ( 'NONE',  ( -86.00000000000000000, 18.10000000000000497, 184.9999999999999716 ) ) ;
#2460 = ORIENTED_EDGE ( 'NONE', *, *, #3034, .T. ) ;
#2461 = EDGE_CURVE ( 'NONE', #4650, #545, #2178, .T. ) ;
#2462 = DIRECTION ( 'NONE',  ( -1.000000000000000000, 0.000000000000000000, 0.000000000000000000 ) ) ;
#2463 = CIRCLE ( 'NONE', #1801, 2.099999999999935252 ) ;
#2464 = CARTESIAN_POINT ( 'NONE',  ( -86.00000000000000000, 15.00000000000000178, 236.0999999999999659 ) ) ;
#2465 = ORIENTED_EDGE ( 'NONE', *, *, #1062, .T. ) ;
#2466 = CARTESIAN_POINT ( 'NONE',  ( -75.00000000000000000, 14.99999999999999822, 17.90000000000000568 ) ) ;
#2467 = AXIS2_PLACEMENT_3D ( 'NONE', #2283, #1116, #4694 ) ;
#2468 = DIRECTION ( 'NONE',  ( 1.000000000000000000, 0.000000000000000000, 0.000000000000000000 ) ) ;
#2469 = ORIENTED_EDGE ( 'NONE', *, *, #717, .F. ) ;
#2470 = LINE ( 'NONE', #2945, #4818 ) ;
#2471 = DIRECTION ( 'NONE',  ( 1.000000000000000000, -0.000000000000000000, -0.000000000000000000 ) ) ;
#2472 = ORIENTED_EDGE ( 'NONE', *, *, #4895, .T. ) ;
#2473 = CARTESIAN_POINT ( 'NONE',  ( -72.23606797749977204, 27.99999999999999645, 0.000000000000000000 ) ) ;
#2474 = AXIS2_PLACEMENT_3D ( 'NONE', #2067, #4033, #4010 ) ;
#2475 = CARTESIAN_POINT ( 'NONE',  ( -90.00000000000000000, 13.40000000000000213, 20.00000000000000000 ) ) ;
#2476 = VERTEX_POINT ( 'NONE', #1372 ) ;
#2477 = CIRCLE ( 'NONE', #1666, 1.699999999999951550 ) ;
#2478 = VECTOR ( 'NONE', #3365, 1000.000000000000000 ) ;
#2479 = DIRECTION ( 'NONE',  ( 0.000000000000000000, 0.000000000000000000, 1.000000000000000000 ) ) ;
#2480 = CARTESIAN_POINT ( 'NONE',  ( 82.50000000000002842, 24.99999999999999645, 238.7500000000000000 ) ) ;
#2481 = AXIS2_PLACEMENT_3D ( 'NONE', #4388, #533, #3873 ) ;
#2482 = AXIS2_PLACEMENT_3D ( 'NONE', #2265, #3864, #4304 ) ;
#2483 = VECTOR ( 'NONE', #2061, 1000.000000000000000 ) ;
#2484 = CONICAL_SURFACE ( 'NONE', #1906, 3.099999999999991651, 0.7853981633974244092 ) ;
#2485 = ORIENTED_EDGE ( 'NONE', *, *, #4036, .F. ) ;
#2486 = AXIS2_PLACEMENT_3D ( 'NONE', #1291, #4477, #3345 ) ;
#2487 = ORIENTED_EDGE ( 'NONE', *, *, #4831, .T. ) ;
#2488 = DIRECTION ( 'NONE',  ( 0.000000000000000000, 2.102695122396130717E-17, 1.000000000000000000 ) ) ;
#2489 = ADVANCED_FACE ( 'NONE', ( #228 ), #3632, .T. ) ;
#2490 = VECTOR ( 'NONE', #3723, 1000.000000000000000 ) ;
#2491 = CARTESIAN_POINT ( 'NONE',  ( -86.00000000000000000, 14.99999999999999822, 20.00000000000000000 ) ) ;
#2492 = VECTOR ( 'NONE', #1863, 1000.000000000000000 ) ;
#2493 = ORIENTED_EDGE ( 'NONE', *, *, #3542, .F. ) ;
#2494 = CARTESIAN_POINT ( 'NONE',  ( 75.50000000000004263, 15.00000000000000178, 216.9999999999999716 ) ) ;
#2495 = VECTOR ( 'NONE', #3718, 1000.000000000000114 ) ;
#2496 = EDGE_CURVE ( 'NONE', #3200, #4283, #2133, .T. ) ;
#2497 = AXIS2_PLACEMENT_3D ( 'NONE', #1058, #4248, #1509 ) ;
#2498 = LINE ( 'NONE', #1331, #667 ) ;
#2499 = VERTEX_POINT ( 'NONE', #3751 ) ;
#2500 = CIRCLE ( 'NONE', #262, 1.599999999999993872 ) ;
#2501 = FILL_AREA_STYLE ('',( #1718 ) ) ;
#2502 = ADVANCED_FACE ( 'NONE', ( #4118 ), #2568, .T. ) ;
#2503 = DIRECTION ( 'NONE',  ( 0.000000000000000000, 0.000000000000000000, 1.000000000000000000 ) ) ;
#2504 = DIRECTION ( 'NONE',  ( 0.000000000000000000, 0.000000000000000000, 1.000000000000000000 ) ) ;
#2505 = VERTEX_POINT ( 'NONE', #5007 ) ;
#2506 = LINE ( 'NONE', #3599, #3501 ) ;
#2507 = DIRECTION ( 'NONE',  ( 1.000000000000000000, 0.000000000000000000, 0.000000000000000000 ) ) ;
#2508 = VERTEX_POINT ( 'NONE', #2103 ) ;
#2509 = DIRECTION ( 'NONE',  ( -1.000000000000000000, 0.000000000000000000, 0.000000000000000000 ) ) ;
#2510 = ORIENTED_EDGE ( 'NONE', *, *, #3074, .T. ) ;
#2511 = LINE ( 'NONE', #4554, #3311 ) ;
#2512 = FACE_OUTER_BOUND ( 'NONE', #2284, .T. ) ;
#2513 = ORIENTED_EDGE ( 'NONE', *, *, #1665, .F. ) ;
#2514 = FACE_OUTER_BOUND ( 'NONE', #293, .T. ) ;
#2515 = CARTESIAN_POINT ( 'NONE',  ( -89.00000000000002842, -10.00000000000000000, 250.0000000000000000 ) ) ;
#2516 = ORIENTED_EDGE ( 'NONE', *, *, #2244, .T. ) ;
#2517 = LINE ( 'NONE', #3351, #3495 ) ;
#2518 = CARTESIAN_POINT ( 'NONE',  ( -82.49999999999995737, -9.500000000000079936, 244.7500000000000284 ) ) ;
#2519 = ORIENTED_EDGE ( 'NONE', *, *, #1159, .F. ) ;
#2520 = CARTESIAN_POINT ( 'NONE',  ( 75.00000000000000000, 17.09999999999999432, 20.00000000000000000 ) ) ;
#2521 = PLANE ( 'NONE',  #1720 ) ;
#2522 = EDGE_CURVE ( 'NONE', #2476, #4663, #4223, .T. ) ;
#2523 = EDGE_CURVE ( 'NONE', #3914, #3200, #2713, .T. ) ;
#2524 = DIRECTION ( 'NONE',  ( 1.000000000000000000, -0.000000000000000000, -0.000000000000000000 ) ) ;
#2525 = ORIENTED_EDGE ( 'NONE', *, *, #2775, .T. ) ;
#2526 = CARTESIAN_POINT ( 'NONE',  ( 85.49999999999988631, 15.00000000000000178, 234.6999999999999318 ) ) ;
#2527 = DIRECTION ( 'NONE',  ( 0.000000000000000000, 0.000000000000000000, 1.000000000000000000 ) ) ;
#2528 = ADVANCED_FACE ( 'NONE', ( #4973, #2981, #4592, #4514 ), #1009, .F. ) ;
#2529 = ORIENTED_EDGE ( 'NONE', *, *, #4991, .F. ) ;
#2530 = EDGE_CURVE ( 'NONE', #72, #3113, #2546, .T. ) ;
#2531 = DIRECTION ( 'NONE',  ( 0.000000000000000000, 0.000000000000000000, 1.000000000000000000 ) ) ;
#2532 = ORIENTED_EDGE ( 'NONE', *, *, #1098, .T. ) ;
#2533 = FACE_OUTER_BOUND ( 'NONE', #4366, .T. ) ;
#2534 = DIRECTION ( 'NONE',  ( 0.000000000000000000, 0.000000000000000000, 1.000000000000000000 ) ) ;
#2535 = ORIENTED_EDGE ( 'NONE', *, *, #3257, .F. ) ;
#2536 = CARTESIAN_POINT ( 'NONE',  ( 75.49999999999990052, 13.40000000000000568, 184.9999999999999716 ) ) ;
#2537 = DIRECTION ( 'NONE',  ( 0.000000000000000000, 0.000000000000000000, 1.000000000000000000 ) ) ;
#2538 = VERTEX_POINT ( 'NONE', #331 ) ;
#2539 = DIRECTION ( 'NONE',  ( 0.000000000000000000, 0.000000000000000000, -1.000000000000000000 ) ) ;
#2540 = ORIENTED_EDGE ( 'NONE', *, *, #4457, .F. ) ;
#2541 = DIRECTION ( 'NONE',  ( 0.000000000000000000, 4.205390244792260202E-17, 1.000000000000000000 ) ) ;
#2542 = EDGE_LOOP ( 'NONE', ( #2028, #914, #1262, #4138 ) ) ;
#2543 = PLANE ( 'NONE',  #1655 ) ;
#2544 = DIRECTION ( 'NONE',  ( -0.7071067811865471286, -0.7071067811865479058, 1.486829979814182467E-17 ) ) ;
#2545 = AXIS2_PLACEMENT_3D ( 'NONE', #237, #2129, #3726 ) ;
#2546 = CIRCLE ( 'NONE', #3291, 4.500000000000003553 ) ;
#2547 = VECTOR ( 'NONE', #3940, 1000.000000000000000 ) ;
#2548 = CARTESIAN_POINT ( 'NONE',  ( -75.00000000000000000, 12.90000000000000568, 184.9999999999999716 ) ) ;
#2549 = EDGE_LOOP ( 'NONE', ( #4143, #2252, #2469, #2025 ) ) ;
#2550 = DIRECTION ( 'NONE',  ( 0.7071067811865279218, 0.7071067811865671127, 0.000000000000000000 ) ) ;
#2551 = DIRECTION ( 'NONE',  ( -1.000000000000000000, 0.000000000000000000, 0.000000000000000000 ) ) ;
#2552 = ADVANCED_FACE ( 'NONE', ( #1135 ), #746, .F. ) ;
#2553 = VERTEX_POINT ( 'NONE', #2326 ) ;
#2554 = EDGE_CURVE ( 'NONE', #3113, #2192, #1109, .T. ) ;
#2555 = CARTESIAN_POINT ( 'NONE',  ( 82.50000000000005684, 29.50000000000003553, 8.000000000000007105 ) ) ;
#2556 = VERTEX_POINT ( 'NONE', #1885 ) ;
#2557 = EDGE_CURVE ( 'NONE', #4119, #4869, #964, .T. ) ;
#2558 = ADVANCED_FACE ( 'NONE', ( #4318 ), #4733, .F. ) ;
#2559 = CARTESIAN_POINT ( 'NONE',  ( 73.23606797749977204, 27.99999999999999645, 249.0000000000000000 ) ) ;
#2560 = FACE_OUTER_BOUND ( 'NONE', #2228, .T. ) ;
#2561 = CIRCLE ( 'NONE', #4072, 1.699999999999951550 ) ;
#2562 = ORIENTED_EDGE ( 'NONE', *, *, #4821, .T. ) ;
#2563 = VECTOR ( 'NONE', #2669, 1000.000000000000000 ) ;
#2564 = AXIS2_PLACEMENT_3D ( 'NONE', #2425, #454, #120 ) ;
#2565 = ORIENTED_EDGE ( 'NONE', *, *, #2174, .F. ) ;
#2566 = VECTOR ( 'NONE', #3285, 999.9999999999998863 ) ;
#2567 = CARTESIAN_POINT ( 'NONE',  ( 73.23606797749977204, 30.00000000000000000, 1.000000000000000888 ) ) ;
#2568 = CYLINDRICAL_SURFACE ( 'NONE', #4722, 2.000000000000001776 ) ;
#2569 = ORIENTED_EDGE ( 'NONE', *, *, #1570, .F. ) ;
#2570 = CARTESIAN_POINT ( 'NONE',  ( -89.50000000000002842, 15.00000000000000178, 229.9000000000000057 ) ) ;
#2571 = VECTOR ( 'NONE', #2834, 999.9999999999998863 ) ;
#2572 = VECTOR ( 'NONE', #2784, 999.9999999999998863 ) ;
#2573 = VERTEX_POINT ( 'NONE', #2641 ) ;
#2574 = DIRECTION ( 'NONE',  ( -0.000000000000000000, 1.000000000000000000, -0.000000000000000000 ) ) ;
#2575 = VECTOR ( 'NONE', #1375, 1000.000000000000114 ) ;
#2576 = ORIENTED_EDGE ( 'NONE', *, *, #1856, .F. ) ;
#2577 = VECTOR ( 'NONE', #3090, 1000.000000000000000 ) ;
#2578 = CARTESIAN_POINT ( 'NONE',  ( 86.00000000000000000, 18.10000000000000142, 184.9999999999999716 ) ) ;
#2579 = DIRECTION ( 'NONE',  ( 0.000000000000000000, 0.000000000000000000, -1.000000000000000000 ) ) ;
#2580 = CIRCLE ( 'NONE', #338, 2.750000000000002665 ) ;
#2581 = CONICAL_SURFACE ( 'NONE', #4654, 1.699999999999951550, 0.7853981633974721488 ) ;
#2582 = AXIS2_PLACEMENT_3D ( 'NONE', #258, #1446, #2671 ) ;
#2583 = FACE_OUTER_BOUND ( 'NONE', #971, .T. ) ;
#2584 = ORIENTED_EDGE ( 'NONE', *, *, #2422, .T. ) ;
#2585 = DIRECTION ( 'NONE',  ( -0.000000000000000000, 1.000000000000000000, -0.000000000000000000 ) ) ;
#2586 = DIRECTION ( 'NONE',  ( 0.000000000000000000, 0.000000000000000000, 1.000000000000000000 ) ) ;
#2587 = ORIENTED_EDGE ( 'NONE', *, *, #3388, .T. ) ;
#2588 = ADVANCED_FACE ( 'NONE', ( #695 ), #1551, .T. ) ;
#2589 = ORIENTED_EDGE ( 'NONE', *, *, #4578, .T. ) ;
#2590 = DIRECTION ( 'NONE',  ( 0.7071067811865306973, 0.000000000000000000, -0.7071067811865644481 ) ) ;
#2591 = EDGE_CURVE ( 'NONE', #4871, #1900, #1527, .T. ) ;
#2592 = VERTEX_POINT ( 'NONE', #2672 ) ;
#2593 = ADVANCED_FACE ( 'NONE', ( #3427 ), #4293, .F. ) ;
#2594 = ADVANCED_FACE ( 'NONE', ( #3110 ), #3877, .F. ) ;
#2595 = EDGE_LOOP ( 'NONE', ( #1023, #698, #4216, #65 ) ) ;
#2596 = CARTESIAN_POINT ( 'NONE',  ( -82.49999999999995737, 24.99999999999999645, 242.0000000000000284 ) ) ;
#2597 = LINE ( 'NONE', #570, #2297 ) ;
#2598 = ADVANCED_FACE ( 'NONE', ( #3853 ), #3474, .T. ) ;
#2599 = ORIENTED_EDGE ( 'NONE', *, *, #4766, .F. ) ;
#2600 = DIRECTION ( 'NONE',  ( 0.7071067811865601183, 0.000000000000000000, -0.7071067811865349162 ) ) ;
#2601 = VERTEX_POINT ( 'NONE', #4709 ) ;
#2602 = FACE_OUTER_BOUND ( 'NONE', #4639, .T. ) ;
#2603 = VERTEX_POINT ( 'NONE', #3449 ) ;
#2604 = CARTESIAN_POINT ( 'NONE',  ( 75.00000000000000000, 30.00000000000000000, 0.000000000000000000 ) ) ;
#2605 = DIRECTION ( 'NONE',  ( 0.000000000000000000, 0.000000000000000000, -1.000000000000000000 ) ) ;
#2606 = LINE ( 'NONE', #4472, #2483 ) ;
#2607 = CARTESIAN_POINT ( 'NONE',  ( -82.50000000000004263, 24.49999999999996092, 8.000000000000028422 ) ) ;
#2608 = ORIENTED_EDGE ( 'NONE', *, *, #1604, .T. ) ;
#2609 = CARTESIAN_POINT ( 'NONE',  ( -75.49999999999997158, 14.99999999999999822, 20.00000000000000000 ) ) ;
#2610 = CARTESIAN_POINT ( 'NONE',  ( 85.50000000000004263, 14.99999999999999822, 20.00000000000000000 ) ) ;
#2611 = ORIENTED_EDGE ( 'NONE', *, *, #4838, .T. ) ;
#2612 = ORIENTED_EDGE ( 'NONE', *, *, #5091, .T. ) ;
#2613 = FACE_BOUND ( 'NONE', #5131, .T. ) ;
#2614 = FACE_OUTER_BOUND ( 'NONE', #4373, .T. ) ;
#2615 = LINE ( 'NONE', #978, #1468 ) ;
#2616 = ORIENTED_EDGE ( 'NONE', *, *, #652, .F. ) ;
#2617 = ADVANCED_FACE ( 'NONE', ( #1861 ), #3134, .T. ) ;
#2618 = EDGE_CURVE ( 'NONE', #1070, #2926, #3223, .T. ) ;
#2619 = CARTESIAN_POINT ( 'NONE',  ( -71.44721359549994588, 27.10557280900008337, 1.000000000000001110 ) ) ;
#2620 = EDGE_CURVE ( 'NONE', #3298, #5064, #3817, .T. ) ;
#2621 = ORIENTED_EDGE ( 'NONE', *, *, #4610, .F. ) ;
#2622 = FACE_OUTER_BOUND ( 'NONE', #3085, .T. ) ;
#2623 = ORIENTED_EDGE ( 'NONE', *, *, #4610, .T. ) ;
#2624 = ADVANCED_FACE ( 'NONE', ( #3901 ), #4662, .F. ) ;
#2625 = FACE_OUTER_BOUND ( 'NONE', #202, .T. ) ;
#2626 = DIRECTION ( 'NONE',  ( 0.000000000000000000, -2.102695122396130717E-17, -1.000000000000000000 ) ) ;
#2627 = CARTESIAN_POINT ( 'NONE',  ( -82.50000000000002842, 29.50000000000003553, 8.000000000000028422 ) ) ;
#2628 = VECTOR ( 'NONE', #1541, 1000.000000000000000 ) ;
#2629 = DIRECTION ( 'NONE',  ( 0.000000000000000000, 0.000000000000000000, -1.000000000000000000 ) ) ;
#2630 = CARTESIAN_POINT ( 'NONE',  ( 82.50000000000004263, -10.00000000000000000, 242.0000000000000000 ) ) ;
#2631 = ORIENTED_EDGE ( 'NONE', *, *, #361, .T. ) ;
#2632 = FACE_OUTER_BOUND ( 'NONE', #3724, .T. ) ;
#2633 = VECTOR ( 'NONE', #1461, 1000.000000000000000 ) ;
#2634 = DIRECTION ( 'NONE',  ( 0.000000000000000000, 0.000000000000000000, -1.000000000000000000 ) ) ;
#2635 = AXIS2_PLACEMENT_3D ( 'NONE', #3378, #5015, #3357 ) ;
#2636 = VERTEX_POINT ( 'NONE', #2276 ) ;
#2637 = ORIENTED_EDGE ( 'NONE', *, *, #2426, .F. ) ;
#2638 = CIRCLE ( 'NONE', #973, 4.500000000000003553 ) ;
#2639 = DIRECTION ( 'NONE',  ( 0.000000000000000000, 0.000000000000000000, 1.000000000000000000 ) ) ;
#2640 = CARTESIAN_POINT ( 'NONE',  ( 75.50000000000004263, 15.00000000000000178, 215.3000000000000114 ) ) ;
#2641 = CARTESIAN_POINT ( 'NONE',  ( 82.50000000000004263, 24.99999999999999645, 4.749999999999979572 ) ) ;
#2642 = ORIENTED_EDGE ( 'NONE', *, *, #1321, .F. ) ;
#2643 = DIRECTION ( 'NONE',  ( -1.000000000000000000, 0.000000000000000000, 0.000000000000000000 ) ) ;
#2644 = VECTOR ( 'NONE', #932, 1000.000000000000114 ) ;
#2645 = AXIS2_PLACEMENT_3D ( 'NONE', #318, #5141, #1122 ) ;
#2646 = EDGE_CURVE ( 'NONE', #4663, #4444, #4844, .T. ) ;
#2647 = CARTESIAN_POINT ( 'NONE',  ( 0.000000000000000000, 0.000000000000000000, 250.0000000000000000 ) ) ;
#2648 = ORIENTED_EDGE ( 'NONE', *, *, #717, .T. ) ;
#2649 = DIRECTION ( 'NONE',  ( -1.000000000000000000, 0.000000000000000000, -0.000000000000000000 ) ) ;
#2650 = AXIS2_PLACEMENT_3D ( 'NONE', #3763, #4525, #632 ) ;
#2651 = DIRECTION ( 'NONE',  ( 0.000000000000000000, 0.000000000000000000, -1.000000000000000000 ) ) ;
#2652 = AXIS2_PLACEMENT_3D ( 'NONE', #2845, #2769, #433 ) ;
#2653 = EDGE_LOOP ( 'NONE', ( #683, #3591, #723, #1026, #4964 ) ) ;
#2654 = PLANE ( 'NONE',  #330 ) ;
#2655 = EDGE_CURVE ( 'NONE', #4208, #3684, #816, .T. ) ;
#2656 = AXIS2_PLACEMENT_3D ( 'NONE', #2416, #4774, #392 ) ;
#2657 = AXIS2_PLACEMENT_3D ( 'NONE', #4378, #3372, #5009 ) ;
#2658 = CARTESIAN_POINT ( 'NONE',  ( -90.00000000000000000, 11.40000000000004832, 20.00000000000000000 ) ) ;
#2659 = ORIENTED_EDGE ( 'NONE', *, *, #3545, .T. ) ;
#2660 = AXIS2_PLACEMENT_3D ( 'NONE', #855, #3172, #3589 ) ;
#2661 = CARTESIAN_POINT ( 'NONE',  ( 85.50000000000004263, 15.00000000000000178, 184.9999999999999716 ) ) ;
#2662 = AXIS2_PLACEMENT_3D ( 'NONE', #5155, #2038, #4011 ) ;
#2663 = DIRECTION ( 'NONE',  ( 0.000000000000000000, 2.102695122396130717E-17, 1.000000000000000000 ) ) ;
#2664 = CIRCLE ( 'NONE', #834, 1.000000000000000888 ) ;
#2665 = ADVANCED_BREP_SHAPE_REPRESENTATION ( '\X2\7535673a5bf962d65e7353f0\X0\-\X2\5e955ea7\X0\', ( #906, #5006 ), #2251 ) ;
#2666 = VECTOR ( 'NONE', #3793, 1000.000000000000000 ) ;
#2667 = ORIENTED_EDGE ( 'NONE', *, *, #212, .T. ) ;
#2668 = ORIENTED_EDGE ( 'NONE', *, *, #853, .T. ) ;
#2669 = DIRECTION ( 'NONE',  ( 0.000000000000000000, 1.000000000000000000, 0.000000000000000000 ) ) ;
#2670 = DIRECTION ( 'NONE',  ( -1.000000000000000000, 0.000000000000000000, 0.000000000000000000 ) ) ;
#2671 = DIRECTION ( 'NONE',  ( 0.000000000000000000, 0.000000000000000000, 1.000000000000000000 ) ) ;
#2672 = CARTESIAN_POINT ( 'NONE',  ( -82.50000000000004263, 24.49999999999996092, 10.75000000000003730 ) ) ;
#2673 = ORIENTED_EDGE ( 'NONE', *, *, #2752, .F. ) ;
#2674 = DIRECTION ( 'NONE',  ( 0.000000000000000000, 0.000000000000000000, 1.000000000000000000 ) ) ;
#2675 = VERTEX_POINT ( 'NONE', #2450 ) ;
#2676 = DIRECTION ( 'NONE',  ( 0.000000000000000000, 0.000000000000000000, -1.000000000000000000 ) ) ;
#2677 = ORIENTED_EDGE ( 'NONE', *, *, #4098, .T. ) ;
#2678 = CARTESIAN_POINT ( 'NONE',  ( -90.00000000000000000, -10.00000000000000000, 1.000000000000000888 ) ) ;
#2679 = CARTESIAN_POINT ( 'NONE',  ( -90.00000000000000000, 15.00000000000000178, 184.9999999999999716 ) ) ;
#2680 = VERTEX_POINT ( 'NONE', #101 ) ;
#2681 = CARTESIAN_POINT ( 'NONE',  ( -89.50000000000002842, 15.00000000000000178, 229.9000000000000057 ) ) ;
#2682 = CARTESIAN_POINT ( 'NONE',  ( 72.34164078649986607, 27.55278640450003991, 250.0000000000000000 ) ) ;
#2683 = ORIENTED_EDGE ( 'NONE', *, *, #4766, .T. ) ;
#2684 = DIRECTION ( 'NONE',  ( -0.000000000000000000, 1.000000000000000000, -0.000000000000000000 ) ) ;
#2685 = CARTESIAN_POINT ( 'NONE',  ( -73.23606797749977204, 27.99999999999999645, 1.000000000000001110 ) ) ;
#2686 = ADVANCED_FACE ( 'NONE', ( #1267 ), #1231, .F. ) ;
#2687 = EDGE_CURVE ( 'NONE', #2195, #4704, #898, .T. ) ;
#2688 = CARTESIAN_POINT ( 'NONE',  ( -86.00000000000000000, 15.00000000000000178, 232.9999999999999716 ) ) ;
#2689 = EDGE_CURVE ( 'NONE', #4812, #2695, #2561, .T. ) ;
#2690 = ORIENTED_EDGE ( 'NONE', *, *, #2530, .F. ) ;
#2691 = LINE ( 'NONE', #3107, #4493 ) ;
#2692 = ADVANCED_FACE ( 'NONE', ( #3551 ), #1993, .F. ) ;
#2693 = CARTESIAN_POINT ( 'NONE',  ( 90.00000000000000000, -10.00000000000000000, 1.000000000000000888 ) ) ;
#2694 = DIRECTION ( 'NONE',  ( 1.000000000000000000, -0.000000000000000000, -0.000000000000000000 ) ) ;
#2695 = VERTEX_POINT ( 'NONE', #3602 ) ;
#2696 = LINE ( 'NONE', #2329, #3330 ) ;
#2697 = ORIENTED_EDGE ( 'NONE', *, *, #1062, .F. ) ;
#2698 = CARTESIAN_POINT ( 'NONE',  ( -82.50000000000004263, 24.99999999999999645, 8.000000000000028422 ) ) ;
#2699 = ORIENTED_EDGE ( 'NONE', *, *, #4669, .T. ) ;
#2700 = CARTESIAN_POINT ( 'NONE',  ( -90.00000000000000000, 15.00000000000000178, 232.9999999999999716 ) ) ;
#2701 = LINE ( 'NONE', #4330, #58 ) ;
#2702 = ORIENTED_EDGE ( 'NONE', *, *, #4004, .T. ) ;
#2703 = FACE_BOUND ( 'NONE', #2799, .T. ) ;
#2704 = CARTESIAN_POINT ( 'NONE',  ( 75.49999999999995737, 14.99999999999999822, 20.00000000000000000 ) ) ;
#2705 = VERTEX_POINT ( 'NONE', #381 ) ;
#2706 = LINE ( 'NONE', #4648, #1409 ) ;
#2707 = CARTESIAN_POINT ( 'NONE',  ( -86.00000000000000000, 15.00000000000000178, 184.9999999999999716 ) ) ;
#2708 = ORIENTED_EDGE ( 'NONE', *, *, #3520, .T. ) ;
#2709 = ADVANCED_FACE ( 'NONE', ( #1650 ), #3266, .T. ) ;
#2710 = DIRECTION ( 'NONE',  ( 0.000000000000000000, 0.000000000000000000, -1.000000000000000000 ) ) ;
#2711 = EDGE_CURVE ( 'NONE', #3298, #3588, #41, .T. ) ;
#2712 = CARTESIAN_POINT ( 'NONE',  ( 89.50000000000005684, 18.09999999999999432, 20.00000000000000000 ) ) ;
#2713 = CIRCLE ( 'NONE', #1554, 2.750000000000009326 ) ;
#2714 = CIRCLE ( 'NONE', #2545, 1.599999999999990319 ) ;
#2715 = ADVANCED_FACE ( 'NONE', ( #4054 ), #573, .F. ) ;
#2716 = EDGE_CURVE ( 'NONE', #2003, #589, #1811, .T. ) ;
#2717 = VECTOR ( 'NONE', #679, 1000.000000000000000 ) ;
#2718 = CARTESIAN_POINT ( 'NONE',  ( -82.49999999999995737, -10.00000000000004086, 242.0000000000000284 ) ) ;
#2719 = VERTEX_POINT ( 'NONE', #4762 ) ;
#2720 = DIRECTION ( 'NONE',  ( 0.000000000000000000, 0.000000000000000000, 1.000000000000000000 ) ) ;
#2721 = ORIENTED_EDGE ( 'NONE', *, *, #1955, .F. ) ;
#2722 = SHAPE_DEFINITION_REPRESENTATION ( #4880, #2665 ) ;
#2723 = ORIENTED_EDGE ( 'NONE', *, *, #4058, .T. ) ;
#2724 = CARTESIAN_POINT ( 'NONE',  ( 82.50000000000004263, 24.49999999999998579, 8.000000000000007105 ) ) ;
#2725 = DIRECTION ( 'NONE',  ( 0.000000000000000000, 0.000000000000000000, 1.000000000000000000 ) ) ;
#2726 = ORIENTED_EDGE ( 'NONE', *, *, #274, .T. ) ;
#2727 = LINE ( 'NONE', #3942, #3997 ) ;
#2728 = AXIS2_PLACEMENT_3D ( 'NONE', #2221, #3088, #1086 ) ;
#2729 = CYLINDRICAL_SURFACE ( 'NONE', #578, 1.599999999999993872 ) ;
#2730 = DIRECTION ( 'NONE',  ( 0.000000000000000000, 0.000000000000000000, 1.000000000000000000 ) ) ;
#2731 = CIRCLE ( 'NONE', #2070, 3.249999999999919620 ) ;
#2732 = EDGE_LOOP ( 'NONE', ( #2697, #4261, #2611, #3185 ) ) ;
#2733 = AXIS2_PLACEMENT_3D ( 'NONE', #1311, #3805, #4225 ) ;
#2734 = DIRECTION ( 'NONE',  ( 1.000000000000000000, 0.000000000000000000, 0.000000000000000000 ) ) ;
#2735 = CARTESIAN_POINT ( 'NONE',  ( -90.00000000000000000, 15.00000000000000178, 216.9999999999999716 ) ) ;
#2736 = AXIS2_PLACEMENT_3D ( 'NONE', #2607, #3683, #3306 ) ;
#2737 = CIRCLE ( 'NONE', #4582, 2.200000000000090772 ) ;
#2738 = CONICAL_SURFACE ( 'NONE', #4245, 3.249999999999975131, 0.7853981633974348453 ) ;
#2739 = EDGE_LOOP ( 'NONE', ( #3779, #2883, #3350, #1770, #2250 ) ) ;
#2740 = CARTESIAN_POINT ( 'NONE',  ( -85.50000000000004263, 16.59999999999999787, 184.9999999999999716 ) ) ;
#2741 = CIRCLE ( 'NONE', #2076, 4.500000000000003553 ) ;
#2742 = AXIS2_PLACEMENT_3D ( 'NONE', #2406, #409, #2795 ) ;
#2743 = DIRECTION ( 'NONE',  ( 1.000000000000000000, -0.000000000000000000, -0.000000000000000000 ) ) ;
#2744 = CIRCLE ( 'NONE', #4341, 3.599999999999936584 ) ;
#2745 = EDGE_CURVE ( 'NONE', #927, #3815, #1977, .T. ) ;
#2746 = FACE_OUTER_BOUND ( 'NONE', #3531, .T. ) ;
#2747 = AXIS2_PLACEMENT_3D ( 'NONE', #646, #2227, #3829 ) ;
#2748 = ADVANCED_FACE ( 'NONE', ( #3206 ), #457, .F. ) ;
#2749 = DIRECTION ( 'NONE',  ( 0.000000000000000000, -0.7071067811865541231, -0.7071067811865408004 ) ) ;
#2750 = DIRECTION ( 'NONE',  ( -1.000000000000000000, -0.000000000000000000, 0.000000000000000000 ) ) ;
#2751 = LINE ( 'NONE', #285, #2492 ) ;
#2752 = EDGE_CURVE ( 'NONE', #5064, #2272, #2037, .T. ) ;
#2753 = EDGE_CURVE ( 'NONE', #2592, #2018, #1071, .T. ) ;
#2754 = ORIENTED_EDGE ( 'NONE', *, *, #2934, .F. ) ;
#2755 =( NAMED_UNIT ( * ) PLANE_ANGLE_UNIT ( ) SI_UNIT ( $, .RADIAN. ) );
#2756 = EDGE_CURVE ( 'NONE', #4283, #603, #2346, .T. ) ;
#2757 = ORIENTED_EDGE ( 'NONE', *, *, #3620, .F. ) ;
#2758 = DIRECTION ( 'NONE',  ( -1.000000000000000000, -0.000000000000000000, -0.000000000000000000 ) ) ;
#2759 = FACE_OUTER_BOUND ( 'NONE', #626, .T. ) ;
#2760 = EDGE_LOOP ( 'NONE', ( #3456, #3091, #252, #3275, #854, #2667, #2457, #2631, #1510, #4027, #3614, #2708, #1376 ) ) ;
#2761 = CARTESIAN_POINT ( 'NONE',  ( 75.00000000000000000, 19.99999999999999645, 0.000000000000000000 ) ) ;
#2762 = CARTESIAN_POINT ( 'NONE',  ( -75.00000000000000000, 17.09999999999999787, 184.9999999999999716 ) ) ;
#2763 = VERTEX_POINT ( 'NONE', #2373 ) ;
#2764 = CARTESIAN_POINT ( 'NONE',  ( 75.49999999999995737, 13.40000000000000213, 20.00000000000000000 ) ) ;
#2765 = DIRECTION ( 'NONE',  ( 0.000000000000000000, 0.000000000000000000, 1.000000000000000000 ) ) ;
#2766 = ORIENTED_EDGE ( 'NONE', *, *, #846, .T. ) ;
#2767 = FACE_OUTER_BOUND ( 'NONE', #841, .T. ) ;
#2768 = CARTESIAN_POINT ( 'NONE',  ( -90.00000000000000000, 15.00000000000000178, 216.9999999999999716 ) ) ;
#2769 = DIRECTION ( 'NONE',  ( -0.7071067811865475727, -0.7071067811865475727, -0.000000000000000000 ) ) ;
#2770 = CARTESIAN_POINT ( 'NONE',  ( -82.50000000000004263, 24.49999999999996092, 8.000000000000028422 ) ) ;
#2771 = ORIENTED_EDGE ( 'NONE', *, *, #4730, .T. ) ;
#2772 = PLANE ( 'NONE',  #4419 ) ;
#2773 = ORIENTED_EDGE ( 'NONE', *, *, #4270, .T. ) ;
#2774 = ORIENTED_EDGE ( 'NONE', *, *, #1629, .T. ) ;
#2775 = EDGE_CURVE ( 'NONE', #1842, #5052, #4150, .T. ) ;
#2776 = CARTESIAN_POINT ( 'NONE',  ( -72.23606797749977204, 27.99999999999999645, 0.000000000000000000 ) ) ;
#2777 = EDGE_CURVE ( 'NONE', #863, #1367, #3979, .T. ) ;
#2778 = LINE ( 'NONE', #4095, #1391 ) ;
#2779 = ORIENTED_EDGE ( 'NONE', *, *, #3224, .T. ) ;
#2780 = DIRECTION ( 'NONE',  ( 0.000000000000000000, 1.000000000000000000, 0.000000000000000000 ) ) ;
#2781 = EDGE_CURVE ( 'NONE', #3138, #4938, #1005, .T. ) ;
#2782 = CARTESIAN_POINT ( 'NONE',  ( -90.00000000000000000, 15.00000000000000178, 232.9999999999999716 ) ) ;
#2783 = EDGE_LOOP ( 'NONE', ( #260, #1545, #758, #5096 ) ) ;
#2784 = DIRECTION ( 'NONE',  ( 0.4472135954999583718, 0.8944271909999157444, 0.000000000000000000 ) ) ;
#2785 = PLANE ( 'NONE',  #4389 ) ;
#2786 = ORIENTED_EDGE ( 'NONE', *, *, #620, .T. ) ;
#2787 = LINE ( 'NONE', #888, #4426 ) ;
#2788 = FACE_OUTER_BOUND ( 'NONE', #1891, .T. ) ;
#2789 = DIRECTION ( 'NONE',  ( 0.000000000000000000, -1.000000000000000000, -0.000000000000000000 ) ) ;
#2790 = AXIS2_PLACEMENT_3D ( 'NONE', #1415, #658, #2634 ) ;
#2791 = DIRECTION ( 'NONE',  ( 0.000000000000000000, 0.000000000000000000, 1.000000000000000000 ) ) ;
#2792 = CONICAL_SURFACE ( 'NONE', #2216, 3.099999999999998757, 0.7853981633974482790 ) ;
#2793 = CARTESIAN_POINT ( 'NONE',  ( -82.50000000000002842, -10.00000000000000000, 8.000000000000028422 ) ) ;
#2794 = EDGE_LOOP ( 'NONE', ( #2303, #661, #3814, #107 ) ) ;
#2795 = DIRECTION ( 'NONE',  ( 0.000000000000000000, 0.000000000000000000, -1.000000000000000000 ) ) ;
#2796 = VECTOR ( 'NONE', #2801, 1000.000000000000114 ) ;
#2797 = VERTEX_POINT ( 'NONE', #953 ) ;
#2798 = CARTESIAN_POINT ( 'NONE',  ( -85.50000000000004263, 15.00000000000000178, 184.9999999999999716 ) ) ;
#2799 = EDGE_LOOP ( 'NONE', ( #1297, #54 ) ) ;
#2800 = DIRECTION ( 'NONE',  ( 0.000000000000000000, 0.000000000000000000, 1.000000000000000000 ) ) ;
#2801 = DIRECTION ( 'NONE',  ( 0.000000000000000000, 0.7071067811865408004, 0.7071067811865543451 ) ) ;
#2802 = ORIENTED_EDGE ( 'NONE', *, *, #339, .T. ) ;
#2803 = DIRECTION ( 'NONE',  ( -0.4472135954999583718, -0.8944271909999157444, 0.000000000000000000 ) ) ;
#2804 = EDGE_CURVE ( 'NONE', #2851, #4977, #2171, .T. ) ;
#2805 = CARTESIAN_POINT ( 'NONE',  ( -79.74999999999995737, -10.00000000000004086, 242.0000000000000284 ) ) ;
#2806 = ORIENTED_EDGE ( 'NONE', *, *, #1380, .T. ) ;
#2807 = CYLINDRICAL_SURFACE ( 'NONE', #4503, 4.500000000000003553 ) ;
#2808 = LINE ( 'NONE', #1224, #225 ) ;
#2809 = EDGE_CURVE ( 'NONE', #3634, #2293, #2976, .T. ) ;
#2810 = AXIS2_PLACEMENT_3D ( 'NONE', #4431, #871, #5154 ) ;
#2811 = EDGE_CURVE ( 'NONE', #3546, #3430, #3988, .T. ) ;
#2812 = VECTOR ( 'NONE', #2035, 1000.000000000000000 ) ;
#2813 = EDGE_LOOP ( 'NONE', ( #5101, #1212, #903, #2021 ) ) ;
#2814 = DIRECTION ( 'NONE',  ( 0.000000000000000000, 0.000000000000000000, -1.000000000000000000 ) ) ;
#2815 = LINE ( 'NONE', #4026, #4800 ) ;
#2816 = AXIS2_PLACEMENT_3D ( 'NONE', #2704, #1147, #1930 ) ;
#2817 = DIRECTION ( 'NONE',  ( 0.000000000000000000, 0.000000000000000000, 1.000000000000000000 ) ) ;
#2818 = CIRCLE ( 'NONE', #3318, 4.500000000000003553 ) ;
#2819 = CIRCLE ( 'NONE', #1992, 3.099999999999991651 ) ;
#2820 = VECTOR ( 'NONE', #4538, 1000.000000000000000 ) ;
#2821 = VECTOR ( 'NONE', #4785, 1000.000000000000114 ) ;
#2822 = CONICAL_SURFACE ( 'NONE', #2402, 1.699999999999951550, 0.7853981633974305154 ) ;
#2823 = CARTESIAN_POINT ( 'NONE',  ( 82.50000000000005684, -10.00000000000000000, 11.24999999999992717 ) ) ;
#2824 = DIRECTION ( 'NONE',  ( 0.000000000000000000, -2.102695122396130717E-17, -1.000000000000000000 ) ) ;
#2825 = LINE ( 'NONE', #1581, #423 ) ;
#2826 = CIRCLE ( 'NONE', #3648, 1.000000000000000888 ) ;
#2827 = AXIS2_PLACEMENT_3D ( 'NONE', #3951, #3548, #3975 ) ;
#2828 = ORIENTED_EDGE ( 'NONE', *, *, #3168, .F. ) ;
#2829 = DIRECTION ( 'NONE',  ( 0.000000000000000000, 0.000000000000000000, -1.000000000000000000 ) ) ;
#2830 = EDGE_LOOP ( 'NONE', ( #1441, #1557, #806, #123 ) ) ;
#2831 = CARTESIAN_POINT ( 'NONE',  ( -82.50000000000002842, 24.99999999999999645, 8.000000000000028422 ) ) ;
#2832 = CARTESIAN_POINT ( 'NONE',  ( 82.50000000000004263, 24.49999999999998579, 8.000000000000007105 ) ) ;
#2833 = ORIENTED_EDGE ( 'NONE', *, *, #1636, .F. ) ;
#2834 = DIRECTION ( 'NONE',  ( -0.7071067811865469066, 0.000000000000000000, -0.7071067811865482389 ) ) ;
#2835 = LINE ( 'NONE', #3964, #2400 ) ;
#2836 = VERTEX_POINT ( 'NONE', #566 ) ;
#2837 = DIRECTION ( 'NONE',  ( -0.6974565623330528652, -0.1646471600639401733, 0.6974565623330528652 ) ) ;
#2838 = LINE ( 'NONE', #3597, #2372 ) ;
#2839 = ORIENTED_EDGE ( 'NONE', *, *, #5098, .T. ) ;
#2840 = DIRECTION ( 'NONE',  ( 0.000000000000000000, 0.000000000000000000, 1.000000000000000000 ) ) ;
#2841 = FACE_OUTER_BOUND ( 'NONE', #4294, .T. ) ;
#2842 = EDGE_CURVE ( 'NONE', #2161, #4698, #148, .T. ) ;
#2843 = ORIENTED_EDGE ( 'NONE', *, *, #1003, .F. ) ;
#2844 = EDGE_CURVE ( 'NONE', #1459, #4674, #4508, .T. ) ;
#2845 = CARTESIAN_POINT ( 'NONE',  ( 89.50000000000005684, 11.90000000000000036, 184.9999999999999716 ) ) ;
#2846 = DIRECTION ( 'NONE',  ( 0.000000000000000000, -1.000000000000000000, 0.000000000000000000 ) ) ;
#2847 = ORIENTED_EDGE ( 'NONE', *, *, #2201, .T. ) ;
#2848 = ADVANCED_FACE ( 'NONE', ( #2533 ), #243, .F. ) ;
#2849 = DIRECTION ( 'NONE',  ( 0.000000000000000000, 0.000000000000000000, -1.000000000000000000 ) ) ;
#2850 = LINE ( 'NONE', #1940, #1414 ) ;
#2851 = VERTEX_POINT ( 'NONE', #1349 ) ;
#2852 = ORIENTED_EDGE ( 'NONE', *, *, #3905, .F. ) ;
#2853 = DIRECTION ( 'NONE',  ( -0.000000000000000000, -1.000000000000000000, -0.000000000000000000 ) ) ;
#2854 = DIRECTION ( 'NONE',  ( 1.000000000000000000, 0.000000000000000000, -0.000000000000000000 ) ) ;
#2855 = ORIENTED_EDGE ( 'NONE', *, *, #4454, .T. ) ;
#2856 = LINE ( 'NONE', #907, #2237 ) ;
#2857 = CARTESIAN_POINT ( 'NONE',  ( 89.50000000000005684, 14.99999999999999822, 16.89999999999999147 ) ) ;
#2858 = ORIENTED_EDGE ( 'NONE', *, *, #376, .T. ) ;
#2859 = DIRECTION ( 'NONE',  ( 0.000000000000000000, 0.000000000000000000, 1.000000000000000000 ) ) ;
#2860 = UNCERTAINTY_MEASURE_WITH_UNIT (LENGTH_MEASURE( 1.000000000000000082E-05 ), #2433, 'distance_accuracy_value', 'NONE');
#2861 = DIRECTION ( 'NONE',  ( -1.000000000000000000, 0.000000000000000000, 0.000000000000000000 ) ) ;
#2862 = EDGE_LOOP ( 'NONE', ( #4481, #268, #852, #4053, #2806, #4614 ) ) ;
#2863 = CARTESIAN_POINT ( 'NONE',  ( 82.50000000000005684, -9.500000000000079936, 10.75000000000001599 ) ) ;
#2864 = FACE_OUTER_BOUND ( 'NONE', #1788, .T. ) ;
#2865 = ORIENTED_EDGE ( 'NONE', *, *, #2330, .T. ) ;
#2866 = DIRECTION ( 'NONE',  ( 0.000000000000000000, 0.000000000000000000, 1.000000000000000000 ) ) ;
#2867 = DIRECTION ( 'NONE',  ( 0.000000000000000000, 0.000000000000000000, -1.000000000000000000 ) ) ;
#2868 = ORIENTED_EDGE ( 'NONE', *, *, #1729, .F. ) ;
#2869 = EDGE_CURVE ( 'NONE', #3588, #2592, #155, .T. ) ;
#2870 = LINE ( 'NONE', #3393, #2644 ) ;
#2871 = EDGE_CURVE ( 'NONE', #2979, #642, #1290, .T. ) ;
#2872 = CARTESIAN_POINT ( 'NONE',  ( 82.50000000000004263, 29.50000000000003553, 242.0000000000000000 ) ) ;
#2873 = ADVANCED_FACE ( 'NONE', ( #2927 ), #5153, .F. ) ;
#2874 = EDGE_LOOP ( 'NONE', ( #521, #2115 ) ) ;
#2875 = AXIS2_PLACEMENT_3D ( 'NONE', #2968, #995, #2586 ) ;
#2876 = ORIENTED_EDGE ( 'NONE', *, *, #2523, .T. ) ;
#2877 = FACE_OUTER_BOUND ( 'NONE', #4802, .T. ) ;
#2878 = DIRECTION ( 'NONE',  ( 0.000000000000000000, 0.000000000000000000, -1.000000000000000000 ) ) ;
#2879 = ORIENTED_EDGE ( 'NONE', *, *, #1831, .F. ) ;
#2880 = DIRECTION ( 'NONE',  ( 0.000000000000000000, 0.000000000000000000, 1.000000000000000000 ) ) ;
#2881 = AXIS2_PLACEMENT_3D ( 'NONE', #2735, #2316, #3892 ) ;
#2882 = CARTESIAN_POINT ( 'NONE',  ( 75.00000000000000000, 17.09999999999999787, 184.9999999999999716 ) ) ;
#2883 = ORIENTED_EDGE ( 'NONE', *, *, #2452, .T. ) ;
#2884 = LINE ( 'NONE', #2008, #4748 ) ;
#2885 = CIRCLE ( 'NONE', #4563, 1.599999999999993872 ) ;
#2886 = FACE_OUTER_BOUND ( 'NONE', #1476, .T. ) ;
#2887 = CARTESIAN_POINT ( 'NONE',  ( -89.50000000000002842, 15.00000000000000178, 216.9999999999999716 ) ) ;
#2888 = ORIENTED_EDGE ( 'NONE', *, *, #4064, .T. ) ;
#2889 = DIRECTION ( 'NONE',  ( -2.312964634635742957E-16, 1.000000000000000000, -0.000000000000000000 ) ) ;
#2890 = CARTESIAN_POINT ( 'NONE',  ( -73.23606797749977204, 27.99999999999999645, 0.000000000000000000 ) ) ;
#2891 = ORIENTED_EDGE ( 'NONE', *, *, #1764, .F. ) ;
#2892 = FACE_OUTER_BOUND ( 'NONE', #492, .T. ) ;
#2893 = AXIS2_PLACEMENT_3D ( 'NONE', #2793, #4396, #2849 ) ;
#2894 = CARTESIAN_POINT ( 'NONE',  ( -68.89442719099990597, 34.44721359549998851, 250.0000000000000000 ) ) ;
#2895 = ORIENTED_EDGE ( 'NONE', *, *, #4985, .T. ) ;
#2896 = CIRCLE ( 'NONE', #1491, 3.099999999999991651 ) ;
#2897 = VECTOR ( 'NONE', #651, 1000.000000000000114 ) ;
#2898 = DIRECTION ( 'NONE',  ( -0.000000000000000000, 1.000000000000000000, -0.000000000000000000 ) ) ;
#2899 = DIRECTION ( 'NONE',  ( -0.000000000000000000, 1.000000000000000000, -0.000000000000000000 ) ) ;
#2900 = AXIS2_PLACEMENT_3D ( 'NONE', #1773, #3704, #4126 ) ;
#2901 = CIRCLE ( 'NONE', #1654, 4.999999999999976907 ) ;
#2902 = VECTOR ( 'NONE', #4935, 1000.000000000000114 ) ;
#2903 = VECTOR ( 'NONE', #873, 1000.000000000000000 ) ;
#2904 = VERTEX_POINT ( 'NONE', #4944 ) ;
#2905 = FACE_OUTER_BOUND ( 'NONE', #4527, .T. ) ;
#2906 = CIRCLE ( 'NONE', #3996, 4.999999999999976907 ) ;
#2907 = DIRECTION ( 'NONE',  ( 0.000000000000000000, 0.000000000000000000, 1.000000000000000000 ) ) ;
#2908 = AXIS2_PLACEMENT_3D ( 'NONE', #3056, #3553, #5082 ) ;
#2909 = VERTEX_POINT ( 'NONE', #4893 ) ;
#2910 = EDGE_CURVE ( 'NONE', #3621, #4438, #4399, .T. ) ;
#2911 = EDGE_CURVE ( 'NONE', #3020, #4441, #1758, .T. ) ;
#2912 = CARTESIAN_POINT ( 'NONE',  ( 75.49999999999992895, 16.59999999999999432, 20.00000000000000000 ) ) ;
#2913 = AXIS2_PLACEMENT_3D ( 'NONE', #2831, #4436, #2435 ) ;
#2914 = CIRCLE ( 'NONE', #4834, 1.000000000000000888 ) ;
#2915 = LINE ( 'NONE', #498, #417 ) ;
#2916 = ORIENTED_EDGE ( 'NONE', *, *, #247, .T. ) ;
#2917 = ADVANCED_FACE ( 'NONE', ( #1368 ), #405, .F. ) ;
#2918 = PRESENTATION_STYLE_ASSIGNMENT (( #4540 ) ) ;
#2919 = CARTESIAN_POINT ( 'NONE',  ( -86.00000000000000000, 11.89999999999999325, 20.00000000000000000 ) ) ;
#2920 = DIRECTION ( 'NONE',  ( 1.000000000000000000, -0.000000000000000000, -0.000000000000000000 ) ) ;
#2921 = ORIENTED_EDGE ( 'NONE', *, *, #1929, .T. ) ;
#2922 = CARTESIAN_POINT ( 'NONE',  ( 90.00000000000000000, 15.00000000000000178, 184.9999999999999716 ) ) ;
#2923 = CARTESIAN_POINT ( 'NONE',  ( -90.00000000000000000, 15.00000000000000178, 231.3000000000000398 ) ) ;
#2924 = ORIENTED_EDGE ( 'NONE', *, *, #4099, .T. ) ;
#2925 = FACE_OUTER_BOUND ( 'NONE', #1193, .T. ) ;
#2926 = VERTEX_POINT ( 'NONE', #1315 ) ;
#2927 = FACE_OUTER_BOUND ( 'NONE', #1922, .T. ) ;
#2928 = CARTESIAN_POINT ( 'NONE',  ( 82.50000000000004263, 25.00000000000000000, 4.749999999999976907 ) ) ;
#2929 = EDGE_LOOP ( 'NONE', ( #2395, #2432, #1465, #4741 ) ) ;
#2930 = CARTESIAN_POINT ( 'NONE',  ( 89.50000000000005684, 15.00000000000000178, 184.9999999999999716 ) ) ;
#2931 = DIRECTION ( 'NONE',  ( 0.000000000000000000, 0.000000000000000000, -1.000000000000000000 ) ) ;
#2932 = ORIENTED_EDGE ( 'NONE', *, *, #3099, .F. ) ;
#2933 = LINE ( 'NONE', #1429, #89 ) ;
#2934 = EDGE_CURVE ( 'NONE', #1522, #31, #2870, .T. ) ;
#2935 = ORIENTED_EDGE ( 'NONE', *, *, #4728, .F. ) ;
#2936 = EDGE_CURVE ( 'NONE', #4305, #801, #2511, .T. ) ;
#2937 = CARTESIAN_POINT ( 'NONE',  ( 75.00000000000000000, 30.00000000000000000, 249.0000000000000000 ) ) ;
#2938 = ORIENTED_EDGE ( 'NONE', *, *, #3124, .F. ) ;
#2939 = CARTESIAN_POINT ( 'NONE',  ( 90.00000000000000000, 15.00000000000000178, 232.9999999999999716 ) ) ;
#2940 = DIRECTION ( 'NONE',  ( 0.000000000000000000, 0.000000000000000000, 1.000000000000000000 ) ) ;
#2941 = EDGE_CURVE ( 'NONE', #3360, #2573, #1407, .T. ) ;
#2942 = EDGE_CURVE ( 'NONE', #4965, #3020, #4966, .T. ) ;
#2943 = CARTESIAN_POINT ( 'NONE',  ( -82.49999999999995737, 24.99999999999999645, 246.5000000000000284 ) ) ;
#2944 = ORIENTED_EDGE ( 'NONE', *, *, #904, .F. ) ;
#2945 = CARTESIAN_POINT ( 'NONE',  ( -85.31222956928671408, 11.90000000000000036, 20.00000000000000000 ) ) ;
#2946 = CARTESIAN_POINT ( 'NONE',  ( -85.49999999999987210, 15.00000000000000178, 232.9999999999999716 ) ) ;
#2947 = ORIENTED_EDGE ( 'NONE', *, *, #2429, .T. ) ;
#2948 = LINE ( 'NONE', #562, #2566 ) ;
#2949 = ORIENTED_EDGE ( 'NONE', *, *, #3218, .T. ) ;
#2950 = DIRECTION ( 'NONE',  ( 0.000000000000000000, 1.000000000000000000, 0.000000000000000000 ) ) ;
#2951 = DIRECTION ( 'NONE',  ( 1.000000000000000000, 0.000000000000000000, 0.000000000000000000 ) ) ;
#2952 = ORIENTED_EDGE ( 'NONE', *, *, #4286, .F. ) ;
#2953 = DIRECTION ( 'NONE',  ( 1.000000000000000000, -0.000000000000000000, -0.000000000000000000 ) ) ;
#2954 = LINE ( 'NONE', #129, #2376 ) ;
#2955 = EDGE_LOOP ( 'NONE', ( #3363, #4726, #866, #3882 ) ) ;
#2956 = DIRECTION ( 'NONE',  ( 0.000000000000000000, 0.000000000000000000, 1.000000000000000000 ) ) ;
#2957 = CIRCLE ( 'NONE', #4303, 3.249999999999919620 ) ;
#2958 = CARTESIAN_POINT ( 'NONE',  ( -82.49999999999995737, -9.500000000000079936, 239.2500000000000284 ) ) ;
#2959 = ORIENTED_EDGE ( 'NONE', *, *, #3848, .T. ) ;
#2960 = DIRECTION ( 'NONE',  ( 0.000000000000000000, 1.000000000000000000, 0.000000000000000000 ) ) ;
#2961 = CARTESIAN_POINT ( 'NONE',  ( -85.31222956928671408, 14.99999999999999822, 19.99999999999998934 ) ) ;
#2962 = ADVANCED_FACE ( 'NONE', ( #1393 ), #2974, .T. ) ;
#2963 = CIRCLE ( 'NONE', #1312, 2.750000000000009326 ) ;
#2964 = CARTESIAN_POINT ( 'NONE',  ( -90.00000000000000000, 15.00000000000000178, 188.5999999999999091 ) ) ;
#2965 = EDGE_CURVE ( 'NONE', #386, #1813, #3087, .T. ) ;
#2966 = ORIENTED_EDGE ( 'NONE', *, *, #4354, .F. ) ;
#2967 = CARTESIAN_POINT ( 'NONE',  ( -75.00000000000000000, 19.99999999999999645, 0.000000000000000000 ) ) ;
#2968 = CARTESIAN_POINT ( 'NONE',  ( 82.50000000000005684, 29.50000000000003553, 8.000000000000007105 ) ) ;
#2969 = EDGE_CURVE ( 'NONE', #961, #3076, #279, .T. ) ;
#2970 = EDGE_CURVE ( 'NONE', #3841, #234, #3734, .T. ) ;
#2971 = ADVANCED_FACE ( 'NONE', ( #2613, #3026 ), #637, .F. ) ;
#2972 = VERTEX_POINT ( 'NONE', #3874 ) ;
#2973 = ORIENTED_EDGE ( 'NONE', *, *, #1929, .F. ) ;
#2974 = PLANE ( 'NONE',  #988 ) ;
#2975 = FACE_OUTER_BOUND ( 'NONE', #4128, .T. ) ;
#2976 = CIRCLE ( 'NONE', #735, 2.000000000000001776 ) ;
#2977 = ORIENTED_EDGE ( 'NONE', *, *, #777, .T. ) ;
#2978 = AXIS2_PLACEMENT_3D ( 'NONE', #2609, #3786, #3000 ) ;
#2979 = VERTEX_POINT ( 'NONE', #5025 ) ;
#2980 = CARTESIAN_POINT ( 'NONE',  ( 66.23187591328682799, 15.00000000000000178, 216.9999999999999716 ) ) ;
#2981 = FACE_BOUND ( 'NONE', #3040, .T. ) ;
#2982 = ORIENTED_EDGE ( 'NONE', *, *, #4322, .T. ) ;
#2983 = CARTESIAN_POINT ( 'NONE',  ( -85.31222956928671408, 14.99999999999999822, 16.89999999999999147 ) ) ;
#2984 = CONICAL_SURFACE ( 'NONE', #2816, 1.599999999999993872, 0.7853981633974760346 ) ;
#2985 = AXIS2_PLACEMENT_3D ( 'NONE', #3069, #2285, #681 ) ;
#2986 = VECTOR ( 'NONE', #2837, 999.9999999999998863 ) ;
#2987 = VECTOR ( 'NONE', #3552, 1000.000000000000114 ) ;
#2988 = ORIENTED_EDGE ( 'NONE', *, *, #181, .T. ) ;
#2989 = PLANE ( 'NONE',  #3160 ) ;
#2990 = VECTOR ( 'NONE', #1431, 1000.000000000000000 ) ;
#2991 = VERTEX_POINT ( 'NONE', #1912 ) ;
#2992 = VECTOR ( 'NONE', #4295, 1000.000000000000000 ) ;
#2993 = CARTESIAN_POINT ( 'NONE',  ( 86.00000000000000000, 17.09999999999993747, 2.712476707891021441E-16 ) ) ;
#2994 = LINE ( 'NONE', #4599, #1881 ) ;
#2995 = AXIS2_PLACEMENT_3D ( 'NONE', #482, #4942, #2867 ) ;
#2996 = DIRECTION ( 'NONE',  ( 0.000000000000000000, 0.000000000000000000, -1.000000000000000000 ) ) ;
#2997 = AXIS2_PLACEMENT_3D ( 'NONE', #3820, #5148, #2254 ) ;
#2998 = CARTESIAN_POINT ( 'NONE',  ( -90.00000000000000000, 13.40000000000000213, 20.00000000000000000 ) ) ;
#2999 = ORIENTED_EDGE ( 'NONE', *, *, #4865, .T. ) ;
#3000 = DIRECTION ( 'NONE',  ( 0.000000000000000000, 0.000000000000000000, -1.000000000000000000 ) ) ;
#3001 = CARTESIAN_POINT ( 'NONE',  ( -82.49999999999997158, 24.99999999999999645, 242.0000000000000284 ) ) ;
#3002 = DIRECTION ( 'NONE',  ( 0.000000000000000000, 0.000000000000000000, 1.000000000000000000 ) ) ;
#3003 = EDGE_LOOP ( 'NONE', ( #650, #4332, #5108, #3694 ) ) ;
#3004 = ORIENTED_EDGE ( 'NONE', *, *, #2804, .F. ) ;
#3005 = ADVANCED_FACE ( 'NONE', ( #1857 ), #1157, .F. ) ;
#3006 = EDGE_CURVE ( 'NONE', #1914, #4704, #2219, .T. ) ;
#3007 = LINE ( 'NONE', #1132, #3992 ) ;
#3008 = ADVANCED_FACE ( 'NONE', ( #1108 ), #1425, .F. ) ;
#3009 = CARTESIAN_POINT ( 'NONE',  ( 90.00000000000000000, 18.59999999999994813, 184.9999999999999716 ) ) ;
#3010 = CARTESIAN_POINT ( 'NONE',  ( 90.00000000000000000, 10.00000000000000000, 250.0000000000000000 ) ) ;
#3011 = EDGE_LOOP ( 'NONE', ( #2677, #3690, #2266, #1687 ) ) ;
#3012 = DIRECTION ( 'NONE',  ( 8.659560562354816994E-17, 0.7071067811865570096, -0.7071067811865380248 ) ) ;
#3013 = ORIENTED_EDGE ( 'NONE', *, *, #4633, .F. ) ;
#3014 = DIRECTION ( 'NONE',  ( 1.000000000000000000, 0.000000000000000000, 0.000000000000000000 ) ) ;
#3015 = ORIENTED_EDGE ( 'NONE', *, *, #3870, .F. ) ;
#3016 = DIRECTION ( 'NONE',  ( 0.000000000000000000, 0.000000000000000000, 1.000000000000000000 ) ) ;
#3017 = CARTESIAN_POINT ( 'NONE',  ( 75.00000000000000000, 15.00000000000000178, 232.9999999999999716 ) ) ;
#3018 = CARTESIAN_POINT ( 'NONE',  ( 82.50000000000005684, 24.99999999999999645, 3.500000000000002220 ) ) ;
#3019 = LINE ( 'NONE', #1848, #163 ) ;
#3020 = VERTEX_POINT ( 'NONE', #2712 ) ;
#3021 = CARTESIAN_POINT ( 'NONE',  ( -82.49999999999995737, 24.99999999999999645, 242.0000000000000284 ) ) ;
#3022 = CARTESIAN_POINT ( 'NONE',  ( -72.34164078649986607, 27.55278640450004346, 0.000000000000000000 ) ) ;
#3023 = CARTESIAN_POINT ( 'NONE',  ( 90.00000000000000000, 15.00000000000000178, 216.9999999999999716 ) ) ;
#3024 = EDGE_LOOP ( 'NONE', ( #3004, #4979, #2279, #725, #332 ) ) ;
#3025 = ORIENTED_EDGE ( 'NONE', *, *, #370, .T. ) ;
#3026 = FACE_OUTER_BOUND ( 'NONE', #3126, .T. ) ;
#3027 = ADVANCED_FACE ( 'NONE', ( #4234 ), #299, .F. ) ;
#3028 = AXIS2_PLACEMENT_3D ( 'NONE', #4240, #4687, #3528 ) ;
#3029 = EDGE_CURVE ( 'NONE', #4539, #3643, #3444, .T. ) ;
#3030 = DIRECTION ( 'NONE',  ( -1.000000000000000000, 0.000000000000000000, 0.000000000000000000 ) ) ;
#3031 = CARTESIAN_POINT ( 'NONE',  ( -82.49999999999995737, -10.00000000000000000, 238.7500000000001137 ) ) ;
#3032 = ORIENTED_EDGE ( 'NONE', *, *, #3186, .F. ) ;
#3033 = CARTESIAN_POINT ( 'NONE',  ( -74.17545110987813928, 19.80535041115921047, 248.1754511098781677 ) ) ;
#3034 = EDGE_CURVE ( 'NONE', #5052, #4371, #325, .T. ) ;
#3035 = ORIENTED_EDGE ( 'NONE', *, *, #2969, .F. ) ;
#3036 = DIRECTION ( 'NONE',  ( -0.7071067811865644481, 0.000000000000000000, 0.7071067811865306973 ) ) ;
#3037 = VERTEX_POINT ( 'NONE', #4312 ) ;
#3038 = LINE ( 'NONE', #4641, #4420 ) ;
#3039 = FACE_OUTER_BOUND ( 'NONE', #4241, .T. ) ;
#3040 = EDGE_LOOP ( 'NONE', ( #4410, #242 ) ) ;
#3041 = CARTESIAN_POINT ( 'NONE',  ( -71.23606797749977204, 27.99999999999999645, 249.0000000000000000 ) ) ;
#3042 = AXIS2_PLACEMENT_3D ( 'NONE', #1345, #2445, #1678 ) ;
#3043 = DIRECTION ( 'NONE',  ( 0.000000000000000000, -2.102695122396130717E-17, -1.000000000000000000 ) ) ;
#3044 = ORIENTED_EDGE ( 'NONE', *, *, #2941, .T. ) ;
#3045 = CARTESIAN_POINT ( 'NONE',  ( -75.00000000000000000, 12.90000000000000568, 184.9999999999999716 ) ) ;
#3046 = CIRCLE ( 'NONE', #2050, 3.099999999999991651 ) ;
#3047 = CARTESIAN_POINT ( 'NONE',  ( -90.00000000000000000, 15.00000000000000178, 232.9999999999999716 ) ) ;
#3048 = VECTOR ( 'NONE', #1030, 1000.000000000000000 ) ;
#3049 = CARTESIAN_POINT ( 'NONE',  ( 73.23606797749977204, 30.00000000000000000, 0.000000000000000000 ) ) ;
#3050 = ORIENTED_EDGE ( 'NONE', *, *, #1673, .T. ) ;
#3051 = VERTEX_POINT ( 'NONE', #1524 ) ;
#3052 = DIRECTION ( 'NONE',  ( 0.000000000000000000, 0.7071067811865570096, 0.7071067811865380248 ) ) ;
#3053 = LINE ( 'NONE', #1205, #3928 ) ;
#3054 = CARTESIAN_POINT ( 'NONE',  ( -82.50000000000002842, -9.500000000000079936, 8.000000000000028422 ) ) ;
#3055 = VERTEX_POINT ( 'NONE', #4292 ) ;
#3056 = CARTESIAN_POINT ( 'NONE',  ( -82.50000000000002842, -9.500000000000079936, 8.000000000000028422 ) ) ;
#3057 = CIRCLE ( 'NONE', #2312, 3.100000000000005418 ) ;
#3058 = CIRCLE ( 'NONE', #4155, 2.750000000000002665 ) ;
#3059 = ORIENTED_EDGE ( 'NONE', *, *, #3519, .T. ) ;
#3060 = CARTESIAN_POINT ( 'NONE',  ( -90.00000000000000000, -10.00000000000000000, 0.000000000000000000 ) ) ;
#3061 = ORIENTED_EDGE ( 'NONE', *, *, #370, .F. ) ;
#3062 = EDGE_CURVE ( 'NONE', #4674, #2909, #1742, .T. ) ;
#3063 = FACE_OUTER_BOUND ( 'NONE', #2446, .T. ) ;
#3064 = ADVANCED_FACE ( 'NONE', ( #2275 ), #2232, .F. ) ;
#3065 = VECTOR ( 'NONE', #4202, 1000.000000000000114 ) ;
#3066 = FACE_OUTER_BOUND ( 'NONE', #3769, .T. ) ;
#3067 = VECTOR ( 'NONE', #2309, 1000.000000000000114 ) ;
#3068 = ORIENTED_EDGE ( 'NONE', *, *, #4832, .F. ) ;
#3069 = CARTESIAN_POINT ( 'NONE',  ( -82.49999999999995737, -10.00000000000004086, 242.0000000000000284 ) ) ;
#3070 = EDGE_CURVE ( 'NONE', #589, #2003, #909, .T. ) ;
#3071 = DIRECTION ( 'NONE',  ( 0.4472135954999583163, 0.8944271909999156334, 0.000000000000000000 ) ) ;
#3072 = AXIS2_PLACEMENT_3D ( 'NONE', #2782, #1275, #4381 ) ;
#3073 = CONICAL_SURFACE ( 'NONE', #4081, 1.699999999999951550, 0.7853981633974721488 ) ;
#3074 = EDGE_CURVE ( 'NONE', #2277, #545, #356, .T. ) ;
#3075 = CARTESIAN_POINT ( 'NONE',  ( -89.50000000000002842, 15.00000000000000178, 216.9999999999999716 ) ) ;
#3076 = VERTEX_POINT ( 'NONE', #4998 ) ;
#3077 = CIRCLE ( 'NONE', #3748, 1.699999999999951550 ) ;
#3078 = LINE ( 'NONE', #4306, #76 ) ;
#3079 = CIRCLE ( 'NONE', #745, 3.250000000000002665 ) ;
#3080 = CARTESIAN_POINT ( 'NONE',  ( 75.00000000000000000, 14.99999999999999822, 20.00000000000000000 ) ) ;
#3081 = AXIS2_PLACEMENT_3D ( 'NONE', #1995, #3187, #4372 ) ;
#3082 = AXIS2_PLACEMENT_3D ( 'NONE', #2980, #2953, #4559 ) ;
#3083 = LINE ( 'NONE', #3049, #3989 ) ;
#3084 = EDGE_LOOP ( 'NONE', ( #3177, #28, #277, #3145, #3603 ) ) ;
#3085 = EDGE_LOOP ( 'NONE', ( #601, #3858, #453, #2702, #287 ) ) ;
#3086 = CARTESIAN_POINT ( 'NONE',  ( 90.00000000000000000, 10.00000000000000000, 1.000000000000000888 ) ) ;
#3087 = LINE ( 'NONE', #2693, #249 ) ;
#3088 = DIRECTION ( 'NONE',  ( -1.000000000000000000, -0.000000000000000000, -0.000000000000000000 ) ) ;
#3089 = EDGE_LOOP ( 'NONE', ( #2097, #4813, #2616, #1294 ) ) ;
#3090 = DIRECTION ( 'NONE',  ( 1.000000000000000000, -0.000000000000000000, -0.000000000000000000 ) ) ;
#3091 = ORIENTED_EDGE ( 'NONE', *, *, #715, .T. ) ;
#3092 = CARTESIAN_POINT ( 'NONE',  ( 86.00000000000000000, 15.00000000000000178, 213.8999999999999773 ) ) ;
#3093 = ORIENTED_EDGE ( 'NONE', *, *, #621, .T. ) ;
#3094 = DIRECTION ( 'NONE',  ( 0.7071067811865474617, -0.7071067811865474617, 0.000000000000000000 ) ) ;
#3095 = LINE ( 'NONE', #4252, #2717 ) ;
#3096 = ORIENTED_EDGE ( 'NONE', *, *, #239, .T. ) ;
#3097 = LINE ( 'NONE', #1118, #4997 ) ;
#3098 = EDGE_CURVE ( 'NONE', #952, #4355, #3007, .T. ) ;
#3099 = EDGE_CURVE ( 'NONE', #785, #1833, #2397, .T. ) ;
#3100 = DIRECTION ( 'NONE',  ( 1.000000000000000000, -0.000000000000000000, -0.000000000000000000 ) ) ;
#3101 = EDGE_LOOP ( 'NONE', ( #4177, #1045, #3463, #900 ) ) ;
#3102 = CARTESIAN_POINT ( 'NONE',  ( -86.00000000000000000, 18.10000000000000142, 20.00000000000000000 ) ) ;
#3103 = DIRECTION ( 'NONE',  ( 0.000000000000000000, -1.000000000000000000, 0.000000000000000000 ) ) ;
#3104 = EDGE_CURVE ( 'NONE', #4864, #2991, #4237, .T. ) ;
#3105 = EDGE_CURVE ( 'NONE', #4131, #1530, #4349, .T. ) ;
#3106 = ORIENTED_EDGE ( 'NONE', *, *, #905, .F. ) ;
#3107 = CARTESIAN_POINT ( 'NONE',  ( -90.00000000000000000, 16.59999999999999787, 184.9999999999999716 ) ) ;
#3108 = ORIENTED_EDGE ( 'NONE', *, *, #1443, .F. ) ;
#3109 = DIRECTION ( 'NONE',  ( 0.000000000000000000, 0.000000000000000000, 1.000000000000000000 ) ) ;
#3110 = FACE_OUTER_BOUND ( 'NONE', #4044, .T. ) ;
#3111 = VERTEX_POINT ( 'NONE', #3625 ) ;
#3112 = DIRECTION ( 'NONE',  ( 0.6974565623330528652, -0.1646471600639401733, -0.6974565623330528652 ) ) ;
#3113 = VERTEX_POINT ( 'NONE', #4369 ) ;
#3114 = VERTEX_POINT ( 'NONE', #4007 ) ;
#3115 = DIRECTION ( 'NONE',  ( 8.659560562355009279E-17, 0.7071067811865414665, -0.7071067811865536790 ) ) ;
#3116 = CARTESIAN_POINT ( 'NONE',  ( -85.49999999999987210, 15.00000000000000178, 234.6999999999999318 ) ) ;
#3117 = VERTEX_POINT ( 'NONE', #4051 ) ;
#3118 = DIRECTION ( 'NONE',  ( 1.000000000000000000, 0.000000000000000000, -0.000000000000000000 ) ) ;
#3119 = CARTESIAN_POINT ( 'NONE',  ( 75.00000000000000000, 10.00000000000000178, 1.000000000000000888 ) ) ;
#3120 = EDGE_LOOP ( 'NONE', ( #463, #466, #5044, #2449 ) ) ;
#3121 = DIRECTION ( 'NONE',  ( 0.000000000000000000, 0.000000000000000000, 1.000000000000000000 ) ) ;
#3122 = CARTESIAN_POINT ( 'NONE',  ( -85.49999999999987210, 15.00000000000000178, 232.9999999999999716 ) ) ;
#3123 = ADVANCED_FACE ( 'NONE', ( #1206 ), #3527, .F. ) ;
#3124 = EDGE_CURVE ( 'NONE', #4444, #2675, #1233, .T. ) ;
#3125 = CIRCLE ( 'NONE', #3797, 2.099999999999938805 ) ;
#3126 = EDGE_LOOP ( 'NONE', ( #1918, #3669 ) ) ;
#3127 = CARTESIAN_POINT ( 'NONE',  ( -82.50000000000002842, -10.00000000000004441, 8.000000000000028422 ) ) ;
#3128 = EDGE_CURVE ( 'NONE', #347, #4768, #480, .T. ) ;
#3129 = ADVANCED_FACE ( 'NONE', ( #3233 ), #63, .F. ) ;
#3130 = CARTESIAN_POINT ( 'NONE',  ( 75.00000000000000000, 19.99999999999999645, 0.000000000000000000 ) ) ;
#3131 = CIRCLE ( 'NONE', #391, 3.099999999999998757 ) ;
#3132 = DIRECTION ( 'NONE',  ( -0.000000000000000000, -1.000000000000000000, -0.000000000000000000 ) ) ;
#3133 = CONICAL_SURFACE ( 'NONE', #892, 1.000000000000000888, 0.7853981633974473908 ) ;
#3134 = PLANE ( 'NONE',  #486 ) ;
#3135 = CARTESIAN_POINT ( 'NONE',  ( -82.49999999999997158, 24.99999999999999645, 245.2500000000000000 ) ) ;
#3136 = LINE ( 'NONE', #1449, #751 ) ;
#3137 = ORIENTED_EDGE ( 'NONE', *, *, #1281, .F. ) ;
#3138 = VERTEX_POINT ( 'NONE', #1548 ) ;
#3139 = DIRECTION ( 'NONE',  ( 0.000000000000000000, 0.000000000000000000, 1.000000000000000000 ) ) ;
#3140 = DIRECTION ( 'NONE',  ( 0.000000000000000000, 1.000000000000000000, 0.000000000000000000 ) ) ;
#3141 = VERTEX_POINT ( 'NONE', #3183 ) ;
#3142 = CYLINDRICAL_SURFACE ( 'NONE', #2985, 2.750000000000002665 ) ;
#3143 = AXIS2_PLACEMENT_3D ( 'NONE', #3054, #641, #5080 ) ;
#3144 = FACE_BOUND ( 'NONE', #5089, .T. ) ;
#3145 = ORIENTED_EDGE ( 'NONE', *, *, #777, .F. ) ;
#3146 = DIRECTION ( 'NONE',  ( 1.000000000000000000, 0.000000000000000000, 0.000000000000000000 ) ) ;
#3147 = CARTESIAN_POINT ( 'NONE',  ( -89.50000000000002842, 15.00000000000000178, 220.0999999999999659 ) ) ;
#3148 = CIRCLE ( 'NONE', #989, 3.599999999999936584 ) ;
#3149 = AXIS2_PLACEMENT_3D ( 'NONE', #1898, #3920, #654 ) ;
#3150 = VECTOR ( 'NONE', #3299, 1000.000000000000000 ) ;
#3151 = PRESENTATION_LAYER_ASSIGNMENT (  '', '', ( #3744 ) ) ;
#3152 = ORIENTED_EDGE ( 'NONE', *, *, #1416, .T. ) ;
#3153 = FACE_BOUND ( 'NONE', #62, .T. ) ;
#3154 = AXIS2_PLACEMENT_3D ( 'NONE', #3700, #132, #3756 ) ;
#3155 = LINE ( 'NONE', #5049, #1084 ) ;
#3156 = AXIS2_PLACEMENT_3D ( 'NONE', #4120, #4173, #959 ) ;
#3157 = EDGE_LOOP ( 'NONE', ( #2973, #2465, #700, #100 ) ) ;
#3158 = DIRECTION ( 'NONE',  ( 0.000000000000000000, 0.000000000000000000, 1.000000000000000000 ) ) ;
#3159 = VECTOR ( 'NONE', #520, 1000.000000000000000 ) ;
#3160 = AXIS2_PLACEMENT_3D ( 'NONE', #4596, #757, #3170 ) ;
#3161 = ADVANCED_FACE ( 'NONE', ( #1985 ), #3577, .T. ) ;
#3162 = ADVANCED_FACE ( 'NONE', ( #3549 ), #4406, .F. ) ;
#3163 = CIRCLE ( 'NONE', #473, 2.750000000000002665 ) ;
#3164 = DIRECTION ( 'NONE',  ( 0.000000000000000000, 0.000000000000000000, -1.000000000000000000 ) ) ;
#3165 = ADVANCED_FACE ( 'NONE', ( #867 ), #1263, .F. ) ;
#3166 = FACE_OUTER_BOUND ( 'NONE', #2862, .T. ) ;
#3167 = DIRECTION ( 'NONE',  ( 1.000000000000000000, 0.000000000000000000, 0.000000000000000000 ) ) ;
#3168 = EDGE_CURVE ( 'NONE', #2378, #4871, #1649, .T. ) ;
#3169 = ORIENTED_EDGE ( 'NONE', *, *, #4991, .T. ) ;
#3170 = DIRECTION ( 'NONE',  ( 0.000000000000000000, 2.102695122396130717E-17, 1.000000000000000000 ) ) ;
#3171 = ORIENTED_EDGE ( 'NONE', *, *, #2017, .F. ) ;
#3172 = DIRECTION ( 'NONE',  ( -1.000000000000000000, 0.000000000000000000, 0.000000000000000000 ) ) ;
#3173 = DIRECTION ( 'NONE',  ( 0.000000000000000000, 0.000000000000000000, 1.000000000000000000 ) ) ;
#3174 = EDGE_LOOP ( 'NONE', ( #2351, #3627, #2648, #4452 ) ) ;
#3175 = CARTESIAN_POINT ( 'NONE',  ( -76.00000000000000000, 0.000000000000000000, 250.0000000000000000 ) ) ;
#3176 = DIRECTION ( 'NONE',  ( 0.000000000000000000, 1.000000000000000000, 0.000000000000000000 ) ) ;
#3177 = ORIENTED_EDGE ( 'NONE', *, *, #2362, .F. ) ;
#3178 = CARTESIAN_POINT ( 'NONE',  ( -86.00000000000000000, 15.00000000000000178, 214.7999999999998693 ) ) ;
#3179 = DIRECTION ( 'NONE',  ( 0.000000000000000000, 1.000000000000000000, 0.000000000000000000 ) ) ;
#3180 = ORIENTED_EDGE ( 'NONE', *, *, #348, .T. ) ;
#3181 = FACE_OUTER_BOUND ( 'NONE', #2542, .T. ) ;
#3182 = CARTESIAN_POINT ( 'NONE',  ( -90.00000000000000000, 15.00000000000000178, 234.6999999999999318 ) ) ;
#3183 = CARTESIAN_POINT ( 'NONE',  ( 73.23606797749977204, 28.99999999999999645, 0.000000000000000000 ) ) ;
#3184 = DIRECTION ( 'NONE',  ( 1.000000000000000000, 0.000000000000000000, 0.000000000000000000 ) ) ;
#3185 = ORIENTED_EDGE ( 'NONE', *, *, #4985, .F. ) ;
#3186 = EDGE_CURVE ( 'NONE', #4871, #2010, #3058, .T. ) ;
#3187 = DIRECTION ( 'NONE',  ( -1.000000000000000000, 0.000000000000000000, 0.000000000000000000 ) ) ;
#3188 = ADVANCED_FACE ( 'NONE', ( #792 ), #2369, .F. ) ;
#3189 = ORIENTED_EDGE ( 'NONE', *, *, #653, .F. ) ;
#3190 = ORIENTED_EDGE ( 'NONE', *, *, #3713, .T. ) ;
#3191 = DIRECTION ( 'NONE',  ( -1.000000000000000000, 0.000000000000000000, 0.000000000000000000 ) ) ;
#3192 = CARTESIAN_POINT ( 'NONE',  ( -82.50000000000002842, -10.00000000000000000, 4.750000000000108358 ) ) ;
#3193 = EDGE_LOOP ( 'NONE', ( #882, #2513, #582, #1046 ) ) ;
#3194 = EDGE_CURVE ( 'NONE', #2695, #4812, #1486, .T. ) ;
#3195 = CARTESIAN_POINT ( 'NONE',  ( 75.49999999999995737, 15.00000000000000178, 184.9999999999999716 ) ) ;
#3196 = CARTESIAN_POINT ( 'NONE',  ( -89.50000000000002842, 15.00000000000000178, 213.8999999999999773 ) ) ;
#3197 = ORIENTED_EDGE ( 'NONE', *, *, #2910, .T. ) ;
#3198 = CARTESIAN_POINT ( 'NONE',  ( 90.00000000000000000, 15.00000000000000178, 229.4000000000000341 ) ) ;
#3199 = CARTESIAN_POINT ( 'NONE',  ( 82.50000000000005684, 24.99999999999999645, 8.000000000000007105 ) ) ;
#3200 = VERTEX_POINT ( 'NONE', #4805 ) ;
#3201 = CYLINDRICAL_SURFACE ( 'NONE', #908, 1.699999999999951550 ) ;
#3202 = CARTESIAN_POINT ( 'NONE',  ( 75.49999999999998579, 16.59999999999999432, 20.00000000000000000 ) ) ;
#3203 = DIRECTION ( 'NONE',  ( 0.000000000000000000, 0.000000000000000000, -1.000000000000000000 ) ) ;
#3204 = AXIS2_PLACEMENT_3D ( 'NONE', #96, #140, #2094 ) ;
#3205 = VECTOR ( 'NONE', #2353, 1000.000000000000000 ) ;
#3206 = FACE_OUTER_BOUND ( 'NONE', #677, .T. ) ;
#3207 = DIRECTION ( 'NONE',  ( -1.000000000000000000, -0.000000000000000000, -0.000000000000000000 ) ) ;
#3208 = DIRECTION ( 'NONE',  ( -0.7071067811865474617, -0.7071067811865474617, 0.000000000000000000 ) ) ;
#3209 = VECTOR ( 'NONE', #957, 1000.000000000000114 ) ;
#3210 = ORIENTED_EDGE ( 'NONE', *, *, #4184, .T. ) ;
#3211 = FACE_OUTER_BOUND ( 'NONE', #5119, .T. ) ;
#3212 = VERTEX_POINT ( 'NONE', #1230 ) ;
#3213 = CARTESIAN_POINT ( 'NONE',  ( 82.50000000000004263, -10.00000000000000000, 245.2499999999999147 ) ) ;
#3214 = DIRECTION ( 'NONE',  ( -1.000000000000000000, 0.000000000000000000, 0.000000000000000000 ) ) ;
#3215 = ORIENTED_EDGE ( 'NONE', *, *, #2809, .F. ) ;
#3216 = LINE ( 'NONE', #2438, #1162 ) ;
#3217 = ADVANCED_FACE ( 'NONE', ( #847 ), #4819, .F. ) ;
#3218 = EDGE_CURVE ( 'NONE', #1307, #2705, #327, .T. ) ;
#3219 = DIRECTION ( 'NONE',  ( -1.000000000000000000, -0.000000000000000000, -0.000000000000000000 ) ) ;
#3220 = EDGE_LOOP ( 'NONE', ( #265, #560, #2721, #4113 ) ) ;
#3221 = PLANE ( 'NONE',  #4334 ) ;
#3222 = DIRECTION ( 'NONE',  ( 1.000000000000000000, -0.000000000000000000, -0.000000000000000000 ) ) ;
#3223 = CIRCLE ( 'NONE', #1152, 1.699999999999951550 ) ;
#3224 = EDGE_CURVE ( 'NONE', #2603, #351, #891, .T. ) ;
#3225 = EDGE_CURVE ( 'NONE', #798, #4532, #5038, .T. ) ;
#3226 = AXIS2_PLACEMENT_3D ( 'NONE', #3504, #5105, #1980 ) ;
#3227 = AXIS2_PLACEMENT_3D ( 'NONE', #1079, #2670, #3471 ) ;
#3228 = EDGE_LOOP ( 'NONE', ( #2621, #3438, #1184, #3790 ) ) ;
#3229 = FACE_OUTER_BOUND ( 'NONE', #2783, .T. ) ;
#3230 = LINE ( 'NONE', #118, #5010 ) ;
#3231 = ORIENTED_EDGE ( 'NONE', *, *, #181, .F. ) ;
#3232 = CIRCLE ( 'NONE', #2736, 2.750000000000009326 ) ;
#3233 = FACE_OUTER_BOUND ( 'NONE', #4347, .T. ) ;
#3234 = VECTOR ( 'NONE', #3782, 1000.000000000000000 ) ;
#3235 = VECTOR ( 'NONE', #1222, 1000.000000000000000 ) ;
#3236 = DIRECTION ( 'NONE',  ( 0.5773502691896257311, 0.5773502691896257311, 0.5773502691896257311 ) ) ;
#3237 = ORIENTED_EDGE ( 'NONE', *, *, #1542, .T. ) ;
#3238 = AXIS2_PLACEMENT_3D ( 'NONE', #3301, #2574, #4176 ) ;
#3239 = CIRCLE ( 'NONE', #1501, 2.750000000000002665 ) ;
#3240 = VECTOR ( 'NONE', #2758, 1000.000000000000000 ) ;
#3241 = CARTESIAN_POINT ( 'NONE',  ( -75.50000000000009948, 15.00000000000000178, 216.9999999999999716 ) ) ;
#3242 = CARTESIAN_POINT ( 'NONE',  ( -82.50000000000002842, -10.00000000000004441, 8.000000000000028422 ) ) ;
#3243 = AXIS2_PLACEMENT_3D ( 'NONE', #3431, #4276, #3511 ) ;
#3244 = VECTOR ( 'NONE', #4939, 1000.000000000000114 ) ;
#3245 = AXIS2_PLACEMENT_3D ( 'NONE', #2768, #3574, #4760 ) ;
#3246 = ORIENTED_EDGE ( 'NONE', *, *, #3519, .F. ) ;
#3247 = VERTEX_POINT ( 'NONE', #2473 ) ;
#3248 = DIRECTION ( 'NONE',  ( 8.659560562354846577E-17, -0.7071067811865545671, 0.7071067811865404673 ) ) ;
#3249 = CARTESIAN_POINT ( 'NONE',  ( -90.00000000000000000, -10.00000000000000000, 249.0000000000000568 ) ) ;
#3250 = ORIENTED_EDGE ( 'NONE', *, *, #846, .F. ) ;
#3251 = CARTESIAN_POINT ( 'NONE',  ( -86.00000000000000000, 15.00000000000000178, 188.0999999999999659 ) ) ;
#3252 = LINE ( 'NONE', #3196, #4337 ) ;
#3253 = ORIENTED_EDGE ( 'NONE', *, *, #3292, .F. ) ;
#3254 = CARTESIAN_POINT ( 'NONE',  ( -68.89442719099990597, 34.44721359549999562, 250.0000000000000000 ) ) ;
#3255 = CARTESIAN_POINT ( 'NONE',  ( 82.50000000000004263, -10.00000000000000000, 238.7500000000000853 ) ) ;
#3256 = ADVANCED_FACE ( 'NONE', ( #4620 ), #5158, .F. ) ;
#3257 = EDGE_CURVE ( 'NONE', #3946, #4320, #75, .T. ) ;
#3258 = EDGE_LOOP ( 'NONE', ( #2112, #2988, #3961, #5013 ) ) ;
#3259 = DIRECTION ( 'NONE',  ( 1.000000000000000000, -0.000000000000000000, -0.000000000000000000 ) ) ;
#3260 = LINE ( 'NONE', #3202, #1835 ) ;
#3261 = ORIENTED_EDGE ( 'NONE', *, *, #2051, .F. ) ;
#3262 = DIRECTION ( 'NONE',  ( 0.000000000000000000, 1.000000000000000000, 0.000000000000000000 ) ) ;
#3263 = EDGE_CURVE ( 'NONE', #2391, #4119, #4993, .T. ) ;
#3264 = CARTESIAN_POINT ( 'NONE',  ( 86.00000000000000000, 15.00000000000000178, 235.2000000000000739 ) ) ;
#3265 = ORIENTED_EDGE ( 'NONE', *, *, #1256, .T. ) ;
#3266 = PLANE ( 'NONE',  #1320 ) ;
#3267 = CARTESIAN_POINT ( 'NONE',  ( -75.00000000000000000, 30.00000000000000000, 249.0000000000000000 ) ) ;
#3268 = ORIENTED_EDGE ( 'NONE', *, *, #4479, .T. ) ;
#3269 = ORIENTED_EDGE ( 'NONE', *, *, #2752, .T. ) ;
#3270 = LINE ( 'NONE', #4972, #4507 ) ;
#3271 = DIRECTION ( 'NONE',  ( 0.000000000000000000, 0.000000000000000000, 1.000000000000000000 ) ) ;
#3272 = ORIENTED_EDGE ( 'NONE', *, *, #2206, .T. ) ;
#3273 = CARTESIAN_POINT ( 'NONE',  ( 90.00000000000000000, 14.99999999999999822, 19.99999999999998934 ) ) ;
#3274 = DIRECTION ( 'NONE',  ( 0.000000000000000000, 0.000000000000000000, 1.000000000000000000 ) ) ;
#3275 = ORIENTED_EDGE ( 'NONE', *, *, #4990, .F. ) ;
#3276 = LINE ( 'NONE', #4466, #3235 ) ;
#3277 = CARTESIAN_POINT ( 'NONE',  ( 79.00000000000000000, 6.000000000000000000, 253.0000000000000000 ) ) ;
#3278 = CYLINDRICAL_SURFACE ( 'NONE', #3912, 3.099999999999991651 ) ;
#3279 = ORIENTED_EDGE ( 'NONE', *, *, #4730, .F. ) ;
#3280 = CARTESIAN_POINT ( 'NONE',  ( -82.50000000000004263, 24.99999999999999645, 4.749999999999944933 ) ) ;
#3281 = ADVANCED_FACE ( 'NONE', ( #1039, #2892 ), #2654, .T. ) ;
#3282 = CARTESIAN_POINT ( 'NONE',  ( -82.49999999999997158, 24.50000000000001776, 242.0000000000000284 ) ) ;
#3283 = ORIENTED_EDGE ( 'NONE', *, *, #3423, .F. ) ;
#3284 = DIRECTION ( 'NONE',  ( -2.312964634635742957E-16, 1.000000000000000000, -0.000000000000000000 ) ) ;
#3285 = DIRECTION ( 'NONE',  ( 0.4472135954999583718, -0.8944271909999157444, 0.000000000000000000 ) ) ;
#3286 = ORIENTED_EDGE ( 'NONE', *, *, #1832, .T. ) ;
#3287 = EDGE_CURVE ( 'NONE', #4886, #4539, #1793, .T. ) ;
#3288 = EDGE_CURVE ( 'NONE', #456, #72, #2606, .T. ) ;
#3289 = DIRECTION ( 'NONE',  ( 0.000000000000000000, 0.000000000000000000, -1.000000000000000000 ) ) ;
#3290 = CARTESIAN_POINT ( 'NONE',  ( 82.50000000000002842, 24.49999999999999289, 242.0000000000000000 ) ) ;
#3291 = AXIS2_PLACEMENT_3D ( 'NONE', #1324, #1738, #1053 ) ;
#3292 = EDGE_CURVE ( 'NONE', #2003, #3111, #4201, .T. ) ;
#3293 = EDGE_CURVE ( 'NONE', #1697, #4015, #4862, .T. ) ;
#3294 = AXIS2_PLACEMENT_3D ( 'NONE', #2961, #987, #2579 ) ;
#3295 = ORIENTED_EDGE ( 'NONE', *, *, #4669, .F. ) ;
#3296 = CARTESIAN_POINT ( 'NONE',  ( 89.50000000000002842, 15.00000000000000178, 232.9999999999999716 ) ) ;
#3297 = CARTESIAN_POINT ( 'NONE',  ( 82.50000000000005684, -9.500000000000079936, 8.000000000000007105 ) ) ;
#3298 = VERTEX_POINT ( 'NONE', #629 ) ;
#3299 = DIRECTION ( 'NONE',  ( 0.000000000000000000, -1.000000000000000000, 0.000000000000000000 ) ) ;
#3300 = AXIS2_PLACEMENT_3D ( 'NONE', #1255, #4443, #2861 ) ;
#3301 = CARTESIAN_POINT ( 'NONE',  ( 82.50000000000004263, 24.49999999999998579, 8.000000000000007105 ) ) ;
#3302 = ORIENTED_EDGE ( 'NONE', *, *, #3517, .F. ) ;
#3303 = DIRECTION ( 'NONE',  ( 1.000000000000000000, 0.000000000000000000, -0.000000000000000000 ) ) ;
#3304 = AXIS2_PLACEMENT_3D ( 'NONE', #4485, #1588, #3557 ) ;
#3305 = CARTESIAN_POINT ( 'NONE',  ( -73.23606797749977204, 27.99999999999999645, 0.000000000000000000 ) ) ;
#3306 = DIRECTION ( 'NONE',  ( 0.000000000000000000, 0.000000000000000000, 1.000000000000000000 ) ) ;
#3307 = ORIENTED_EDGE ( 'NONE', *, *, #1516, .T. ) ;
#3308 = FACE_OUTER_BOUND ( 'NONE', #5068, .T. ) ;
#3309 = CARTESIAN_POINT ( 'NONE',  ( -86.00000000000000000, 11.89999999999999680, 184.9999999999999716 ) ) ;
#3310 = ORIENTED_EDGE ( 'NONE', *, *, #1219, .T. ) ;
#3311 = VECTOR ( 'NONE', #4114, 1000.000000000000000 ) ;
#3312 = ORIENTED_EDGE ( 'NONE', *, *, #4891, .F. ) ;
#3313 = CIRCLE ( 'NONE', #1490, 2.750000000000009326 ) ;
#3314 = CONICAL_SURFACE ( 'NONE', #4996, 3.099999999999991651, 0.7853981633974244092 ) ;
#3315 = AXIS2_PLACEMENT_3D ( 'NONE', #1156, #2743, #4428 ) ;
#3316 = DIRECTION ( 'NONE',  ( 1.000000000000000000, 0.000000000000000000, -0.000000000000000000 ) ) ;
#3317 = DIRECTION ( 'NONE',  ( 0.000000000000000000, 0.000000000000000000, 1.000000000000000000 ) ) ;
#3318 = AXIS2_PLACEMENT_3D ( 'NONE', #1975, #471, #4383 ) ;
#3319 = EDGE_CURVE ( 'NONE', #1535, #4444, #515, .T. ) ;
#3320 = ADVANCED_FACE ( 'NONE', ( #98 ), #171, .F. ) ;
#3321 = VECTOR ( 'NONE', #835, 1000.000000000000000 ) ;
#3322 = VECTOR ( 'NONE', #4080, 999.9999999999998863 ) ;
#3323 = AXIS2_PLACEMENT_3D ( 'NONE', #2724, #5035, #2333 ) ;
#3324 = VECTOR ( 'NONE', #3529, 1000.000000000000000 ) ;
#3325 = EDGE_CURVE ( 'NONE', #67, #2018, #2096, .T. ) ;
#3326 = ORIENTED_EDGE ( 'NONE', *, *, #2530, .T. ) ;
#3327 = FACE_OUTER_BOUND ( 'NONE', #2377, .T. ) ;
#3328 = CONICAL_SURFACE ( 'NONE', #4001, 1.699999999999951550, 0.7853981633974721488 ) ;
#3329 = CARTESIAN_POINT ( 'NONE',  ( 89.00000000000000000, 28.99999999999999645, 0.000000000000000000 ) ) ;
#3330 = VECTOR ( 'NONE', #1088, 1000.000000000000000 ) ;
#3331 = EDGE_LOOP ( 'NONE', ( #2786, #1956 ) ) ;
#3332 = DIRECTION ( 'NONE',  ( 0.000000000000000000, 0.000000000000000000, 1.000000000000000000 ) ) ;
#3333 = CIRCLE ( 'NONE', #761, 3.099999999999991651 ) ;
#3334 = LINE ( 'NONE', #4565, #2820 ) ;
#3335 = ORIENTED_EDGE ( 'NONE', *, *, #4032, .F. ) ;
#3336 = LINE ( 'NONE', #2993, #3658 ) ;
#3337 = DIRECTION ( 'NONE',  ( 0.000000000000000000, 0.000000000000000000, 1.000000000000000000 ) ) ;
#3338 = CARTESIAN_POINT ( 'NONE',  ( 75.50000000000004263, 15.00000000000000178, 231.3000000000000398 ) ) ;
#3339 = ORIENTED_EDGE ( 'NONE', *, *, #853, .F. ) ;
#3340 = DIRECTION ( 'NONE',  ( 0.000000000000000000, 0.000000000000000000, 1.000000000000000000 ) ) ;
#3341 = CARTESIAN_POINT ( 'NONE',  ( -82.50000000000002842, -10.00000000000000000, 8.000000000000028422 ) ) ;
#3342 = EDGE_LOOP ( 'NONE', ( #4971, #4207, #1785, #3847 ) ) ;
#3343 = ORIENTED_EDGE ( 'NONE', *, *, #3799, .T. ) ;
#3344 = DIRECTION ( 'NONE',  ( 0.000000000000000000, 0.000000000000000000, -1.000000000000000000 ) ) ;
#3345 = DIRECTION ( 'NONE',  ( 0.000000000000000000, 4.205390244792260202E-17, 1.000000000000000000 ) ) ;
#3346 = EDGE_LOOP ( 'NONE', ( #4181, #3445, #46, #170 ) ) ;
#3347 = CARTESIAN_POINT ( 'NONE',  ( -75.00000000000000000, 15.00000000000000178, 214.7999999999999261 ) ) ;
#3348 = ADVANCED_FACE ( 'NONE', ( #4887 ), #3073, .F. ) ;
#3349 = CARTESIAN_POINT ( 'NONE',  ( 86.00000000000000000, 12.90000000000006075, 184.9999999999999716 ) ) ;
#3350 = ORIENTED_EDGE ( 'NONE', *, *, #5099, .F. ) ;
#3351 = CARTESIAN_POINT ( 'NONE',  ( -82.50000000000004263, 25.00000000000000000, 11.25000000000011369 ) ) ;
#3352 = EDGE_CURVE ( 'NONE', #1519, #1609, #1435, .T. ) ;
#3353 = ORIENTED_EDGE ( 'NONE', *, *, #2390, .T. ) ;
#3354 = CARTESIAN_POINT ( 'NONE',  ( 82.50000000000002842, 24.49999999999999289, 242.0000000000000000 ) ) ;
#3355 = VERTEX_POINT ( 'NONE', #269 ) ;
#3356 =( LENGTH_UNIT ( ) NAMED_UNIT ( * ) SI_UNIT ( .MILLI., .METRE. ) );
#3357 = DIRECTION ( 'NONE',  ( 0.000000000000000000, 0.000000000000000000, 1.000000000000000000 ) ) ;
#3358 = DIRECTION ( 'NONE',  ( 1.000000000000000000, -6.938893903907222067E-15, 0.000000000000000000 ) ) ;
#3359 = CARTESIAN_POINT ( 'NONE',  ( 85.31222956928671408, 18.10000000000000142, 20.00000000000000000 ) ) ;
#3360 = VERTEX_POINT ( 'NONE', #4111 ) ;
#3361 = DIRECTION ( 'NONE',  ( 0.000000000000000000, -0.000000000000000000, -1.000000000000000000 ) ) ;
#3362 = CARTESIAN_POINT ( 'NONE',  ( 75.00000000000000000, 15.00000000000000178, 216.9999999999999716 ) ) ;
#3363 = ORIENTED_EDGE ( 'NONE', *, *, #4517, .F. ) ;
#3364 = VERTEX_POINT ( 'NONE', #3041 ) ;
#3365 = DIRECTION ( 'NONE',  ( 1.000000000000000000, -0.000000000000000000, -0.000000000000000000 ) ) ;
#3366 = PLANE ( 'NONE',  #2486 ) ;
#3367 = ORIENTED_EDGE ( 'NONE', *, *, #3098, .T. ) ;
#3368 = ORIENTED_EDGE ( 'NONE', *, *, #3389, .T. ) ;
#3369 = CARTESIAN_POINT ( 'NONE',  ( 66.23187591328682799, 15.00000000000000178, 232.9999999999999716 ) ) ;
#3370 = DIRECTION ( 'NONE',  ( -0.000000000000000000, -1.000000000000000000, -0.000000000000000000 ) ) ;
#3371 = ORIENTED_EDGE ( 'NONE', *, *, #1190, .F. ) ;
#3372 = DIRECTION ( 'NONE',  ( -1.000000000000000000, 0.000000000000000000, 0.000000000000000000 ) ) ;
#3373 = CIRCLE ( 'NONE', #4052, 4.999999999999976907 ) ;
#3374 = ORIENTED_EDGE ( 'NONE', *, *, #3292, .T. ) ;
#3375 = CARTESIAN_POINT ( 'NONE',  ( -75.49999999999997158, 13.40000000000000568, 184.9999999999999716 ) ) ;
#3376 = EDGE_LOOP ( 'NONE', ( #1880, #2766 ) ) ;
#3377 = DIRECTION ( 'NONE',  ( 0.000000000000000000, 0.000000000000000000, -1.000000000000000000 ) ) ;
#3378 = CARTESIAN_POINT ( 'NONE',  ( -82.49999999999995737, 29.50000000000003553, 242.0000000000000284 ) ) ;
#3379 = AXIS2_PLACEMENT_3D ( 'NONE', #862, #3619, #1641 ) ;
#3380 = FACE_OUTER_BOUND ( 'NONE', #1959, .T. ) ;
#3381 = EDGE_CURVE ( 'NONE', #3643, #976, #540, .T. ) ;
#3382 = ADVANCED_FACE ( 'NONE', ( #3380 ), #763, .F. ) ;
#3383 = VECTOR ( 'NONE', #4815, 1000.000000000000000 ) ;
#3384 = PLANE ( 'NONE',  #659 ) ;
#3385 = ORIENTED_EDGE ( 'NONE', *, *, #748, .T. ) ;
#3386 = DIRECTION ( 'NONE',  ( 1.000000000000000000, -0.000000000000000000, -0.000000000000000000 ) ) ;
#3387 = CARTESIAN_POINT ( 'NONE',  ( -85.50000000000004263, 16.59999999999999787, 184.9999999999999716 ) ) ;
#3388 = EDGE_CURVE ( 'NONE', #483, #4191, #2901, .T. ) ;
#3389 = EDGE_CURVE ( 'NONE', #1609, #4191, #3886, .T. ) ;
#3390 = CARTESIAN_POINT ( 'NONE',  ( 75.50000000000004263, 15.00000000000000178, 232.9999999999999716 ) ) ;
#3391 = ORIENTED_EDGE ( 'NONE', *, *, #4953, .F. ) ;
#3392 = ORIENTED_EDGE ( 'NONE', *, *, #645, .T. ) ;
#3393 = CARTESIAN_POINT ( 'NONE',  ( 89.00000000000002842, -10.00000000000000000, 250.0000000000000000 ) ) ;
#3394 = VECTOR ( 'NONE', #4290, 1000.000000000000114 ) ;
#3395 = AXIS2_PLACEMENT_3D ( 'NONE', #4685, #4627, #5046 ) ;
#3396 = FACE_OUTER_BOUND ( 'NONE', #3868, .T. ) ;
#3397 = DIRECTION ( 'NONE',  ( -0.000000000000000000, -1.000000000000000000, -0.000000000000000000 ) ) ;
#3398 = ORIENTED_EDGE ( 'NONE', *, *, #2618, .F. ) ;
#3399 = DIRECTION ( 'NONE',  ( -1.000000000000000000, 0.000000000000000000, 0.000000000000000000 ) ) ;
#3400 = CIRCLE ( 'NONE', #2155, 3.599999999999936584 ) ;
#3401 = VECTOR ( 'NONE', #445, 999.9999999999998863 ) ;
#3402 = CONICAL_SURFACE ( 'NONE', #4238, 1.599999999999993872, 0.7853981633974482790 ) ;
#3403 = CONICAL_SURFACE ( 'NONE', #1827, 3.250000000000086153, 0.7853981633974839172 ) ;
#3404 = FACE_OUTER_BOUND ( 'NONE', #5021, .T. ) ;
#3405 = CIRCLE ( 'NONE', #3154, 4.999999999999976907 ) ;
#3406 = ORIENTED_EDGE ( 'NONE', *, *, #1982, .T. ) ;
#3407 = CIRCLE ( 'NONE', #4003, 2.750000000000002665 ) ;
#3408 = CARTESIAN_POINT ( 'NONE',  ( -90.00000000000000000, 15.00000000000000178, 236.5999999999999091 ) ) ;
#3409 = CARTESIAN_POINT ( 'NONE',  ( 86.00000000000000000, 17.09999999999994102, 184.9999999999999716 ) ) ;
#3410 = AXIS2_PLACEMENT_3D ( 'NONE', #4672, #4220, #3883 ) ;
#3411 = AXIS2_PLACEMENT_3D ( 'NONE', #2555, #1756, #1347 ) ;
#3412 = DIRECTION ( 'NONE',  ( 0.000000000000000000, 0.000000000000000000, -1.000000000000000000 ) ) ;
#3413 = CIRCLE ( 'NONE', #1750, 3.099999999999991651 ) ;
#3414 = LINE ( 'NONE', #4719, #410 ) ;
#3415 = EDGE_LOOP ( 'NONE', ( #563, #1430, #2167, #4537 ) ) ;
#3416 = CARTESIAN_POINT ( 'NONE',  ( 89.50000000000005684, 18.10000000000000142, 184.9999999999999716 ) ) ;
#3417 = DIRECTION ( 'NONE',  ( 0.000000000000000000, -1.000000000000000000, 0.000000000000000000 ) ) ;
#3418 = EDGE_CURVE ( 'NONE', #2505, #4213, #1869, .T. ) ;
#3419 = CARTESIAN_POINT ( 'NONE',  ( -82.50000000000002842, 24.99999999999999645, 12.50000000000003197 ) ) ;
#3420 = ORIENTED_EDGE ( 'NONE', *, *, #4036, .T. ) ;
#3421 = ADVANCED_FACE ( 'NONE', ( #5136, #3915, #2703, #4361, #3460 ), #1179, .F. ) ;
#3422 = VERTEX_POINT ( 'NONE', #4333 ) ;
#3423 = EDGE_CURVE ( 'NONE', #3668, #340, #4302, .T. ) ;
#3424 = DIRECTION ( 'NONE',  ( -0.000000000000000000, 1.000000000000000000, -0.000000000000000000 ) ) ;
#3425 = ORIENTED_EDGE ( 'NONE', *, *, #3510, .F. ) ;
#3426 = DIRECTION ( 'NONE',  ( 0.000000000000000000, 1.000000000000000000, 0.000000000000000000 ) ) ;
#3427 = FACE_OUTER_BOUND ( 'NONE', #2929, .T. ) ;
#3428 = EDGE_LOOP ( 'NONE', ( #3454, #1342, #1481, #1978 ) ) ;
#3429 = DIRECTION ( 'NONE',  ( 1.000000000000000000, -0.000000000000000000, -0.000000000000000000 ) ) ;
#3430 = VERTEX_POINT ( 'NONE', #5116 ) ;
#3431 = CARTESIAN_POINT ( 'NONE',  ( -82.49999999999995737, 24.99999999999999645, 242.0000000000000284 ) ) ;
#3432 = ORIENTED_EDGE ( 'NONE', *, *, #2048, .F. ) ;
#3433 = LINE ( 'NONE', #3513, #3578 ) ;
#3434 = CARTESIAN_POINT ( 'NONE',  ( -82.50000000000002842, 30.00000000000000000, 3.000000000000051070 ) ) ;
#3435 = ORIENTED_EDGE ( 'NONE', *, *, #2426, .T. ) ;
#3436 = DIRECTION ( 'NONE',  ( -0.000000000000000000, 1.000000000000000000, -0.000000000000000000 ) ) ;
#3437 = CARTESIAN_POINT ( 'NONE',  ( -90.00000000000000000, -10.00000000000000000, 250.0000000000000000 ) ) ;
#3438 = ORIENTED_EDGE ( 'NONE', *, *, #1984, .F. ) ;
#3439 = DIRECTION ( 'NONE',  ( 0.000000000000000000, 0.000000000000000000, 1.000000000000000000 ) ) ;
#3440 = DIRECTION ( 'NONE',  ( 0.000000000000000000, 0.000000000000000000, 1.000000000000000000 ) ) ;
#3441 = LINE ( 'NONE', #3467, #4579 ) ;
#3442 = VERTEX_POINT ( 'NONE', #4696 ) ;
#3443 = ORIENTED_EDGE ( 'NONE', *, *, #2244, .F. ) ;
#3444 = LINE ( 'NONE', #4708, #4074 ) ;
#3445 = ORIENTED_EDGE ( 'NONE', *, *, #3446, .T. ) ;
#3446 = EDGE_CURVE ( 'NONE', #3672, #2003, #2337, .T. ) ;
#3447 = ADVANCED_FACE ( 'NONE', ( #782 ), #3516, .F. ) ;
#3448 = CARTESIAN_POINT ( 'NONE',  ( -82.49999999999995737, 30.00000000000000000, 247.0000000000000000 ) ) ;
#3449 = CARTESIAN_POINT ( 'NONE',  ( -86.00000000000000000, 12.90000000000005720, 20.00000000000000000 ) ) ;
#3450 = EDGE_CURVE ( 'NONE', #756, #542, #2737, .T. ) ;
#3451 = EDGE_LOOP ( 'NONE', ( #1355, #4275 ) ) ;
#3452 = DIRECTION ( 'NONE',  ( -0.000000000000000000, -1.000000000000000000, -0.000000000000000000 ) ) ;
#3453 = EDGE_CURVE ( 'NONE', #3497, #1564, #2727, .T. ) ;
#3454 = ORIENTED_EDGE ( 'NONE', *, *, #4953, .T. ) ;
#3455 = CARTESIAN_POINT ( 'NONE',  ( -82.50000000000002842, -9.500000000000079936, 5.250000000000019540 ) ) ;
#3456 = ORIENTED_EDGE ( 'NONE', *, *, #538, .T. ) ;
#3457 = DIRECTION ( 'NONE',  ( 8.659560562354846577E-17, -0.7071067811865545671, 0.7071067811865404673 ) ) ;
#3458 = DIRECTION ( 'NONE',  ( -2.312964634635742957E-16, 1.000000000000000000, -0.000000000000000000 ) ) ;
#3459 = ORIENTED_EDGE ( 'NONE', *, *, #2591, .T. ) ;
#3460 = FACE_OUTER_BOUND ( 'NONE', #1556, .T. ) ;
#3461 = AXIS2_PLACEMENT_3D ( 'NONE', #2890, #4498, #2507 ) ;
#3462 = DIRECTION ( 'NONE',  ( -0.6324555320336742170, -0.3162277660168395510, -0.7071067811865481278 ) ) ;
#3463 = ORIENTED_EDGE ( 'NONE', *, *, #1387, .T. ) ;
#3464 = FACE_OUTER_BOUND ( 'NONE', #488, .T. ) ;
#3465 = VECTOR ( 'NONE', #2503, 1000.000000000000000 ) ;
#3466 = DIRECTION ( 'NONE',  ( 0.000000000000000000, 1.000000000000000000, 0.000000000000000000 ) ) ;
#3467 = CARTESIAN_POINT ( 'NONE',  ( 89.50000000000002842, 15.00000000000000178, 220.0999999999999659 ) ) ;
#3468 = ORIENTED_EDGE ( 'NONE', *, *, #4575, .F. ) ;
#3469 = EDGE_LOOP ( 'NONE', ( #2587, #3025 ) ) ;
#3470 = DIRECTION ( 'NONE',  ( 1.000000000000000000, -0.000000000000000000, -0.000000000000000000 ) ) ;
#3471 = DIRECTION ( 'NONE',  ( 0.000000000000000000, 0.000000000000000000, 1.000000000000000000 ) ) ;
#3472 = ORIENTED_EDGE ( 'NONE', *, *, #4288, .T. ) ;
#3473 = AXIS2_PLACEMENT_3D ( 'NONE', #23, #436, #1601 ) ;
#3474 = PLANE ( 'NONE',  #320 ) ;
#3475 = EDGE_LOOP ( 'NONE', ( #2599, #2000, #3921, #429, #5112, #1293 ) ) ;
#3476 = ADVANCED_FACE ( 'NONE', ( #3537 ), #3142, .F. ) ;
#3477 = ADVANCED_FACE ( 'NONE', ( #4676 ), #4747, .F. ) ;
#3478 = CARTESIAN_POINT ( 'NONE',  ( 89.00000000000000000, 0.000000000000000000, 0.000000000000000000 ) ) ;
#3479 = ADVANCED_FACE ( 'NONE', ( #2264 ), #1096, .F. ) ;
#3480 = AXIS2_PLACEMENT_3D ( 'NONE', #1119, #1151, #3971 ) ;
#3481 = ORIENTED_EDGE ( 'NONE', *, *, #2687, .F. ) ;
#3482 = DIRECTION ( 'NONE',  ( -0.000000000000000000, -1.000000000000000000, 0.000000000000000000 ) ) ;
#3483 = EDGE_LOOP ( 'NONE', ( #1348, #4468, #3032, #3459, #2202 ) ) ;
#3484 = LINE ( 'NONE', #726, #1494 ) ;
#3485 = VECTOR ( 'NONE', #4572, 1000.000000000000000 ) ;
#3486 = DIRECTION ( 'NONE',  ( 1.000000000000000000, 0.000000000000000000, 0.000000000000000000 ) ) ;
#3487 = VECTOR ( 'NONE', #3436, 1000.000000000000000 ) ;
#3488 = EDGE_LOOP ( 'NONE', ( #450, #1050, #2858, #4961 ) ) ;
#3489 = EDGE_CURVE ( 'NONE', #2332, #1178, #1972, .T. ) ;
#3490 = DIRECTION ( 'NONE',  ( 0.000000000000000000, 0.000000000000000000, -1.000000000000000000 ) ) ;
#3491 = VECTOR ( 'NONE', #2385, 1000.000000000000000 ) ;
#3492 = VECTOR ( 'NONE', #4115, 999.9999999999998863 ) ;
#3493 = DIRECTION ( 'NONE',  ( -1.000000000000000000, 0.000000000000000000, 0.000000000000000000 ) ) ;
#3494 = AXIS2_PLACEMENT_3D ( 'NONE', #604, #3778, #2159 ) ;
#3495 = VECTOR ( 'NONE', #4536, 1000.000000000000000 ) ;
#3496 = CARTESIAN_POINT ( 'NONE',  ( -89.50000000000005684, 11.89999999999999325, 20.00000000000000000 ) ) ;
#3497 = VERTEX_POINT ( 'NONE', #5097 ) ;
#3498 = VECTOR ( 'NONE', #3248, 1000.000000000000000 ) ;
#3499 = CARTESIAN_POINT ( 'NONE',  ( -82.50000000000002842, -10.00000000000000000, 11.24999999999994671 ) ) ;
#3500 = PLANE ( 'NONE',  #638 ) ;
#3501 = VECTOR ( 'NONE', #2889, 1000.000000000000000 ) ;
#3502 = VECTOR ( 'NONE', #694, 1000.000000000000000 ) ;
#3503 = ORIENTED_EDGE ( 'NONE', *, *, #4157, .F. ) ;
#3504 = CARTESIAN_POINT ( 'NONE',  ( 85.49999999999988631, 15.00000000000000178, 232.9999999999999716 ) ) ;
#3505 = CARTESIAN_POINT ( 'NONE',  ( 85.50000000000004263, 13.40000000000000213, 20.00000000000000000 ) ) ;
#3506 = DIRECTION ( 'NONE',  ( 0.000000000000000000, 0.000000000000000000, 1.000000000000000000 ) ) ;
#3507 = EDGE_LOOP ( 'NONE', ( #4793, #4149, #1181, #5081 ) ) ;
#3508 = FACE_OUTER_BOUND ( 'NONE', #3376, .T. ) ;
#3509 = ORIENTED_EDGE ( 'NONE', *, *, #3381, .F. ) ;
#3510 = EDGE_CURVE ( 'NONE', #1598, #3643, #3097, .T. ) ;
#3511 = DIRECTION ( 'NONE',  ( 0.000000000000000000, 0.000000000000000000, 1.000000000000000000 ) ) ;
#3512 = VERTEX_POINT ( 'NONE', #4042 ) ;
#3513 = CARTESIAN_POINT ( 'NONE',  ( 74.99999999999992895, 10.00000000000000000, 249.0000000000000000 ) ) ;
#3514 = CARTESIAN_POINT ( 'NONE',  ( -85.31222956928671408, 11.90000000000000036, 184.9999999999999716 ) ) ;
#3515 = ORIENTED_EDGE ( 'NONE', *, *, #1473, .F. ) ;
#3516 = PLANE ( 'NONE',  #3740 ) ;
#3517 = EDGE_CURVE ( 'NONE', #1598, #4886, #421, .T. ) ;
#3518 = ADVANCED_FACE ( 'NONE', ( #4875 ), #4411, .F. ) ;
#3519 = EDGE_CURVE ( 'NONE', #4320, #3117, #3640, .T. ) ;
#3520 = EDGE_CURVE ( 'NONE', #3798, #863, #4405, .T. ) ;
#3521 = DIRECTION ( 'NONE',  ( 0.000000000000000000, 1.000000000000000000, 0.000000000000000000 ) ) ;
#3522 = EDGE_LOOP ( 'NONE', ( #1642, #3171, #3586, #1676 ) ) ;
#3523 = LINE ( 'NONE', #1850, #412 ) ;
#3524 = PLANE ( 'NONE',  #4137 ) ;
#3525 = ORIENTED_EDGE ( 'NONE', *, *, #2090, .T. ) ;
#3526 = CYLINDRICAL_SURFACE ( 'NONE', #4323, 2.750000000000002665 ) ;
#3527 = CYLINDRICAL_SURFACE ( 'NONE', #3315, 1.599999999999990319 ) ;
#3528 = DIRECTION ( 'NONE',  ( 0.000000000000000000, -2.102695122396130717E-17, -1.000000000000000000 ) ) ;
#3529 = DIRECTION ( 'NONE',  ( -2.312964634635742957E-16, 1.000000000000000000, -0.000000000000000000 ) ) ;
#3530 = FACE_OUTER_BOUND ( 'NONE', #1092, .T. ) ;
#3531 = EDGE_LOOP ( 'NONE', ( #4882, #2121, #104, #4495 ) ) ;
#3532 = ORIENTED_EDGE ( 'NONE', *, *, #1672, .F. ) ;
#3533 = DIRECTION ( 'NONE',  ( 0.000000000000000000, 0.000000000000000000, 1.000000000000000000 ) ) ;
#3534 = VECTOR ( 'NONE', #1165, 1000.000000000000000 ) ;
#3535 = CARTESIAN_POINT ( 'NONE',  ( 75.49999999999992895, 16.59999999999999787, 184.9999999999999716 ) ) ;
#3536 = VERTEX_POINT ( 'NONE', #3251 ) ;
#3537 = FACE_OUTER_BOUND ( 'NONE', #4047, .T. ) ;
#3538 = CARTESIAN_POINT ( 'NONE',  ( 85.49999999999998579, 13.40000000000000568, 184.9999999999999716 ) ) ;
#3539 = ORIENTED_EDGE ( 'NONE', *, *, #2140, .T. ) ;
#3540 = LINE ( 'NONE', #294, #4082 ) ;
#3541 = DIRECTION ( 'NONE',  ( 0.000000000000000000, 0.000000000000000000, -1.000000000000000000 ) ) ;
#3542 = EDGE_CURVE ( 'NONE', #3736, #1522, #3699, .T. ) ;
#3543 = ADVANCED_FACE ( 'NONE', ( #1691 ), #1216, .T. ) ;
#3544 = CIRCLE ( 'NONE', #1304, 3.249999999999919620 ) ;
#3545 = EDGE_CURVE ( 'NONE', #1432, #4015, #2156, .T. ) ;
#3546 = VERTEX_POINT ( 'NONE', #1327 ) ;
#3547 = CARTESIAN_POINT ( 'NONE',  ( 82.50000000000004263, 24.49999999999998579, 8.000000000000007105 ) ) ;
#3548 = DIRECTION ( 'NONE',  ( 0.000000000000000000, 1.000000000000000000, 0.000000000000000000 ) ) ;
#3549 = FACE_OUTER_BOUND ( 'NONE', #4695, .T. ) ;
#3550 = CIRCLE ( 'NONE', #4224, 2.200000000000035261 ) ;
#3551 = FACE_OUTER_BOUND ( 'NONE', #2760, .T. ) ;
#3552 = DIRECTION ( 'NONE',  ( 0.000000000000000000, 0.7071067811865570096, 0.7071067811865380248 ) ) ;
#3553 = DIRECTION ( 'NONE',  ( -0.000000000000000000, -1.000000000000000000, -0.000000000000000000 ) ) ;
#3554 = ORIENTED_EDGE ( 'NONE', *, *, #3293, .F. ) ;
#3555 = ORIENTED_EDGE ( 'NONE', *, *, #3194, .F. ) ;
#3556 = DIRECTION ( 'NONE',  ( -1.000000000000000000, 0.000000000000000000, 0.000000000000000000 ) ) ;
#3557 = DIRECTION ( 'NONE',  ( 0.000000000000000000, 0.000000000000000000, 1.000000000000000000 ) ) ;
#3558 = EDGE_LOOP ( 'NONE', ( #1174, #4141, #1117, #3908 ) ) ;
#3559 = DIRECTION ( 'NONE',  ( 1.000000000000000000, -0.000000000000000000, -0.000000000000000000 ) ) ;
#3560 = AXIS2_PLACEMENT_3D ( 'NONE', #819, #1579, #2404 ) ;
#3561 = AXIS2_PLACEMENT_3D ( 'NONE', #4699, #2684, #786 ) ;
#3562 = DIRECTION ( 'NONE',  ( 0.000000000000000000, 1.000000000000000000, 0.000000000000000000 ) ) ;
#3563 = AXIS2_PLACEMENT_3D ( 'NONE', #3021, #4623, #1042 ) ;
#3564 = ORIENTED_EDGE ( 'NONE', *, *, #1445, .T. ) ;
#3565 = AXIS2_PLACEMENT_3D ( 'NONE', #1442, #3424, #2639 ) ;
#3566 = FACE_OUTER_BOUND ( 'NONE', #2739, .T. ) ;
#3567 = DIRECTION ( 'NONE',  ( 1.000000000000000000, 0.000000000000000000, 0.000000000000000000 ) ) ;
#3568 = CIRCLE ( 'NONE', #3918, 3.249999999999919620 ) ;
#3569 = VECTOR ( 'NONE', #3838, 1000.000000000000000 ) ;
#3570 = ORIENTED_EDGE ( 'NONE', *, *, #4099, .F. ) ;
#3571 = DIRECTION ( 'NONE',  ( 0.000000000000000000, 1.000000000000000000, 0.000000000000000000 ) ) ;
#3572 = EDGE_CURVE ( 'NONE', #3815, #1141, #5078, .T. ) ;
#3573 = AXIS2_PLACEMENT_3D ( 'NONE', #4876, #4932, #2183 ) ;
#3574 = DIRECTION ( 'NONE',  ( 1.000000000000000000, -0.000000000000000000, -0.000000000000000000 ) ) ;
#3575 = VECTOR ( 'NONE', #2257, 1000.000000000000114 ) ;
#3576 = EDGE_LOOP ( 'NONE', ( #3555, #2128, #137, #1351 ) ) ;
#3577 = PLANE ( 'NONE',  #2389 ) ;
#3578 = VECTOR ( 'NONE', #4299, 1000.000000000000000 ) ;
#3579 = AXIS2_PLACEMENT_3D ( 'NONE', #20, #1600, #2791 ) ;
#3580 = EDGE_CURVE ( 'NONE', #1366, #3212, #3826, .T. ) ;
#3581 = CARTESIAN_POINT ( 'NONE',  ( -82.50000000000002842, 30.00000000000000000, 13.00000000000000533 ) ) ;
#3582 = EDGE_CURVE ( 'NONE', #635, #1974, #3987, .T. ) ;
#3583 = CARTESIAN_POINT ( 'NONE',  ( -89.50000000000005684, 11.89999999999999325, 20.00000000000000000 ) ) ;
#3584 = CARTESIAN_POINT ( 'NONE',  ( 89.00000000000002842, 28.99999999999999645, 250.0000000000000000 ) ) ;
#3585 = CARTESIAN_POINT ( 'NONE',  ( -82.49999999999995737, -9.500000000000079936, 242.0000000000000284 ) ) ;
#3586 = ORIENTED_EDGE ( 'NONE', *, *, #4286, .T. ) ;
#3587 = DIRECTION ( 'NONE',  ( -1.000000000000000000, 0.000000000000000000, 0.000000000000000000 ) ) ;
#3588 = VERTEX_POINT ( 'NONE', #3592 ) ;
#3589 = DIRECTION ( 'NONE',  ( 0.000000000000000000, 0.000000000000000000, -1.000000000000000000 ) ) ;
#3590 = DIRECTION ( 'NONE',  ( 0.000000000000000000, 0.000000000000000000, 1.000000000000000000 ) ) ;
#3591 = ORIENTED_EDGE ( 'NONE', *, *, #182, .T. ) ;
#3592 = CARTESIAN_POINT ( 'NONE',  ( -85.25000000000004263, 24.49999999999996092, 8.000000000000028422 ) ) ;
#3593 = DIRECTION ( 'NONE',  ( 0.7071067811865474617, 0.7071067811865474617, 0.000000000000000000 ) ) ;
#3594 = EDGE_LOOP ( 'NONE', ( #4005, #3398, #1398, #413 ) ) ;
#3595 = DIRECTION ( 'NONE',  ( -1.000000000000000000, 0.000000000000000000, 0.000000000000000000 ) ) ;
#3596 = PRODUCT_DEFINITION_CONTEXT ( 'detailed design', #3760, 'design' ) ;
#3597 = CARTESIAN_POINT ( 'NONE',  ( -89.50000000000005684, 11.89999999999999325, 184.9999999999999716 ) ) ;
#3598 = ORIENTED_EDGE ( 'NONE', *, *, #4031, .F. ) ;
#3599 = CARTESIAN_POINT ( 'NONE',  ( 85.25000000000004263, -10.00000000000000178, 242.0000000000000000 ) ) ;
#3600 = DIRECTION ( 'NONE',  ( 0.000000000000000000, 0.000000000000000000, 1.000000000000000000 ) ) ;
#3601 = DIRECTION ( 'NONE',  ( 0.000000000000000000, 0.000000000000000000, -1.000000000000000000 ) ) ;
#3602 = CARTESIAN_POINT ( 'NONE',  ( -75.50000000000009948, 15.00000000000000178, 234.6999999999999318 ) ) ;
#3603 = ORIENTED_EDGE ( 'NONE', *, *, #621, .F. ) ;
#3604 = EDGE_CURVE ( 'NONE', #2553, #2293, #493, .T. ) ;
#3605 = CARTESIAN_POINT ( 'NONE',  ( -82.49999999999995737, 29.50000000000003553, 237.5000000000000284 ) ) ;
#3606 = ADVANCED_FACE ( 'NONE', ( #1614 ), #2318, .F. ) ;
#3607 = EDGE_CURVE ( 'NONE', #4229, #4213, #4097, .T. ) ;
#3608 = ORIENTED_EDGE ( 'NONE', *, *, #2753, .F. ) ;
#3609 = DIRECTION ( 'NONE',  ( 0.000000000000000000, 0.000000000000000000, 1.000000000000000000 ) ) ;
#3610 = EDGE_CURVE ( 'NONE', #3798, #4532, #3216, .T. ) ;
#3611 = ORIENTED_EDGE ( 'NONE', *, *, #2206, .F. ) ;
#3612 = CARTESIAN_POINT ( 'NONE',  ( -82.49999999999997158, 24.50000000000001776, 242.0000000000000284 ) ) ;
#3613 = DIRECTION ( 'NONE',  ( 0.000000000000000000, 0.000000000000000000, 1.000000000000000000 ) ) ;
#3614 = ORIENTED_EDGE ( 'NONE', *, *, #2210, .T. ) ;
#3615 = CARTESIAN_POINT ( 'NONE',  ( -90.00000000000000000, 10.00000000000000000, 1.000000000000000888 ) ) ;
#3616 = DIRECTION ( 'NONE',  ( -0.7071067811865376918, 0.000000000000000000, 0.7071067811865573427 ) ) ;
#3617 = VERTEX_POINT ( 'NONE', #2080 ) ;
#3618 = CARTESIAN_POINT ( 'NONE',  ( 75.00000000000000000, 30.00000000000000000, 1.000000000000000888 ) ) ;
#3619 = DIRECTION ( 'NONE',  ( 1.000000000000000000, 0.000000000000000000, 0.000000000000000000 ) ) ;
#3620 = EDGE_CURVE ( 'NONE', #4213, #3634, #2856, .T. ) ;
#3621 = VERTEX_POINT ( 'NONE', #4439 ) ;
#3622 = DIRECTION ( 'NONE',  ( 0.7071067811865475727, 0.000000000000000000, -0.7071067811865475727 ) ) ;
#3623 = LINE ( 'NONE', #537, #2086 ) ;
#3624 = EDGE_LOOP ( 'NONE', ( #1774, #2263, #4145, #4899, #4679 ) ) ;
#3625 = CARTESIAN_POINT ( 'NONE',  ( -75.00000000000000000, 15.00000000000000178, 219.2000000000000171 ) ) ;
#3626 = CIRCLE ( 'NONE', #557, 4.500000000000003553 ) ;
#3627 = ORIENTED_EDGE ( 'NONE', *, *, #2777, .F. ) ;
#3628 = AXIS2_PLACEMENT_3D ( 'NONE', #3860, #1893, #3960 ) ;
#3629 = CARTESIAN_POINT ( 'NONE',  ( -82.50000000000002842, -10.00000000000000000, 4.750000000000108358 ) ) ;
#3630 = CYLINDRICAL_SURFACE ( 'NONE', #86, 2.750000000000002665 ) ;
#3631 = AXIS2_PLACEMENT_3D ( 'NONE', #3794, #3719, #2931 ) ;
#3632 = CONICAL_SURFACE ( 'NONE', #1392, 1.000000000000000888, 0.7853981633974473908 ) ;
#3633 = ORIENTED_EDGE ( 'NONE', *, *, #4549, .T. ) ;
#3634 = VERTEX_POINT ( 'NONE', #858 ) ;
#3635 = ADVANCED_FACE ( 'NONE', ( #4066 ), #3, .F. ) ;
#3636 = DIRECTION ( 'NONE',  ( -0.000000000000000000, -1.000000000000000000, 0.000000000000000000 ) ) ;
#3637 = EDGE_CURVE ( 'NONE', #2022, #3836, #4915, .T. ) ;
#3638 = LINE ( 'NONE', #71, #2796 ) ;
#3639 = ORIENTED_EDGE ( 'NONE', *, *, #4677, .T. ) ;
#3640 = LINE ( 'NONE', #108, #1822 ) ;
#3641 = EDGE_CURVE ( 'NONE', #1210, #351, #4244, .T. ) ;
#3642 = CARTESIAN_POINT ( 'NONE',  ( 82.50000000000005684, -10.00000000000000000, 8.000000000000007105 ) ) ;
#3643 = VERTEX_POINT ( 'NONE', #2619 ) ;
#3644 = LINE ( 'NONE', #3254, #2572 ) ;
#3645 = EDGE_CURVE ( 'NONE', #3672, #2184, #3662, .T. ) ;
#3646 = CARTESIAN_POINT ( 'NONE',  ( -71.23606797749977204, 27.99999999999999645, 0.000000000000000000 ) ) ;
#3647 = AXIS2_PLACEMENT_3D ( 'NONE', #200, #3691, #3741 ) ;
#3648 = AXIS2_PLACEMENT_3D ( 'NONE', #1523, #4653, #4727 ) ;
#3649 = AXIS2_PLACEMENT_3D ( 'NONE', #40, #1622, #3203 ) ;
#3650 = ORIENTED_EDGE ( 'NONE', *, *, #240, .F. ) ;
#3651 = VECTOR ( 'NONE', #3493, 1000.000000000000000 ) ;
#3652 = CARTESIAN_POINT ( 'NONE',  ( 85.49999999999988631, 15.00000000000000178, 232.9999999999999716 ) ) ;
#3653 = DIRECTION ( 'NONE',  ( 0.000000000000000000, 0.000000000000000000, 1.000000000000000000 ) ) ;
#3654 = VERTEX_POINT ( 'NONE', #1786 ) ;
#3655 = AXIS2_PLACEMENT_3D ( 'NONE', #4148, #2186, #2091 ) ;
#3656 = DIRECTION ( 'NONE',  ( -0.000000000000000000, 1.000000000000000000, -0.000000000000000000 ) ) ;
#3657 = VECTOR ( 'NONE', #315, 1000.000000000000114 ) ;
#3658 = VECTOR ( 'NONE', #576, 1000.000000000000000 ) ;
#3659 = DIRECTION ( 'NONE',  ( 1.000000000000000000, 0.000000000000000000, 0.000000000000000000 ) ) ;
#3660 = VERTEX_POINT ( 'NONE', #2912 ) ;
#3661 = VECTOR ( 'NONE', #3909, 1000.000000000000114 ) ;
#3662 = CIRCLE ( 'NONE', #668, 1.699999999999951550 ) ;
#3663 = AXIS2_PLACEMENT_3D ( 'NONE', #2001, #2352, #4357 ) ;
#3664 = AXIS2_PLACEMENT_3D ( 'NONE', #5127, #3132, #771 ) ;
#3665 = DIRECTION ( 'NONE',  ( 0.000000000000000000, -2.102695122396130717E-17, -1.000000000000000000 ) ) ;
#3666 = DIRECTION ( 'NONE',  ( 0.000000000000000000, 0.000000000000000000, 1.000000000000000000 ) ) ;
#3667 = AXIS2_PLACEMENT_3D ( 'NONE', #1426, #1029, #3852 ) ;
#3668 = VERTEX_POINT ( 'NONE', #2570 ) ;
#3669 = ORIENTED_EDGE ( 'NONE', *, *, #24, .T. ) ;
#3670 = CARTESIAN_POINT ( 'NONE',  ( 85.31222956928671408, 11.89999999999999325, 20.00000000000000000 ) ) ;
#3671 = CARTESIAN_POINT ( 'NONE',  ( 82.50000000000002842, 25.00000000000000000, 242.0000000000000000 ) ) ;
#3672 = VERTEX_POINT ( 'NONE', #4930 ) ;
#3673 = CARTESIAN_POINT ( 'NONE',  ( -86.00000000000000000, 15.00000000000000178, 216.9999999999999716 ) ) ;
#3674 = EDGE_CURVE ( 'NONE', #1178, #3621, #1032, .T. ) ;
#3675 = FACE_OUTER_BOUND ( 'NONE', #2031, .T. ) ;
#3676 = VERTEX_POINT ( 'NONE', #549 ) ;
#3677 = DIRECTION ( 'NONE',  ( 1.000000000000000000, -0.000000000000000000, -0.000000000000000000 ) ) ;
#3678 = DIRECTION ( 'NONE',  ( 0.000000000000000000, 0.000000000000000000, 1.000000000000000000 ) ) ;
#3679 = EDGE_CURVE ( 'NONE', #2592, #3684, #2517, .T. ) ;
#3680 = EDGE_CURVE ( 'NONE', #2680, #2636, #1083, .T. ) ;
#3681 = EDGE_CURVE ( 'NONE', #2277, #3364, #587, .T. ) ;
#3682 = EDGE_CURVE ( 'NONE', #3617, #1768, #4950, .T. ) ;
#3683 = DIRECTION ( 'NONE',  ( -0.000000000000000000, 1.000000000000000000, -0.000000000000000000 ) ) ;
#3684 = VERTEX_POINT ( 'NONE', #2223 ) ;
#3685 = CYLINDRICAL_SURFACE ( 'NONE', #2147, 1.599999999999993872 ) ;
#3686 = CARTESIAN_POINT ( 'NONE',  ( 82.50000000000005684, 24.99999999999999645, 3.500000000000002220 ) ) ;
#3687 = ORIENTED_EDGE ( 'NONE', *, *, #4772, .F. ) ;
#3688 = CARTESIAN_POINT ( 'NONE',  ( -79.75000000000002842, -10.00000000000004441, 8.000000000000028422 ) ) ;
#3689 = CARTESIAN_POINT ( 'NONE',  ( -75.49999999999997158, 13.40000000000000213, 20.00000000000000000 ) ) ;
#3690 = ORIENTED_EDGE ( 'NONE', *, *, #1289, .F. ) ;
#3691 = DIRECTION ( 'NONE',  ( 1.000000000000000000, 0.000000000000000000, 0.000000000000000000 ) ) ;
#3692 = DIRECTION ( 'NONE',  ( 1.000000000000000000, 0.000000000000000000, 0.000000000000000000 ) ) ;
#3693 = ORIENTED_EDGE ( 'NONE', *, *, #3325, .F. ) ;
#3694 = ORIENTED_EDGE ( 'NONE', *, *, #1984, .T. ) ;
#3695 = ORIENTED_EDGE ( 'NONE', *, *, #396, .T. ) ;
#3696 = FACE_OUTER_BOUND ( 'NONE', #199, .T. ) ;
#3697 = CARTESIAN_POINT ( 'NONE',  ( -89.50000000000005684, 14.99999999999999822, 19.99999999999998934 ) ) ;
#3698 = ORIENTED_EDGE ( 'NONE', *, *, #21, .F. ) ;
#3699 = LINE ( 'NONE', #2382, #3150 ) ;
#3700 = CARTESIAN_POINT ( 'NONE',  ( -82.49999999999995737, 30.00000000000000000, 242.0000000000000284 ) ) ;
#3701 = VERTEX_POINT ( 'NONE', #3824 ) ;
#3702 = CARTESIAN_POINT ( 'NONE',  ( -86.00000000000000000, 15.00000000000000178, 216.9999999999999716 ) ) ;
#3703 = PLANE ( 'NONE',  #142 ) ;
#3704 = DIRECTION ( 'NONE',  ( 1.000000000000000000, 0.000000000000000000, 0.000000000000000000 ) ) ;
#3705 = EDGE_LOOP ( 'NONE', ( #2079, #894, #4952, #2460, #4595 ) ) ;
#3706 = CARTESIAN_POINT ( 'NONE',  ( 75.50000000000004263, 15.00000000000000178, 232.9999999999999716 ) ) ;
#3707 = CARTESIAN_POINT ( 'NONE',  ( 86.00000000000000000, 15.00000000000000178, 219.2000000000000739 ) ) ;
#3708 = EDGE_CURVE ( 'NONE', #3364, #976, #1498, .T. ) ;
#3709 = ORIENTED_EDGE ( 'NONE', *, *, #3899, .T. ) ;
#3710 = EDGE_CURVE ( 'NONE', #2904, #4277, #1910, .T. ) ;
#3711 = VERTEX_POINT ( 'NONE', #2180 ) ;
#3712 = EDGE_CURVE ( 'NONE', #3935, #4995, #1830, .T. ) ;
#3713 = EDGE_CURVE ( 'NONE', #1325, #4698, #2125, .T. ) ;
#3714 = CARTESIAN_POINT ( 'NONE',  ( 89.00000000000002842, 0.000000000000000000, 250.0000000000000000 ) ) ;
#3715 = CARTESIAN_POINT ( 'NONE',  ( 82.50000000000002842, 25.00000000000000000, 238.7500000000000000 ) ) ;
#3716 = CIRCLE ( 'NONE', #1467, 2.750000000000002665 ) ;
#3717 = ORIENTED_EDGE ( 'NONE', *, *, #4270, .F. ) ;
#3718 = DIRECTION ( 'NONE',  ( 0.4472135954999583163, -0.8944271909999156334, 0.000000000000000000 ) ) ;
#3719 = DIRECTION ( 'NONE',  ( -1.000000000000000000, -0.000000000000000000, 0.000000000000000000 ) ) ;
#3720 = ORIENTED_EDGE ( 'NONE', *, *, #963, .F. ) ;
#3721 = CYLINDRICAL_SURFACE ( 'NONE', #2246, 3.099999999999991651 ) ;
#3722 = AXIS2_PLACEMENT_3D ( 'NONE', #2436, #878, #4873 ) ;
#3723 = DIRECTION ( 'NONE',  ( 0.000000000000000000, 0.7071067811865487940, -0.7071067811865463515 ) ) ;
#3724 = EDGE_LOOP ( 'NONE', ( #2779, #3762, #3570, #2843, #183 ) ) ;
#3725 = LINE ( 'NONE', #235, #2072 ) ;
#3726 = DIRECTION ( 'NONE',  ( 0.000000000000000000, 0.000000000000000000, 1.000000000000000000 ) ) ;
#3727 = LINE ( 'NONE', #2943, #1161 ) ;
#3728 = ORIENTED_EDGE ( 'NONE', *, *, #3389, .F. ) ;
#3729 = AXIS2_PLACEMENT_3D ( 'NONE', #4187, #124, #3289 ) ;
#3730 = LINE ( 'NONE', #4988, #2065 ) ;
#3731 = LINE ( 'NONE', #3387, #2633 ) ;
#3732 = ORIENTED_EDGE ( 'NONE', *, *, #689, .T. ) ;
#3733 = AXIS2_PLACEMENT_3D ( 'NONE', #610, #1413, #1753 ) ;
#3734 = CIRCLE ( 'NONE', #3565, 2.750000000000002665 ) ;
#3735 = CARTESIAN_POINT ( 'NONE',  ( -75.00000000000000000, 30.00000000000000000, 249.0000000000000000 ) ) ;
#3736 = VERTEX_POINT ( 'NONE', #230 ) ;
#3737 = VECTOR ( 'NONE', #2360, 1000.000000000000000 ) ;
#3738 = EDGE_CURVE ( 'NONE', #961, #1568, #257, .T. ) ;
#3739 = AXIS2_PLACEMENT_3D ( 'NONE', #196, #948, #3361 ) ;
#3740 = AXIS2_PLACEMENT_3D ( 'NONE', #1514, #4773, #1928 ) ;
#3741 = DIRECTION ( 'NONE',  ( 0.000000000000000000, 0.000000000000000000, -1.000000000000000000 ) ) ;
#3742 = EDGE_CURVE ( 'NONE', #4812, #1931, #572, .T. ) ;
#3743 = DIRECTION ( 'NONE',  ( 0.000000000000000000, 0.000000000000000000, 1.000000000000000000 ) ) ;
#3744 = STYLED_ITEM ( 'NONE', ( #2918 ), #906 ) ;
#3745 = CIRCLE ( 'NONE', #1243, 2.200000000000090772 ) ;
#3746 = VECTOR ( 'NONE', #643, 1000.000000000000000 ) ;
#3747 = ADVANCED_FACE ( 'NONE', ( #1810 ), #3721, .F. ) ;
#3748 = AXIS2_PLACEMENT_3D ( 'NONE', #1968, #3556, #2044 ) ;
#3749 = EDGE_LOOP ( 'NONE', ( #377, #4671, #1539, #2802 ) ) ;
#3750 = CARTESIAN_POINT ( 'NONE',  ( 89.50000000000002842, 15.00000000000000178, 232.9999999999999716 ) ) ;
#3751 = CARTESIAN_POINT ( 'NONE',  ( 85.25000000000002842, 24.49999999999999289, 242.0000000000000000 ) ) ;
#3752 = VERTEX_POINT ( 'NONE', #3753 ) ;
#3753 = CARTESIAN_POINT ( 'NONE',  ( 85.25000000000004263, 24.49999999999998579, 8.000000000000007105 ) ) ;
#3754 = VECTOR ( 'NONE', #1981, 1000.000000000000114 ) ;
#3755 = ORIENTED_EDGE ( 'NONE', *, *, #4319, .T. ) ;
#3756 = DIRECTION ( 'NONE',  ( 0.000000000000000000, 0.000000000000000000, 1.000000000000000000 ) ) ;
#3757 = ORIENTED_EDGE ( 'NONE', *, *, #1281, .T. ) ;
#3758 = DIRECTION ( 'NONE',  ( 0.000000000000000000, -0.000000000000000000, 1.000000000000000000 ) ) ;
#3759 = CARTESIAN_POINT ( 'NONE',  ( -79.75000000000004263, 24.49999999999996092, 8.000000000000028422 ) ) ;
#3760 = APPLICATION_CONTEXT ( 'automotive_design' ) ;
#3761 = DIRECTION ( 'NONE',  ( 0.000000000000000000, 0.000000000000000000, -1.000000000000000000 ) ) ;
#3762 = ORIENTED_EDGE ( 'NONE', *, *, #3641, .F. ) ;
#3763 = CARTESIAN_POINT ( 'NONE',  ( -75.49999999999997158, 14.99999999999999822, 20.00000000000000000 ) ) ;
#3764 = CARTESIAN_POINT ( 'NONE',  ( 82.50000000000005684, 29.50000000000003553, 3.500000000000002220 ) ) ;
#3765 = DIRECTION ( 'NONE',  ( 0.000000000000000000, 0.000000000000000000, 1.000000000000000000 ) ) ;
#3766 = EDGE_LOOP ( 'NONE', ( #2642, #3059, #2944, #720 ) ) ;
#3767 = CARTESIAN_POINT ( 'NONE',  ( 82.50000000000004263, 24.99999999999999645, 8.000000000000007105 ) ) ;
#3768 = CYLINDRICAL_SURFACE ( 'NONE', #1337, 2.750000000000002665 ) ;
#3769 = EDGE_LOOP ( 'NONE', ( #3253, #4266, #4778, #2414 ) ) ;
#3770 = DIRECTION ( 'NONE',  ( 0.000000000000000000, 0.000000000000000000, 1.000000000000000000 ) ) ;
#3771 = DIRECTION ( 'NONE',  ( 1.000000000000000000, 0.000000000000000000, 0.000000000000000000 ) ) ;
#3772 = ORIENTED_EDGE ( 'NONE', *, *, #3582, .T. ) ;
#3773 = ADVANCED_FACE ( 'NONE', ( #187 ), #4588, .F. ) ;
#3774 = EDGE_CURVE ( 'NONE', #4886, #952, #1840, .T. ) ;
#3775 = CARTESIAN_POINT ( 'NONE',  ( -66.23187591328682799, 15.00000000000000178, 216.9999999999999716 ) ) ;
#3776 = EDGE_CURVE ( 'NONE', #4558, #4110, #2933, .T. ) ;
#3777 = ORIENTED_EDGE ( 'NONE', *, *, #4453, .T. ) ;
#3778 = DIRECTION ( 'NONE',  ( -0.000000000000000000, -1.000000000000000000, -0.000000000000000000 ) ) ;
#3779 = ORIENTED_EDGE ( 'NONE', *, *, #1380, .F. ) ;
#3780 = DIRECTION ( 'NONE',  ( -0.7071067811865404673, 0.000000000000000000, 0.7071067811865545671 ) ) ;
#3781 = DIRECTION ( 'NONE',  ( -1.000000000000000000, -0.000000000000000000, 0.000000000000000000 ) ) ;
#3782 = DIRECTION ( 'NONE',  ( 0.000000000000000000, 0.000000000000000000, 1.000000000000000000 ) ) ;
#3783 = CARTESIAN_POINT ( 'NONE',  ( 73.23606797749977204, 27.99999999999999645, 0.000000000000000000 ) ) ;
#3784 = FACE_OUTER_BOUND ( 'NONE', #2281, .T. ) ;
#3785 = ORIENTED_EDGE ( 'NONE', *, *, #4009, .F. ) ;
#3786 = DIRECTION ( 'NONE',  ( 1.000000000000000000, 0.000000000000000000, 0.000000000000000000 ) ) ;
#3787 = CARTESIAN_POINT ( 'NONE',  ( 90.00000000000000000, -10.00000000000000000, 250.0000000000000000 ) ) ;
#3788 = CARTESIAN_POINT ( 'NONE',  ( 82.50000000000005684, 29.50000000000003553, 12.50000000000001066 ) ) ;
#3789 = VERTEX_POINT ( 'NONE', #674 ) ;
#3790 = ORIENTED_EDGE ( 'NONE', *, *, #2175, .F. ) ;
#3791 = DIRECTION ( 'NONE',  ( 1.000000000000000000, -0.000000000000000000, -0.000000000000000000 ) ) ;
#3792 = EDGE_LOOP ( 'NONE', ( #4050, #2516 ) ) ;
#3793 = DIRECTION ( 'NONE',  ( 0.7071067811865279218, 0.7071067811865672237, 0.000000000000000000 ) ) ;
#3794 = CARTESIAN_POINT ( 'NONE',  ( -75.00000000000000000, 15.00000000000000178, 216.9999999999999716 ) ) ;
#3795 = ORIENTED_EDGE ( 'NONE', *, *, #594, .T. ) ;
#3796 = CARTESIAN_POINT ( 'NONE',  ( 90.00000000000000000, 15.00000000000000178, 216.9999999999999716 ) ) ;
#3797 = AXIS2_PLACEMENT_3D ( 'NONE', #169, #2551, #4573 ) ;
#3798 = VERTEX_POINT ( 'NONE', #5053 ) ;
#3799 = EDGE_CURVE ( 'NONE', #4401, #2391, #3239, .T. ) ;
#3800 = DIRECTION ( 'NONE',  ( 0.000000000000000000, 0.000000000000000000, 1.000000000000000000 ) ) ;
#3801 = ORIENTED_EDGE ( 'NONE', *, *, #779, .T. ) ;
#3802 = FACE_OUTER_BOUND ( 'NONE', #1701, .T. ) ;
#3803 = LINE ( 'NONE', #1038, #4801 ) ;
#3804 = CONICAL_SURFACE ( 'NONE', #2635, 4.500000000000003553, 0.7853981633974569387 ) ;
#3805 = DIRECTION ( 'NONE',  ( 0.000000000000000000, 0.000000000000000000, 1.000000000000000000 ) ) ;
#3806 = EDGE_CURVE ( 'NONE', #5064, #67, #5084, .T. ) ;
#3807 = EDGE_CURVE ( 'NONE', #2434, #386, #5109, .T. ) ;
#3808 = VECTOR ( 'NONE', #2413, 1000.000000000000000 ) ;
#3809 = CARTESIAN_POINT ( 'NONE',  ( -86.00000000000000000, 30.00000000000000000, 0.000000000000000000 ) ) ;
#3810 = EDGE_LOOP ( 'NONE', ( #2519, #141, #5074, #3268, #887 ) ) ;
#3811 = PLANE ( 'NONE',  #1653 ) ;
#3812 = LINE ( 'NONE', #1021, #885 ) ;
#3813 = DIRECTION ( 'NONE',  ( -1.000000000000000000, 0.000000000000000000, 0.000000000000000000 ) ) ;
#3814 = ORIENTED_EDGE ( 'NONE', *, *, #3319, .F. ) ;
#3815 = VERTEX_POINT ( 'NONE', #774 ) ;
#3816 = DIRECTION ( 'NONE',  ( 0.000000000000000000, -1.000000000000000000, 2.102695122396130717E-17 ) ) ;
#3817 = CIRCLE ( 'NONE', #3143, 2.750000000000009326 ) ;
#3818 = AXIS2_PLACEMENT_3D ( 'NONE', #1596, #1128, #3974 ) ;
#3819 = VECTOR ( 'NONE', #517, 1000.000000000000000 ) ;
#3820 = CARTESIAN_POINT ( 'NONE',  ( -82.50000000000004263, 24.49999999999996092, 8.000000000000028422 ) ) ;
#3821 = CYLINDRICAL_SURFACE ( 'NONE', #1903, 4.500000000000003553 ) ;
#3822 = CARTESIAN_POINT ( 'NONE',  ( -82.50000000000002842, 29.50000000000003553, 3.500000000000023093 ) ) ;
#3823 = ORIENTED_EDGE ( 'NONE', *, *, #2496, .F. ) ;
#3824 = CARTESIAN_POINT ( 'NONE',  ( 82.50000000000005684, 24.99999999999999645, 12.50000000000001066 ) ) ;
#3825 = VECTOR ( 'NONE', #3462, 1000.000000000000114 ) ;
#3826 = CIRCLE ( 'NONE', #1990, 1.699999999999951550 ) ;
#3827 = VECTOR ( 'NONE', #111, 1000.000000000000000 ) ;
#3828 = ORIENTED_EDGE ( 'NONE', *, *, #1613, .F. ) ;
#3829 = DIRECTION ( 'NONE',  ( 0.000000000000000000, 0.000000000000000000, 1.000000000000000000 ) ) ;
#3830 = CIRCLE ( 'NONE', #88, 2.750000000000002665 ) ;
#3831 = EDGE_LOOP ( 'NONE', ( #2493, #4850, #647, #2754 ) ) ;
#3832 = VECTOR ( 'NONE', #1603, 999.9999999999998863 ) ;
#3833 = DIRECTION ( 'NONE',  ( 1.000000000000000000, 0.000000000000000000, -0.000000000000000000 ) ) ;
#3834 = CARTESIAN_POINT ( 'NONE',  ( 86.00000000000000000, 14.99999999999999822, 19.99999999999998934 ) ) ;
#3835 = CONICAL_SURFACE ( 'NONE', #3410, 1.699999999999951550, 0.7853981633974721488 ) ;
#3836 = VERTEX_POINT ( 'NONE', #3956 ) ;
#3837 = CIRCLE ( 'NONE', #3579, 3.099999999999991651 ) ;
#3838 = DIRECTION ( 'NONE',  ( -1.000000000000000000, -0.000000000000000000, -0.000000000000000000 ) ) ;
#3839 = CIRCLE ( 'NONE', #4510, 1.599999999999990319 ) ;
#3840 = FACE_OUTER_BOUND ( 'NONE', #2100, .T. ) ;
#3841 = VERTEX_POINT ( 'NONE', #335 ) ;
#3842 = CARTESIAN_POINT ( 'NONE',  ( 82.50000000000004263, 24.99999999999999645, 242.0000000000000000 ) ) ;
#3843 = DIRECTION ( 'NONE',  ( -1.000000000000000000, -0.000000000000000000, 0.000000000000000000 ) ) ;
#3844 = EDGE_CURVE ( 'NONE', #876, #4320, #4664, .T. ) ;
#3845 = EDGE_CURVE ( 'NONE', #4441, #1833, #337, .T. ) ;
#3846 = DIRECTION ( 'NONE',  ( -1.000000000000000000, 0.000000000000000000, 0.000000000000000000 ) ) ;
#3847 = ORIENTED_EDGE ( 'NONE', *, *, #459, .F. ) ;
#3848 = EDGE_CURVE ( 'NONE', #1141, #785, #1964, .T. ) ;
#3849 = EDGE_LOOP ( 'NONE', ( #1041, #1031, #1333, #439, #3443 ) ) ;
#3850 = EDGE_CURVE ( 'NONE', #2437, #1495, #721, .T. ) ;
#3851 = DIRECTION ( 'NONE',  ( -1.000000000000000000, 0.000000000000000000, 0.000000000000000000 ) ) ;
#3852 = DIRECTION ( 'NONE',  ( -0.000000000000000000, 0.000000000000000000, -1.000000000000000000 ) ) ;
#3853 = FACE_OUTER_BOUND ( 'NONE', #1081, .T. ) ;
#3854 = ORIENTED_EDGE ( 'NONE', *, *, #3850, .T. ) ;
#3855 = DIRECTION ( 'NONE',  ( 0.000000000000000000, 0.000000000000000000, -1.000000000000000000 ) ) ;
#3856 = ORIENTED_EDGE ( 'NONE', *, *, #4196, .T. ) ;
#3857 = CARTESIAN_POINT ( 'NONE',  ( -89.00000000000000000, 30.00000000000000000, 1.000000000000000888 ) ) ;
#3858 = ORIENTED_EDGE ( 'NONE', *, *, #2040, .T. ) ;
#3859 = CARTESIAN_POINT ( 'NONE',  ( 82.50000000000004263, 24.49999999999998579, 10.75000000000001599 ) ) ;
#3860 = CARTESIAN_POINT ( 'NONE',  ( -85.50000000000004263, 13.40000000000000568, 184.9999999999999716 ) ) ;
#3861 = ORIENTED_EDGE ( 'NONE', *, *, #1949, .T. ) ;
#3862 = DIRECTION ( 'NONE',  ( -0.7071067811865475727, 0.000000000000000000, -0.7071067811865475727 ) ) ;
#3863 = CARTESIAN_POINT ( 'NONE',  ( -75.00000000000000000, 19.99999999999999645, 0.000000000000000000 ) ) ;
#3864 = DIRECTION ( 'NONE',  ( -1.000000000000000000, 0.000000000000000000, 0.000000000000000000 ) ) ;
#3865 = ORIENTED_EDGE ( 'NONE', *, *, #870, .F. ) ;
#3866 = DIRECTION ( 'NONE',  ( -0.7071067811865279218, -0.7071067811865671127, 0.000000000000000000 ) ) ;
#3867 = CARTESIAN_POINT ( 'NONE',  ( 89.50000000000002842, 15.00000000000000178, 213.8999999999999773 ) ) ;
#3868 = EDGE_LOOP ( 'NONE', ( #1269, #1273, #4546, #3302 ) ) ;
#3869 = ORIENTED_EDGE ( 'NONE', *, *, #1673, .F. ) ;
#3870 = EDGE_CURVE ( 'NONE', #2705, #1367, #2696, .T. ) ;
#3871 = DIRECTION ( 'NONE',  ( -1.000000000000000000, -0.000000000000000000, -0.000000000000000000 ) ) ;
#3872 = EDGE_CURVE ( 'NONE', #2851, #232, #4353, .T. ) ;
#3873 = DIRECTION ( 'NONE',  ( 0.000000000000000000, 0.000000000000000000, 1.000000000000000000 ) ) ;
#3874 = CARTESIAN_POINT ( 'NONE',  ( 75.00000000000000000, 15.00000000000000178, 235.1999999999999602 ) ) ;
#3875 = ORIENTED_EDGE ( 'NONE', *, *, #4861, .F. ) ;
#3876 = EDGE_CURVE ( 'NONE', #3660, #875, #1137, .T. ) ;
#3877 = CYLINDRICAL_SURFACE ( 'NONE', #3900, 3.099999999999991651 ) ;
#3878 = EDGE_LOOP ( 'NONE', ( #1153, #2410, #2485, #765 ) ) ;
#3879 = LINE ( 'NONE', #3033, #1417 ) ;
#3880 = ORIENTED_EDGE ( 'NONE', *, *, #2911, .T. ) ;
#3881 = DIRECTION ( 'NONE',  ( 0.000000000000000000, 0.000000000000000000, -1.000000000000000000 ) ) ;
#3882 = ORIENTED_EDGE ( 'NONE', *, *, #2247, .T. ) ;
#3883 = DIRECTION ( 'NONE',  ( 0.000000000000000000, 0.000000000000000000, -1.000000000000000000 ) ) ;
#3884 = LINE ( 'NONE', #3913, #4480 ) ;
#3885 = ORIENTED_EDGE ( 'NONE', *, *, #2844, .T. ) ;
#3886 = LINE ( 'NONE', #1146, #3067 ) ;
#3887 = AXIS2_PLACEMENT_3D ( 'NONE', #14, #4285, #2268 ) ;
#3888 = PLANE ( 'NONE',  #507 ) ;
#3889 = VERTEX_POINT ( 'NONE', #1055 ) ;
#3890 = CARTESIAN_POINT ( 'NONE',  ( -75.50000000000009948, 15.00000000000000178, 215.3000000000000114 ) ) ;
#3891 = AXIS2_PLACEMENT_3D ( 'NONE', #709, #3925, #2361 ) ;
#3892 = DIRECTION ( 'NONE',  ( 0.000000000000000000, 0.000000000000000000, -1.000000000000000000 ) ) ;
#3893 = AXIS2_PLACEMENT_3D ( 'NONE', #49, #4461, #2878 ) ;
#3894 = ORIENTED_EDGE ( 'NONE', *, *, #4352, .T. ) ;
#3895 = DIRECTION ( 'NONE',  ( 0.000000000000000000, 0.000000000000000000, -1.000000000000000000 ) ) ;
#3896 = DIRECTION ( 'NONE',  ( -0.000000000000000000, -0.000000000000000000, -1.000000000000000000 ) ) ;
#3897 = ORIENTED_EDGE ( 'NONE', *, *, #1387, .F. ) ;
#3898 = EDGE_CURVE ( 'NONE', #2010, #4843, #3407, .T. ) ;
#3899 = EDGE_CURVE ( 'NONE', #1633, #1735, #3136, .T. ) ;
#3900 = AXIS2_PLACEMENT_3D ( 'NONE', #259, #2255, #4212 ) ;
#3901 = FACE_OUTER_BOUND ( 'NONE', #3120, .T. ) ;
#3902 = ORIENTED_EDGE ( 'NONE', *, *, #1547, .F. ) ;
#3903 = CARTESIAN_POINT ( 'NONE',  ( 75.49999999999998579, 16.59999999999999432, 20.00000000000000000 ) ) ;
#3904 = ADVANCED_FACE ( 'NONE', ( #1919, #3508 ), #1529, .F. ) ;
#3905 = EDGE_CURVE ( 'NONE', #1858, #317, #3879, .T. ) ;
#3906 = AXIS2_PLACEMENT_3D ( 'NONE', #1878, #3470, #3895 ) ;
#3907 = VECTOR ( 'NONE', #380, 1000.000000000000000 ) ;
#3908 = ORIENTED_EDGE ( 'NONE', *, *, #1219, .F. ) ;
#3909 = DIRECTION ( 'NONE',  ( 0.7071067811865306973, 0.000000000000000000, -0.7071067811865644481 ) ) ;
#3910 = ORIENTED_EDGE ( 'NONE', *, *, #2117, .T. ) ;
#3911 = DIRECTION ( 'NONE',  ( 0.000000000000000000, 0.000000000000000000, 1.000000000000000000 ) ) ;
#3912 = AXIS2_PLACEMENT_3D ( 'NONE', #1362, #2920, #3761 ) ;
#3913 = CARTESIAN_POINT ( 'NONE',  ( -0.000000000000000000, 9.000000000000000000, 0.000000000000000000 ) ) ;
#3914 = VERTEX_POINT ( 'NONE', #4711 ) ;
#3915 = FACE_BOUND ( 'NONE', #3331, .T. ) ;
#3916 = VECTOR ( 'NONE', #3780, 1000.000000000000000 ) ;
#3917 = CLOSED_SHELL ( 'NONE', ( #2236, #1577, #711, #2848, #741, #2917, #180, #3606, #334, #590, #5149, #278, #1731, #301, #4446, #783, #1258, #2357, #1675, #3256, #306, #4165, #3939, #2873, #940, #3162, #4190, #1575, #4611, #3635, #2686, #692, #4360, #4859, #3479, #810, #1288, #2109, #4189, #3963, #966, #2594, #1292, #4542, #4226, #1421, #4765, #5027, #1925, #3476, #78, #2141, #121, #1988, #3027, #4127, #2552, #2528, #4380, #2197, #3421, #5023, #2692, #4790, #1517, #2015, #872, #490, #3161, #1631, #2502, #897, #2593, #1795, #3477, #3904, #1318, #2971, #4105, #4701, #246, #4163, #3747, #2748, #2558, #1787, #5047, #3123, #5024, #474, #3008, #22, #3129, #3188, #214, #4430, #1450, #1934, #4067, #4482, #2624, #1386, #1257, #1124, #541, #1979, #597, #3281, #434, #1855, #3447, #4795, #2962, #208, #4257, #3217, #2146, #3005, #5150, #1160, #3348, #2296, #811, #687, #1006, #1326, #333, #1285, #3518, #3773, #3320, #4175, #1679, #5123, #371, #2715, #1888, #2173, #3064, #4417, #87, #3165, #1882, #1264, #4386, #2083, #752, #564, #5144, #3543, #4609, #2388, #2588, #1379, #2089, #1002, #2181, #2598, #4379, #1125, #3944, #2039, #3937, #1424, #4221, #2709, #4422, #146, #743, #2299, #1060, #2489, #1550, #4211, #2617, #3382, #399, #4314, #4706 ) ) ;
#3918 = AXIS2_PLACEMENT_3D ( 'NONE', #1692, #1358, #4144 ) ;
#3919 = VECTOR ( 'NONE', #1506, 1000.000000000000000 ) ;
#3920 = DIRECTION ( 'NONE',  ( -0.000000000000000000, -1.000000000000000000, -0.000000000000000000 ) ) ;
#3921 = ORIENTED_EDGE ( 'NONE', *, *, #3968, .T. ) ;
#3922 = CIRCLE ( 'NONE', #2913, 4.500000000000003553 ) ;
#3923 = CARTESIAN_POINT ( 'NONE',  ( -82.49999999999995737, -10.00000000000000000, 245.2499999999999432 ) ) ;
#3924 = AXIS2_PLACEMENT_3D ( 'NONE', #4395, #455, #3953 ) ;
#3925 = DIRECTION ( 'NONE',  ( 1.000000000000000000, 0.000000000000000000, 0.000000000000000000 ) ) ;
#3926 = CONICAL_SURFACE ( 'NONE', #4169, 1.599999999999990319, 0.7853981633974482790 ) ;
#3927 = CIRCLE ( 'NONE', #3818, 2.099999999999990763 ) ;
#3928 = VECTOR ( 'NONE', #5005, 1000.000000000000000 ) ;
#3929 = EDGE_LOOP ( 'NONE', ( #3554, #1763, #4069, #2659 ) ) ;
#3930 = CARTESIAN_POINT ( 'NONE',  ( -82.50000000000002842, 29.50000000000003553, 8.000000000000028422 ) ) ;
#3931 = DIRECTION ( 'NONE',  ( 1.000000000000000000, 0.000000000000000000, -0.000000000000000000 ) ) ;
#3932 = DIRECTION ( 'NONE',  ( 0.000000000000000000, 0.000000000000000000, -1.000000000000000000 ) ) ;
#3933 = CARTESIAN_POINT ( 'NONE',  ( 86.00000000000000000, 30.00000000000000000, 0.000000000000000000 ) ) ;
#3934 = FACE_OUTER_BOUND ( 'NONE', #2443, .T. ) ;
#3935 = VERTEX_POINT ( 'NONE', #749 ) ;
#3936 = ORIENTED_EDGE ( 'NONE', *, *, #4983, .T. ) ;
#3937 = ADVANCED_FACE ( 'NONE', ( #3934 ), #1338, .T. ) ;
#3938 = CARTESIAN_POINT ( 'NONE',  ( 86.00000000000000000, 15.00000000000000178, 216.9999999999999716 ) ) ;
#3939 = ADVANCED_FACE ( 'NONE', ( #3530 ), #1583, .F. ) ;
#3940 = DIRECTION ( 'NONE',  ( -0.7071067811865404673, 0.000000000000000000, 0.7071067811865545671 ) ) ;
#3941 = ORIENTED_EDGE ( 'NONE', *, *, #3352, .F. ) ;
#3942 = CARTESIAN_POINT ( 'NONE',  ( -89.00000000000000000, 0.000000000000000000, 0.000000000000000000 ) ) ;
#3943 = EDGE_CURVE ( 'NONE', #3422, #2508, #2751, .T. ) ;
#3944 = ADVANCED_FACE ( 'NONE', ( #5157 ), #2772, .T. ) ;
#3945 = CARTESIAN_POINT ( 'NONE',  ( 89.50000000000005684, 14.99999999999999822, 19.99999999999998934 ) ) ;
#3946 = VERTEX_POINT ( 'NONE', #4810 ) ;
#3947 = LINE ( 'NONE', #3102, #2150 ) ;
#3948 = CARTESIAN_POINT ( 'NONE',  ( -75.50000000000009948, 15.00000000000000178, 234.6999999999999318 ) ) ;
#3949 = ORIENTED_EDGE ( 'NONE', *, *, #3738, .T. ) ;
#3950 = CARTESIAN_POINT ( 'NONE',  ( -66.23187591328682799, 15.00000000000000178, 220.0999999999999659 ) ) ;
#3951 = CARTESIAN_POINT ( 'NONE',  ( 82.50000000000004263, 29.50000000000003553, 242.0000000000000000 ) ) ;
#3952 = CARTESIAN_POINT ( 'NONE',  ( -75.49999999999997158, 13.40000000000000213, 20.00000000000000000 ) ) ;
#3953 = DIRECTION ( 'NONE',  ( 0.000000000000000000, 0.000000000000000000, 1.000000000000000000 ) ) ;
#3954 = DIRECTION ( 'NONE',  ( -2.312964634635742957E-16, 1.000000000000000000, -0.000000000000000000 ) ) ;
#3955 = ORIENTED_EDGE ( 'NONE', *, *, #748, .F. ) ;
#3956 = CARTESIAN_POINT ( 'NONE',  ( -86.00000000000000000, 15.00000000000000178, 220.0999999999999659 ) ) ;
#3957 = ORIENTED_EDGE ( 'NONE', *, *, #2205, .F. ) ;
#3958 = ORIENTED_EDGE ( 'NONE', *, *, #1416, .F. ) ;
#3959 = DIRECTION ( 'NONE',  ( -0.000000000000000000, 1.000000000000000000, -0.000000000000000000 ) ) ;
#3960 = DIRECTION ( 'NONE',  ( 0.000000000000000000, 2.102695122396130717E-17, 1.000000000000000000 ) ) ;
#3961 = ORIENTED_EDGE ( 'NONE', *, *, #4034, .T. ) ;
#3962 = DIRECTION ( 'NONE',  ( -0.000000000000000000, 1.000000000000000000, -0.000000000000000000 ) ) ;
#3963 = ADVANCED_FACE ( 'NONE', ( #2375 ), #3981, .F. ) ;
#3964 = CARTESIAN_POINT ( 'NONE',  ( 89.50000000000002842, 15.00000000000000178, 213.8999999999999773 ) ) ;
#3965 = EDGE_LOOP ( 'NONE', ( #2982, #2308 ) ) ;
#3966 = DIRECTION ( 'NONE',  ( 0.000000000000000000, 0.000000000000000000, 1.000000000000000000 ) ) ;
#3967 = DIRECTION ( 'NONE',  ( 1.000000000000000000, 0.000000000000000000, -0.000000000000000000 ) ) ;
#3968 = EDGE_CURVE ( 'NONE', #4843, #2378, #4506, .T. ) ;
#3969 = CONICAL_SURFACE ( 'NONE', #3461, 1.000000000000000888, 0.7853981633974491672 ) ;
#3970 = EDGE_CURVE ( 'NONE', #1530, #1411, #4012, .T. ) ;
#3971 = DIRECTION ( 'NONE',  ( 0.000000000000000000, 0.000000000000000000, 1.000000000000000000 ) ) ;
#3972 = VECTOR ( 'NONE', #4756, 1000.000000000000114 ) ;
#3973 = ORIENTED_EDGE ( 'NONE', *, *, #5048, .F. ) ;
#3974 = DIRECTION ( 'NONE',  ( 0.000000000000000000, 0.000000000000000000, -1.000000000000000000 ) ) ;
#3975 = DIRECTION ( 'NONE',  ( 0.000000000000000000, 0.000000000000000000, 1.000000000000000000 ) ) ;
#3976 = CARTESIAN_POINT ( 'NONE',  ( -89.50000000000005684, 15.00000000000000178, 184.9999999999999716 ) ) ;
#3977 = VECTOR ( 'NONE', #1632, 1000.000000000000000 ) ;
#3978 = AXIS2_PLACEMENT_3D ( 'NONE', #1611, #1762, #2537 ) ;
#3979 = LINE ( 'NONE', #406, #2310 ) ;
#3980 = FACE_OUTER_BOUND ( 'NONE', #3011, .T. ) ;
#3981 = CYLINDRICAL_SURFACE ( 'NONE', #2742, 1.599999999999993872 ) ;
#3982 = ORIENTED_EDGE ( 'NONE', *, *, #3423, .T. ) ;
#3983 = ORIENTED_EDGE ( 'NONE', *, *, #2554, .T. ) ;
#3984 = FACE_OUTER_BOUND ( 'NONE', #3415, .T. ) ;
#3985 = DIRECTION ( 'NONE',  ( -0.000000000000000000, -1.000000000000000000, -0.000000000000000000 ) ) ;
#3986 = ORIENTED_EDGE ( 'NONE', *, *, #1104, .T. ) ;
#3987 = LINE ( 'NONE', #3615, #1905 ) ;
#3988 = CIRCLE ( 'NONE', #3729, 2.200000000000090772 ) ;
#3989 = VECTOR ( 'NONE', #1105, 1000.000000000000000 ) ;
#3990 = DIRECTION ( 'NONE',  ( 0.000000000000000000, 0.000000000000000000, 1.000000000000000000 ) ) ;
#3991 = ORIENTED_EDGE ( 'NONE', *, *, #431, .F. ) ;
#3992 = VECTOR ( 'NONE', #4608, 999.9999999999998863 ) ;
#3993 = CARTESIAN_POINT ( 'NONE',  ( -75.50000000000009948, 15.00000000000000178, 232.9999999999999716 ) ) ;
#3994 = DIRECTION ( 'NONE',  ( 0.000000000000000000, 0.000000000000000000, -1.000000000000000000 ) ) ;
#3995 = AXIS2_PLACEMENT_3D ( 'NONE', #158, #552, #4199 ) ;
#3996 = AXIS2_PLACEMENT_3D ( 'NONE', #4464, #3482, #3800 ) ;
#3997 = VECTOR ( 'NONE', #5, 1000.000000000000000 ) ;
#3998 = CIRCLE ( 'NONE', #1080, 2.099999999999935252 ) ;
#3999 = EDGE_LOOP ( 'NONE', ( #4524, #4716, #826, #3269, #4101 ) ) ;
#4000 = CARTESIAN_POINT ( 'NONE',  ( -82.49999999999997158, 24.99999999999999645, 242.0000000000000284 ) ) ;
#4001 = AXIS2_PLACEMENT_3D ( 'NONE', #414, #4014, #2829 ) ;
#4002 = DIRECTION ( 'NONE',  ( 0.000000000000000000, 0.000000000000000000, 1.000000000000000000 ) ) ;
#4003 = AXIS2_PLACEMENT_3D ( 'NONE', #697, #3452, #2674 ) ;
#4004 = EDGE_CURVE ( 'NONE', #1246, #93, #4250, .T. ) ;
#4005 = ORIENTED_EDGE ( 'NONE', *, *, #2201, .F. ) ;
#4006 = EDGE_CURVE ( 'NONE', #3946, #788, #44, .T. ) ;
#4007 = CARTESIAN_POINT ( 'NONE',  ( 73.23606797749977204, 30.00000000000000000, 249.0000000000000000 ) ) ;
#4008 = VECTOR ( 'NONE', #1469, 1000.000000000000000 ) ;
#4009 = EDGE_CURVE ( 'NONE', #2085, #4698, #1191, .T. ) ;
#4010 = DIRECTION ( 'NONE',  ( 0.000000000000000000, 0.000000000000000000, 1.000000000000000000 ) ) ;
#4011 = DIRECTION ( 'NONE',  ( 0.000000000000000000, 0.000000000000000000, -1.000000000000000000 ) ) ;
#4012 = LINE ( 'NONE', #26, #3832 ) ;
#4013 = ORIENTED_EDGE ( 'NONE', *, *, #3607, .T. ) ;
#4014 = DIRECTION ( 'NONE',  ( 1.000000000000000000, 0.000000000000000000, 0.000000000000000000 ) ) ;
#4015 = VERTEX_POINT ( 'NONE', #3605 ) ;
#4016 = DIRECTION ( 'NONE',  ( 0.5773502691896257311, -0.5773502691896257311, -0.5773502691896257311 ) ) ;
#4017 = CARTESIAN_POINT ( 'NONE',  ( 79.75000000000005684, -9.500000000000079936, 8.000000000000007105 ) ) ;
#4018 = ORIENTED_EDGE ( 'NONE', *, *, #4557, .T. ) ;
#4019 = DIRECTION ( 'NONE',  ( -1.000000000000000000, 0.000000000000000000, 0.000000000000000000 ) ) ;
#4020 = CARTESIAN_POINT ( 'NONE',  ( -79.00000000000000000, 6.000000000000000000, 253.0000000000000000 ) ) ;
#4021 = EDGE_LOOP ( 'NONE', ( #1059, #1513 ) ) ;
#4022 = FACE_OUTER_BOUND ( 'NONE', #4404, .T. ) ;
#4023 = FACE_OUTER_BOUND ( 'NONE', #1920, .T. ) ;
#4024 = ORIENTED_EDGE ( 'NONE', *, *, #4158, .T. ) ;
#4025 = CARTESIAN_POINT ( 'NONE',  ( -85.49999999999987210, 15.00000000000000178, 216.9999999999999716 ) ) ;
#4026 = CARTESIAN_POINT ( 'NONE',  ( 75.50000000000004263, 15.00000000000000178, 234.6999999999999318 ) ) ;
#4027 = ORIENTED_EDGE ( 'NONE', *, *, #3774, .T. ) ;
#4028 = DIRECTION ( 'NONE',  ( -0.7071067811865474617, 0.7071067811865474617, 0.000000000000000000 ) ) ;
#4029 = DIRECTION ( 'NONE',  ( 0.000000000000000000, 0.000000000000000000, 1.000000000000000000 ) ) ;
#4030 = ORIENTED_EDGE ( 'NONE', *, *, #3263, .T. ) ;
#4031 = EDGE_CURVE ( 'NONE', #4377, #4131, #2664, .T. ) ;
#4032 = EDGE_CURVE ( 'NONE', #3701, #425, #2825, .T. ) ;
#4033 = DIRECTION ( 'NONE',  ( -1.000000000000000000, 0.000000000000000000, 0.000000000000000000 ) ) ;
#4034 = EDGE_CURVE ( 'NONE', #3113, #72, #1915, .T. ) ;
#4035 = CARTESIAN_POINT ( 'NONE',  ( -82.50000000000002842, 29.50000000000003553, 12.50000000000003197 ) ) ;
#4036 = EDGE_CURVE ( 'NONE', #2909, #2476, #4268, .T. ) ;
#4037 = ORIENTED_EDGE ( 'NONE', *, *, #3446, .F. ) ;
#4038 = ORIENTED_EDGE ( 'NONE', *, *, #3418, .T. ) ;
#4039 = CARTESIAN_POINT ( 'NONE',  ( -85.50000000000004263, 14.99999999999999822, 18.40000000000000568 ) ) ;
#4040 = CARTESIAN_POINT ( 'NONE',  ( -85.49999999999987210, 15.00000000000000178, 215.3000000000000114 ) ) ;
#4041 = ORIENTED_EDGE ( 'NONE', *, *, #368, .F. ) ;
#4042 = CARTESIAN_POINT ( 'NONE',  ( -85.50000000000004263, 16.59999999999999787, 184.9999999999999716 ) ) ;
#4043 = DIRECTION ( 'NONE',  ( 0.000000000000000000, 1.000000000000000000, 0.000000000000000000 ) ) ;
#4044 = EDGE_LOOP ( 'NONE', ( #1791, #1422, #3525, #441 ) ) ;
#4045 = LINE ( 'NONE', #4490, #3491 ) ;
#4046 = FACE_OUTER_BOUND ( 'NONE', #2794, .T. ) ;
#4047 = EDGE_LOOP ( 'NONE', ( #189, #1809, #2683, #3307, #1717, #3698 ) ) ;
#4048 = CARTESIAN_POINT ( 'NONE',  ( -82.50000000000002842, -10.00000000000000000, 8.000000000000028422 ) ) ;
#4049 = LINE ( 'NONE', #2923, #4346 ) ;
#4050 = ORIENTED_EDGE ( 'NONE', *, *, #1605, .T. ) ;
#4051 = CARTESIAN_POINT ( 'NONE',  ( 90.00000000000000000, 15.00000000000000178, 236.5999999999999091 ) ) ;
#4052 = AXIS2_PLACEMENT_3D ( 'NONE', #865, #4858, #4912 ) ;
#4053 = ORIENTED_EDGE ( 'NONE', *, *, #4513, .T. ) ;
#4054 = FACE_OUTER_BOUND ( 'NONE', #3878, .T. ) ;
#4055 = DIRECTION ( 'NONE',  ( 1.000000000000000000, 0.000000000000000000, 0.000000000000000000 ) ) ;
#4056 = EDGE_CURVE ( 'NONE', #3512, #2060, #2691, .T. ) ;
#4057 = CIRCLE ( 'NONE', #3304, 2.200000000000007283 ) ;
#4058 = EDGE_CURVE ( 'NONE', #1970, #1064, #986, .T. ) ;
#4059 = VERTEX_POINT ( 'NONE', #1496 ) ;
#4060 = EDGE_LOOP ( 'NONE', ( #3406, #1048, #2935, #2335 ) ) ;
#4061 = DIRECTION ( 'NONE',  ( 0.000000000000000000, 0.000000000000000000, 1.000000000000000000 ) ) ;
#4062 = CARTESIAN_POINT ( 'NONE',  ( 89.50000000000002842, 15.00000000000000178, 232.9999999999999716 ) ) ;
#4063 = ORIENTED_EDGE ( 'NONE', *, *, #4315, .F. ) ;
#4064 = EDGE_CURVE ( 'NONE', #1813, #1528, #691, .T. ) ;
#4065 = EDGE_CURVE ( 'NONE', #1240, #3138, #1572, .T. ) ;
#4066 = FACE_OUTER_BOUND ( 'NONE', #2653, .T. ) ;
#4067 = ADVANCED_FACE ( 'NONE', ( #2767 ), #2321, .F. ) ;
#4068 = CARTESIAN_POINT ( 'NONE',  ( -85.50000000000004263, 15.00000000000000178, 186.5999999999999659 ) ) ;
#4069 = ORIENTED_EDGE ( 'NONE', *, *, #4544, .T. ) ;
#4070 = FACE_OUTER_BOUND ( 'NONE', #2036, .T. ) ;
#4071 = CARTESIAN_POINT ( 'NONE',  ( -82.49999999999995737, 29.50000000000003553, 242.0000000000000284 ) ) ;
#4072 = AXIS2_PLACEMENT_3D ( 'NONE', #1684, #3184, #4783 ) ;
#4073 = VECTOR ( 'NONE', #1569, 1000.000000000000000 ) ;
#4074 = VECTOR ( 'NONE', #1466, 1000.000000000000114 ) ;
#4075 = EDGE_LOOP ( 'NONE', ( #4593, #342, #3757, #1346 ) ) ;
#4076 = DIRECTION ( 'NONE',  ( 0.000000000000000000, 0.000000000000000000, 1.000000000000000000 ) ) ;
#4077 = FACE_BOUND ( 'NONE', #2417, .T. ) ;
#4078 = ORIENTED_EDGE ( 'NONE', *, *, #24, .F. ) ;
#4079 = VECTOR ( 'NONE', #165, 1000.000000000000114 ) ;
#4080 = DIRECTION ( 'NONE',  ( 0.6974565623330528652, -0.1646471600639401733, 0.6974565623330528652 ) ) ;
#4081 = AXIS2_PLACEMENT_3D ( 'NONE', #4501, #2208, #3412 ) ;
#4082 = VECTOR ( 'NONE', #1565, 1000.000000000000000 ) ;
#4083 = CONICAL_SURFACE ( 'NONE', #4335, 1.000000000000000888, 0.7853981633974473908 ) ;
#4084 = CARTESIAN_POINT ( 'NONE',  ( 85.49999999999988631, 15.00000000000000178, 216.9999999999999716 ) ) ;
#4085 = ORIENTED_EDGE ( 'NONE', *, *, #4479, .F. ) ;
#4086 = AXIS2_PLACEMENT_3D ( 'NONE', #1841, #676, #724 ) ;
#4087 = VECTOR ( 'NONE', #2600, 1000.000000000000000 ) ;
#4088 = CIRCLE ( 'NONE', #4754, 3.099999999999991651 ) ;
#4089 = DIRECTION ( 'NONE',  ( 8.659560562354850274E-17, -0.7071067811865541231, 0.7071067811865408004 ) ) ;
#4090 = DIRECTION ( 'NONE',  ( -0.000000000000000000, -1.000000000000000000, -0.000000000000000000 ) ) ;
#4091 = CONICAL_SURFACE ( 'NONE', #4757, 3.099999999999991651, 0.7853981633974244092 ) ;
#4092 = ORIENTED_EDGE ( 'NONE', *, *, #4520, .T. ) ;
#4093 = ORIENTED_EDGE ( 'NONE', *, *, #4703, .T. ) ;
#4094 = CARTESIAN_POINT ( 'NONE',  ( 89.50000000000002842, 15.00000000000000178, 216.9999999999999716 ) ) ;
#4095 = CARTESIAN_POINT ( 'NONE',  ( -75.00000000000000000, 17.09999999999999432, 20.00000000000000000 ) ) ;
#4096 = VERTEX_POINT ( 'NONE', #4684 ) ;
#4097 = LINE ( 'NONE', #832, #3401 ) ;
#4098 = EDGE_CURVE ( 'NONE', #3512, #4172, #298, .T. ) ;
#4099 = EDGE_CURVE ( 'NONE', #4305, #1210, #1155, .T. ) ;
#4100 = DIRECTION ( 'NONE',  ( 0.000000000000000000, 0.000000000000000000, 1.000000000000000000 ) ) ;
#4101 = ORIENTED_EDGE ( 'NONE', *, *, #1608, .F. ) ;
#4102 = SURFACE_STYLE_FILL_AREA ( #2501 ) ;
#4103 = DIRECTION ( 'NONE',  ( 0.000000000000000000, 0.000000000000000000, 1.000000000000000000 ) ) ;
#4104 = EDGE_CURVE ( 'NONE', #4535, #4758, #3927, .T. ) ;
#4105 = ADVANCED_FACE ( 'NONE', ( #401 ), #2291, .F. ) ;
#4106 = CARTESIAN_POINT ( 'NONE',  ( 89.50000000000005684, 18.10000000000000142, 184.9999999999999716 ) ) ;
#4107 = ORIENTED_EDGE ( 'NONE', *, *, #3708, .F. ) ;
#4108 = CARTESIAN_POINT ( 'NONE',  ( -90.00000000000000000, 15.00000000000000178, 232.9999999999999716 ) ) ;
#4109 = FACE_OUTER_BOUND ( 'NONE', #1739, .T. ) ;
#4110 = VERTEX_POINT ( 'NONE', #355 ) ;
#4111 = CARTESIAN_POINT ( 'NONE',  ( 82.50000000000004263, 24.99999999999999645, 11.25000000000003375 ) ) ;
#4112 = LINE ( 'NONE', #868, #2249 ) ;
#4113 = ORIENTED_EDGE ( 'NONE', *, *, #2429, .F. ) ;
#4114 = DIRECTION ( 'NONE',  ( 1.000000000000000000, -0.000000000000000000, -0.000000000000000000 ) ) ;
#4115 = DIRECTION ( 'NONE',  ( 8.659560562355001884E-17, 0.7071067811865420216, -0.7071067811865531239 ) ) ;
#4116 = ORIENTED_EDGE ( 'NONE', *, *, #870, .T. ) ;
#4117 = CARTESIAN_POINT ( 'NONE',  ( 86.00000000000000000, 15.00000000000000178, 232.9999999999999716 ) ) ;
#4118 = FACE_OUTER_BOUND ( 'NONE', #4710, .T. ) ;
#4119 = VERTEX_POINT ( 'NONE', #2343 ) ;
#4120 = CARTESIAN_POINT ( 'NONE',  ( -73.23606797749977204, 27.99999999999999645, 249.0000000000000000 ) ) ;
#4121 = CARTESIAN_POINT ( 'NONE',  ( 86.00000000000000000, 15.00000000000000178, 230.7999999999998977 ) ) ;
#4122 = VERTEX_POINT ( 'NONE', #16 ) ;
#4123 = FACE_OUTER_BOUND ( 'NONE', #4351, .T. ) ;
#4124 = CARTESIAN_POINT ( 'NONE',  ( -86.00000000000000000, 15.00000000000000178, 213.8999999999999773 ) ) ;
#4125 = EDGE_CURVE ( 'NONE', #4096, #4589, #3057, .T. ) ;
#4126 = DIRECTION ( 'NONE',  ( 0.000000000000000000, 0.000000000000000000, 1.000000000000000000 ) ) ;
#4127 = ADVANCED_FACE ( 'NONE', ( #1546 ), #3526, .F. ) ;
#4128 = EDGE_LOOP ( 'NONE', ( #3611, #1680, #781, #4969 ) ) ;
#4129 = DIRECTION ( 'NONE',  ( -1.000000000000000000, 0.000000000000000000, 0.000000000000000000 ) ) ;
#4130 = CARTESIAN_POINT ( 'NONE',  ( 66.23187591328682799, 15.00000000000000178, 220.0999999999999659 ) ) ;
#4131 = VERTEX_POINT ( 'NONE', #1908 ) ;
#4132 = EDGE_CURVE ( 'NONE', #4650, #3247, #2826, .T. ) ;
#4133 = ORIENTED_EDGE ( 'NONE', *, *, #4929, .T. ) ;
#4134 = CARTESIAN_POINT ( 'NONE',  ( -82.50000000000004263, 24.49999999999996092, 8.000000000000028422 ) ) ;
#4135 = CARTESIAN_POINT ( 'NONE',  ( -86.00000000000000000, 15.00000000000000178, 216.9999999999999716 ) ) ;
#4136 = VECTOR ( 'NONE', #220, 1000.000000000000000 ) ;
#4137 = AXIS2_PLACEMENT_3D ( 'NONE', #5121, #1953, #3103 ) ;
#4138 = ORIENTED_EDGE ( 'NONE', *, *, #3450, .F. ) ;
#4139 = FACE_OUTER_BOUND ( 'NONE', #1645, .T. ) ;
#4140 = DIRECTION ( 'NONE',  ( -1.000000000000000000, 0.000000000000000000, 0.000000000000000000 ) ) ;
#4141 = ORIENTED_EDGE ( 'NONE', *, *, #4450, .F. ) ;
#4142 = CARTESIAN_POINT ( 'NONE',  ( 82.50000000000004263, 24.99999999999999645, 242.0000000000000000 ) ) ;
#4143 = ORIENTED_EDGE ( 'NONE', *, *, #3610, .T. ) ;
#4144 = DIRECTION ( 'NONE',  ( 0.000000000000000000, 0.000000000000000000, 1.000000000000000000 ) ) ;
#4145 = ORIENTED_EDGE ( 'NONE', *, *, #2017, .T. ) ;
#4146 = LINE ( 'NONE', #192, #3916 ) ;
#4147 = FACE_OUTER_BOUND ( 'NONE', #2732, .T. ) ;
#4148 = CARTESIAN_POINT ( 'NONE',  ( -82.50000000000002842, -9.500000000000079936, 8.000000000000028422 ) ) ;
#4149 = ORIENTED_EDGE ( 'NONE', *, *, #1357, .T. ) ;
#4150 = CIRCLE ( 'NONE', #4811, 2.750000000000002665 ) ;
#4151 = DIRECTION ( 'NONE',  ( -0.7071067811865279218, 0.000000000000000000, 0.7071067811865671127 ) ) ;
#4152 = DIRECTION ( 'NONE',  ( 0.000000000000000000, 0.000000000000000000, 1.000000000000000000 ) ) ;
#4153 = EDGE_LOOP ( 'NONE', ( #4909, #934 ) ) ;
#4154 = CIRCLE ( 'NONE', #1405, 1.699999999999951550 ) ;
#4155 = AXIS2_PLACEMENT_3D ( 'NONE', #4449, #4761, #2817 ) ;
#4156 = ORIENTED_EDGE ( 'NONE', *, *, #4861, .T. ) ;
#4157 = EDGE_CURVE ( 'NONE', #3836, #2836, #1185, .T. ) ;
#4158 = EDGE_CURVE ( 'NONE', #869, #4441, #1957, .T. ) ;
#4159 = AXIS2_PLACEMENT_3D ( 'NONE', #2630, #3521, #4621 ) ;
#4160 = DIRECTION ( 'NONE',  ( 1.000000000000000000, -0.000000000000000000, -0.000000000000000000 ) ) ;
#4161 = DIRECTION ( 'NONE',  ( -0.000000000000000000, 1.000000000000000000, -0.000000000000000000 ) ) ;
#4162 = AXIS2_PLACEMENT_3D ( 'NONE', #3702, #3303, #3377 ) ;
#4163 = ADVANCED_FACE ( 'NONE', ( #3153, #4759 ), #4367, .F. ) ;
#4164 = CIRCLE ( 'NONE', #256, 4.500000000000003553 ) ;
#4165 = ADVANCED_FACE ( 'NONE', ( #2113 ), #2230, .F. ) ;
#4166 = CONICAL_SURFACE ( 'NONE', #921, 3.249999999999919620, 0.7853981633974382870 ) ;
#4167 = EDGE_LOOP ( 'NONE', ( #2170, #5018, #4712, #4874 ) ) ;
#4168 = CYLINDRICAL_SURFACE ( 'NONE', #5095, 3.099999999999991651 ) ;
#4169 = AXIS2_PLACEMENT_3D ( 'NONE', #2798, #3587, #362 ) ;
#4170 = LINE ( 'NONE', #3349, #1223 ) ;
#4171 = AXIS2_PLACEMENT_3D ( 'NONE', #3547, #2365, #737 ) ;
#4172 = VERTEX_POINT ( 'NONE', #1228 ) ;
#4173 = DIRECTION ( 'NONE',  ( 0.000000000000000000, 0.000000000000000000, -1.000000000000000000 ) ) ;
#4174 = CIRCLE ( 'NONE', #2997, 2.750000000000009326 ) ;
#4175 = ADVANCED_FACE ( 'NONE', ( #3181 ), #591, .F. ) ;
#4176 = DIRECTION ( 'NONE',  ( 0.000000000000000000, 0.000000000000000000, 1.000000000000000000 ) ) ;
#4177 = ORIENTED_EDGE ( 'NONE', *, *, #532, .F. ) ;
#4178 = CARTESIAN_POINT ( 'NONE',  ( 86.00000000000000000, 15.00000000000000178, 232.9999999999999716 ) ) ;
#4179 = FACE_BOUND ( 'NONE', #119, .T. ) ;
#4180 = CARTESIAN_POINT ( 'NONE',  ( -89.50000000000002842, 15.00000000000000178, 216.9999999999999716 ) ) ;
#4181 = ORIENTED_EDGE ( 'NONE', *, *, #1133, .T. ) ;
#4182 = PLANE ( 'NONE',  #3739 ) ;
#4183 = DIRECTION ( 'NONE',  ( 0.000000000000000000, -1.000000000000000000, 0.000000000000000000 ) ) ;
#4184 = EDGE_CURVE ( 'NONE', #1373, #4423, #2477, .T. ) ;
#4185 = ORIENTED_EDGE ( 'NONE', *, *, #204, .T. ) ;
#4186 = ORIENTED_EDGE ( 'NONE', *, *, #3257, .T. ) ;
#4187 = CARTESIAN_POINT ( 'NONE',  ( -86.00000000000000000, 15.00000000000000178, 232.9999999999999716 ) ) ;
#4188 = ORIENTED_EDGE ( 'NONE', *, *, #3604, .F. ) ;
#4189 = ADVANCED_FACE ( 'NONE', ( #2058 ), #3685, .F. ) ;
#4190 = ADVANCED_FACE ( 'NONE', ( #3229 ), #2581, .F. ) ;
#4191 = VERTEX_POINT ( 'NONE', #2393 ) ;
#4192 = DIRECTION ( 'NONE',  ( 1.000000000000000000, 0.000000000000000000, 0.000000000000000000 ) ) ;
#4193 = DIRECTION ( 'NONE',  ( -1.000000000000000000, -0.000000000000000000, -0.000000000000000000 ) ) ;
#4194 = ORIENTED_EDGE ( 'NONE', *, *, #4387, .F. ) ;
#4195 = CARTESIAN_POINT ( 'NONE',  ( -85.49999999999987210, 15.00000000000000178, 216.9999999999999716 ) ) ;
#4196 = EDGE_CURVE ( 'NONE', #2391, #2499, #2506, .T. ) ;
#4197 = DIRECTION ( 'NONE',  ( 0.000000000000000000, 1.000000000000000000, -2.102695122396130717E-17 ) ) ;
#4198 = ORIENTED_EDGE ( 'NONE', *, *, #531, .T. ) ;
#4199 = DIRECTION ( 'NONE',  ( 0.000000000000000000, 0.000000000000000000, -1.000000000000000000 ) ) ;
#4200 = DIRECTION ( 'NONE',  ( -1.000000000000000000, 0.000000000000000000, 0.000000000000000000 ) ) ;
#4201 = LINE ( 'NONE', #216, #1078 ) ;
#4202 = DIRECTION ( 'NONE',  ( -0.7071067811865503483, 8.659560562354899578E-17, -0.7071067811865446862 ) ) ;
#4203 = ORIENTED_EDGE ( 'NONE', *, *, #3124, .T. ) ;
#4204 = DIRECTION ( 'NONE',  ( 0.000000000000000000, 0.000000000000000000, 1.000000000000000000 ) ) ;
#4205 = LINE ( 'NONE', #633, #797 ) ;
#4206 = DIRECTION ( 'NONE',  ( -0.000000000000000000, 1.000000000000000000, -0.000000000000000000 ) ) ;
#4207 = ORIENTED_EDGE ( 'NONE', *, *, #4478, .F. ) ;
#4208 = VERTEX_POINT ( 'NONE', #3280 ) ;
#4209 = CARTESIAN_POINT ( 'NONE',  ( -90.00000000000000000, 13.40000000000000568, 184.9999999999999716 ) ) ;
#4210 = CYLINDRICAL_SURFACE ( 'NONE', #3245, 1.699999999999951550 ) ;
#4211 = ADVANCED_FACE ( 'NONE', ( #536 ), #864, .F. ) ;
#4212 = DIRECTION ( 'NONE',  ( 0.000000000000000000, 0.000000000000000000, 1.000000000000000000 ) ) ;
#4213 = VERTEX_POINT ( 'NONE', #4779 ) ;
#4214 = CARTESIAN_POINT ( 'NONE',  ( -89.50000000000005684, 18.10000000000000497, 184.9999999999999716 ) ) ;
#4215 = VECTOR ( 'NONE', #1699, 1000.000000000000000 ) ;
#4216 = ORIENTED_EDGE ( 'NONE', *, *, #3225, .F. ) ;
#4217 = DIRECTION ( 'NONE',  ( -1.000000000000000000, 0.000000000000000000, 0.000000000000000000 ) ) ;
#4218 = ORIENTED_EDGE ( 'NONE', *, *, #2363, .F. ) ;
#4219 = EDGE_CURVE ( 'NONE', #5045, #1777, #2787, .T. ) ;
#4220 = DIRECTION ( 'NONE',  ( 1.000000000000000000, 0.000000000000000000, 0.000000000000000000 ) ) ;
#4221 = ADVANCED_FACE ( 'NONE', ( #1698 ), #4469, .T. ) ;
#4222 = DIRECTION ( 'NONE',  ( 0.000000000000000000, 2.102695122396130717E-17, 1.000000000000000000 ) ) ;
#4223 = CIRCLE ( 'NONE', #4316, 3.100000000000005418 ) ;
#4224 = AXIS2_PLACEMENT_3D ( 'NONE', #628, #3781, #2605 ) ;
#4225 = DIRECTION ( 'NONE',  ( 1.000000000000000000, 0.000000000000000000, 0.000000000000000000 ) ) ;
#4226 = ADVANCED_FACE ( 'NONE', ( #1308 ), #3201, .F. ) ;
#4227 = AXIS2_PLACEMENT_3D ( 'NONE', #312, #1455, #2651 ) ;
#4228 = LINE ( 'NONE', #4697, #4823 ) ;
#4229 = VERTEX_POINT ( 'NONE', #1677 ) ;
#4230 = CARTESIAN_POINT ( 'NONE',  ( -85.50000000000004263, 14.99999999999999822, 20.00000000000000000 ) ) ;
#4231 = LINE ( 'NONE', #2243, #1211 ) ;
#4232 = ORIENTED_EDGE ( 'NONE', *, *, #4934, .F. ) ;
#4233 = ORIENTED_EDGE ( 'NONE', *, *, #3352, .T. ) ;
#4234 = FACE_OUTER_BOUND ( 'NONE', #571, .T. ) ;
#4235 = AXIS2_PLACEMENT_3D ( 'NONE', #3390, #3813, #3002 ) ;
#4236 = AXIS2_PLACEMENT_3D ( 'NONE', #4601, #1796, #923 ) ;
#4237 = CIRCLE ( 'NONE', #4659, 3.099999999999991651 ) ;
#4238 = AXIS2_PLACEMENT_3D ( 'NONE', #448, #1617, #2087 ) ;
#4239 = FACE_BOUND ( 'NONE', #4561, .T. ) ;
#4240 = CARTESIAN_POINT ( 'NONE',  ( 75.49999999999998579, 13.40000000000000568, 184.9999999999999716 ) ) ;
#4241 = EDGE_LOOP ( 'NONE', ( #4986, #3772, #4690, #1007 ) ) ;
#4242 = DIRECTION ( 'NONE',  ( 1.000000000000000000, 0.000000000000000000, 0.000000000000000000 ) ) ;
#4243 = VECTOR ( 'NONE', #1452, 1000.000000000000114 ) ;
#4244 = CIRCLE ( 'NONE', #2657, 1.599999999999993872 ) ;
#4245 = AXIS2_PLACEMENT_3D ( 'NONE', #5065, #4755, #1182 ) ;
#4246 = AXIS2_PLACEMENT_3D ( 'NONE', #1994, #851, #4845 ) ;
#4247 = EDGE_LOOP ( 'NONE', ( #2364, #3823, #500, #2977, #27 ) ) ;
#4248 = DIRECTION ( 'NONE',  ( 0.7071067811865475727, -0.7071067811865475727, 0.000000000000000000 ) ) ;
#4249 = ORIENTED_EDGE ( 'NONE', *, *, #3872, .F. ) ;
#4250 = CIRCLE ( 'NONE', #3081, 1.599999999999990319 ) ;
#4251 = DIRECTION ( 'NONE',  ( 0.000000000000000000, 0.000000000000000000, -1.000000000000000000 ) ) ;
#4252 = CARTESIAN_POINT ( 'NONE',  ( 86.00000000000000000, 11.90000000000000036, 184.9999999999999716 ) ) ;
#4253 = CIRCLE ( 'NONE', #754, 1.599999999999990319 ) ;
#4254 = EDGE_LOOP ( 'NONE', ( #3755, #4943, #2411, #304 ) ) ;
#4255 = CIRCLE ( 'NONE', #427, 1.699999999999951550 ) ;
#4256 = DIRECTION ( 'NONE',  ( 0.000000000000000000, 1.000000000000000000, 0.000000000000000000 ) ) ;
#4257 = ADVANCED_FACE ( 'NONE', ( #60 ), #324, .F. ) ;
#4258 = PLANE ( 'NONE',  #1236 ) ;
#4259 = EDGE_CURVE ( 'NONE', #127, #4471, #159, .T. ) ;
#4260 = LINE ( 'NONE', #3119, #1821 ) ;
#4261 = ORIENTED_EDGE ( 'NONE', *, *, #3545, .F. ) ;
#4262 = DIRECTION ( 'NONE',  ( 1.000000000000000000, 0.000000000000000000, 0.000000000000000000 ) ) ;
#4263 = DIRECTION ( 'NONE',  ( -1.000000000000000000, 0.000000000000000000, 0.000000000000000000 ) ) ;
#4264 = EDGE_CURVE ( 'NONE', #3138, #1240, #4154, .T. ) ;
#4265 = CARTESIAN_POINT ( 'NONE',  ( -85.50000000000004263, 15.00000000000000178, 186.5999999999999659 ) ) ;
#4266 = ORIENTED_EDGE ( 'NONE', *, *, #3070, .F. ) ;
#4267 = ORIENTED_EDGE ( 'NONE', *, *, #2271, .T. ) ;
#4268 = LINE ( 'NONE', #1154, #494 ) ;
#4269 = DIRECTION ( 'NONE',  ( 0.7071067811865474617, -0.000000000000000000, 0.7071067811865474617 ) ) ;
#4270 = EDGE_CURVE ( 'NONE', #4668, #3946, #4445, .T. ) ;
#4271 = CARTESIAN_POINT ( 'NONE',  ( 75.50000000000004263, 15.00000000000000178, 231.3000000000000398 ) ) ;
#4272 = DIRECTION ( 'NONE',  ( 0.000000000000000000, 0.000000000000000000, -1.000000000000000000 ) ) ;
#4273 = ORIENTED_EDGE ( 'NONE', *, *, #4606, .T. ) ;
#4274 = DIRECTION ( 'NONE',  ( -0.000000000000000000, -1.000000000000000000, -0.000000000000000000 ) ) ;
#4275 = ORIENTED_EDGE ( 'NONE', *, *, #2048, .T. ) ;
#4276 = DIRECTION ( 'NONE',  ( 0.000000000000000000, 1.000000000000000000, 0.000000000000000000 ) ) ;
#4277 = VERTEX_POINT ( 'NONE', #4857 ) ;
#4278 = CARTESIAN_POINT ( 'NONE',  ( -76.00000000000000000, 9.000000000000000000, 0.000000000000000000 ) ) ;
#4279 = CARTESIAN_POINT ( 'NONE',  ( -86.00000000000000000, 15.00000000000000178, 187.0999999999999091 ) ) ;
#4280 = EDGE_LOOP ( 'NONE', ( #768, #3190, #5135, #2153 ) ) ;
#4281 = DIRECTION ( 'NONE',  ( 0.000000000000000000, 0.000000000000000000, 1.000000000000000000 ) ) ;
#4282 = FACE_BOUND ( 'NONE', #1463, .T. ) ;
#4283 = VERTEX_POINT ( 'NONE', #2863 ) ;
#4284 = DIRECTION ( 'NONE',  ( 0.7071067811865601183, 0.000000000000000000, -0.7071067811865349162 ) ) ;
#4285 = DIRECTION ( 'NONE',  ( -0.000000000000000000, -1.000000000000000000, -0.000000000000000000 ) ) ;
#4286 = EDGE_CURVE ( 'NONE', #2719, #4122, #2470, .T. ) ;
#4287 = DIRECTION ( 'NONE',  ( -1.000000000000000000, -0.000000000000000000, 0.000000000000000000 ) ) ;
#4288 = EDGE_CURVE ( 'NONE', #2797, #2195, #2241, .T. ) ;
#4289 = EDGE_LOOP ( 'NONE', ( #1967, #5059, #2440, #4686 ) ) ;
#4290 = DIRECTION ( 'NONE',  ( -0.7071067811865474617, 0.7071067811865474617, 0.000000000000000000 ) ) ;
#4291 = EDGE_CURVE ( 'NONE', #1240, #384, #2188, .T. ) ;
#4292 = CARTESIAN_POINT ( 'NONE',  ( -89.50000000000002842, 15.00000000000000178, 236.0999999999999659 ) ) ;
#4293 = CYLINDRICAL_SURFACE ( 'NONE', #1567, 1.699999999999951550 ) ;
#4294 = EDGE_LOOP ( 'NONE', ( #308, #4092, #4218, #4913 ) ) ;
#4295 = DIRECTION ( 'NONE',  ( 0.000000000000000000, 0.000000000000000000, 1.000000000000000000 ) ) ;
#4296 = EDGE_LOOP ( 'NONE', ( #2233, #890, #1451, #4448, #1690 ) ) ;
#4297 = PLANE ( 'NONE',  #1332 ) ;
#4298 = EDGE_LOOP ( 'NONE', ( #972, #2938, #3861, #3957 ) ) ;
#4299 = DIRECTION ( 'NONE',  ( 1.000000000000000000, 0.000000000000000000, 0.000000000000000000 ) ) ;
#4300 = DIRECTION ( 'NONE',  ( 1.000000000000000000, 0.000000000000000000, 0.000000000000000000 ) ) ;
#4301 = ORIENTED_EDGE ( 'NONE', *, *, #3776, .T. ) ;
#4302 = LINE ( 'NONE', #2681, #3657 ) ;
#4303 = AXIS2_PLACEMENT_3D ( 'NONE', #767, #3179, #1873 ) ;
#4304 = DIRECTION ( 'NONE',  ( 0.000000000000000000, 0.000000000000000000, 1.000000000000000000 ) ) ;
#4305 = VERTEX_POINT ( 'NONE', #2168 ) ;
#4306 = CARTESIAN_POINT ( 'NONE',  ( -75.50000000000009948, 15.00000000000000178, 215.3000000000000114 ) ) ;
#4307 = CIRCLE ( 'NONE', #4970, 4.500000000000003553 ) ;
#4308 = FACE_OUTER_BOUND ( 'NONE', #958, .T. ) ;
#4309 = AXIS2_PLACEMENT_3D ( 'NONE', #2491, #4376, #465 ) ;
#4310 = ORIENTED_EDGE ( 'NONE', *, *, #3029, .T. ) ;
#4311 = DIRECTION ( 'NONE',  ( -1.000000000000000000, 0.000000000000000000, 0.000000000000000000 ) ) ;
#4312 = CARTESIAN_POINT ( 'NONE',  ( -82.49999999999997158, 24.99999999999999645, 245.2500000000000000 ) ) ;
#4313 = FACE_OUTER_BOUND ( 'NONE', #276, .T. ) ;
#4314 = ADVANCED_FACE ( 'NONE', ( #1438 ), #5090, .T. ) ;
#4315 = EDGE_CURVE ( 'NONE', #222, #801, #74, .T. ) ;
#4316 = AXIS2_PLACEMENT_3D ( 'NONE', #3697, #1712, #205 ) ;
#4317 = VECTOR ( 'NONE', #2590, 1000.000000000000114 ) ;
#4318 = FACE_OUTER_BOUND ( 'NONE', #2424, .T. ) ;
#4319 = EDGE_CURVE ( 'NONE', #801, #3051, #3730, .T. ) ;
#4320 = VERTEX_POINT ( 'NONE', #168 ) ;
#4321 = CARTESIAN_POINT ( 'NONE',  ( 90.00000000000000000, 11.40000000000005542, 250.0000000000000000 ) ) ;
#4322 = EDGE_CURVE ( 'NONE', #2272, #642, #2731, .T. ) ;
#4323 = AXIS2_PLACEMENT_3D ( 'NONE', #3127, #322, #769 ) ;
#4324 = AXIS2_PLACEMENT_3D ( 'NONE', #5073, #738, #1499 ) ;
#4325 = CIRCLE ( 'NONE', #4407, 2.000000000000001776 ) ;
#4326 = ORIENTED_EDGE ( 'NONE', *, *, #5093, .T. ) ;
#4327 = EDGE_LOOP ( 'NONE', ( #2924, #1723, #2107, #775 ) ) ;
#4328 = PLANE ( 'NONE',  #1500 ) ;
#4329 = CIRCLE ( 'NONE', #3563, 4.500000000000003553 ) ;
#4330 = CARTESIAN_POINT ( 'NONE',  ( -66.23187591328682799, 15.00000000000000178, 229.9000000000000057 ) ) ;
#4331 = AXIS2_PLACEMENT_3D ( 'NONE', #4851, #131, #2026 ) ;
#4332 = ORIENTED_EDGE ( 'NONE', *, *, #3641, .T. ) ;
#4333 = CARTESIAN_POINT ( 'NONE',  ( 76.00000000000000000, 9.000000000000000000, 250.0000000000000000 ) ) ;
#4334 = AXIS2_PLACEMENT_3D ( 'NONE', #3618, #1593, #426 ) ;
#4335 = AXIS2_PLACEMENT_3D ( 'NONE', #1732, #3317, #4055 ) ;
#4336 = CARTESIAN_POINT ( 'NONE',  ( 82.50000000000005684, 30.00000000000000000, 12.99999999999998401 ) ) ;
#4337 = VECTOR ( 'NONE', #1220, 1000.000000000000114 ) ;
#4338 = AXIS2_PLACEMENT_3D ( 'NONE', #359, #4635, #4242 ) ;
#4339 = LINE ( 'NONE', #805, #4750 ) ;
#4340 = ORIENTED_EDGE ( 'NONE', *, *, #2117, .F. ) ;
#4341 = AXIS2_PLACEMENT_3D ( 'NONE', #2122, #977, #617 ) ;
#4342 = CARTESIAN_POINT ( 'NONE',  ( 89.50000000000005684, 14.99999999999999822, 19.99999999999998934 ) ) ;
#4343 = CIRCLE ( 'NONE', #510, 1.000000000000000888 ) ;
#4344 = CARTESIAN_POINT ( 'NONE',  ( 71.44721359549994588, 27.10557280900008337, 0.000000000000000000 ) ) ;
#4345 = CIRCLE ( 'NONE', #3243, 4.500000000000003553 ) ;
#4346 = VECTOR ( 'NONE', #478, 1000.000000000000000 ) ;
#4347 = EDGE_LOOP ( 'NONE', ( #4626, #3152, #2952, #2565 ) ) ;
#4348 = DIRECTION ( 'NONE',  ( 1.000000000000000000, -0.000000000000000000, -0.000000000000000000 ) ) ;
#4349 = LINE ( 'NONE', #770, #2812 ) ;
#4350 = DIRECTION ( 'NONE',  ( 0.000000000000000000, 0.000000000000000000, 1.000000000000000000 ) ) ;
#4351 = EDGE_LOOP ( 'NONE', ( #1589, #3795, #50, #3286 ) ) ;
#4352 = EDGE_CURVE ( 'NONE', #785, #950, #3400, .T. ) ;
#4353 = LINE ( 'NONE', #2301, #508 ) ;
#4354 = EDGE_CURVE ( 'NONE', #93, #1012, #1343, .T. ) ;
#4355 = VERTEX_POINT ( 'NONE', #1020 ) ;
#4356 = ORIENTED_EDGE ( 'NONE', *, *, #2554, .F. ) ;
#4357 = DIRECTION ( 'NONE',  ( 0.000000000000000000, 0.000000000000000000, 1.000000000000000000 ) ) ;
#4358 = DIRECTION ( 'NONE',  ( 0.000000000000000000, 0.000000000000000000, -1.000000000000000000 ) ) ;
#4359 = ORIENTED_EDGE ( 'NONE', *, *, #4416, .T. ) ;
#4360 = ADVANCED_FACE ( 'NONE', ( #583 ), #1798, .F. ) ;
#4361 = FACE_BOUND ( 'NONE', #2218, .T. ) ;
#4362 = FACE_BOUND ( 'NONE', #2331, .T. ) ;
#4363 = ORIENTED_EDGE ( 'NONE', *, *, #4259, .F. ) ;
#4364 = FACE_OUTER_BOUND ( 'NONE', #130, .T. ) ;
#4365 = CYLINDRICAL_SURFACE ( 'NONE', #2881, 1.699999999999951550 ) ;
#4366 = EDGE_LOOP ( 'NONE', ( #133, #3374, #297, #1437 ) ) ;
#4367 = PLANE ( 'NONE',  #1899 ) ;
#4368 = FACE_BOUND ( 'NONE', #3792, .T. ) ;
#4369 = CARTESIAN_POINT ( 'NONE',  ( -82.50000000000002842, 29.50000000000003553, 3.500000000000023093 ) ) ;
#4370 = CARTESIAN_POINT ( 'NONE',  ( 82.50000000000002842, 24.49999999999999289, 242.0000000000000000 ) ) ;
#4371 = VERTEX_POINT ( 'NONE', #2135 ) ;
#4372 = DIRECTION ( 'NONE',  ( 0.000000000000000000, 0.000000000000000000, 1.000000000000000000 ) ) ;
#4373 = EDGE_LOOP ( 'NONE', ( #1560, #2569, #2472, #5159 ) ) ;
#4374 = ORIENTED_EDGE ( 'NONE', *, *, #2557, .F. ) ;
#4375 = FACE_OUTER_BOUND ( 'NONE', #1951, .T. ) ;
#4376 = DIRECTION ( 'NONE',  ( 1.000000000000000000, 0.000000000000000000, -0.000000000000000000 ) ) ;
#4377 = VERTEX_POINT ( 'NONE', #4547 ) ;
#4378 = CARTESIAN_POINT ( 'NONE',  ( -85.50000000000004263, 14.99999999999999822, 20.00000000000000000 ) ) ;
#4379 = ADVANCED_FACE ( 'NONE', ( #968 ), #4500, .F. ) ;
#4380 = ADVANCED_FACE ( 'NONE', ( #1775 ), #4182, .F. ) ;
#4381 = DIRECTION ( 'NONE',  ( 0.000000000000000000, 0.000000000000000000, -1.000000000000000000 ) ) ;
#4382 = ORIENTED_EDGE ( 'NONE', *, *, #1707, .T. ) ;
#4383 = DIRECTION ( 'NONE',  ( 0.000000000000000000, 0.000000000000000000, 1.000000000000000000 ) ) ;
#4384 = CYLINDRICAL_SURFACE ( 'NONE', #4723, 2.000000000000001776 ) ;
#4385 = AXIS2_PLACEMENT_3D ( 'NONE', #5020, #3843, #1439 ) ;
#4386 = ADVANCED_FACE ( 'NONE', ( #2213 ), #3811, .F. ) ;
#4387 = EDGE_CURVE ( 'NONE', #4539, #317, #244, .T. ) ;
#4388 = CARTESIAN_POINT ( 'NONE',  ( 86.00000000000000000, 14.99999999999999822, 19.99999999999998934 ) ) ;
#4389 = AXIS2_PLACEMENT_3D ( 'NONE', #3199, #4799, #1695 ) ;
#4390 = ORIENTED_EDGE ( 'NONE', *, *, #460, .T. ) ;
#4391 = DIRECTION ( 'NONE',  ( 1.000000000000000000, 0.000000000000000000, -0.000000000000000000 ) ) ;
#4392 = PLANE ( 'NONE',  #3667 ) ;
#4393 = DIRECTION ( 'NONE',  ( -0.000000000000000000, -1.000000000000000000, -0.000000000000000000 ) ) ;
#4394 = CIRCLE ( 'NONE', #644, 2.200000000000090772 ) ;
#4395 = CARTESIAN_POINT ( 'NONE',  ( -85.49999999999987210, 15.00000000000000178, 216.9999999999999716 ) ) ;
#4396 = DIRECTION ( 'NONE',  ( -0.000000000000000000, -1.000000000000000000, -0.000000000000000000 ) ) ;
#4397 = FACE_BOUND ( 'NONE', #1944, .T. ) ;
#4398 = CARTESIAN_POINT ( 'NONE',  ( -73.23606797749977204, 27.99999999999999645, 250.0000000000000000 ) ) ;
#4399 = CIRCLE ( 'NONE', #656, 3.599999999999936584 ) ;
#4400 = ORIENTED_EDGE ( 'NONE', *, *, #4702, .F. ) ;
#4401 = VERTEX_POINT ( 'NONE', #1826 ) ;
#4402 = DIRECTION ( 'NONE',  ( 0.000000000000000000, 0.000000000000000000, -1.000000000000000000 ) ) ;
#4403 = DIRECTION ( 'NONE',  ( 0.000000000000000000, 0.000000000000000000, -1.000000000000000000 ) ) ;
#4404 = EDGE_LOOP ( 'NONE', ( #4459, #518, #2921, #150 ) ) ;
#4405 = LINE ( 'NONE', #526, #4666 ) ;
#4406 = CONICAL_SURFACE ( 'NONE', #161, 1.699999999999951550, 0.7853981633974445042 ) ;
#4407 = AXIS2_PLACEMENT_3D ( 'NONE', #733, #2315, #4262 ) ;
#4408 = FACE_BOUND ( 'NONE', #4296, .T. ) ;
#4409 = VECTOR ( 'NONE', #350, 1000.000000000000000 ) ;
#4410 = ORIENTED_EDGE ( 'NONE', *, *, #3680, .T. ) ;
#4411 = CONICAL_SURFACE ( 'NONE', #419, 3.099999999999991651, 0.7853981633974244092 ) ;
#4412 = DIRECTION ( 'NONE',  ( -0.000000000000000000, 1.000000000000000000, -0.000000000000000000 ) ) ;
#4413 = CARTESIAN_POINT ( 'NONE',  ( -89.50000000000005684, 18.10000000000000142, 20.00000000000000000 ) ) ;
#4414 = CIRCLE ( 'NONE', #1991, 2.200000000000090772 ) ;
#4415 = AXIS2_PLACEMENT_3D ( 'NONE', #1268, #437, #2824 ) ;
#4416 = EDGE_CURVE ( 'NONE', #1697, #1428, #4329, .T. ) ;
#4417 = ADVANCED_FACE ( 'NONE', ( #2632 ), #329, .F. ) ;
#4418 = AXIS2_PLACEMENT_3D ( 'NONE', #1591, #3616, #3176 ) ;
#4419 = AXIS2_PLACEMENT_3D ( 'NONE', #821, #438, #795 ) ;
#4420 = VECTOR ( 'NONE', #1142, 1000.000000000000000 ) ;
#4421 = VECTOR ( 'NONE', #4161, 1000.000000000000000 ) ;
#4422 = ADVANCED_FACE ( 'NONE', ( #3308 ), #4911, .F. ) ;
#4423 = VERTEX_POINT ( 'NONE', #217 ) ;
#4424 = DIRECTION ( 'NONE',  ( -0.000000000000000000, -1.000000000000000000, -0.000000000000000000 ) ) ;
#4425 = DIRECTION ( 'NONE',  ( -0.7071067811865503483, 0.000000000000000000, 0.7071067811865446862 ) ) ;
#4426 = VECTOR ( 'NONE', #1204, 1000.000000000000000 ) ;
#4427 = ORIENTED_EDGE ( 'NONE', *, *, #4031, .T. ) ;
#4428 = DIRECTION ( 'NONE',  ( 0.000000000000000000, 0.000000000000000000, -1.000000000000000000 ) ) ;
#4429 = CONICAL_SURFACE ( 'NONE', #2827, 4.500000000000003553, 0.7853981633974569387 ) ;
#4430 = ADVANCED_FACE ( 'NONE', ( #2583 ), #4984, .F. ) ;
#4431 = CARTESIAN_POINT ( 'NONE',  ( 0.000000000000000000, 0.000000000000000000, 0.000000000000000000 ) ) ;
#4432 = CARTESIAN_POINT ( 'NONE',  ( -66.23187591328682799, 15.00000000000000178, 213.8999999999999773 ) ) ;
#4433 = DIRECTION ( 'NONE',  ( 0.000000000000000000, 0.000000000000000000, 1.000000000000000000 ) ) ;
#4434 = EDGE_LOOP ( 'NONE', ( #4013, #4902, #707, #3869 ) ) ;
#4435 = ORIENTED_EDGE ( 'NONE', *, *, #2811, .T. ) ;
#4436 = DIRECTION ( 'NONE',  ( 0.000000000000000000, 1.000000000000000000, 0.000000000000000000 ) ) ;
#4437 = CARTESIAN_POINT ( 'NONE',  ( -85.24999999999997158, -9.500000000000079936, 242.0000000000000284 ) ) ;
#4438 = VERTEX_POINT ( 'NONE', #2964 ) ;
#4439 = CARTESIAN_POINT ( 'NONE',  ( -90.00000000000000000, 18.59999999999995168, 184.9999999999999716 ) ) ;
#4440 = FACE_OUTER_BOUND ( 'NONE', #3749, .T. ) ;
#4441 = VERTEX_POINT ( 'NONE', #4106 ) ;
#4442 = DIRECTION ( 'NONE',  ( 0.000000000000000000, 0.000000000000000000, -1.000000000000000000 ) ) ;
#4443 = DIRECTION ( 'NONE',  ( -2.312964634635742957E-16, 1.000000000000000000, -0.000000000000000000 ) ) ;
#4444 = VERTEX_POINT ( 'NONE', #534 ) ;
#4445 = LINE ( 'NONE', #1280, #4992 ) ;
#4446 = ADVANCED_FACE ( 'NONE', ( #136 ), #3314, .F. ) ;
#4447 = PLANE ( 'NONE',  #3204 ) ;
#4448 = ORIENTED_EDGE ( 'NONE', *, *, #2175, .T. ) ;
#4449 = CARTESIAN_POINT ( 'NONE',  ( -82.49999999999995737, -9.500000000000079936, 242.0000000000000284 ) ) ;
#4450 = EDGE_CURVE ( 'NONE', #2836, #3889, #2896, .T. ) ;
#4451 = DIRECTION ( 'NONE',  ( 0.000000000000000000, 0.000000000000000000, 1.000000000000000000 ) ) ;
#4452 = ORIENTED_EDGE ( 'NONE', *, *, #1256, .F. ) ;
#4453 = EDGE_CURVE ( 'NONE', #67, #2979, #990, .T. ) ;
#4454 = EDGE_CURVE ( 'NONE', #1307, #3141, #2132, .T. ) ;
#4455 = DIRECTION ( 'NONE',  ( 0.000000000000000000, 0.000000000000000000, 1.000000000000000000 ) ) ;
#4456 = LINE ( 'NONE', #3135, #2987 ) ;
#4457 = EDGE_CURVE ( 'NONE', #3676, #2797, #1751, .T. ) ;
#4458 = ORIENTED_EDGE ( 'NONE', *, *, #4728, .T. ) ;
#4459 = ORIENTED_EDGE ( 'NONE', *, *, #4416, .F. ) ;
#4460 = DIRECTION ( 'NONE',  ( 0.000000000000000000, 0.000000000000000000, 1.000000000000000000 ) ) ;
#4461 = DIRECTION ( 'NONE',  ( -1.000000000000000000, -0.000000000000000000, 0.000000000000000000 ) ) ;
#4462 = ORIENTED_EDGE ( 'NONE', *, *, #2456, .T. ) ;
#4463 = DIRECTION ( 'NONE',  ( -0.5773502691896257311, 0.5773502691896257311, 0.5773502691896257311 ) ) ;
#4464 = CARTESIAN_POINT ( 'NONE',  ( -82.49999999999995737, 30.00000000000000000, 242.0000000000000284 ) ) ;
#4465 = ORIENTED_EDGE ( 'NONE', *, *, #944, .F. ) ;
#4466 = CARTESIAN_POINT ( 'NONE',  ( -89.50000000000005684, 18.10000000000000142, 20.00000000000000000 ) ) ;
#4467 = LINE ( 'NONE', #3646, #3465 ) ;
#4468 = ORIENTED_EDGE ( 'NONE', *, *, #3898, .F. ) ;
#4469 = PLANE ( 'NONE',  #1250 ) ;
#4470 = CARTESIAN_POINT ( 'NONE',  ( -90.00000000000000000, 15.00000000000000178, 218.6999999999999318 ) ) ;
#4471 = VERTEX_POINT ( 'NONE', #992 ) ;
#4472 = CARTESIAN_POINT ( 'NONE',  ( -82.50000000000002842, 24.99999999999999645, 12.50000000000003197 ) ) ;
#4473 = AXIS2_PLACEMENT_3D ( 'NONE', #3001, #1851, #4940 ) ;
#4474 = ORIENTED_EDGE ( 'NONE', *, *, #1027, .F. ) ;
#4475 = CIRCLE ( 'NONE', #1305, 1.000000000000000888 ) ;
#4476 = DIRECTION ( 'NONE',  ( 0.000000000000000000, 4.205390244792260202E-17, 1.000000000000000000 ) ) ;
#4477 = DIRECTION ( 'NONE',  ( 0.000000000000000000, 1.000000000000000000, -4.205390244792260202E-17 ) ) ;
#4478 = EDGE_CURVE ( 'NONE', #1777, #4847, #1, .T. ) ;
#4479 = EDGE_CURVE ( 'NONE', #4401, #1935, #4881, .T. ) ;
#4480 = VECTOR ( 'NONE', #4300, 1000.000000000000000 ) ;
#4481 = ORIENTED_EDGE ( 'NONE', *, *, #2620, .T. ) ;
#4482 = ADVANCED_FACE ( 'NONE', ( #3784 ), #3384, .F. ) ;
#4483 = EDGE_LOOP ( 'NONE', ( #4853, #363, #3608, #1586, #1019 ) ) ;
#4484 = LINE ( 'NONE', #901, #1669 ) ;
#4485 = CARTESIAN_POINT ( 'NONE',  ( 75.00000000000000000, 15.00000000000000178, 232.9999999999999716 ) ) ;
#4486 = VERTEX_POINT ( 'NONE', #1696 ) ;
#4487 = DIRECTION ( 'NONE',  ( 0.000000000000000000, 0.000000000000000000, 1.000000000000000000 ) ) ;
#4488 = DIRECTION ( 'NONE',  ( 1.000000000000000000, 0.000000000000000000, 0.000000000000000000 ) ) ;
#4489 = ORIENTED_EDGE ( 'NONE', *, *, #2145, .F. ) ;
#4490 = CARTESIAN_POINT ( 'NONE',  ( -86.00000000000000000, 12.90000000000005720, 3.595608659297371265E-16 ) ) ;
#4491 = FACE_OUTER_BOUND ( 'NONE', #598, .T. ) ;
#4492 = VECTOR ( 'NONE', #850, 1000.000000000000114 ) ;
#4493 = VECTOR ( 'NONE', #4348, 1000.000000000000000 ) ;
#4494 = CARTESIAN_POINT ( 'NONE',  ( -90.00000000000000000, 14.99999999999999822, 18.40000000000000568 ) ) ;
#4495 = ORIENTED_EDGE ( 'NONE', *, *, #844, .F. ) ;
#4496 = AXIS2_PLACEMENT_3D ( 'NONE', #4680, #708, #3121 ) ;
#4497 = DIRECTION ( 'NONE',  ( -1.000000000000000000, 0.000000000000000000, 0.000000000000000000 ) ) ;
#4498 = DIRECTION ( 'NONE',  ( 0.000000000000000000, 0.000000000000000000, 1.000000000000000000 ) ) ;
#4499 = EDGE_LOOP ( 'NONE', ( #4273, #4107, #2007, #3391, #3598 ) ) ;
#4500 = CONICAL_SURFACE ( 'NONE', #2650, 1.599999999999993872, 0.7853981633974760346 ) ;
#4501 = CARTESIAN_POINT ( 'NONE',  ( 85.49999999999988631, 15.00000000000000178, 216.9999999999999716 ) ) ;
#4502 = AXIS2_PLACEMENT_3D ( 'NONE', #704, #3962, #390 ) ;
#4503 = AXIS2_PLACEMENT_3D ( 'NONE', #4825, #4412, #1302 ) ;
#4504 = ORIENTED_EDGE ( 'NONE', *, *, #1794, .T. ) ;
#4505 = AXIS2_PLACEMENT_3D ( 'NONE', #3642, #3562, #4852 ) ;
#4506 = CIRCLE ( 'NONE', #4751, 2.750000000000002665 ) ;
#4507 = VECTOR ( 'NONE', #1008, 1000.000000000000114 ) ;
#4508 = LINE ( 'NONE', #4922, #1734 ) ;
#4509 = DIRECTION ( 'NONE',  ( 0.000000000000000000, 0.000000000000000000, 1.000000000000000000 ) ) ;
#4510 = AXIS2_PLACEMENT_3D ( 'NONE', #309, #1477, #2676 ) ;
#4511 = ORIENTED_EDGE ( 'NONE', *, *, #3453, .F. ) ;
#4512 = CARTESIAN_POINT ( 'NONE',  ( 86.00000000000000000, 15.00000000000000178, 184.9999999999999716 ) ) ;
#4513 = EDGE_CURVE ( 'NONE', #2018, #1241, #3232, .T. ) ;
#4514 = FACE_OUTER_BOUND ( 'NONE', #1998, .T. ) ;
#4515 = ORIENTED_EDGE ( 'NONE', *, *, #1508, .F. ) ;
#4516 = CARTESIAN_POINT ( 'NONE',  ( 85.50000000000004263, 16.59999999999999787, 184.9999999999999716 ) ) ;
#4517 = EDGE_CURVE ( 'NONE', #351, #347, #1341, .T. ) ;
#4518 = DIRECTION ( 'NONE',  ( 1.000000000000000000, 0.000000000000000000, 0.000000000000000000 ) ) ;
#4519 = ORIENTED_EDGE ( 'NONE', *, *, #4931, .F. ) ;
#4520 = EDGE_CURVE ( 'NONE', #1373, #4059, #2166, .T. ) ;
#4521 = PLANE ( 'NONE',  #1138 ) ;
#4522 = DIRECTION ( 'NONE',  ( 0.000000000000000000, -0.000000000000000000, -1.000000000000000000 ) ) ;
#4523 = LINE ( 'NONE', #946, #913 ) ;
#4524 = ORIENTED_EDGE ( 'NONE', *, *, #2871, .F. ) ;
#4525 = DIRECTION ( 'NONE',  ( 1.000000000000000000, 0.000000000000000000, 0.000000000000000000 ) ) ;
#4526 = LINE ( 'NONE', #4470, #1177 ) ;
#4527 = EDGE_LOOP ( 'NONE', ( #1683, #2584, #2612, #4647 ) ) ;
#4528 = DIRECTION ( 'NONE',  ( 0.000000000000000000, -0.000000000000000000, -1.000000000000000000 ) ) ;
#4529 = EDGE_LOOP ( 'NONE', ( #2839, #1189, #3709, #1276, #4628 ) ) ;
#4530 = CARTESIAN_POINT ( 'NONE',  ( -82.49999999999995737, 29.50000000000003553, 242.0000000000000284 ) ) ;
#4531 = CARTESIAN_POINT ( 'NONE',  ( -82.50000000000004263, 25.00000000000000000, 8.000000000000028422 ) ) ;
#4532 = VERTEX_POINT ( 'NONE', #581 ) ;
#4533 = LINE ( 'NONE', #569, #2666 ) ;
#4534 = DIRECTION ( 'NONE',  ( -2.312964634635742957E-16, 1.000000000000000000, -0.000000000000000000 ) ) ;
#4535 = VERTEX_POINT ( 'NONE', #2548 ) ;
#4536 = DIRECTION ( 'NONE',  ( 0.000000000000000000, 0.7071067811865223707, 0.7071067811865726638 ) ) ;
#4537 = ORIENTED_EDGE ( 'NONE', *, *, #3710, .F. ) ;
#4538 = DIRECTION ( 'NONE',  ( 0.000000000000000000, 0.7071067811865414665, 0.7071067811865536790 ) ) ;
#4539 = VERTEX_POINT ( 'NONE', #554 ) ;
#4540 = SURFACE_STYLE_USAGE ( .BOTH. , #985 ) ;
#4541 = DIRECTION ( 'NONE',  ( 1.000000000000000000, -0.000000000000000000, -0.000000000000000000 ) ) ;
#4542 = ADVANCED_FACE ( 'NONE', ( #114 ), #3278, .F. ) ;
#4543 = EDGE_CURVE ( 'NONE', #1366, #4486, #4523, .T. ) ;
#4544 = EDGE_CURVE ( 'NONE', #1428, #1432, #3727, .T. ) ;
#4545 = DIRECTION ( 'NONE',  ( 0.000000000000000000, -0.000000000000000000, 1.000000000000000000 ) ) ;
#4546 = ORIENTED_EDGE ( 'NONE', *, *, #3287, .F. ) ;
#4547 = CARTESIAN_POINT ( 'NONE',  ( -72.34164078649988028, 27.55278640450004701, 250.0000000000000000 ) ) ;
#4548 = DIRECTION ( 'NONE',  ( -1.000000000000000000, 0.000000000000000000, 0.000000000000000000 ) ) ;
#4549 = EDGE_CURVE ( 'NONE', #2137, #1495, #1904, .T. ) ;
#4550 = ORIENTED_EDGE ( 'NONE', *, *, #1949, .F. ) ;
#4551 = EDGE_CURVE ( 'NONE', #2505, #4532, #4260, .T. ) ;
#4552 = FACE_OUTER_BOUND ( 'NONE', #2813, .T. ) ;
#4553 = ORIENTED_EDGE ( 'NONE', *, *, #462, .F. ) ;
#4554 = CARTESIAN_POINT ( 'NONE',  ( -90.00000000000000000, 16.59999999999999432, 20.00000000000000000 ) ) ;
#4555 = LINE ( 'NONE', #896, #3159 ) ;
#4556 = CONICAL_SURFACE ( 'NONE', #2875, 4.500000000000003553, 0.7853981633974579379 ) ;
#4557 = EDGE_CURVE ( 'NONE', #1246, #4713, #4646, .T. ) ;
#4558 = VERTEX_POINT ( 'NONE', #5100 ) ;
#4559 = DIRECTION ( 'NONE',  ( 0.000000000000000000, 0.000000000000000000, -1.000000000000000000 ) ) ;
#4560 = DIRECTION ( 'NONE',  ( -0.7071067811865474617, 0.7071067811865474617, 0.000000000000000000 ) ) ;
#4561 = EDGE_LOOP ( 'NONE', ( #1802, #2176, #1865, #5008, #4949 ) ) ;
#4562 = DIRECTION ( 'NONE',  ( 0.000000000000000000, 2.102695122396130717E-17, 1.000000000000000000 ) ) ;
#4563 = AXIS2_PLACEMENT_3D ( 'NONE', #1969, #3214, #1296 ) ;
#4564 = ORIENTED_EDGE ( 'NONE', *, *, #3070, .T. ) ;
#4565 = CARTESIAN_POINT ( 'NONE',  ( -82.49999999999995737, 29.50000000000003553, 246.5000000000000284 ) ) ;
#4566 = ORIENTED_EDGE ( 'NONE', *, *, #5152, .T. ) ;
#4567 = DIRECTION ( 'NONE',  ( 0.000000000000000000, 2.102695122396130717E-17, 1.000000000000000000 ) ) ;
#4568 = CARTESIAN_POINT ( 'NONE',  ( -73.23606797749977204, 27.99999999999999645, 1.000000000000001110 ) ) ;
#4569 = DIRECTION ( 'NONE',  ( -1.000000000000000000, 0.000000000000000000, 0.000000000000000000 ) ) ;
#4570 = ORIENTED_EDGE ( 'NONE', *, *, #538, .F. ) ;
#4571 = AXIS2_PLACEMENT_3D ( 'NONE', #1188, #4808, #3665 ) ;
#4572 = DIRECTION ( 'NONE',  ( 0.000000000000000000, 0.000000000000000000, 1.000000000000000000 ) ) ;
#4573 = DIRECTION ( 'NONE',  ( 0.000000000000000000, 0.000000000000000000, 1.000000000000000000 ) ) ;
#4574 = EDGE_CURVE ( 'NONE', #384, #4938, #4658, .T. ) ;
#4575 = EDGE_CURVE ( 'NONE', #3212, #4277, #4678, .T. ) ;
#4576 = VECTOR ( 'NONE', #4028, 1000.000000000000114 ) ;
#4577 = ORIENTED_EDGE ( 'NONE', *, *, #2687, .T. ) ;
#4578 = EDGE_CURVE ( 'NONE', #4423, #1240, #3414, .T. ) ;
#4579 = VECTOR ( 'NONE', #1462, 1000.000000000000114 ) ;
#4580 = ORIENTED_EDGE ( 'NONE', *, *, #1218, .F. ) ;
#4581 = VECTOR ( 'NONE', #2110, 1000.000000000000000 ) ;
#4582 = AXIS2_PLACEMENT_3D ( 'NONE', #1536, #3118, #291 ) ;
#4583 = EDGE_CURVE ( 'NONE', #4713, #1914, #1458, .T. ) ;
#4584 = CARTESIAN_POINT ( 'NONE',  ( -85.31222956928671408, 18.09999999999999432, 20.00000000000000000 ) ) ;
#4585 = CIRCLE ( 'NONE', #1825, 2.099999999999990763 ) ;
#4586 = CIRCLE ( 'NONE', #173, 2.200000000000035261 ) ;
#4587 = AXIS2_PLACEMENT_3D ( 'NONE', #156, #960, #190 ) ;
#4588 = CONICAL_SURFACE ( 'NONE', #2407, 3.099999999999991651, 0.7853981633974244092 ) ;
#4589 = VERTEX_POINT ( 'NONE', #5063 ) ;
#4590 = FACE_OUTER_BOUND ( 'NONE', #3929, .T. ) ;
#4591 = CIRCLE ( 'NONE', #2747, 2.099999999999990763 ) ;
#4592 = FACE_BOUND ( 'NONE', #4720, .T. ) ;
#4593 = ORIENTED_EDGE ( 'NONE', *, *, #596, .T. ) ;
#4594 = DIRECTION ( 'NONE',  ( 1.000000000000000000, 0.000000000000000000, 0.000000000000000000 ) ) ;
#4595 = ORIENTED_EDGE ( 'NONE', *, *, #145, .F. ) ;
#4596 = CARTESIAN_POINT ( 'NONE',  ( 85.50000000000004263, 16.59999999999999787, 184.9999999999999716 ) ) ;
#4597 = ORIENTED_EDGE ( 'NONE', *, *, #4352, .F. ) ;
#4598 = DIRECTION ( 'NONE',  ( 1.000000000000000000, -0.000000000000000000, -0.000000000000000000 ) ) ;
#4599 = CARTESIAN_POINT ( 'NONE',  ( -75.49999999999997158, 16.59999999999999787, 184.9999999999999716 ) ) ;
#4600 = DIRECTION ( 'NONE',  ( 1.000000000000000000, 0.000000000000000000, 0.000000000000000000 ) ) ;
#4601 = CARTESIAN_POINT ( 'NONE',  ( -85.31222956928671408, 15.00000000000000178, 184.9999999999999716 ) ) ;
#4602 = ORIENTED_EDGE ( 'NONE', *, *, #397, .F. ) ;
#4603 = CARTESIAN_POINT ( 'NONE',  ( -82.50000000000002842, -10.00000000000000000, 8.000000000000028422 ) ) ;
#4604 = DIRECTION ( 'NONE',  ( 0.000000000000000000, 1.000000000000000000, 0.000000000000000000 ) ) ;
#4605 = ORIENTED_EDGE ( 'NONE', *, *, #1923, .T. ) ;
#4606 = EDGE_CURVE ( 'NONE', #4377, #976, #1436, .T. ) ;
#4607 = ORIENTED_EDGE ( 'NONE', *, *, #4583, .T. ) ;
#4608 = DIRECTION ( 'NONE',  ( 0.5773502691896257311, 0.5773502691896257311, 0.5773502691896257311 ) ) ;
#4609 = ADVANCED_FACE ( 'NONE', ( #3840 ), #2984, .F. ) ;
#4610 = EDGE_CURVE ( 'NONE', #222, #728, #3019, .T. ) ;
#4611 = ADVANCED_FACE ( 'NONE', ( #1870 ), #253, .F. ) ;
#4612 = DIRECTION ( 'NONE',  ( 0.000000000000000000, -0.000000000000000000, 1.000000000000000000 ) ) ;
#4613 = CARTESIAN_POINT ( 'NONE',  ( 85.25000000000004263, -9.500000000000079936, 242.0000000000000000 ) ) ;
#4614 = ORIENTED_EDGE ( 'NONE', *, *, #2711, .F. ) ;
#4615 = CARTESIAN_POINT ( 'NONE',  ( -76.00000000000000000, 10.00000000000000178, 0.000000000000000000 ) ) ;
#4616 = PLANE ( 'NONE',  #750 ) ;
#4617 = ORIENTED_EDGE ( 'NONE', *, *, #623, .F. ) ;
#4618 = CARTESIAN_POINT ( 'NONE',  ( 90.00000000000000000, 18.59999999999994102, 20.00000000000000000 ) ) ;
#4619 = PLANE ( 'NONE',  #886 ) ;
#4620 = FACE_OUTER_BOUND ( 'NONE', #1139, .T. ) ;
#4621 = DIRECTION ( 'NONE',  ( 0.000000000000000000, 0.000000000000000000, 1.000000000000000000 ) ) ;
#4622 = ORIENTED_EDGE ( 'NONE', *, *, #904, .T. ) ;
#4623 = DIRECTION ( 'NONE',  ( 0.000000000000000000, 1.000000000000000000, 0.000000000000000000 ) ) ;
#4624 = DIRECTION ( 'NONE',  ( 0.000000000000000000, 0.000000000000000000, 1.000000000000000000 ) ) ;
#4625 = ORIENTED_EDGE ( 'NONE', *, *, #4259, .T. ) ;
#4626 = ORIENTED_EDGE ( 'NONE', *, *, #2224, .T. ) ;
#4627 = DIRECTION ( 'NONE',  ( -1.000000000000000000, 0.000000000000000000, 0.000000000000000000 ) ) ;
#4628 = ORIENTED_EDGE ( 'NONE', *, *, #4788, .T. ) ;
#4629 = DIRECTION ( 'NONE',  ( -0.7071067811865503483, 8.659560562354899578E-17, -0.7071067811865446862 ) ) ;
#4630 = CIRCLE ( 'NONE', #2790, 2.099999999999994316 ) ;
#4631 = CARTESIAN_POINT ( 'NONE',  ( -90.00000000000000000, 15.00000000000000178, 232.9999999999999716 ) ) ;
#4632 = ORIENTED_EDGE ( 'NONE', *, *, #2014, .F. ) ;
#4633 = EDGE_CURVE ( 'NONE', #1453, #3634, #316, .T. ) ;
#4634 = EDGE_CURVE ( 'NONE', #2258, #1974, #5017, .T. ) ;
#4635 = DIRECTION ( 'NONE',  ( 0.000000000000000000, 0.000000000000000000, 1.000000000000000000 ) ) ;
#4636 = CIRCLE ( 'NONE', #307, 2.000000000000001776 ) ;
#4637 = EDGE_CURVE ( 'NONE', #1148, #1935, #1238, .T. ) ;
#4638 = FACE_OUTER_BOUND ( 'NONE', #195, .T. ) ;
#4639 = EDGE_LOOP ( 'NONE', ( #4427, #2431, #2608, #1886, #1806, #2124, #1203, #5030, #2260, #3050, #34, #1283, #3801 ) ) ;
#4640 = EDGE_CURVE ( 'NONE', #2184, #589, #4228, .T. ) ;
#4641 = CARTESIAN_POINT ( 'NONE',  ( 89.00000000000002842, 30.00000000000000000, 250.0000000000000000 ) ) ;
#4642 = PLANE ( 'NONE',  #2467 ) ;
#4643 = ORIENTED_EDGE ( 'NONE', *, *, #3450, .T. ) ;
#4644 = CIRCLE ( 'NONE', #231, 3.599999999999936584 ) ;
#4645 = CARTESIAN_POINT ( 'NONE',  ( 74.99999999999998579, 10.00000000000000000, 250.0000000000000000 ) ) ;
#4646 = LINE ( 'NONE', #292, #4409 ) ;
#4647 = ORIENTED_EDGE ( 'NONE', *, *, #3489, .F. ) ;
#4648 = CARTESIAN_POINT ( 'NONE',  ( 86.00000000000000000, 12.90000000000005720, 3.595608659297371265E-16 ) ) ;
#4649 = LINE ( 'NONE', #2215, #1134 ) ;
#4650 = VERTEX_POINT ( 'NONE', #630 ) ;
#4651 = VECTOR ( 'NONE', #4089, 1000.000000000000114 ) ;
#4652 = ORIENTED_EDGE ( 'NONE', *, *, #2965, .F. ) ;
#4653 = DIRECTION ( 'NONE',  ( 0.000000000000000000, -0.000000000000000000, -1.000000000000000000 ) ) ;
#4654 = AXIS2_PLACEMENT_3D ( 'NONE', #3652, #138, #2444 ) ;
#4655 = CARTESIAN_POINT ( 'NONE',  ( -90.00000000000000000, 14.99999999999999822, 19.99999999999998934 ) ) ;
#4656 = AXIS2_PLACEMENT_3D ( 'NONE', #2770, #1234, #4350 ) ;
#4657 = AXIS2_PLACEMENT_3D ( 'NONE', #2894, #2138, #174 ) ;
#4658 = CIRCLE ( 'NONE', #2482, 2.200000000000090772 ) ;
#4659 = AXIS2_PLACEMENT_3D ( 'NONE', #1573, #1187, #19 ) ;
#4660 = AXIS2_PLACEMENT_3D ( 'NONE', #2029, #55, #1746 ) ;
#4661 = CARTESIAN_POINT ( 'NONE',  ( 72.34164078649988028, 27.55278640450004701, 250.0000000000000000 ) ) ;
#4662 = CYLINDRICAL_SURFACE ( 'NONE', #2728, 3.100000000000005418 ) ;
#4663 = VERTEX_POINT ( 'NONE', #3496 ) ;
#4664 = LINE ( 'NONE', #383, #2577 ) ;
#4665 = AXIS2_PLACEMENT_3D ( 'NONE', #3075, #5118, #1099 ) ;
#4666 = VECTOR ( 'NONE', #4817, 1000.000000000000000 ) ;
#4667 = CIRCLE ( 'NONE', #172, 4.999999999999976907 ) ;
#4668 = VERTEX_POINT ( 'NONE', #1069 ) ;
#4669 = EDGE_CURVE ( 'NONE', #2270, #1970, #1040, .T. ) ;
#4670 = CYLINDRICAL_SURFACE ( 'NONE', #4086, 1.699999999999951550 ) ;
#4671 = ORIENTED_EDGE ( 'NONE', *, *, #1665, .T. ) ;
#4672 = CARTESIAN_POINT ( 'NONE',  ( 85.49999999999988631, 15.00000000000000178, 216.9999999999999716 ) ) ;
#4673 = FACE_BOUND ( 'NONE', #68, .T. ) ;
#4674 = VERTEX_POINT ( 'NONE', #2658 ) ;
#4675 = AXIS2_PLACEMENT_3D ( 'NONE', #3290, #2899, #4509 ) ;
#4676 = FACE_OUTER_BOUND ( 'NONE', #4289, .T. ) ;
#4677 = EDGE_CURVE ( 'NONE', #3889, #2836, #1744, .T. ) ;
#4678 = LINE ( 'NONE', #1518, #822 ) ;
#4679 = ORIENTED_EDGE ( 'NONE', *, *, #4866, .T. ) ;
#4680 = CARTESIAN_POINT ( 'NONE',  ( 75.50000000000004263, 15.00000000000000178, 216.9999999999999716 ) ) ;
#4681 = FACE_OUTER_BOUND ( 'NONE', #736, .T. ) ;
#4682 = LINE ( 'NONE', #1044, #328 ) ;
#4683 = ORIENTED_EDGE ( 'NONE', *, *, #1706, .F. ) ;
#4684 = CARTESIAN_POINT ( 'NONE',  ( -86.00000000000000000, 18.10000000000000142, 20.00000000000000000 ) ) ;
#4685 = CARTESIAN_POINT ( 'NONE',  ( 75.50000000000004263, 15.00000000000000178, 232.9999999999999716 ) ) ;
#4686 = ORIENTED_EDGE ( 'NONE', *, *, #2689, .T. ) ;
#4687 = DIRECTION ( 'NONE',  ( -0.7071067811865570096, 0.7071067811865380248, -1.486829979814161513E-17 ) ) ;
#4688 = EDGE_LOOP ( 'NONE', ( #296, #103 ) ) ;
#4689 = CARTESIAN_POINT ( 'NONE',  ( 89.50000000000005684, 15.00000000000000178, 184.9999999999999716 ) ) ;
#4690 = ORIENTED_EDGE ( 'NONE', *, *, #4634, .F. ) ;
#4691 = FACE_OUTER_BOUND ( 'NONE', #2830, .T. ) ;
#4692 = ORIENTED_EDGE ( 'NONE', *, *, #1104, .F. ) ;
#4693 = DIRECTION ( 'NONE',  ( -0.000000000000000000, -1.000000000000000000, -0.000000000000000000 ) ) ;
#4694 = DIRECTION ( 'NONE',  ( -0.000000000000000000, 0.000000000000000000, -1.000000000000000000 ) ) ;
#4695 = EDGE_LOOP ( 'NONE', ( #4781, #3564, #2320, #3468 ) ) ;
#4696 = CARTESIAN_POINT ( 'NONE',  ( 86.00000000000000000, 11.90000000000000036, 184.9999999999999716 ) ) ;
#4697 = CARTESIAN_POINT ( 'NONE',  ( -90.00000000000000000, 15.00000000000000178, 215.3000000000000114 ) ) ;
#4698 = VERTEX_POINT ( 'NONE', #1538 ) ;
#4699 = CARTESIAN_POINT ( 'NONE',  ( 82.50000000000005684, 24.99999999999999645, 8.000000000000007105 ) ) ;
#4700 = LINE ( 'NONE', #4344, #639 ) ;
#4701 = ADVANCED_FACE ( 'NONE', ( #4282, #706 ), #3888, .F. ) ;
#4702 = EDGE_CURVE ( 'NONE', #4122, #1768, #828, .T. ) ;
#4703 = EDGE_CURVE ( 'NONE', #3889, #4471, #3252, .T. ) ;
#4704 = VERTEX_POINT ( 'NONE', #5139 ) ;
#4705 = CARTESIAN_POINT ( 'NONE',  ( 85.31222956928671408, 15.00000000000000178, 184.9999999999999716 ) ) ;
#4706 = ADVANCED_FACE ( 'NONE', ( #1637 ), #2338, .F. ) ;
#4707 = ORIENTED_EDGE ( 'NONE', *, *, #2387, .T. ) ;
#4708 = CARTESIAN_POINT ( 'NONE',  ( -71.44721359549994588, 27.10557280900008337, 1.000000000000000444 ) ) ;
#4709 = CARTESIAN_POINT ( 'NONE',  ( -75.00000000000000000, 15.00000000000000178, 235.2000000000000171 ) ) ;
#4710 = EDGE_LOOP ( 'NONE', ( #4632, #776, #624, #942 ) ) ;
#4711 = CARTESIAN_POINT ( 'NONE',  ( 82.50000000000005684, -9.500000000000079936, 5.249999999999998224 ) ) ;
#4712 = ORIENTED_EDGE ( 'NONE', *, *, #3006, .F. ) ;
#4713 = VERTEX_POINT ( 'NONE', #3538 ) ;
#4714 = CARTESIAN_POINT ( 'NONE',  ( -82.49999999999995737, -10.00000000000000000, 245.2499999999999432 ) ) ;
#4715 = CYLINDRICAL_SURFACE ( 'NONE', #2294, 2.750000000000002665 ) ;
#4716 = ORIENTED_EDGE ( 'NONE', *, *, #4453, .F. ) ;
#4717 = CARTESIAN_POINT ( 'NONE',  ( 82.50000000000005684, 30.00000000000000000, 8.000000000000007105 ) ) ;
#4718 = AXIS2_PLACEMENT_3D ( 'NONE', #2946, #4548, #611 ) ;
#4719 = CARTESIAN_POINT ( 'NONE',  ( -90.00000000000000000, 15.00000000000000178, 234.6999999999999318 ) ) ;
#4720 = EDGE_LOOP ( 'NONE', ( #3894, #2041, #226, #688, #2959 ) ) ;
#4721 = DIRECTION ( 'NONE',  ( -0.000000000000000000, -1.000000000000000000, -0.000000000000000000 ) ) ;
#4722 = AXIS2_PLACEMENT_3D ( 'NONE', #524, #2907, #3771 ) ;
#4723 = AXIS2_PLACEMENT_3D ( 'NONE', #3305, #1671, #2468 ) ;
#4724 = CARTESIAN_POINT ( 'NONE',  ( 75.00000000000000000, 12.90000000000001634, 20.00000000000000000 ) ) ;
#4725 = CIRCLE ( 'NONE', #481, 3.249999999999975131 ) ;
#4726 = ORIENTED_EDGE ( 'NONE', *, *, #1443, .T. ) ;
#4727 = DIRECTION ( 'NONE',  ( 1.000000000000000000, 0.000000000000000000, 0.000000000000000000 ) ) ;
#4728 = EDGE_CURVE ( 'NONE', #2508, #2046, #1180, .T. ) ;
#4729 = CARTESIAN_POINT ( 'NONE',  ( -82.49999999999995737, -9.500000000000079936, 242.0000000000000284 ) ) ;
#4730 = EDGE_CURVE ( 'NONE', #3701, #1519, #2741, .T. ) ;
#4731 = EDGE_CURVE ( 'NONE', #603, #1215, #2322, .T. ) ;
#4732 = VECTOR ( 'NONE', #3954, 1000.000000000000000 ) ;
#4733 = CYLINDRICAL_SURFACE ( 'NONE', #4791, 1.599999999999993872 ) ;
#4734 = LINE ( 'NONE', #4432, #584 ) ;
#4735 = DIRECTION ( 'NONE',  ( 0.000000000000000000, 0.000000000000000000, 1.000000000000000000 ) ) ;
#4736 = AXIS2_PLACEMENT_3D ( 'NONE', #4025, #451, #4076 ) ;
#4737 = AXIS2_PLACEMENT_3D ( 'NONE', #3767, #543, #2119 ) ;
#4738 = AXIS2_PLACEMENT_3D ( 'NONE', #5067, #4206, #1874 ) ;
#4739 = ORIENTED_EDGE ( 'NONE', *, *, #4125, .T. ) ;
#4740 = DIRECTION ( 'NONE',  ( 0.7071067811865474617, 0.7071067811865474617, 0.000000000000000000 ) ) ;
#4741 = ORIENTED_EDGE ( 'NONE', *, *, #4264, .T. ) ;
#4742 = CARTESIAN_POINT ( 'NONE',  ( 86.00000000000000000, 15.00000000000000178, 184.9999999999999716 ) ) ;
#4743 = AXIS2_PLACEMENT_3D ( 'NONE', #1381, #4908, #4937 ) ;
#4744 = LINE ( 'NONE', #3116, #2547 ) ;
#4745 = AXIS2_PLACEMENT_3D ( 'NONE', #928, #2509, #1284 ) ;
#4746 = ORIENTED_EDGE ( 'NONE', *, *, #3637, .F. ) ;
#4747 = CYLINDRICAL_SURFACE ( 'NONE', #2071, 1.699999999999951550 ) ;
#4748 = VECTOR ( 'NONE', #3677, 1000.000000000000000 ) ;
#4749 = AXIS2_PLACEMENT_3D ( 'NONE', #4135, #4894, #179 ) ;
#4750 = VECTOR ( 'NONE', #2439, 1000.000000000000000 ) ;
#4751 = AXIS2_PLACEMENT_3D ( 'NONE', #3585, #2019, #4433 ) ;
#4752 = CYLINDRICAL_SURFACE ( 'NONE', #3072, 1.699999999999951550 ) ;
#4753 = ORIENTED_EDGE ( 'NONE', *, *, #3844, .F. ) ;
#4754 = AXIS2_PLACEMENT_3D ( 'NONE', #4117, #2196, #1352 ) ;
#4755 = DIRECTION ( 'NONE',  ( -0.000000000000000000, 1.000000000000000000, -0.000000000000000000 ) ) ;
#4756 = DIRECTION ( 'NONE',  ( -0.7071067811865644481, 0.000000000000000000, 0.7071067811865306973 ) ) ;
#4757 = AXIS2_PLACEMENT_3D ( 'NONE', #4094, #4192, #4925 ) ;
#4758 = VERTEX_POINT ( 'NONE', #2762 ) ;
#4759 = FACE_OUTER_BOUND ( 'NONE', #4021, .T. ) ;
#4760 = DIRECTION ( 'NONE',  ( 0.000000000000000000, 0.000000000000000000, -1.000000000000000000 ) ) ;
#4761 = DIRECTION ( 'NONE',  ( -0.000000000000000000, -1.000000000000000000, -0.000000000000000000 ) ) ;
#4762 = CARTESIAN_POINT ( 'NONE',  ( 86.00000000000000000, 11.90000000000000036, 20.00000000000000000 ) ) ;
#4763 = DIRECTION ( 'NONE',  ( -1.000000000000000000, 0.000000000000000000, 0.000000000000000000 ) ) ;
#4764 = DIRECTION ( 'NONE',  ( -0.000000000000000000, 1.000000000000000000, -0.000000000000000000 ) ) ;
#4765 = ADVANCED_FACE ( 'NONE', ( #2052 ), #4752, .F. ) ;
#4766 = EDGE_CURVE ( 'NONE', #2010, #234, #2358, .T. ) ;
#4767 = ORIENTED_EDGE ( 'NONE', *, *, #3224, .F. ) ;
#4768 = VERTEX_POINT ( 'NONE', #469 ) ;
#4769 = PLANE ( 'NONE',  #5085 ) ;
#4770 = CARTESIAN_POINT ( 'NONE',  ( -73.23606797749977204, 30.00000000000000000, 249.0000000000000000 ) ) ;
#4771 = ORIENTED_EDGE ( 'NONE', *, *, #4478, .T. ) ;
#4772 = EDGE_CURVE ( 'NONE', #1777, #2680, #2835, .T. ) ;
#4773 = DIRECTION ( 'NONE',  ( -0.7071067811865475727, 0.000000000000000000, 0.7071067811865475727 ) ) ;
#4774 = DIRECTION ( 'NONE',  ( 1.000000000000000000, 0.000000000000000000, -0.000000000000000000 ) ) ;
#4775 = ORIENTED_EDGE ( 'NONE', *, *, #3872, .T. ) ;
#4776 = LINE ( 'NONE', #1201, #85 ) ;
#4777 = CARTESIAN_POINT ( 'NONE',  ( -90.00000000000000000, 16.59999999999999787, 184.9999999999999716 ) ) ;
#4778 = ORIENTED_EDGE ( 'NONE', *, *, #559, .T. ) ;
#4779 = CARTESIAN_POINT ( 'NONE',  ( 75.00000000000000000, 19.99999999999999645, 249.0000000000000000 ) ) ;
#4780 = CARTESIAN_POINT ( 'NONE',  ( 89.50000000000005684, 11.90000000000000036, 184.9999999999999716 ) ) ;
#4781 = ORIENTED_EDGE ( 'NONE', *, *, #3580, .F. ) ;
#4782 = DIRECTION ( 'NONE',  ( -0.8944271909999156334, -0.4472135954999583163, 0.000000000000000000 ) ) ;
#4783 = DIRECTION ( 'NONE',  ( 0.000000000000000000, 0.000000000000000000, -1.000000000000000000 ) ) ;
#4784 = ORIENTED_EDGE ( 'NONE', *, *, #3582, .F. ) ;
#4785 = DIRECTION ( 'NONE',  ( 0.7071067811865644481, 0.000000000000000000, -0.7071067811865306973 ) ) ;
#4786 = ORIENTED_EDGE ( 'NONE', *, *, #77, .F. ) ;
#4787 = ORIENTED_EDGE ( 'NONE', *, *, #4640, .T. ) ;
#4788 = EDGE_CURVE ( 'NONE', #875, #4941, #4339, .T. ) ;
#4789 = FACE_OUTER_BOUND ( 'NONE', #3089, .T. ) ;
#4790 = ADVANCED_FACE ( 'NONE', ( #3144, #4362, #4408, #4440 ), #446, .T. ) ;
#4791 = AXIS2_PLACEMENT_3D ( 'NONE', #1447, #2694, #5107 ) ;
#4792 = DIRECTION ( 'NONE',  ( 0.000000000000000000, 1.000000000000000000, 0.000000000000000000 ) ) ;
#4793 = ORIENTED_EDGE ( 'NONE', *, *, #1103, .T. ) ;
#4794 = DIRECTION ( 'NONE',  ( -0.4472135954999583163, 0.8944271909999156334, -0.000000000000000000 ) ) ;
#4795 = ADVANCED_FACE ( 'NONE', ( #9 ), #1667, .T. ) ;
#4796 = DIRECTION ( 'NONE',  ( -0.000000000000000000, -0.7071067811865475727, -0.7071067811865475727 ) ) ;
#4797 = ORIENTED_EDGE ( 'NONE', *, *, #4006, .T. ) ;
#4798 = CARTESIAN_POINT ( 'NONE',  ( -75.49999999999997158, 16.59999999999999432, 20.00000000000000000 ) ) ;
#4799 = DIRECTION ( 'NONE',  ( 0.000000000000000000, 1.000000000000000000, 0.000000000000000000 ) ) ;
#4800 = VECTOR ( 'NONE', #4425, 1000.000000000000114 ) ;
#4801 = VECTOR ( 'NONE', #649, 1000.000000000000000 ) ;
#4802 = EDGE_LOOP ( 'NONE', ( #59, #1034, #1907, #4597 ) ) ;
#4803 = DIRECTION ( 'NONE',  ( 1.000000000000000000, -0.000000000000000000, -0.000000000000000000 ) ) ;
#4804 = CARTESIAN_POINT ( 'NONE',  ( -89.00000000000002842, 28.99999999999999645, 250.0000000000000000 ) ) ;
#4805 = CARTESIAN_POINT ( 'NONE',  ( 85.25000000000005684, -9.500000000000079936, 8.000000000000007105 ) ) ;
#4806 = AXIS2_PLACEMENT_3D ( 'NONE', #3010, #4898, #152 ) ;
#4807 = CIRCLE ( 'NONE', #4309, 2.099999999999938805 ) ;
#4808 = DIRECTION ( 'NONE',  ( 0.000000000000000000, -1.000000000000000000, 2.102695122396130717E-17 ) ) ;
#4809 = DIRECTION ( 'NONE',  ( -2.312964634635742957E-16, 1.000000000000000000, -0.000000000000000000 ) ) ;
#4810 = CARTESIAN_POINT ( 'NONE',  ( 89.50000000000002842, 15.00000000000000178, 229.9000000000000057 ) ) ;
#4811 = AXIS2_PLACEMENT_3D ( 'NONE', #4370, #66, #793 ) ;
#4812 = VERTEX_POINT ( 'NONE', #1199 ) ;
#4813 = ORIENTED_EDGE ( 'NONE', *, *, #5117, .F. ) ;
#4814 = DIRECTION ( 'NONE',  ( 0.000000000000000000, 0.000000000000000000, 1.000000000000000000 ) ) ;
#4815 = DIRECTION ( 'NONE',  ( -0.000000000000000000, -2.102695122396130717E-17, -1.000000000000000000 ) ) ;
#4816 = ORIENTED_EDGE ( 'NONE', *, *, #2453, .T. ) ;
#4817 = DIRECTION ( 'NONE',  ( 0.000000000000000000, 1.000000000000000000, 0.000000000000000000 ) ) ;
#4818 = VECTOR ( 'NONE', #3386, 1000.000000000000000 ) ;
#4819 = CONICAL_SURFACE ( 'NONE', #2564, 3.250000000000030642, 0.7853981633974560506 ) ;
#4820 = AXIS2_PLACEMENT_3D ( 'NONE', #3783, #4522, #3358 ) ;
#4821 = EDGE_CURVE ( 'NONE', #4938, #384, #3745, .T. ) ;
#4822 = CARTESIAN_POINT ( 'NONE',  ( 0.000000000000000000, 28.99999999999999645, 250.0000000000000000 ) ) ;
#4823 = VECTOR ( 'NONE', #5039, 1000.000000000000000 ) ;
#4824 = ORIENTED_EDGE ( 'NONE', *, *, #596, .F. ) ;
#4825 = CARTESIAN_POINT ( 'NONE',  ( -82.49999999999995737, 24.99999999999999645, 242.0000000000000284 ) ) ;
#4826 = CYLINDRICAL_SURFACE ( 'NONE', #3300, 2.750000000000002665 ) ;
#4827 = CONICAL_SURFACE ( 'NONE', #505, 1.599999999999993872, 0.7853981633974760346 ) ;
#4828 = EDGE_CURVE ( 'NONE', #1325, #3355, #53, .T. ) ;
#4829 = AXIS2_PLACEMENT_3D ( 'NONE', #4954, #912, #527 ) ;
#4830 = AXIS2_PLACEMENT_3D ( 'NONE', #4142, #2200, #1011 ) ;
#4831 = EDGE_CURVE ( 'NONE', #4864, #3055, #33, .T. ) ;
#4832 = EDGE_CURVE ( 'NONE', #1768, #3815, #859, .T. ) ;
#4833 = VECTOR ( 'NONE', #464, 1000.000000000000000 ) ;
#4834 = AXIS2_PLACEMENT_3D ( 'NONE', #4967, #2099, #3692 ) ;
#4835 = EDGE_LOOP ( 'NONE', ( #3720, #636, #1686, #3732 ) ) ;
#4836 = CARTESIAN_POINT ( 'NONE',  ( 85.49999999999988631, 15.00000000000000178, 232.9999999999999716 ) ) ;
#4837 = CARTESIAN_POINT ( 'NONE',  ( 82.50000000000004263, 29.50000000000003553, 242.0000000000000000 ) ) ;
#4838 = EDGE_CURVE ( 'NONE', #1432, #1382, #3334, .T. ) ;
#4839 = AXIS2_PLACEMENT_3D ( 'NONE', #4000, #430, #512 ) ;
#4840 = ORIENTED_EDGE ( 'NONE', *, *, #1636, .T. ) ;
#4841 = DIRECTION ( 'NONE',  ( -1.000000000000000000, 0.000000000000000000, 0.000000000000000000 ) ) ;
#4842 = CIRCLE ( 'NONE', #2582, 3.099999999999998757 ) ;
#4843 = VERTEX_POINT ( 'NONE', #2518 ) ;
#4844 = LINE ( 'NONE', #3583, #981 ) ;
#4845 = DIRECTION ( 'NONE',  ( 0.000000000000000000, 0.000000000000000000, -1.000000000000000000 ) ) ;
#4846 = EDGE_LOOP ( 'NONE', ( #2420, #326, #400, #3509 ) ) ;
#4847 = VERTEX_POINT ( 'NONE', #1716 ) ;
#4848 = CARTESIAN_POINT ( 'NONE',  ( 85.31222956928671408, 18.10000000000000142, 20.00000000000000000 ) ) ;
#4849 = DIRECTION ( 'NONE',  ( 0.000000000000000000, 0.000000000000000000, 1.000000000000000000 ) ) ;
#4850 = ORIENTED_EDGE ( 'NONE', *, *, #1767, .T. ) ;
#4851 = CARTESIAN_POINT ( 'NONE',  ( 75.49999999999998579, 16.59999999999999787, 184.9999999999999716 ) ) ;
#4852 = DIRECTION ( 'NONE',  ( 0.000000000000000000, 0.000000000000000000, 1.000000000000000000 ) ) ;
#4853 = ORIENTED_EDGE ( 'NONE', *, *, #2452, .F. ) ;
#4854 = FACE_OUTER_BOUND ( 'NONE', #470, .T. ) ;
#4855 = CARTESIAN_POINT ( 'NONE',  ( -79.74999999999995737, -9.500000000000079936, 242.0000000000000284 ) ) ;
#4856 = VERTEX_POINT ( 'NONE', #4068 ) ;
#4857 = CARTESIAN_POINT ( 'NONE',  ( 75.00000000000000000, 15.00000000000000178, 219.1999999999999602 ) ) ;
#4858 = DIRECTION ( 'NONE',  ( -0.000000000000000000, -1.000000000000000000, 0.000000000000000000 ) ) ;
#4859 = ADVANCED_FACE ( 'NONE', ( #3675 ), #1743, .F. ) ;
#4860 = ORIENTED_EDGE ( 'NONE', *, *, #1319, .F. ) ;
#4861 = EDGE_CURVE ( 'NONE', #1064, #3752, #586, .T. ) ;
#4862 = LINE ( 'NONE', #5016, #2401 ) ;
#4863 = LINE ( 'NONE', #2475, #3819 ) ;
#4864 = VERTEX_POINT ( 'NONE', #2464 ) ;
#4865 = EDGE_CURVE ( 'NONE', #4995, #3935, #7, .T. ) ;
#4866 = EDGE_CURVE ( 'NONE', #4965, #869, #2498, .T. ) ;
#4867 = DIRECTION ( 'NONE',  ( 0.000000000000000000, 0.7071067811865475727, -0.7071067811865475727 ) ) ;
#4868 = CARTESIAN_POINT ( 'NONE',  ( -73.23606797749977204, 28.99999999999999645, 0.000000000000000000 ) ) ;
#4869 = VERTEX_POINT ( 'NONE', #4901 ) ;
#4870 = ORIENTED_EDGE ( 'NONE', *, *, #804, .F. ) ;
#4871 = VERTEX_POINT ( 'NONE', #2958 ) ;
#4872 = DIRECTION ( 'NONE',  ( 0.000000000000000000, 0.000000000000000000, 1.000000000000000000 ) ) ;
#4873 = DIRECTION ( 'NONE',  ( -0.4472135954999583163, 0.8944271909999156334, -0.000000000000000000 ) ) ;
#4874 = ORIENTED_EDGE ( 'NONE', *, *, #4583, .F. ) ;
#4875 = FACE_OUTER_BOUND ( 'NONE', #3342, .T. ) ;
#4876 = CARTESIAN_POINT ( 'NONE',  ( 82.50000000000004263, 30.00000000000000000, 242.0000000000000000 ) ) ;
#4877 = ORIENTED_EDGE ( 'NONE', *, *, #2871, .T. ) ;
#4878 = FACE_OUTER_BOUND ( 'NONE', #575, .T. ) ;
#4879 = CARTESIAN_POINT ( 'NONE',  ( -89.00000000000002842, -10.00000000000000000, 250.0000000000000000 ) ) ;
#4880 = PRODUCT_DEFINITION_SHAPE ( 'NONE', 'NONE',  #2336 ) ;
#4881 = LINE ( 'NONE', #1306, #2317 ) ;
#4882 = ORIENTED_EDGE ( 'NONE', *, *, #1133, .F. ) ;
#4883 = DIRECTION ( 'NONE',  ( 0.7071067811865475727, 0.000000000000000000, -0.7071067811865475727 ) ) ;
#4884 = CIRCLE ( 'NONE', #4473, 3.249999999999975131 ) ;
#4885 = PLANE ( 'NONE',  #1961 ) ;
#4886 = VERTEX_POINT ( 'NONE', #881 ) ;
#4887 = FACE_OUTER_BOUND ( 'NONE', #1106, .T. ) ;
#4888 = CIRCLE ( 'NONE', #1715, 3.249999999999919620 ) ;
#4889 = PLANE ( 'NONE',  #4657 ) ;
#4890 = ORIENTED_EDGE ( 'NONE', *, *, #1127, .F. ) ;
#4891 = EDGE_CURVE ( 'NONE', #2979, #3298, #664, .T. ) ;
#4892 = VECTOR ( 'NONE', #2442, 1000.000000000000000 ) ;
#4893 = CARTESIAN_POINT ( 'NONE',  ( -90.00000000000000000, 18.59999999999994813, 20.00000000000000000 ) ) ;
#4894 = DIRECTION ( 'NONE',  ( -1.000000000000000000, -0.000000000000000000, 0.000000000000000000 ) ) ;
#4895 = EDGE_CURVE ( 'NONE', #3076, #3935, #2915, .T. ) ;
#4896 = ORIENTED_EDGE ( 'NONE', *, *, #361, .F. ) ;
#4897 = CARTESIAN_POINT ( 'NONE',  ( 85.49999999999998579, 16.59999999999999432, 20.00000000000000000 ) ) ;
#4898 = DIRECTION ( 'NONE',  ( -1.000000000000000000, 0.000000000000000000, 0.000000000000000000 ) ) ;
#4899 = ORIENTED_EDGE ( 'NONE', *, *, #532, .T. ) ;
#4900 = CARTESIAN_POINT ( 'NONE',  ( 82.50000000000004263, 25.00000000000000000, 8.000000000000007105 ) ) ;
#4901 = CARTESIAN_POINT ( 'NONE',  ( 79.75000000000004263, -9.500000000000079936, 242.0000000000000000 ) ) ;
#4902 = ORIENTED_EDGE ( 'NONE', *, *, #113, .F. ) ;
#4903 =( NAMED_UNIT ( * ) SI_UNIT ( $, .STERADIAN. ) SOLID_ANGLE_UNIT ( ) );
#4904 = LINE ( 'NONE', #2919, #3205 ) ;
#4905 = CIRCLE ( 'NONE', #4235, 1.699999999999951550 ) ;
#4906 = AXIS2_PLACEMENT_3D ( 'NONE', #3842, #2585, #3340 ) ;
#4907 = AXIS2_PLACEMENT_3D ( 'NONE', #5126, #2789, #1646 ) ;
#4908 = DIRECTION ( 'NONE',  ( 0.000000000000000000, -0.7071067811865475727, 0.7071067811865475727 ) ) ;
#4909 = ORIENTED_EDGE ( 'NONE', *, *, #5099, .T. ) ;
#4910 = AXIS2_PLACEMENT_3D ( 'NONE', #4178, #4598, #3016 ) ;
#4911 = PLANE ( 'NONE',  #4743 ) ;
#4912 = DIRECTION ( 'NONE',  ( 0.000000000000000000, 0.000000000000000000, 1.000000000000000000 ) ) ;
#4913 = ORIENTED_EDGE ( 'NONE', *, *, #1544, .F. ) ;
#4914 = VECTOR ( 'NONE', #3593, 1000.000000000000114 ) ;
#4915 = CIRCLE ( 'NONE', #1334, 3.099999999999991651 ) ;
#4916 = VECTOR ( 'NONE', #105, 999.9999999999998863 ) ;
#4917 = CONICAL_SURFACE ( 'NONE', #1164, 4.500000000000003553, 0.7853981633974569387 ) ;
#4918 = ORIENTED_EDGE ( 'NONE', *, *, #348, .F. ) ;
#4919 = VECTOR ( 'NONE', #3208, 1000.000000000000114 ) ;
#4920 = AXIS2_PLACEMENT_3D ( 'NONE', #2700, #3833, #1037 ) ;
#4921 = AXIS2_PLACEMENT_3D ( 'NONE', #99, #2063, #2531 ) ;
#4922 = CARTESIAN_POINT ( 'NONE',  ( -90.00000000000000000, 11.40000000000004832, 250.0000000000000000 ) ) ;
#4923 = CARTESIAN_POINT ( 'NONE',  ( -90.00000000000000000, 15.00000000000000178, 220.5999999999999091 ) ) ;
#4924 = ORIENTED_EDGE ( 'NONE', *, *, #212, .F. ) ;
#4925 = DIRECTION ( 'NONE',  ( 0.000000000000000000, 0.000000000000000000, -1.000000000000000000 ) ) ;
#4926 = LINE ( 'NONE', #2515, #147 ) ;
#4927 = ORIENTED_EDGE ( 'NONE', *, *, #435, .F. ) ;
#4928 = EDGE_CURVE ( 'NONE', #1900, #675, #3568, .T. ) ;
#4929 = EDGE_CURVE ( 'NONE', #1519, #3701, #4164, .T. ) ;
#4930 = CARTESIAN_POINT ( 'NONE',  ( -85.49999999999987210, 15.00000000000000178, 218.6999999999999318 ) ) ;
#4931 = EDGE_CURVE ( 'NONE', #3114, #3736, #574, .T. ) ;
#4932 = DIRECTION ( 'NONE',  ( -0.000000000000000000, -1.000000000000000000, -0.000000000000000000 ) ) ;
#4933 = ORIENTED_EDGE ( 'NONE', *, *, #874, .T. ) ;
#4934 = EDGE_CURVE ( 'NONE', #1568, #961, #1077, .T. ) ;
#4935 = DIRECTION ( 'NONE',  ( 0.000000000000000000, 0.7071067811865474617, -0.7071067811865474617 ) ) ;
#4936 = CARTESIAN_POINT ( 'NONE',  ( -75.00000000000000000, 30.00000000000000000, 1.000000000000000888 ) ) ;
#4937 = DIRECTION ( 'NONE',  ( -1.000000000000000000, 0.000000000000000000, 0.000000000000000000 ) ) ;
#4938 = VERTEX_POINT ( 'NONE', #4121 ) ;
#4939 = DIRECTION ( 'NONE',  ( 0.7071067811865474617, 0.000000000000000000, -0.7071067811865474617 ) ) ;
#4940 = DIRECTION ( 'NONE',  ( 0.000000000000000000, 0.000000000000000000, 1.000000000000000000 ) ) ;
#4941 = VERTEX_POINT ( 'NONE', #2882 ) ;
#4942 = DIRECTION ( 'NONE',  ( 1.000000000000000000, 0.000000000000000000, 0.000000000000000000 ) ) ;
#4943 = ORIENTED_EDGE ( 'NONE', *, *, #2328, .F. ) ;
#4944 = CARTESIAN_POINT ( 'NONE',  ( 75.00000000000000000, 15.00000000000000178, 214.7999999999999829 ) ) ;
#4945 = CARTESIAN_POINT ( 'NONE',  ( -86.00000000000000000, 12.90000000000006075, 184.9999999999999716 ) ) ;
#4946 = EDGE_LOOP ( 'NONE', ( #2222, #3096, #4382, #794 ) ) ;
#4947 = DIRECTION ( 'NONE',  ( -0.000000000000000000, 1.000000000000000000, -0.000000000000000000 ) ) ;
#4948 = CARTESIAN_POINT ( 'NONE',  ( -73.23606797749977204, 28.99999999999999645, 0.000000000000000000 ) ) ;
#4949 = ORIENTED_EDGE ( 'NONE', *, *, #713, .T. ) ;
#4950 = LINE ( 'NONE', #2983, #3746 ) ;
#4951 = EDGE_CURVE ( 'NONE', #4847, #1777, #336, .T. ) ;
#4952 = ORIENTED_EDGE ( 'NONE', *, *, #247, .F. ) ;
#4953 = EDGE_CURVE ( 'NONE', #4131, #2277, #2127, .T. ) ;
#4954 = CARTESIAN_POINT ( 'NONE',  ( 82.50000000000005684, 24.99999999999999645, 8.000000000000007105 ) ) ;
#4955 = EDGE_LOOP ( 'NONE', ( #4553, #2949, #1121, #1087, #3392 ) ) ;
#4956 =( NAMED_UNIT ( * ) PLANE_ANGLE_UNIT ( ) SI_UNIT ( $, .RADIAN. ) );
#4957 = DIRECTION ( 'NONE',  ( 0.000000000000000000, 0.000000000000000000, -1.000000000000000000 ) ) ;
#4958 = EDGE_CURVE ( 'NONE', #1382, #3711, #3405, .T. ) ;
#4959 = EDGE_CURVE ( 'NONE', #1914, #2797, #996, .T. ) ;
#4960 = DIRECTION ( 'NONE',  ( 1.000000000000000000, -0.000000000000000000, -0.000000000000000000 ) ) ;
#4961 = ORIENTED_EDGE ( 'NONE', *, *, #4543, .F. ) ;
#4962 = DIRECTION ( 'NONE',  ( -0.7071067811865480168, 0.7071067811865470176, -2.973659959628360004E-17 ) ) ;
#4963 = CARTESIAN_POINT ( 'NONE',  ( 73.23606797749977204, 27.99999999999999645, 0.000000000000000000 ) ) ;
#4964 = ORIENTED_EDGE ( 'NONE', *, *, #4058, .F. ) ;
#4965 = VERTEX_POINT ( 'NONE', #1769 ) ;
#4966 = LINE ( 'NONE', #4584, #2478 ) ;
#4967 = CARTESIAN_POINT ( 'NONE',  ( 73.23606797749977204, 27.99999999999999645, 250.0000000000000000 ) ) ;
#4968 = CIRCLE ( 'NONE', #224, 2.099999999999980549 ) ;
#4969 = ORIENTED_EDGE ( 'NONE', *, *, #4895, .F. ) ;
#4970 = AXIS2_PLACEMENT_3D ( 'NONE', #4071, #504, #4103 ) ;
#4971 = ORIENTED_EDGE ( 'NONE', *, *, #460, .F. ) ;
#4972 = CARTESIAN_POINT ( 'NONE',  ( -75.00000000000000000, 19.99999999999999645, 249.0000000000000000 ) ) ;
#4973 = FACE_BOUND ( 'NONE', #1227, .T. ) ;
#4974 = EDGE_LOOP ( 'NONE', ( #2182, #2999 ) ) ;
#4975 = DIRECTION ( 'NONE',  ( -0.7071067811865474617, 0.7071067811865474617, 0.000000000000000000 ) ) ;
#4976 = CONICAL_SURFACE ( 'NONE', #1051, 3.250000000000002665, 0.7853981633974348453 ) ;
#4977 = VERTEX_POINT ( 'NONE', #3375 ) ;
#4978 = DIRECTION ( 'NONE',  ( 0.000000000000000000, 0.000000000000000000, 1.000000000000000000 ) ) ;
#4979 = ORIENTED_EDGE ( 'NONE', *, *, #1547, .T. ) ;
#4980 = CARTESIAN_POINT ( 'NONE',  ( 75.49999999999998579, 13.40000000000000568, 184.9999999999999716 ) ) ;
#4981 = CARTESIAN_POINT ( 'NONE',  ( 85.50000000000004263, 13.40000000000000568, 184.9999999999999716 ) ) ;
#4982 = DIRECTION ( 'NONE',  ( -0.000000000000000000, -1.000000000000000000, -0.000000000000000000 ) ) ;
#4983 = EDGE_CURVE ( 'NONE', #2499, #2763, #3830, .T. ) ;
#4984 = CYLINDRICAL_SURFACE ( 'NONE', #4236, 3.099999999999991651 ) ;
#4985 = EDGE_CURVE ( 'NONE', #3711, #1382, #2906, .T. ) ;
#4986 = ORIENTED_EDGE ( 'NONE', *, *, #1472, .F. ) ;
#4987 = VECTOR ( 'NONE', #4476, 1000.000000000000000 ) ;
#4988 = CARTESIAN_POINT ( 'NONE',  ( -75.49999999999997158, 16.59999999999999432, 20.00000000000000000 ) ) ;
#4989 = DIRECTION ( 'NONE',  ( 1.000000000000000000, -0.000000000000000000, -0.000000000000000000 ) ) ;
#4990 = EDGE_CURVE ( 'NONE', #3497, #386, #1013, .T. ) ;
#4991 = EDGE_CURVE ( 'NONE', #545, #635, #286, .T. ) ;
#4992 = VECTOR ( 'NONE', #3259, 1000.000000000000000 ) ;
#4993 = CIRCLE ( 'NONE', #495, 2.750000000000002665 ) ;
#4994 = EDGE_LOOP ( 'NONE', ( #1585, #3910, #3197, #1965, #3885 ) ) ;
#4995 = VERTEX_POINT ( 'NONE', #5055 ) ;
#4996 = AXIS2_PLACEMENT_3D ( 'NONE', #2887, #4569, #2504 ) ;
#4997 = VECTOR ( 'NONE', #730, 1000.000000000000000 ) ;
#4998 = CARTESIAN_POINT ( 'NONE',  ( 82.50000000000004263, 29.50000000000003553, 246.5000000000000000 ) ) ;
#4999 = AXIS2_PLACEMENT_3D ( 'NONE', #861, #883, #3966 ) ;
#5000 = CIRCLE ( 'NONE', #4749, 3.099999999999991651 ) ;
#5001 = VECTOR ( 'NONE', #3219, 1000.000000000000000 ) ;
#5002 = VECTOR ( 'NONE', #2348, 1000.000000000000000 ) ;
#5003 = CIRCLE ( 'NONE', #3323, 2.750000000000009326 ) ;
#5004 = CONICAL_SURFACE ( 'NONE', #3924, 1.699999999999951550, 0.7853981633974582710 ) ;
#5005 = DIRECTION ( 'NONE',  ( 0.000000000000000000, 2.102695122396130717E-17, 1.000000000000000000 ) ) ;
#5006 = AXIS2_PLACEMENT_3D ( 'NONE', #1999, #3609, #5111 ) ;
#5007 = CARTESIAN_POINT ( 'NONE',  ( 75.00000000000000000, 19.99999999999999645, 1.000000000000000888 ) ) ;
#5008 = ORIENTED_EDGE ( 'NONE', *, *, #1856, .T. ) ;
#5009 = DIRECTION ( 'NONE',  ( 0.000000000000000000, 0.000000000000000000, -1.000000000000000000 ) ) ;
#5010 = VECTOR ( 'NONE', #2012, 999.9999999999998863 ) ;
#5011 = ORIENTED_EDGE ( 'NONE', *, *, #848, .T. ) ;
#5012 = DIRECTION ( 'NONE',  ( 0.000000000000000000, 2.102695122396130717E-17, 1.000000000000000000 ) ) ;
#5013 = ORIENTED_EDGE ( 'NONE', *, *, #3288, .F. ) ;
#5014 = CARTESIAN_POINT ( 'NONE',  ( 86.00000000000000000, 15.00000000000000178, 236.0999999999999659 ) ) ;
#5015 = DIRECTION ( 'NONE',  ( 0.000000000000000000, 1.000000000000000000, 0.000000000000000000 ) ) ;
#5016 = CARTESIAN_POINT ( 'NONE',  ( -82.49999999999995737, 24.99999999999999645, 237.5000000000000284 ) ) ;
#5017 = LINE ( 'NONE', #3437, #579 ) ;
#5018 = ORIENTED_EDGE ( 'NONE', *, *, #627, .F. ) ;
#5019 = CARTESIAN_POINT ( 'NONE',  ( 75.49999999999995737, 15.00000000000000178, 186.5999999999999659 ) ) ;
#5020 = CARTESIAN_POINT ( 'NONE',  ( -86.00000000000000000, 15.00000000000000178, 184.9999999999999716 ) ) ;
#5021 = EDGE_LOOP ( 'NONE', ( #1782, #2774, #2454, #2179 ) ) ;
#5022 = ORIENTED_EDGE ( 'NONE', *, *, #2496, .T. ) ;
#5023 = ADVANCED_FACE ( 'NONE', ( #2602 ), #4297, .T. ) ;
#5024 = ADVANCED_FACE ( 'NONE', ( #3404 ), #4616, .F. ) ;
#5025 = CARTESIAN_POINT ( 'NONE',  ( -82.50000000000002842, -9.500000000000079936, 10.75000000000003730 ) ) ;
#5026 = EDGE_CURVE ( 'NONE', #4486, #2137, #264, .T. ) ;
#5027 = ADVANCED_FACE ( 'NONE', ( #1035 ), #4670, .F. ) ;
#5028 = FACE_OUTER_BOUND ( 'NONE', #1036, .T. ) ;
#5029 = DIRECTION ( 'NONE',  ( 8.659560562355015442E-17, 0.7071067811865408004, -0.7071067811865543451 ) ) ;
#5030 = ORIENTED_EDGE ( 'NONE', *, *, #240, .T. ) ;
#5031 = DIRECTION ( 'NONE',  ( -0.000000000000000000, -1.000000000000000000, -0.000000000000000000 ) ) ;
#5032 = ORIENTED_EDGE ( 'NONE', *, *, #1197, .T. ) ;
#5033 = LINE ( 'NONE', #1921, #4243 ) ;
#5034 = ORIENTED_EDGE ( 'NONE', *, *, #2350, .F. ) ;
#5035 = DIRECTION ( 'NONE',  ( -0.000000000000000000, 1.000000000000000000, -0.000000000000000000 ) ) ;
#5036 = DIRECTION ( 'NONE',  ( -1.000000000000000000, -0.000000000000000000, -0.000000000000000000 ) ) ;
#5037 = EDGE_LOOP ( 'NONE', ( #2932, #2057, #3973, #3958 ) ) ;
#5038 = LINE ( 'NONE', #4645, #2314 ) ;
#5039 = DIRECTION ( 'NONE',  ( 1.000000000000000000, -0.000000000000000000, -0.000000000000000000 ) ) ;
#5040 = EDGE_LOOP ( 'NONE', ( #4489, #1363, #2487, #1196 ) ) ;
#5041 = CARTESIAN_POINT ( 'NONE',  ( -86.00000000000000000, 15.00000000000000178, 219.2000000000000739 ) ) ;
#5042 = LINE ( 'NONE', #4130, #2628 ) ;
#5043 = DIRECTION ( 'NONE',  ( -0.7071067811865474617, 0.000000000000000000, 0.7071067811865474617 ) ) ;
#5044 = ORIENTED_EDGE ( 'NONE', *, *, #1131, .F. ) ;
#5045 = VERTEX_POINT ( 'NONE', #3092 ) ;
#5046 = DIRECTION ( 'NONE',  ( 0.000000000000000000, 0.000000000000000000, 1.000000000000000000 ) ) ;
#5047 = ADVANCED_FACE ( 'NONE', ( #2622 ), #341, .F. ) ;
#5048 = EDGE_CURVE ( 'NONE', #4122, #1141, #5033, .T. ) ;
#5049 = CARTESIAN_POINT ( 'NONE',  ( 75.50000000000004263, 15.00000000000000178, 215.3000000000000114 ) ) ;
#5050 = CIRCLE ( 'NONE', #718, 1.599999999999990319 ) ;
#5051 = DIRECTION ( 'NONE',  ( -1.000000000000000000, 0.000000000000000000, 0.000000000000000000 ) ) ;
#5052 = VERTEX_POINT ( 'NONE', #1812 ) ;
#5053 = CARTESIAN_POINT ( 'NONE',  ( 76.00000000000000000, 9.000000000000000000, 0.000000000000000000 ) ) ;
#5054 = EDGE_LOOP ( 'NONE', ( #2562, #535 ) ) ;
#5055 = CARTESIAN_POINT ( 'NONE',  ( 82.50000000000004263, 30.00000000000000000, 237.0000000000000284 ) ) ;
#5056 = EDGE_LOOP ( 'NONE', ( #1221, #4093, #4363, #1668 ) ) ;
#5057 = CARTESIAN_POINT ( 'NONE',  ( 75.49999999999995737, 15.00000000000000178, 184.9999999999999716 ) ) ;
#5058 = FACE_OUTER_BOUND ( 'NONE', #1192, .T. ) ;
#5059 = ORIENTED_EDGE ( 'NONE', *, *, #2618, .T. ) ;
#5060 = AXIS2_PLACEMENT_3D ( 'NONE', #1512, #3140, #2725 ) ;
#5061 = CARTESIAN_POINT ( 'NONE',  ( -90.00000000000000000, -10.00000000000000000, 250.0000000000000000 ) ) ;
#5062 = DIRECTION ( 'NONE',  ( 0.8944271909999156334, -0.4472135954999583163, 0.000000000000000000 ) ) ;
#5063 = CARTESIAN_POINT ( 'NONE',  ( -86.00000000000000000, 11.89999999999999325, 20.00000000000000000 ) ) ;
#5064 = VERTEX_POINT ( 'NONE', #3455 ) ;
#5065 = CARTESIAN_POINT ( 'NONE',  ( -82.49999999999997158, 24.99999999999999645, 242.0000000000000284 ) ) ;
#5066 = DIRECTION ( 'NONE',  ( 0.000000000000000000, 0.000000000000000000, 1.000000000000000000 ) ) ;
#5067 = CARTESIAN_POINT ( 'NONE',  ( 82.50000000000004263, 24.99999999999999645, 242.0000000000000000 ) ) ;
#5068 = EDGE_LOOP ( 'NONE', ( #3367, #609, #487, #1525 ) ) ;
#5069 = AXIS2_PLACEMENT_3D ( 'NONE', #4530, #2950, #593 ) ;
#5070 = EDGE_LOOP ( 'NONE', ( #3650, #69, #3215, #3013 ) ) ;
#5071 = CARTESIAN_POINT ( 'NONE',  ( -86.00000000000000000, 14.99999999999999822, 19.99999999999998934 ) ) ;
#5072 = AXIS2_PLACEMENT_3D ( 'NONE', #4705, #3871, #2273 ) ;
#5073 = CARTESIAN_POINT ( 'NONE',  ( -75.50000000000009948, 15.00000000000000178, 216.9999999999999716 ) ) ;
#5074 = ORIENTED_EDGE ( 'NONE', *, *, #3799, .F. ) ;
#5075 = VECTOR ( 'NONE', #2253, 1000.000000000000000 ) ;
#5076 = VECTOR ( 'NONE', #3866, 1000.000000000000000 ) ;
#5077 = AXIS2_PLACEMENT_3D ( 'NONE', #241, #2238, #2730 ) ;
#5078 = CIRCLE ( 'NONE', #580, 3.599999999999943689 ) ;
#5079 = CIRCLE ( 'NONE', #1330, 3.599999999999936584 ) ;
#5080 = DIRECTION ( 'NONE',  ( 0.000000000000000000, 0.000000000000000000, 1.000000000000000000 ) ) ;
#5081 = ORIENTED_EDGE ( 'NONE', *, *, #753, .F. ) ;
#5082 = DIRECTION ( 'NONE',  ( 0.000000000000000000, 0.000000000000000000, 1.000000000000000000 ) ) ;
#5083 = VECTOR ( 'NONE', #1563, 999.9999999999998863 ) ;
#5084 = CIRCLE ( 'NONE', #2908, 2.750000000000009326 ) ;
#5085 = AXIS2_PLACEMENT_3D ( 'NONE', #2458, #1242, #1610 ) ;
#5086 = CIRCLE ( 'NONE', #13, 4.500000000000003553 ) ;
#5087 = EDGE_LOOP ( 'NONE', ( #4566, #1314, #2101, #1310 ) ) ;
#5088 = LINE ( 'NONE', #1402, #95 ) ;
#5089 = EDGE_LOOP ( 'NONE', ( #1638, #47 ) ) ;
#5090 = CONICAL_SURFACE ( 'NONE', #3733, 1.000000000000000888, 0.7853981633974491672 ) ;
#5091 = EDGE_CURVE ( 'NONE', #2675, #1178, #1989, .T. ) ;
#5092 = CARTESIAN_POINT ( 'NONE',  ( -71.44721359549994588, 27.10557280900008337, 249.0000000000000000 ) ) ;
#5093 = EDGE_CURVE ( 'NONE', #1428, #1697, #4345, .T. ) ;
#5094 = DIRECTION ( 'NONE',  ( 0.000000000000000000, 0.000000000000000000, -1.000000000000000000 ) ) ;
#5095 = AXIS2_PLACEMENT_3D ( 'NONE', #3369, #599, #1396 ) ;
#5096 = ORIENTED_EDGE ( 'NONE', *, *, #2781, .F. ) ;
#5097 = CARTESIAN_POINT ( 'NONE',  ( -89.00000000000000000, -10.00000000000000000, 0.000000000000000000 ) ) ;
#5098 = EDGE_CURVE ( 'NONE', #4941, #1012, #4591, .T. ) ;
#5099 = EDGE_CURVE ( 'NONE', #3684, #4208, #1344, .T. ) ;
#5100 = CARTESIAN_POINT ( 'NONE',  ( -82.49999999999997158, 24.50000000000001776, 239.2500000000000284 ) ) ;
#5101 = ORIENTED_EDGE ( 'NONE', *, *, #3905, .T. ) ;
#5102 = CARTESIAN_POINT ( 'NONE',  ( 75.00000000000000000, 17.09999999999999787, 184.9999999999999716 ) ) ;
#5103 = CARTESIAN_POINT ( 'NONE',  ( 73.23606797749977204, 28.99999999999999289, 250.0000000000000000 ) ) ;
#5104 = ORIENTED_EDGE ( 'NONE', *, *, #1488, .T. ) ;
#5105 = DIRECTION ( 'NONE',  ( 1.000000000000000000, 0.000000000000000000, 0.000000000000000000 ) ) ;
#5106 = CARTESIAN_POINT ( 'NONE',  ( 82.50000000000002842, 25.00000000000000000, 245.2500000000000000 ) ) ;
#5107 = DIRECTION ( 'NONE',  ( 0.000000000000000000, 0.000000000000000000, -1.000000000000000000 ) ) ;
#5108 = ORIENTED_EDGE ( 'NONE', *, *, #4517, .T. ) ;
#5109 = LINE ( 'NONE', #3478, #3919 ) ;
#5110 = ORIENTED_EDGE ( 'NONE', *, *, #4219, .F. ) ;
#5111 = DIRECTION ( 'NONE',  ( 1.000000000000000000, 0.000000000000000000, 0.000000000000000000 ) ) ;
#5112 = ORIENTED_EDGE ( 'NONE', *, *, #1190, .T. ) ;
#5113 = LINE ( 'NONE', #1533, #1748 ) ;
#5114 = DIRECTION ( 'NONE',  ( 0.000000000000000000, 0.000000000000000000, -1.000000000000000000 ) ) ;
#5115 = ORIENTED_EDGE ( 'NONE', *, *, #4959, .F. ) ;
#5116 = CARTESIAN_POINT ( 'NONE',  ( -86.00000000000000000, 15.00000000000000178, 230.7999999999998977 ) ) ;
#5117 = EDGE_CURVE ( 'NONE', #2060, #4977, #3839, .T. ) ;
#5118 = DIRECTION ( 'NONE',  ( -1.000000000000000000, 0.000000000000000000, 0.000000000000000000 ) ) ;
#5119 = EDGE_LOOP ( 'NONE', ( #1947, #476, #4786, #663 ) ) ;
#5120 = CARTESIAN_POINT ( 'NONE',  ( 82.50000000000005684, -9.500000000000079936, 8.000000000000007105 ) ) ;
#5121 = CARTESIAN_POINT ( 'NONE',  ( -90.00000000000000000, 10.00000000000000000, 1.000000000000000888 ) ) ;
#5122 = EDGE_CURVE ( 'NONE', #3055, #860, #5088, .T. ) ;
#5123 = ADVANCED_FACE ( 'NONE', ( #4638 ), #1091, .F. ) ;
#5124 = ORIENTED_EDGE ( 'NONE', *, *, #1605, .F. ) ;
#5125 = CARTESIAN_POINT ( 'NONE',  ( -85.50000000000004263, 14.99999999999999822, 20.00000000000000000 ) ) ;
#5126 = CARTESIAN_POINT ( 'NONE',  ( -85.31222956928671408, 11.90000000000000036, 184.9999999999999716 ) ) ;
#5127 = CARTESIAN_POINT ( 'NONE',  ( -82.49999999999995737, -10.00000000000000000, 242.0000000000000284 ) ) ;
#5128 = DIRECTION ( 'NONE',  ( 1.000000000000000000, 0.000000000000000000, 0.000000000000000000 ) ) ;
#5129 = DIRECTION ( 'NONE',  ( 0.000000000000000000, 1.000000000000000000, 0.000000000000000000 ) ) ;
#5130 = CARTESIAN_POINT ( 'NONE',  ( 86.00000000000000000, 30.00000000000000000, 0.000000000000000000 ) ) ;
#5131 = EDGE_LOOP ( 'NONE', ( #3633, #967 ) ) ;
#5132 = ORIENTED_EDGE ( 'NONE', *, *, #4990, .T. ) ;
#5133 = LINE ( 'NONE', #1511, #509 ) ;
#5134 = LINE ( 'NONE', #1867, #2055 ) ;
#5135 = ORIENTED_EDGE ( 'NONE', *, *, #2842, .F. ) ;
#5136 = FACE_BOUND ( 'NONE', #3965, .T. ) ;
#5137 = AXIS2_PLACEMENT_3D ( 'NONE', #3362, #970, #585 ) ;
#5138 = CARTESIAN_POINT ( 'NONE',  ( -90.00000000000000000, 14.99999999999999822, 20.00000000000000000 ) ) ;
#5139 = CARTESIAN_POINT ( 'NONE',  ( 86.00000000000000000, 12.90000000000005720, 20.00000000000000000 ) ) ;
#5140 = ORIENTED_EDGE ( 'NONE', *, *, #2745, .F. ) ;
#5141 = DIRECTION ( 'NONE',  ( 0.000000000000000000, 1.000000000000000000, 0.000000000000000000 ) ) ;
#5142 = AXIS2_PLACEMENT_3D ( 'NONE', #3017, #4541, #1816 ) ;
#5143 = CARTESIAN_POINT ( 'NONE',  ( 89.50000000000005684, 11.90000000000000036, 184.9999999999999716 ) ) ;
#5144 = ADVANCED_FACE ( 'NONE', ( #4691 ), #2989, .F. ) ;
#5145 = AXIS2_PLACEMENT_3D ( 'NONE', #2262, #727, #5114 ) ;
#5146 = ORIENTED_EDGE ( 'NONE', *, *, #1700, .F. ) ;
#5147 = CARTESIAN_POINT ( 'NONE',  ( -85.31222956928671408, 18.10000000000000142, 184.9999999999999716 ) ) ;
#5148 = DIRECTION ( 'NONE',  ( -0.000000000000000000, 1.000000000000000000, -0.000000000000000000 ) ) ;
#5149 = ADVANCED_FACE ( 'NONE', ( #3211 ), #3926, .F. ) ;
#5150 = ADVANCED_FACE ( 'NONE', ( #1966 ), #3328, .F. ) ;
#5151 = DIRECTION ( 'NONE',  ( 0.000000000000000000, 0.000000000000000000, 1.000000000000000000 ) ) ;
#5152 = EDGE_CURVE ( 'NONE', #3020, #927, #1943, .T. ) ;
#5153 = CONICAL_SURFACE ( 'NONE', #1483, 3.250000000000002665, 0.7853981633974348453 ) ;
#5154 = DIRECTION ( 'NONE',  ( 1.000000000000000000, 0.000000000000000000, 0.000000000000000000 ) ) ;
#5155 = CARTESIAN_POINT ( 'NONE',  ( -86.00000000000000000, 15.00000000000000178, 184.9999999999999716 ) ) ;
#5156 = CONICAL_SURFACE ( 'NONE', #3664, 3.249999999999919620, 0.7853981633974382870 ) ;
#5157 = FACE_OUTER_BOUND ( 'NONE', #4254, .T. ) ;
#5158 = CONICAL_SURFACE ( 'NONE', #739, 4.500000000000003553, 0.7853981633974579379 ) ;
#5159 = ORIENTED_EDGE ( 'NONE', *, *, #4865, .F. ) ;
#5160 = PRODUCT_CONTEXT ( 'NONE', #1089, 'mechanical' ) ;
#5161 = ORIENTED_EDGE ( 'NONE', *, *, #5122, .T. ) ;
#5162 = LINE ( 'NONE', #2776, #4916 ) ;
ENDSEC;
END-ISO-10303-21;
