ISO-10303-21;
HEADER;
FILE_DESCRIPTION (( 'STEP AP214' ),
    '1' );
FILE_NAME ('电机对拖平台-电机槽.STEP',
    '2026-09-11T06:40:47',
    ( '' ),
    ( '' ),
    'SwSTEP 2.0',
    'SolidWorks 2025',
    '' );
FILE_SCHEMA (( 'AUTOMOTIVE_DESIGN' ));
ENDSEC;

DATA;
#1 = LINE ( 'NONE', #716, #2852 ) ;
#2 = FACE_BOUND ( 'NONE', #133, .T. ) ;
#3 = AXIS2_PLACEMENT_3D ( 'NONE', #3607, #2965, #876 ) ;
#4 = DIRECTION ( 'NONE',  ( -1.000000000000000000, -8.410780489584520404E-17, 0.000000000000000000 ) ) ;
#5 = CARTESIAN_POINT ( 'NONE',  ( -34.18354270291769836, 13.34071300249190273, 4.499999999999976019 ) ) ;
#6 = ORIENTED_EDGE ( 'NONE', *, *, #663, .T. ) ;
#7 = VERTEX_POINT ( 'NONE', #629 ) ;
#8 = CARTESIAN_POINT ( 'NONE',  ( 49.81685716338298420, 38.42157233932453408, 0.000000000000000000 ) ) ;
#9 = VERTEX_POINT ( 'NONE', #2048 ) ;
#10 = DIRECTION ( 'NONE',  ( 1.000000000000000000, 0.000000000000000000, 0.000000000000000000 ) ) ;
#11 = ORIENTED_EDGE ( 'NONE', *, *, #4023, .F. ) ;
#12 = EDGE_CURVE ( 'NONE', #3420, #1806, #282, .T. ) ;
#13 = CARTESIAN_POINT ( 'NONE',  ( 35.93354270291770547, 41.65928699750809727, 9.500000000000023093 ) ) ;
#14 = EDGE_LOOP ( 'NONE', ( #1063, #704, #264, #28 ) ) ;
#15 = ORIENTED_EDGE ( 'NONE', *, *, #2858, .T. ) ;
#16 = FACE_OUTER_BOUND ( 'NONE', #3128, .T. ) ;
#17 = DIRECTION ( 'NONE',  ( -1.000000000000000000, 0.000000000000000000, 0.000000000000000000 ) ) ;
#18 = DIRECTION ( 'NONE',  ( -0.7071067811865632269, 8.659560562355125143E-17, 0.7071067811865318076 ) ) ;
#19 = CARTESIAN_POINT ( 'NONE',  ( -66.75000000000002842, -77.50000000000001421, 6.999999999999995559 ) ) ;
#20 = EDGE_CURVE ( 'NONE', #1648, #2597, #1789, .T. ) ;
#21 = LINE ( 'NONE', #3157, #4382 ) ;
#22 = FACE_OUTER_BOUND ( 'NONE', #2221, .T. ) ;
#23 = ADVANCED_FACE ( 'NONE', ( #745 ), #4013, .F. ) ;
#24 = ORIENTED_EDGE ( 'NONE', *, *, #3813, .T. ) ;
#25 = FACE_OUTER_BOUND ( 'NONE', #2998, .T. ) ;
#26 = EDGE_LOOP ( 'NONE', ( #3457, #2695, #2363, #800 ) ) ;
#27 = DIRECTION ( 'NONE',  ( 1.000000000000000000, 0.000000000000000000, 0.000000000000000000 ) ) ;
#28 = ORIENTED_EDGE ( 'NONE', *, *, #4514, .F. ) ;
#29 = DIRECTION ( 'NONE',  ( -1.000000000000000000, 0.000000000000000000, 0.000000000000000000 ) ) ;
#30 = ORIENTED_EDGE ( 'NONE', *, *, #3776, .T. ) ;
#31 = CARTESIAN_POINT ( 'NONE',  ( 3.081487911019577365E-30, 27.50000000000000355, 1.000000000000000888 ) ) ;
#32 = ORIENTED_EDGE ( 'NONE', *, *, #3144, .F. ) ;
#33 = ORIENTED_EDGE ( 'NONE', *, *, #879, .T. ) ;
#34 = EDGE_CURVE ( 'NONE', #3530, #2671, #4190, .T. ) ;
#35 = CARTESIAN_POINT ( 'NONE',  ( 17.75928699750808804, -6.683542702917696587, 0.000000000000000000 ) ) ;
#36 = DIRECTION ( 'NONE',  ( 0.7071067811865414665, 0.000000000000000000, 0.7071067811865536790 ) ) ;
#37 = DIRECTION ( 'NONE',  ( 0.000000000000000000, 0.000000000000000000, -1.000000000000000000 ) ) ;
#38 = CARTESIAN_POINT ( 'NONE',  ( 34.18354270291769836, 41.65928699750809727, 4.000000000000000000 ) ) ;
#39 = CIRCLE ( 'NONE', #1458, 1.749999999999998002 ) ;
#40 = VECTOR ( 'NONE', #1589, 1000.000000000000000 ) ;
#41 = CARTESIAN_POINT ( 'NONE',  ( 69.75000000000000000, -52.50000000000001421, 0.000000000000000000 ) ) ;
#42 = DIRECTION ( 'NONE',  ( 0.000000000000000000, 0.000000000000000000, -1.000000000000000000 ) ) ;
#43 = AXIS2_PLACEMENT_3D ( 'NONE', #589, #187, #3415 ) ;
#44 = ADVANCED_FACE ( 'NONE', ( #1799 ), #3837, .F. ) ;
#45 = CIRCLE ( 'NONE', #3766, 2.100000000000004530 ) ;
#46 = VERTEX_POINT ( 'NONE', #1775 ) ;
#47 = CARTESIAN_POINT ( 'NONE',  ( 14.15928699750854847, 61.68354270291752073, 4.499999999999983125 ) ) ;
#48 = ORIENTED_EDGE ( 'NONE', *, *, #3226, .T. ) ;
#49 = CARTESIAN_POINT ( 'NONE',  ( -74.74999999999998579, -77.50000000000001421, 23.00000000000000000 ) ) ;
#50 = EDGE_CURVE ( 'NONE', #9, #3883, #1423, .T. ) ;
#51 = ADVANCED_FACE ( 'NONE', ( #3184 ), #1197, .F. ) ;
#52 = DIRECTION ( 'NONE',  ( -0.2141484772416571425, 0.9768011208506465204, 0.000000000000000000 ) ) ;
#53 = AXIS2_PLACEMENT_3D ( 'NONE', #566, #4080, #2747 ) ;
#54 = CARTESIAN_POINT ( 'NONE',  ( 66.75000000000002842, -77.50000000000001421, 6.999999999999995559 ) ) ;
#55 = ORIENTED_EDGE ( 'NONE', *, *, #3136, .F. ) ;
#56 = EDGE_CURVE ( 'NONE', #2223, #760, #4234, .T. ) ;
#57 = DIRECTION ( 'NONE',  ( 0.000000000000000000, 0.000000000000000000, -1.000000000000000000 ) ) ;
#58 = CARTESIAN_POINT ( 'NONE',  ( -37.78354270291769268, 13.34071300249190273, 0.000000000000000000 ) ) ;
#59 = EDGE_LOOP ( 'NONE', ( #2179, #3891 ) ) ;
#60 = VECTOR ( 'NONE', #4280, 1000.000000000000114 ) ;
#61 = CARTESIAN_POINT ( 'NONE',  ( 3.081487911019577365E-30, 27.50000000000000355, 9.000000000000008882 ) ) ;
#62 = ORIENTED_EDGE ( 'NONE', *, *, #1076, .F. ) ;
#63 = ADVANCED_FACE ( 'NONE', ( #1034 ), #1054, .F. ) ;
#64 = AXIS2_PLACEMENT_3D ( 'NONE', #3125, #1717, #2707 ) ;
#65 = EDGE_CURVE ( 'NONE', #3066, #3073, #667, .T. ) ;
#66 = LINE ( 'NONE', #1861, #499 ) ;
#67 = VERTEX_POINT ( 'NONE', #2163 ) ;
#68 = CARTESIAN_POINT ( 'NONE',  ( -35.93354270291770547, 13.34071300249190273, 9.500000000000023093 ) ) ;
#69 = DIRECTION ( 'NONE',  ( 0.000000000000000000, 1.000000000000000000, 0.000000000000000000 ) ) ;
#70 = PLANE ( 'NONE',  #1798 ) ;
#71 = DIRECTION ( 'NONE',  ( -0.000000000000000000, -0.000000000000000000, -1.000000000000000000 ) ) ;
#72 = EDGE_CURVE ( 'NONE', #4113, #1323, #598, .T. ) ;
#73 = ADVANCED_FACE ( 'NONE', ( #1731, #674, #3922 ), #3524, .F. ) ;
#74 = ORIENTED_EDGE ( 'NONE', *, *, #3968, .T. ) ;
#75 = CARTESIAN_POINT ( 'NONE',  ( 3.081487911019577365E-30, 27.50000000000000355, 0.000000000000000000 ) ) ;
#76 = ORIENTED_EDGE ( 'NONE', *, *, #2411, .T. ) ;
#77 = CYLINDRICAL_SURFACE ( 'NONE', #3760, 3.099999999999991651 ) ;
#78 = DIRECTION ( 'NONE',  ( -0.000000000000000000, 0.000000000000000000, 1.000000000000000000 ) ) ;
#79 = CIRCLE ( 'NONE', #1050, 3.600000000000047606 ) ;
#80 = AXIS2_PLACEMENT_3D ( 'NONE', #651, #4163, #4209 ) ;
#81 = DIRECTION ( 'NONE',  ( 0.6324555320336752162, 0.3162277660168393845, 0.7071067811865474617 ) ) ;
#82 = ADVANCED_FACE ( 'NONE', ( #3572 ), #3504, .T. ) ;
#83 = VERTEX_POINT ( 'NONE', #2489 ) ;
#84 = DIRECTION ( 'NONE',  ( 0.6974565623330587494, -0.1646471600639110300, -0.6974565623330538644 ) ) ;
#85 = FACE_OUTER_BOUND ( 'NONE', #3142, .T. ) ;
#86 = ORIENTED_EDGE ( 'NONE', *, *, #4035, .T. ) ;
#87 = AXIS2_PLACEMENT_3D ( 'NONE', #1637, #3852, #250 ) ;
#88 = FACE_OUTER_BOUND ( 'NONE', #4261, .T. ) ;
#89 = ORIENTED_EDGE ( 'NONE', *, *, #545, .T. ) ;
#90 = AXIS2_PLACEMENT_3D ( 'NONE', #2095, #2764, #4570 ) ;
#91 = LINE ( 'NONE', #2873, #4206 ) ;
#92 = VERTEX_POINT ( 'NONE', #3860 ) ;
#93 = DIRECTION ( 'NONE',  ( -9.912705577010326782E-17, 1.000000000000000000, 0.000000000000000000 ) ) ;
#94 = DIRECTION ( 'NONE',  ( 0.000000000000000000, -0.000000000000000000, 1.000000000000000000 ) ) ;
#95 = CARTESIAN_POINT ( 'NONE',  ( 74.75000000000002842, -72.50000000000000000, 1.000000000000001110 ) ) ;
#96 = VECTOR ( 'NONE', #3476, 999.9999999999998863 ) ;
#97 = DIRECTION ( 'NONE',  ( 1.000000000000000000, 0.000000000000000000, 0.000000000000000000 ) ) ;
#98 = ORIENTED_EDGE ( 'NONE', *, *, #2614, .T. ) ;
#99 = ADVANCED_FACE ( 'NONE', ( #393 ), #972, .F. ) ;
#100 = CARTESIAN_POINT ( 'NONE',  ( -41.00000000000000000, 27.50000000000000711, -115.9655121145937926 ) ) ;
#101 = VERTEX_POINT ( 'NONE', #372 ) ;
#102 = LINE ( 'NONE', #1821, #3529 ) ;
#103 = DIRECTION ( 'NONE',  ( -0.7071067811865410224, 8.659560562354852739E-17, 0.7071067811865540120 ) ) ;
#104 = CARTESIAN_POINT ( 'NONE',  ( 17.25928699750855344, 61.68354270291752073, 18.76812408671320398 ) ) ;
#105 = ORIENTED_EDGE ( 'NONE', *, *, #332, .F. ) ;
#106 = DIRECTION ( 'NONE',  ( 0.7050412921387257947, 0.07637769804534316753, -0.7050412921387302356 ) ) ;
#107 = FACE_OUTER_BOUND ( 'NONE', #2134, .T. ) ;
#108 = ORIENTED_EDGE ( 'NONE', *, *, #3120, .F. ) ;
#109 = EDGE_CURVE ( 'NONE', #3690, #2484, #21, .T. ) ;
#110 = DIRECTION ( 'NONE',  ( 9.912705577010326782E-17, -1.000000000000000000, 0.000000000000000000 ) ) ;
#111 = ORIENTED_EDGE ( 'NONE', *, *, #1012, .T. ) ;
#112 = CARTESIAN_POINT ( 'NONE',  ( 3.081487911019577365E-30, 27.50000000000000355, 10.00000000000000000 ) ) ;
#113 = ORIENTED_EDGE ( 'NONE', *, *, #556, .F. ) ;
#114 = DIRECTION ( 'NONE',  ( 0.000000000000000000, 0.000000000000000000, -1.000000000000000000 ) ) ;
#115 = EDGE_LOOP ( 'NONE', ( #2687, #1123, #2704, #1741, #2031 ) ) ;
#116 = PLANE ( 'NONE',  #4239 ) ;
#117 = FACE_OUTER_BOUND ( 'NONE', #4086, .T. ) ;
#118 = VECTOR ( 'NONE', #4158, 1000.000000000000000 ) ;
#119 = ORIENTED_EDGE ( 'NONE', *, *, #2830, .F. ) ;
#120 = AXIS2_PLACEMENT_3D ( 'NONE', #3628, #2543, #4373 ) ;
#121 = DIRECTION ( 'NONE',  ( 0.000000000000000000, 0.000000000000000000, -1.000000000000000000 ) ) ;
#122 = VECTOR ( 'NONE', #2332, 1000.000000000000000 ) ;
#123 = CIRCLE ( 'NONE', #3383, 2.100000000000004530 ) ;
#124 = FACE_OUTER_BOUND ( 'NONE', #4155, .T. ) ;
#125 = DIRECTION ( 'NONE',  ( 1.000000000000000000, 0.000000000000000000, 0.000000000000000000 ) ) ;
#126 = VECTOR ( 'NONE', #1497, 1000.000000000000000 ) ;
#127 = VECTOR ( 'NONE', #36, 1000.000000000000000 ) ;
#128 = CARTESIAN_POINT ( 'NONE',  ( 92.54930754969376494, -68.29815346584673819, 18.79930754969386797 ) ) ;
#129 = EDGE_LOOP ( 'NONE', ( #4378, #1629, #4106, #3005 ) ) ;
#130 = VERTEX_POINT ( 'NONE', #3113 ) ;
#131 = CYLINDRICAL_SURFACE ( 'NONE', #2728, 3.100000000000001865 ) ;
#132 = CARTESIAN_POINT ( 'NONE',  ( -69.74999999999997158, -62.50000000000002842, 28.99999999999999645 ) ) ;
#133 = EDGE_LOOP ( 'NONE', ( #213, #3657 ) ) ;
#134 = CIRCLE ( 'NONE', #3614, 1.750000000000001554 ) ;
#135 = CARTESIAN_POINT ( 'NONE',  ( 12.40928699750809727, -6.683542702917696587, 9.499999999999991118 ) ) ;
#136 = DIRECTION ( 'NONE',  ( -1.000000000000000000, 0.000000000000000000, 0.000000000000000000 ) ) ;
#137 = ORIENTED_EDGE ( 'NONE', *, *, #3354, .T. ) ;
#138 = LINE ( 'NONE', #3963, #719 ) ;
#139 = DIRECTION ( 'NONE',  ( 1.000000000000000000, 0.000000000000000000, 0.000000000000000000 ) ) ;
#140 = AXIS2_PLACEMENT_3D ( 'NONE', #1144, #2958, #1875 ) ;
#141 = EDGE_CURVE ( 'NONE', #1806, #286, #4526, .T. ) ;
#142 = ADVANCED_FACE ( 'NONE', ( #2810 ), #1714, .F. ) ;
#143 = DIRECTION ( 'NONE',  ( 0.000000000000000000, 0.000000000000000000, 1.000000000000000000 ) ) ;
#144 = ADVANCED_FACE ( 'NONE', ( #816 ), #1164, .F. ) ;
#145 = EDGE_LOOP ( 'NONE', ( #3821, #1686, #3141, #3801 ) ) ;
#146 = DIRECTION ( 'NONE',  ( 9.570888143320314409E-17, -1.000000000000000000, 0.000000000000000000 ) ) ;
#147 = CARTESIAN_POINT ( 'NONE',  ( 48.84005604253235333, 38.20742386208287655, 30.00000000000000000 ) ) ;
#148 = CIRCLE ( 'NONE', #3784, 1.750000000000001554 ) ;
#149 = LINE ( 'NONE', #128, #1923 ) ;
#150 = ORIENTED_EDGE ( 'NONE', *, *, #2676, .T. ) ;
#151 = FACE_OUTER_BOUND ( 'NONE', #3176, .T. ) ;
#152 = LINE ( 'NONE', #2272, #4130 ) ;
#153 = ORIENTED_EDGE ( 'NONE', *, *, #698, .F. ) ;
#154 = AXIS2_PLACEMENT_3D ( 'NONE', #1941, #3058, #3697 ) ;
#155 = AXIS2_PLACEMENT_3D ( 'NONE', #2765, #3477, #2047 ) ;
#156 = DIRECTION ( 'NONE',  ( 0.7071067811865453523, 6.767639908119699422E-17, 0.7071067811865496822 ) ) ;
#157 = CIRCLE ( 'NONE', #3416, 3.099999999999995204 ) ;
#158 = CARTESIAN_POINT ( 'NONE',  ( 31.64999999999999858, -42.50000000000000000, 22.00000000000000000 ) ) ;
#159 = VERTEX_POINT ( 'NONE', #3946 ) ;
#160 = EDGE_CURVE ( 'NONE', #2520, #843, #1572, .T. ) ;
#161 = CARTESIAN_POINT ( 'NONE',  ( 16.40928699750852360, 61.68354270291752073, 4.000000000000000000 ) ) ;
#162 = CARTESIAN_POINT ( 'NONE',  ( 54.59251903898037739, 11.96856204546817892, 0.000000000000000000 ) ) ;
#163 = VECTOR ( 'NONE', #4368, 1000.000000000000227 ) ;
#164 = DIRECTION ( 'NONE',  ( 0.000000000000000000, 0.000000000000000000, -1.000000000000000000 ) ) ;
#165 = DIRECTION ( 'NONE',  ( 0.000000000000000000, 0.000000000000000000, 1.000000000000000000 ) ) ;
#166 = EDGE_CURVE ( 'NONE', #3964, #2599, #2894, .T. ) ;
#167 = ORIENTED_EDGE ( 'NONE', *, *, #4470, .F. ) ;
#168 = EDGE_LOOP ( 'NONE', ( #3958, #3555 ) ) ;
#169 = CARTESIAN_POINT ( 'NONE',  ( 66.75000000000002842, -79.60000000000002274, 23.00000000000000000 ) ) ;
#170 = CARTESIAN_POINT ( 'NONE',  ( -11.05928699750809585, 61.68354270291770547, 18.76812408671320398 ) ) ;
#171 = EDGE_LOOP ( 'NONE', ( #3170, #3218 ) ) ;
#172 = LINE ( 'NONE', #4379, #3022 ) ;
#173 = PLANE ( 'NONE',  #1786 ) ;
#174 = ORIENTED_EDGE ( 'NONE', *, *, #4169, .F. ) ;
#175 = DIRECTION ( 'NONE',  ( -9.570888143320314409E-17, 1.000000000000000000, -0.000000000000000000 ) ) ;
#176 = DIRECTION ( 'NONE',  ( 0.6907026964241131939, 0.1514258404383489742, 0.7071067811865469066 ) ) ;
#177 = DIRECTION ( 'NONE',  ( 1.000000000000000000, 0.000000000000000000, 0.000000000000000000 ) ) ;
#178 = ORIENTED_EDGE ( 'NONE', *, *, #2173, .T. ) ;
#179 = CARTESIAN_POINT ( 'NONE',  ( 31.14999999999997726, -42.50000000000000000, 30.00000000000000000 ) ) ;
#180 = DIRECTION ( 'NONE',  ( 1.000000000000000000, 0.000000000000000000, 0.000000000000000000 ) ) ;
#181 = EDGE_CURVE ( 'NONE', #1440, #1138, #3481, .T. ) ;
#182 = CARTESIAN_POINT ( 'NONE',  ( 69.75000000000000000, -62.50000000000001421, 28.99999999999999645 ) ) ;
#183 = CARTESIAN_POINT ( 'NONE',  ( -73.74999999999997158, -82.50000000000000000, 30.00000000000000000 ) ) ;
#184 = CARTESIAN_POINT ( 'NONE',  ( -14.15928699750810082, 61.68354270291770547, 4.499999999999979572 ) ) ;
#185 = VERTEX_POINT ( 'NONE', #4448 ) ;
#186 = ORIENTED_EDGE ( 'NONE', *, *, #2871, .F. ) ;
#187 = DIRECTION ( 'NONE',  ( 0.000000000000000000, 0.000000000000000000, -1.000000000000000000 ) ) ;
#188 = VECTOR ( 'NONE', #1661, 1000.000000000000000 ) ;
#189 = DIRECTION ( 'NONE',  ( 1.000000000000000000, 0.000000000000000000, 0.000000000000000000 ) ) ;
#190 = CIRCLE ( 'NONE', #3077, 3.599999999999992095 ) ;
#191 = VERTEX_POINT ( 'NONE', #593 ) ;
#192 = CONICAL_SURFACE ( 'NONE', #344, 3.099999999999998757, 0.7853981633974657095 ) ;
#193 = ADVANCED_FACE ( 'NONE', ( #3048, #3775 ), #3815, .F. ) ;
#194 = ADVANCED_FACE ( 'NONE', ( #2011 ), #2364, .T. ) ;
#195 = VERTEX_POINT ( 'NONE', #4468 ) ;
#196 = VECTOR ( 'NONE', #1075, 1000.000000000000000 ) ;
#197 = CONICAL_SURFACE ( 'NONE', #642, 1.749999999999996447, 0.7853981633974425058 ) ;
#198 = VECTOR ( 'NONE', #204, 1000.000000000000114 ) ;
#199 = EDGE_CURVE ( 'NONE', #1568, #1631, #79, .T. ) ;
#200 = DIRECTION ( 'NONE',  ( 0.000000000000000000, 0.000000000000000000, 1.000000000000000000 ) ) ;
#201 = FACE_BOUND ( 'NONE', #1645, .T. ) ;
#202 = CONICAL_SURFACE ( 'NONE', #502, 3.099999999999991651, 0.7853981633974660426 ) ;
#203 = AXIS2_PLACEMENT_3D ( 'NONE', #4376, #3237, #1203 ) ;
#204 = DIRECTION ( 'NONE',  ( -0.7071067811865483499, 0.000000000000000000, 0.7071067811865465735 ) ) ;
#205 = ORIENTED_EDGE ( 'NONE', *, *, #2306, .T. ) ;
#206 = CARTESIAN_POINT ( 'NONE',  ( -33.75000000000000711, -42.49999999999999289, 30.00000000000000000 ) ) ;
#207 = FACE_OUTER_BOUND ( 'NONE', #1188, .T. ) ;
#208 = VECTOR ( 'NONE', #57, 1000.000000000000000 ) ;
#209 = LINE ( 'NONE', #858, #3639 ) ;
#210 = LINE ( 'NONE', #4460, #497 ) ;
#211 = CONICAL_SURFACE ( 'NONE', #3395, 24.74999999999996803, 0.7853981633974482790 ) ;
#212 = DIRECTION ( 'NONE',  ( -0.000000000000000000, -0.000000000000000000, 1.000000000000000000 ) ) ;
#213 = ORIENTED_EDGE ( 'NONE', *, *, #614, .T. ) ;
#214 = LINE ( 'NONE', #2264, #2575 ) ;
#215 = EDGE_CURVE ( 'NONE', #4170, #1315, #1496, .T. ) ;
#216 = EDGE_CURVE ( 'NONE', #3709, #3245, #1656, .T. ) ;
#217 = CARTESIAN_POINT ( 'NONE',  ( 34.18354270291752073, 13.34071300249146219, 30.00000000000000000 ) ) ;
#218 = ORIENTED_EDGE ( 'NONE', *, *, #2392, .F. ) ;
#219 = ORIENTED_EDGE ( 'NONE', *, *, #879, .F. ) ;
#220 = DIRECTION ( 'NONE',  ( 0.4472135954999599261, 0.8944271909999148562, 0.000000000000000000 ) ) ;
#221 = EDGE_CURVE ( 'NONE', #1342, #437, #3406, .T. ) ;
#222 = ORIENTED_EDGE ( 'NONE', *, *, #3830, .T. ) ;
#223 = FACE_OUTER_BOUND ( 'NONE', #4587, .T. ) ;
#224 = CARTESIAN_POINT ( 'NONE',  ( -73.74999999999997158, -81.49999999999998579, 30.00000000000000355 ) ) ;
#225 = ORIENTED_EDGE ( 'NONE', *, *, #253, .F. ) ;
#226 = CARTESIAN_POINT ( 'NONE',  ( 14.15928699750854847, 61.68354270291752073, 4.000000000000000000 ) ) ;
#227 = VECTOR ( 'NONE', #2261, 1000.000000000000000 ) ;
#228 = CIRCLE ( 'NONE', #2820, 2.599999999999991207 ) ;
#229 = DIRECTION ( 'NONE',  ( -1.000000000000000000, 9.912705577010326782E-17, -0.000000000000000000 ) ) ;
#230 = CARTESIAN_POINT ( 'NONE',  ( 3.081487911019577365E-30, 27.50000000000000355, 28.99999999999999645 ) ) ;
#231 = CARTESIAN_POINT ( 'NONE',  ( 14.15928699750809727, -6.683542702917696587, 10.00000000000000000 ) ) ;
#233 = VECTOR ( 'NONE', #4320, 1000.000000000000114 ) ;
#232 = CARTESIAN_POINT ( 'NONE',  ( -66.75000000000002842, -79.60000000000002274, 23.00000000000000000 ) ) ;
#234 = LINE ( 'NONE', #2782, #603 ) ;
#235 = EDGE_CURVE ( 'NONE', #2966, #1950, #209, .T. ) ;
#236 = ORIENTED_EDGE ( 'NONE', *, *, #1989, .F. ) ;
#237 = PLANE ( 'NONE',  #3015 ) ;
#238 = CARTESIAN_POINT ( 'NONE',  ( -69.74999999999997158, -52.50000000000002842, 28.99999999999999645 ) ) ;
#239 = EDGE_LOOP ( 'NONE', ( #3065, #2502, #33, #4561 ) ) ;
#240 = ADVANCED_FACE ( 'NONE', ( #4131 ), #2285, .F. ) ;
#241 = ORIENTED_EDGE ( 'NONE', *, *, #1348, .T. ) ;
#242 = DIRECTION ( 'NONE',  ( 1.000000000000000000, 0.000000000000000000, 0.000000000000000000 ) ) ;
#243 = CARTESIAN_POINT ( 'NONE',  ( 71.58292867608339805, -52.30143734200891004, 2.832928676083405595 ) ) ;
#244 = CARTESIAN_POINT ( 'NONE',  ( -68.74999999999997158, -6.579985598532714634E-15, 0.000000000000000000 ) ) ;
#245 = EDGE_LOOP ( 'NONE', ( #1143, #2803, #4454, #3844 ) ) ;
#246 = CARTESIAN_POINT ( 'NONE',  ( 34.18354270291769836, 41.65928699750809727, 0.000000000000000000 ) ) ;
#247 = CARTESIAN_POINT ( 'NONE',  ( -16.40928699750807596, 61.68354270291770547, 10.00000000000000000 ) ) ;
#248 = VERTEX_POINT ( 'NONE', #3343 ) ;
#249 = ADVANCED_FACE ( 'NONE', ( #2331 ), #530, .F. ) ;
#250 = DIRECTION ( 'NONE',  ( 1.000000000000000000, 0.000000000000000000, 0.000000000000000000 ) ) ;
#251 = DIRECTION ( 'NONE',  ( 1.000000000000000000, 0.000000000000000000, 0.000000000000000000 ) ) ;
#252 = CARTESIAN_POINT ( 'NONE',  ( -12.40928699750810082, 61.68354270291770547, 4.499999999999979572 ) ) ;
#253 = EDGE_CURVE ( 'NONE', #4497, #812, #4090, .T. ) ;
#254 = DIRECTION ( 'NONE',  ( -0.000000000000000000, 0.000000000000000000, 1.000000000000000000 ) ) ;
#255 = FACE_OUTER_BOUND ( 'NONE', #2270, .T. ) ;
#256 = DIRECTION ( 'NONE',  ( 1.000000000000000000, 0.000000000000000000, 0.000000000000000000 ) ) ;
#257 = ORIENTED_EDGE ( 'NONE', *, *, #766, .F. ) ;
#258 = FACE_OUTER_BOUND ( 'NONE', #2971, .T. ) ;
#259 = FACE_OUTER_BOUND ( 'NONE', #3491, .T. ) ;
#260 = EDGE_LOOP ( 'NONE', ( #3240, #2120, #3480, #686 ) ) ;
#261 = VERTEX_POINT ( 'NONE', #182 ) ;
#262 = CARTESIAN_POINT ( 'NONE',  ( 14.15928699750809727, -6.683542702917696587, 10.00000000000000000 ) ) ;
#263 = AXIS2_PLACEMENT_3D ( 'NONE', #4335, #156, #175 ) ;
#264 = ORIENTED_EDGE ( 'NONE', *, *, #2173, .F. ) ;
#265 = CARTESIAN_POINT ( 'NONE',  ( 74.25000000000001421, -75.40000000000000568, 6.999999999999995559 ) ) ;
#266 = CARTESIAN_POINT ( 'NONE',  ( 74.75000000000000000, 82.50000000000000000, 30.00000000000000000 ) ) ;
#267 = ORIENTED_EDGE ( 'NONE', *, *, #911, .F. ) ;
#268 = CONICAL_SURFACE ( 'NONE', #3681, 3.100000000000001865, 0.7853981633974651544 ) ;
#269 = CIRCLE ( 'NONE', #2433, 3.100000000000003642 ) ;
#270 = DIRECTION ( 'NONE',  ( -0.000000000000000000, 0.000000000000000000, 1.000000000000000000 ) ) ;
#271 = EDGE_CURVE ( 'NONE', #2500, #1454, #2462, .T. ) ;
#272 = EDGE_LOOP ( 'NONE', ( #3124, #1402, #331, #3103 ) ) ;
#273 = AXIS2_PLACEMENT_3D ( 'NONE', #2490, #723, #3550 ) ;
#274 = CIRCLE ( 'NONE', #2868, 51.00000000000001421 ) ;
#275 = CARTESIAN_POINT ( 'NONE',  ( -74.74999999999998579, -77.50000000000001421, 6.999999999999995559 ) ) ;
#276 = LINE ( 'NONE', #691, #4059 ) ;
#277 = CARTESIAN_POINT ( 'NONE',  ( -31.14999999999999147, -42.49999999999999289, 30.00000000000000000 ) ) ;
#278 = CARTESIAN_POINT ( 'NONE',  ( 37.28354270291769978, 41.65928699750809727, 18.76812408671320398 ) ) ;
#279 = DIRECTION ( 'NONE',  ( 0.000000000000000000, 0.000000000000000000, -1.000000000000000000 ) ) ;
#280 = AXIS2_PLACEMENT_3D ( 'NONE', #4446, #1271, #938 ) ;
#281 = EDGE_CURVE ( 'NONE', #101, #3348, #4531, .T. ) ;
#282 = LINE ( 'NONE', #1707, #4156 ) ;
#283 = CARTESIAN_POINT ( 'NONE',  ( 15.90928699750809905, -6.683542702917696587, 4.499999999999983125 ) ) ;
#284 = EDGE_CURVE ( 'NONE', #1338, #2135, #912, .T. ) ;
#285 = ORIENTED_EDGE ( 'NONE', *, *, #3004, .T. ) ;
#286 = VERTEX_POINT ( 'NONE', #2714 ) ;
#287 = DIRECTION ( 'NONE',  ( 1.000000000000000000, 0.000000000000000000, 0.000000000000000000 ) ) ;
#288 = DIRECTION ( 'NONE',  ( -1.000000000000000000, 0.000000000000000000, 0.000000000000000000 ) ) ;
#289 = ORIENTED_EDGE ( 'NONE', *, *, #1332, .T. ) ;
#290 = FACE_OUTER_BOUND ( 'NONE', #1593, .T. ) ;
#291 = CARTESIAN_POINT ( 'NONE',  ( 24.74999999999999289, 27.50000000000000355, 10.00000000000000000 ) ) ;
#292 = ORIENTED_EDGE ( 'NONE', *, *, #4534, .F. ) ;
#293 = FACE_OUTER_BOUND ( 'NONE', #2732, .T. ) ;
#294 = EDGE_LOOP ( 'NONE', ( #3702, #1273, #2578, #4339 ) ) ;
#295 = VECTOR ( 'NONE', #2344, 1000.000000000000000 ) ;
#296 = ORIENTED_EDGE ( 'NONE', *, *, #1974, .T. ) ;
#297 = EDGE_CURVE ( 'NONE', #1644, #3420, #3719, .T. ) ;
#298 = LINE ( 'NONE', #3200, #3896 ) ;
#299 = FACE_OUTER_BOUND ( 'NONE', #2254, .T. ) ;
#300 = CARTESIAN_POINT ( 'NONE',  ( 73.75000000000001421, -82.50000000000000000, 1.000000000000000888 ) ) ;
#301 = CARTESIAN_POINT ( 'NONE',  ( -11.90928699750812569, 61.68354270291770547, 4.000000000000000000 ) ) ;
#302 = CONICAL_SURFACE ( 'NONE', #2085, 2.599999999999935696, 0.7853981633974378429 ) ;
#303 = DIRECTION ( 'NONE',  ( 0.000000000000000000, -1.000000000000000000, 0.000000000000000000 ) ) ;
#304 = VECTOR ( 'NONE', #103, 1000.000000000000114 ) ;
#305 = DIRECTION ( 'NONE',  ( -0.7071067811865451302, -5.947319919256703984E-17, 0.7071067811865500152 ) ) ;
#306 = AXIS2_PLACEMENT_3D ( 'NONE', #2330, #4388, #139 ) ;
#307 = ORIENTED_EDGE ( 'NONE', *, *, #663, .F. ) ;
#308 = CARTESIAN_POINT ( 'NONE',  ( -35.85000000000000853, -42.49999999999999289, 22.00000000000000000 ) ) ;
#309 = EDGE_CURVE ( 'NONE', #4218, #3010, #2382, .T. ) ;
#310 = ORIENTED_EDGE ( 'NONE', *, *, #4199, .T. ) ;
#311 = ORIENTED_EDGE ( 'NONE', *, *, #3319, .F. ) ;
#312 = DIRECTION ( 'NONE',  ( -1.000000000000000000, 0.000000000000000000, 0.000000000000000000 ) ) ;
#313 = VERTEX_POINT ( 'NONE', #1614 ) ;
#314 = CARTESIAN_POINT ( 'NONE',  ( 74.75000000000001421, -81.50000000000000000, 1.000000000000001110 ) ) ;
#315 = ORIENTED_EDGE ( 'NONE', *, *, #2749, .T. ) ;
#316 = DIRECTION ( 'NONE',  ( 0.000000000000000000, 0.000000000000000000, -1.000000000000000000 ) ) ;
#317 = ORIENTED_EDGE ( 'NONE', *, *, #2372, .F. ) ;
#318 = ORIENTED_EDGE ( 'NONE', *, *, #1709, .F. ) ;
#319 = DIRECTION ( 'NONE',  ( 0.4472135954999599261, 0.8944271909999148562, 0.000000000000000000 ) ) ;
#320 = DIRECTION ( 'NONE',  ( 0.000000000000000000, 0.000000000000000000, -1.000000000000000000 ) ) ;
#321 = DIRECTION ( 'NONE',  ( 1.000000000000000000, 0.000000000000000000, 0.000000000000000000 ) ) ;
#322 = CARTESIAN_POINT ( 'NONE',  ( 0.000000000000000000, 0.000000000000000000, 30.00000000000000000 ) ) ;
#323 = EDGE_CURVE ( 'NONE', #2666, #2748, #373, .T. ) ;
#324 = DIRECTION ( 'NONE',  ( 1.000000000000000000, 0.000000000000000000, 0.000000000000000000 ) ) ;
#325 = ORIENTED_EDGE ( 'NONE', *, *, #3527, .F. ) ;
#326 = DIRECTION ( 'NONE',  ( 1.000000000000000000, 0.000000000000000000, 0.000000000000000000 ) ) ;
#327 = ORIENTED_EDGE ( 'NONE', *, *, #2789, .T. ) ;
#328 = ORIENTED_EDGE ( 'NONE', *, *, #1506, .T. ) ;
#329 = CARTESIAN_POINT ( 'NONE',  ( -14.15928699750810082, 61.68354270291770547, 4.499999999999979572 ) ) ;
#330 = EDGE_CURVE ( 'NONE', #1968, #2777, #3036, .T. ) ;
#331 = ORIENTED_EDGE ( 'NONE', *, *, #235, .T. ) ;
#332 = EDGE_CURVE ( 'NONE', #760, #4393, #826, .T. ) ;
#333 = DIRECTION ( 'NONE',  ( 0.000000000000000000, 0.000000000000000000, 1.000000000000000000 ) ) ;
#334 = VECTOR ( 'NONE', #2551, 1000.000000000000000 ) ;
#335 = ORIENTED_EDGE ( 'NONE', *, *, #2857, .T. ) ;
#336 = CIRCLE ( 'NONE', #3011, 2.100000000000004530 ) ;
#337 = CARTESIAN_POINT ( 'NONE',  ( 73.75000000000001421, -82.00000000000000000, 0.5000000000000006661 ) ) ;
#338 = AXIS2_PLACEMENT_3D ( 'NONE', #2920, #1608, #1152 ) ;
#339 = ORIENTED_EDGE ( 'NONE', *, *, #3738, .T. ) ;
#340 = ORIENTED_EDGE ( 'NONE', *, *, #3484, .T. ) ;
#341 = AXIS2_PLACEMENT_3D ( 'NONE', #814, #3182, #1630 ) ;
#342 = CIRCLE ( 'NONE', #4499, 2.249999999999974243 ) ;
#343 = DIRECTION ( 'NONE',  ( -0.000000000000000000, -0.000000000000000000, -1.000000000000000000 ) ) ;
#344 = AXIS2_PLACEMENT_3D ( 'NONE', #2485, #2136, #1792 ) ;
#345 = CARTESIAN_POINT ( 'NONE',  ( 34.18354270291769836, 41.65928699750809727, 0.4999999999999761302 ) ) ;
#346 = CARTESIAN_POINT ( 'NONE',  ( -73.74999999999998579, -81.50000000000000000, 0.000000000000000000 ) ) ;
#347 = DIRECTION ( 'NONE',  ( -1.000000000000000000, 0.000000000000000000, 0.000000000000000000 ) ) ;
#348 = AXIS2_PLACEMENT_3D ( 'NONE', #4445, #2684, #4098 ) ;
#349 = AXIS2_PLACEMENT_3D ( 'NONE', #1234, #1612, #2644 ) ;
#350 = DIRECTION ( 'NONE',  ( 1.000000000000000000, 0.000000000000000000, 0.000000000000000000 ) ) ;
#351 = CIRCLE ( 'NONE', #950, 2.249999999999968914 ) ;
#352 = VECTOR ( 'NONE', #1521, 1000.000000000000114 ) ;
#353 = CARTESIAN_POINT ( 'NONE',  ( -14.15928699750854491, -6.683542702917516287, 10.00000000000000000 ) ) ;
#354 = CIRCLE ( 'NONE', #2799, 2.100000000000004530 ) ;
#355 = ORIENTED_EDGE ( 'NONE', *, *, #2029, .T. ) ;
#356 = EDGE_CURVE ( 'NONE', #2748, #864, #1893, .T. ) ;
#357 = VERTEX_POINT ( 'NONE', #2976 ) ;
#358 = CYLINDRICAL_SURFACE ( 'NONE', #865, 2.099999999999997868 ) ;
#359 = AXIS2_PLACEMENT_3D ( 'NONE', #3072, #1819, #1101 ) ;
#360 = EDGE_LOOP ( 'NONE', ( #76, #4525, #529, #3514 ) ) ;
#361 = DIRECTION ( 'NONE',  ( 0.000000000000000000, 0.000000000000000000, -1.000000000000000000 ) ) ;
#362 = ORIENTED_EDGE ( 'NONE', *, *, #2039, .T. ) ;
#363 = ADVANCED_FACE ( 'NONE', ( #859 ), #2217, .F. ) ;
#364 = CARTESIAN_POINT ( 'NONE',  ( 66.75000000000002842, -77.50000000000001421, 6.999999999999995559 ) ) ;
#365 = EDGE_LOOP ( 'NONE', ( #2479, #1876, #2636, #2767 ) ) ;
#366 = DIRECTION ( 'NONE',  ( -0.000000000000000000, -0.000000000000000000, -1.000000000000000000 ) ) ;
#367 = DIRECTION ( 'NONE',  ( 1.000000000000000000, 0.000000000000000000, 0.000000000000000000 ) ) ;
#368 = CARTESIAN_POINT ( 'NONE',  ( 73.75000000000001421, -82.50000000000000000, 30.00000000000000000 ) ) ;
#369 = VECTOR ( 'NONE', #1485, 1000.000000000000000 ) ;
#370 = DIRECTION ( 'NONE',  ( -1.000000000000000000, -0.000000000000000000, -0.000000000000000000 ) ) ;
#371 = AXIS2_PLACEMENT_3D ( 'NONE', #2848, #3205, #1070 ) ;
#372 = CARTESIAN_POINT ( 'NONE',  ( -30.58354270291770760, 13.34071300249190273, 0.000000000000000000 ) ) ;
#373 = CIRCLE ( 'NONE', #4304, 2.099999999999997868 ) ;
#374 = CARTESIAN_POINT ( 'NONE',  ( -42.00000000000003553, 27.50000000000000711, 30.00000000000000000 ) ) ;
#375 = AXIS2_PLACEMENT_3D ( 'NONE', #3879, #2537, #1051 ) ;
#376 = ORIENTED_EDGE ( 'NONE', *, *, #446, .T. ) ;
#377 = DIRECTION ( 'NONE',  ( -1.000000000000000000, 0.000000000000000000, 0.000000000000000000 ) ) ;
#378 = VERTEX_POINT ( 'NONE', #2928 ) ;
#379 = DIRECTION ( 'NONE',  ( 0.000000000000000000, -0.000000000000000000, -1.000000000000000000 ) ) ;
#380 = CIRCLE ( 'NONE', #87, 2.249999999999974243 ) ;
#381 = ADVANCED_FACE ( 'NONE', ( #4109 ), #2975, .F. ) ;
#382 = VERTEX_POINT ( 'NONE', #1266 ) ;
#383 = FACE_OUTER_BOUND ( 'NONE', #1290, .T. ) ;
#384 = ORIENTED_EDGE ( 'NONE', *, *, #1999, .T. ) ;
#385 = DIRECTION ( 'NONE',  ( 0.000000000000000000, -1.000000000000000000, 0.000000000000000000 ) ) ;
#386 = ORIENTED_EDGE ( 'NONE', *, *, #3326, .T. ) ;
#387 = ADVANCED_FACE ( 'NONE', ( #1676, #3786 ), #2995, .F. ) ;
#388 = CARTESIAN_POINT ( 'NONE',  ( 34.18354270291769836, 41.65928699750809727, 4.499999999999976019 ) ) ;
#389 = CARTESIAN_POINT ( 'NONE',  ( 66.75000000000002842, -77.50000000000001421, 23.00000000000000000 ) ) ;
#390 = DIRECTION ( 'NONE',  ( -0.000000000000000000, 0.000000000000000000, 1.000000000000000000 ) ) ;
#391 = DIRECTION ( 'NONE',  ( -8.410780489584520404E-17, 1.000000000000000000, -0.000000000000000000 ) ) ;
#392 = ADVANCED_FACE ( 'NONE', ( #605 ), #302, .F. ) ;
#393 = FACE_OUTER_BOUND ( 'NONE', #2035, .T. ) ;
#394 = EDGE_CURVE ( 'NONE', #3873, #498, #2698, .T. ) ;
#395 = LINE ( 'NONE', #3224, #2131 ) ;
#396 = ADVANCED_FACE ( 'NONE', ( #1960 ), #558, .F. ) ;
#397 = ORIENTED_EDGE ( 'NONE', *, *, #679, .F. ) ;
#398 = CARTESIAN_POINT ( 'NONE',  ( 11.05928699750809585, -6.683542702917696587, 4.000000000000000000 ) ) ;
#399 = ORIENTED_EDGE ( 'NONE', *, *, #541, .T. ) ;
#400 = DIRECTION ( 'NONE',  ( 1.000000000000000000, 0.000000000000000000, 0.000000000000000000 ) ) ;
#401 = DIRECTION ( 'NONE',  ( 1.000000000000000000, 0.000000000000000000, 0.000000000000000000 ) ) ;
#402 = EDGE_CURVE ( 'NONE', #1743, #3585, #4410, .T. ) ;
#403 = CYLINDRICAL_SURFACE ( 'NONE', #3907, 3.100000000000001865 ) ;
#404 = ORIENTED_EDGE ( 'NONE', *, *, #160, .T. ) ;
#405 = DIRECTION ( 'NONE',  ( -0.000000000000000000, 0.000000000000000000, 1.000000000000000000 ) ) ;
#406 = ORIENTED_EDGE ( 'NONE', *, *, #1367, .T. ) ;
#407 = LINE ( 'NONE', #3937, #334 ) ;
#408 = ORIENTED_EDGE ( 'NONE', *, *, #3712, .T. ) ;
#409 = AXIS2_PLACEMENT_3D ( 'NONE', #2801, #1133, #4585 ) ;
#410 = CARTESIAN_POINT ( 'NONE',  ( -68.74999999999997158, -62.73606797749980757, 30.00000000000000000 ) ) ;
#411 = ORIENTED_EDGE ( 'NONE', *, *, #1506, .F. ) ;
#412 = DIRECTION ( 'NONE',  ( -1.000000000000000000, 0.000000000000000000, 0.000000000000000000 ) ) ;
#413 = ORIENTED_EDGE ( 'NONE', *, *, #3994, .F. ) ;
#414 = DIRECTION ( 'NONE',  ( -1.000000000000000000, 0.000000000000000000, 0.000000000000000000 ) ) ;
#415 = EDGE_CURVE ( 'NONE', #357, #426, #3341, .T. ) ;
#416 = AXIS2_PLACEMENT_3D ( 'NONE', #570, #921, #2341 ) ;
#417 = CIRCLE ( 'NONE', #2945, 3.599999999999992095 ) ;
#418 = VECTOR ( 'NONE', #3683, 1000.000000000000114 ) ;
#419 = CARTESIAN_POINT ( 'NONE',  ( 32.43354270291752073, 13.34071300249146219, 9.500000000000023093 ) ) ;
#420 = CIRCLE ( 'NONE', #496, 1.749999999999998002 ) ;
#421 = ADVANCED_FACE ( 'NONE', ( #1943 ), #1718, .F. ) ;
#422 = VECTOR ( 'NONE', #2017, 1000.000000000000114 ) ;
#423 = VECTOR ( 'NONE', #784, 1000.000000000000000 ) ;
#424 = ADVANCED_FACE ( 'NONE', ( #1976 ), #1917, .F. ) ;
#425 = AXIS2_PLACEMENT_3D ( 'NONE', #1525, #2907, #1166 ) ;
#426 = VERTEX_POINT ( 'NONE', #3725 ) ;
#427 = AXIS2_PLACEMENT_3D ( 'NONE', #4328, #2617, #3674 ) ;
#428 = DIRECTION ( 'NONE',  ( 1.000000000000000000, 0.000000000000000000, 0.000000000000000000 ) ) ;
#429 = EDGE_LOOP ( 'NONE', ( #3374, #1153, #1219, #1859 ) ) ;
#430 = DIRECTION ( 'NONE',  ( -1.000000000000000000, 0.000000000000000000, 0.000000000000000000 ) ) ;
#431 = CARTESIAN_POINT ( 'NONE',  ( 36.43354270291749231, 13.34071300249146219, 4.000000000000000000 ) ) ;
#432 = VECTOR ( 'NONE', #3263, 1000.000000000000000 ) ;
#433 = PLANE ( 'NONE',  #3316 ) ;
#434 = ORIENTED_EDGE ( 'NONE', *, *, #1556, .T. ) ;
#435 = CARTESIAN_POINT ( 'NONE',  ( 37.28354270291752215, 13.34071300249146219, 0.4999999999999761302 ) ) ;
#436 = DIRECTION ( 'NONE',  ( 0.000000000000000000, 0.000000000000000000, 1.000000000000000000 ) ) ;
#437 = VERTEX_POINT ( 'NONE', #2021 ) ;
#438 = CARTESIAN_POINT ( 'NONE',  ( 74.75000000000002842, -72.50000000000000000, 28.99999999999999645 ) ) ;
#439 = ORIENTED_EDGE ( 'NONE', *, *, #4517, .T. ) ;
#440 = DIRECTION ( 'NONE',  ( 1.000000000000000000, 0.000000000000000000, 0.000000000000000000 ) ) ;
#441 = ORIENTED_EDGE ( 'NONE', *, *, #766, .T. ) ;
#442 = LINE ( 'NONE', #2875, #1094 ) ;
#443 = ORIENTED_EDGE ( 'NONE', *, *, #2424, .T. ) ;
#444 = LINE ( 'NONE', #1523, #1757 ) ;
#445 = CARTESIAN_POINT ( 'NONE',  ( -15.90928699750854669, -6.683542702917516287, 4.499999999999979572 ) ) ;
#446 = EDGE_CURVE ( 'NONE', #3585, #4475, #342, .T. ) ;
#447 = ADVANCED_FACE ( 'NONE', ( #893 ), #582, .F. ) ;
#448 = CARTESIAN_POINT ( 'NONE',  ( 24.74999999999996803, 27.50000000000000711, 0.000000000000000000 ) ) ;
#449 = VERTEX_POINT ( 'NONE', #2716 ) ;
#450 = EDGE_CURVE ( 'NONE', #3990, #3667, #3018, .T. ) ;
#451 = DIRECTION ( 'NONE',  ( -0.000000000000000000, -0.000000000000000000, -1.000000000000000000 ) ) ;
#452 = DIRECTION ( 'NONE',  ( 0.000000000000000000, -0.000000000000000000, -1.000000000000000000 ) ) ;
#453 = DIRECTION ( 'NONE',  ( 1.000000000000000000, 0.000000000000000000, 0.000000000000000000 ) ) ;
#454 = AXIS2_PLACEMENT_3D ( 'NONE', #2401, #165, #4480 ) ;
#455 = VECTOR ( 'NONE', #1427, 1000.000000000000114 ) ;
#456 = CARTESIAN_POINT ( 'NONE',  ( 74.75000000000002842, -72.50000000000000000, 28.99999999999999645 ) ) ;
#457 = EDGE_LOOP ( 'NONE', ( #676, #98 ) ) ;
#458 = DIRECTION ( 'NONE',  ( 0.000000000000000000, 0.000000000000000000, -1.000000000000000000 ) ) ;
#459 = DIRECTION ( 'NONE',  ( 0.000000000000000000, 0.000000000000000000, 1.000000000000000000 ) ) ;
#460 = ORIENTED_EDGE ( 'NONE', *, *, #4457, .T. ) ;
#461 = VECTOR ( 'NONE', #4127, 1000.000000000000000 ) ;
#462 = DIRECTION ( 'NONE',  ( -1.000000000000000000, 0.000000000000000000, 0.000000000000000000 ) ) ;
#463 = ORIENTED_EDGE ( 'NONE', *, *, #4498, .T. ) ;
#464 = DIRECTION ( 'NONE',  ( -1.000000000000000000, 0.000000000000000000, 0.000000000000000000 ) ) ;
#465 = ORIENTED_EDGE ( 'NONE', *, *, #3799, .F. ) ;
#466 = CARTESIAN_POINT ( 'NONE',  ( 35.93354270291752073, 13.34071300249146219, 4.499999999999976019 ) ) ;
#467 = ORIENTED_EDGE ( 'NONE', *, *, #4558, .F. ) ;
#468 = DIRECTION ( 'NONE',  ( 1.000000000000000000, 0.000000000000000000, 0.000000000000000000 ) ) ;
#469 = CARTESIAN_POINT ( 'NONE',  ( 31.64999999999999858, -42.50000000000000000, 22.00000000000000000 ) ) ;
#470 = CARTESIAN_POINT ( 'NONE',  ( 74.25000000000001421, -77.50000000000001421, 6.999999999999995559 ) ) ;
#471 = EDGE_LOOP ( 'NONE', ( #3996, #4447, #2839, #4276 ) ) ;
#472 = CARTESIAN_POINT ( 'NONE',  ( -14.15928699750854491, -6.683542702917516287, 4.499999999999979572 ) ) ;
#473 = EDGE_LOOP ( 'NONE', ( #3497, #2901, #1417, #4077 ) ) ;
#474 = CARTESIAN_POINT ( 'NONE',  ( 11.05928699750854349, 61.68354270291752073, 4.000000000000000000 ) ) ;
#475 = EDGE_CURVE ( 'NONE', #4008, #4423, #3162, .T. ) ;
#476 = FACE_OUTER_BOUND ( 'NONE', #2984, .T. ) ;
#477 = ORIENTED_EDGE ( 'NONE', *, *, #1571, .F. ) ;
#478 = ORIENTED_EDGE ( 'NONE', *, *, #2772, .F. ) ;
#479 = CARTESIAN_POINT ( 'NONE',  ( 31.08354270291770050, 41.65928699750809727, 0.4999999999999761302 ) ) ;
#480 = FACE_OUTER_BOUND ( 'NONE', #915, .T. ) ;
#481 = ORIENTED_EDGE ( 'NONE', *, *, #2448, .F. ) ;
#482 = DIRECTION ( 'NONE',  ( 1.000000000000000000, 8.410780489584520404E-17, -0.000000000000000000 ) ) ;
#483 = EDGE_CURVE ( 'NONE', #1148, #3791, #210, .T. ) ;
#484 = EDGE_CURVE ( 'NONE', #3883, #4012, #1285, .T. ) ;
#485 = DIRECTION ( 'NONE',  ( -1.000000000000000000, 9.912705577010326782E-17, -0.000000000000000000 ) ) ;
#486 = CARTESIAN_POINT ( 'NONE',  ( 34.18354270291769836, 41.65928699750809727, 18.76812408671320398 ) ) ;
#487 = ORIENTED_EDGE ( 'NONE', *, *, #4402, .T. ) ;
#488 = DIRECTION ( 'NONE',  ( 1.000000000000000000, 0.000000000000000000, 0.000000000000000000 ) ) ;
#489 = LINE ( 'NONE', #3998, #1873 ) ;
#490 = ADVANCED_FACE ( 'NONE', ( #3408 ), #3684, .T. ) ;
#491 = DIRECTION ( 'NONE',  ( 0.000000000000000000, 0.000000000000000000, 1.000000000000000000 ) ) ;
#492 = CIRCLE ( 'NONE', #4126, 1.749999999999994671 ) ;
#493 = VECTOR ( 'NONE', #3756, 1000.000000000000227 ) ;
#494 = CIRCLE ( 'NONE', #3078, 3.599999999999992095 ) ;
#495 = EDGE_LOOP ( 'NONE', ( #4143, #2942, #4556, #3662 ) ) ;
#496 = AXIS2_PLACEMENT_3D ( 'NONE', #1965, #544, #4047 ) ;
#497 = VECTOR ( 'NONE', #3059, 1000.000000000000000 ) ;
#498 = VERTEX_POINT ( 'NONE', #3547 ) ;
#499 = VECTOR ( 'NONE', #1812, 1000.000000000000114 ) ;
#500 = DIRECTION ( 'NONE',  ( -0.000000000000000000, -0.000000000000000000, -1.000000000000000000 ) ) ;
#501 = DIRECTION ( 'NONE',  ( 1.000000000000000000, 0.000000000000000000, 0.000000000000000000 ) ) ;
#502 = AXIS2_PLACEMENT_3D ( 'NONE', #3366, #4391, #914 ) ;
#503 = AXIS2_PLACEMENT_3D ( 'NONE', #732, #361, #29 ) ;
#504 = AXIS2_PLACEMENT_3D ( 'NONE', #740, #839, #2534 ) ;
#505 = FACE_OUTER_BOUND ( 'NONE', #3463, .T. ) ;
#506 = EDGE_CURVE ( 'NONE', #4449, #7, #269, .T. ) ;
#507 = CIRCLE ( 'NONE', #3692, 1.749999999999999778 ) ;
#508 = ORIENTED_EDGE ( 'NONE', *, *, #3346, .T. ) ;
#509 = FACE_OUTER_BOUND ( 'NONE', #3148, .T. ) ;
#510 = CARTESIAN_POINT ( 'NONE',  ( -69.74999999999997158, -62.50000000000002842, 1.000000000000001554 ) ) ;
#511 = EDGE_LOOP ( 'NONE', ( #4579, #1522, #413, #3890 ) ) ;
#512 = CONICAL_SURFACE ( 'NONE', #3247, 2.600000000000019185, 0.7853981633974704835 ) ;
#513 = PLANE ( 'NONE',  #863 ) ;
#514 = CARTESIAN_POINT ( 'NONE',  ( 17.25928699750809869, -6.683542702917696587, 0.4999999999999726885 ) ) ;
#515 = ORIENTED_EDGE ( 'NONE', *, *, #4133, .F. ) ;
#516 = ADVANCED_FACE ( 'NONE', ( #2137 ), #4590, .F. ) ;
#517 = DIRECTION ( 'NONE',  ( 1.000000000000000000, 0.000000000000000000, 0.000000000000000000 ) ) ;
#518 = FACE_OUTER_BOUND ( 'NONE', #1762, .T. ) ;
#519 = VECTOR ( 'NONE', #2413, 999.9999999999998863 ) ;
#520 = CARTESIAN_POINT ( 'NONE',  ( 74.25000000000000000, -77.50000000000001421, 23.00000000000000000 ) ) ;
#521 = ORIENTED_EDGE ( 'NONE', *, *, #541, .F. ) ;
#522 = ORIENTED_EDGE ( 'NONE', *, *, #3615, .T. ) ;
#523 = CARTESIAN_POINT ( 'NONE',  ( -69.74999999999997158, -62.50000000000002842, 28.99999999999999645 ) ) ;
#524 = CARTESIAN_POINT ( 'NONE',  ( 74.25000000000001421, -77.50000000000001421, 6.999999999999995559 ) ) ;
#525 = CIRCLE ( 'NONE', #2384, 2.249999999999974243 ) ;
#526 = EDGE_LOOP ( 'NONE', ( #4306, #2441, #4434, #137, #2908 ) ) ;
#527 = CARTESIAN_POINT ( 'NONE',  ( -11.05928699750854172, -6.683542702917516287, 18.76812408671320398 ) ) ;
#528 = CARTESIAN_POINT ( 'NONE',  ( -66.75000000000002842, -77.50000000000001421, 6.999999999999995559 ) ) ;
#529 = ORIENTED_EDGE ( 'NONE', *, *, #1337, .F. ) ;
#530 = CONICAL_SURFACE ( 'NONE', #1647, 1.750000000000001554, 0.7853981633974423948 ) ;
#531 = AXIS2_PLACEMENT_3D ( 'NONE', #3858, #1748, #2073 ) ;
#532 = ADVANCED_FACE ( 'NONE', ( #2844 ), #712, .F. ) ;
#533 = CARTESIAN_POINT ( 'NONE',  ( 14.15928699750854847, 61.68354270291752073, 30.00000000000000000 ) ) ;
#534 = CARTESIAN_POINT ( 'NONE',  ( 74.75000000000001421, -77.50000000000001421, 9.599999999999985434 ) ) ;
#535 = ORIENTED_EDGE ( 'NONE', *, *, #842, .F. ) ;
#536 = FACE_OUTER_BOUND ( 'NONE', #3750, .T. ) ;
#537 = ORIENTED_EDGE ( 'NONE', *, *, #1887, .T. ) ;
#538 = PLANE ( 'NONE',  #2164 ) ;
#539 = CARTESIAN_POINT ( 'NONE',  ( 34.18354270291769836, 41.65928699750809727, 9.500000000000023093 ) ) ;
#540 = DIRECTION ( 'NONE',  ( -1.000000000000000000, -0.000000000000000000, -0.000000000000000000 ) ) ;
#541 = EDGE_CURVE ( 'NONE', #3553, #2135, #1086, .T. ) ;
#542 = EDGE_CURVE ( 'NONE', #1178, #1759, #4273, .T. ) ;
#543 = DIRECTION ( 'NONE',  ( -0.000000000000000000, -0.000000000000000000, -1.000000000000000000 ) ) ;
#544 = DIRECTION ( 'NONE',  ( 0.000000000000000000, 0.000000000000000000, 1.000000000000000000 ) ) ;
#545 = EDGE_CURVE ( 'NONE', #2207, #2962, #2284, .T. ) ;
#546 = DIRECTION ( 'NONE',  ( 1.000000000000000000, 0.000000000000000000, 0.000000000000000000 ) ) ;
#547 = EDGE_LOOP ( 'NONE', ( #477, #656, #1319, #3927 ) ) ;
#548 = ORIENTED_EDGE ( 'NONE', *, *, #2398, .F. ) ;
#549 = EDGE_CURVE ( 'NONE', #2841, #1478, #2860, .T. ) ;
#550 = LINE ( 'NONE', #4519, #2941 ) ;
#551 = CARTESIAN_POINT ( 'NONE',  ( -68.74999999999997158, -52.60833081536778622, 0.000000000000000000 ) ) ;
#552 = DIRECTION ( 'NONE',  ( 0.7071067811865500152, 4.779651140343303652E-15, 0.7071067811865450192 ) ) ;
#553 = ORIENTED_EDGE ( 'NONE', *, *, #2836, .T. ) ;
#554 = DIRECTION ( 'NONE',  ( -0.7071067811865500152, 8.659560562354962440E-17, 0.7071067811865451302 ) ) ;
#555 = DIRECTION ( 'NONE',  ( 0.7071067811865597852, 8.659560562355083235E-17, -0.7071067811865352493 ) ) ;
#556 = EDGE_CURVE ( 'NONE', #4218, #2089, #276, .T. ) ;
#557 = DIRECTION ( 'NONE',  ( 1.000000000000000000, 0.000000000000000000, 0.000000000000000000 ) ) ;
#558 = CYLINDRICAL_SURFACE ( 'NONE', #747, 1.749999999999996447 ) ;
#559 = EDGE_CURVE ( 'NONE', #7, #2885, #648, .T. ) ;
#560 = DIRECTION ( 'NONE',  ( 0.000000000000000000, -0.000000000000000000, -1.000000000000000000 ) ) ;
#561 = DIRECTION ( 'NONE',  ( 0.2141484772416570037, 0.9768011208506465204, 0.000000000000000000 ) ) ;
#562 = ORIENTED_EDGE ( 'NONE', *, *, #3623, .F. ) ;
#563 = CARTESIAN_POINT ( 'NONE',  ( 74.25000000000000000, -77.50000000000001421, 25.10000000000000142 ) ) ;
#564 = ADVANCED_FACE ( 'NONE', ( #4247 ), #197, .F. ) ;
#565 = VECTOR ( 'NONE', #1885, 999.9999999999998863 ) ;
#566 = CARTESIAN_POINT ( 'NONE',  ( 0.000000000000000000, 0.000000000000000000, 4.000000000000000000 ) ) ;
#567 = AXIS2_PLACEMENT_3D ( 'NONE', #2138, #2846, #1090 ) ;
#568 = AXIS2_PLACEMENT_3D ( 'NONE', #2577, #3641, #464 ) ;
#569 = EDGE_LOOP ( 'NONE', ( #3564, #3118, #1517, #2301 ) ) ;
#570 = CARTESIAN_POINT ( 'NONE',  ( 3.081487911019577365E-30, 27.50000000000000355, 0.000000000000000000 ) ) ;
#571 = VECTOR ( 'NONE', #500, 1000.000000000000000 ) ;
#572 = CIRCLE ( 'NONE', #1167, 2.249999999999974243 ) ;
#573 = ORIENTED_EDGE ( 'NONE', *, *, #1860, .T. ) ;
#574 = CARTESIAN_POINT ( 'NONE',  ( -11.90928699750857511, -6.683542702917516287, 10.00000000000000000 ) ) ;
#575 = CONICAL_SURFACE ( 'NONE', #2437, 2.600000000000019185, 0.7853981633974704835 ) ;
#576 = AXIS2_PLACEMENT_3D ( 'NONE', #1890, #3295, #114 ) ;
#577 = CARTESIAN_POINT ( 'NONE',  ( -29.90557280899984960, 14.95278640450000651, 0.000000000000000000 ) ) ;
#578 = ORIENTED_EDGE ( 'NONE', *, *, #3116, .F. ) ;
#579 = CARTESIAN_POINT ( 'NONE',  ( -34.18354270291752783, 41.65928699750855202, 0.4999999999999796274 ) ) ;
#580 = EDGE_CURVE ( 'NONE', #4103, #4287, #4426, .T. ) ;
#581 = CONICAL_SURFACE ( 'NONE', #3172, 2.100000000000000977, 0.7853981633974239651 ) ;
#582 = PLANE ( 'NONE',  #2498 ) ;
#583 = CARTESIAN_POINT ( 'NONE',  ( 34.18354270291752073, 13.34071300249146219, 0.4999999999999761302 ) ) ;
#584 = CIRCLE ( 'NONE', #2515, 2.100000000000000977 ) ;
#585 = DIRECTION ( 'NONE',  ( 1.000000000000000000, 0.000000000000000000, 0.000000000000000000 ) ) ;
#586 = CARTESIAN_POINT ( 'NONE',  ( 73.75000000000001421, -81.50000000000000000, 30.00000000000000000 ) ) ;
#587 = ADVANCED_FACE ( 'NONE', ( #4528 ), #1398, .F. ) ;
#588 = ORIENTED_EDGE ( 'NONE', *, *, #792, .T. ) ;
#589 = CARTESIAN_POINT ( 'NONE',  ( -14.15928699750854491, -6.683542702917516287, 0.4999999999999726885 ) ) ;
#590 = CARTESIAN_POINT ( 'NONE',  ( -14.15928699750810082, 61.68354270291770547, 10.00000000000000000 ) ) ;
#591 = EDGE_CURVE ( 'NONE', #4371, #2744, #3761, .T. ) ;
#592 = EDGE_LOOP ( 'NONE', ( #4191, #3543, #2750, #3047 ) ) ;
#593 = CARTESIAN_POINT ( 'NONE',  ( 11.90928699750855024, 61.68354270291752073, 10.00000000000000000 ) ) ;
#594 = ORIENTED_EDGE ( 'NONE', *, *, #1655, .T. ) ;
#595 = CIRCLE ( 'NONE', #741, 2.100000000000000977 ) ;
#596 = EDGE_LOOP ( 'NONE', ( #4584, #1818, #3255, #3041 ) ) ;
#597 = CARTESIAN_POINT ( 'NONE',  ( -34.18354270291769836, 13.34071300249190273, 9.500000000000023093 ) ) ;
#598 = CIRCLE ( 'NONE', #1341, 2.100000000000004530 ) ;
#599 = LINE ( 'NONE', #577, #422 ) ;
#600 = ORIENTED_EDGE ( 'NONE', *, *, #711, .F. ) ;
#601 = CARTESIAN_POINT ( 'NONE',  ( -74.74999999999998579, -81.50000000000000000, 1.000000000000000888 ) ) ;
#602 = ADVANCED_FACE ( 'NONE', ( #299 ), #2043, .F. ) ;
#603 = VECTOR ( 'NONE', #962, 1000.000000000000000 ) ;
#604 = DIRECTION ( 'NONE',  ( 1.000000000000000000, 0.000000000000000000, 0.000000000000000000 ) ) ;
#605 = FACE_OUTER_BOUND ( 'NONE', #3745, .T. ) ;
#606 = CARTESIAN_POINT ( 'NONE',  ( -32.43354270291769836, 13.34071300249190273, 4.499999999999976019 ) ) ;
#608 = AXIS2_PLACEMENT_3D ( 'NONE', #2737, #1284, #3057 ) ;
#607 = LINE ( 'NONE', #2781, #96 ) ;
#609 = DIRECTION ( 'NONE',  ( -0.000000000000000000, -0.000000000000000000, 1.000000000000000000 ) ) ;
#610 = ORIENTED_EDGE ( 'NONE', *, *, #3253, .F. ) ;
#611 = DIRECTION ( 'NONE',  ( 0.7071067811865389130, 8.659560562354828088E-17, -0.7071067811865561215 ) ) ;
#612 = LINE ( 'NONE', #170, #3092 ) ;
#613 = ORIENTED_EDGE ( 'NONE', *, *, #3722, .T. ) ;
#614 = EDGE_CURVE ( 'NONE', #2155, #4223, #572, .T. ) ;
#615 = EDGE_LOOP ( 'NONE', ( #4262, #1492 ) ) ;
#616 = EDGE_CURVE ( 'NONE', #2105, #996, #1764, .T. ) ;
#617 = ORIENTED_EDGE ( 'NONE', *, *, #2007, .T. ) ;
#618 = DIRECTION ( 'NONE',  ( 1.000000000000000000, 0.000000000000000000, 0.000000000000000000 ) ) ;
#619 = CARTESIAN_POINT ( 'NONE',  ( -14.15928699750810082, 61.68354270291770547, 18.76812408671320398 ) ) ;
#620 = ORIENTED_EDGE ( 'NONE', *, *, #2807, .F. ) ;
#621 = EDGE_CURVE ( 'NONE', #3990, #3541, #1470, .T. ) ;
#622 = DIRECTION ( 'NONE',  ( 1.000000000000000000, 0.000000000000000000, 0.000000000000000000 ) ) ;
#623 = EDGE_CURVE ( 'NONE', #195, #4223, #3499, .T. ) ;
#624 = ORIENTED_EDGE ( 'NONE', *, *, #1974, .F. ) ;
#625 = CARTESIAN_POINT ( 'NONE',  ( 41.00000000000000000, 27.50000000000000355, 28.99999999999997158 ) ) ;
#626 = DIRECTION ( 'NONE',  ( -1.000000000000000000, 0.000000000000000000, 0.000000000000000000 ) ) ;
#627 = CARTESIAN_POINT ( 'NONE',  ( -66.75000000000002842, -79.60000000000002274, 23.00000000000000000 ) ) ;
#628 = FACE_OUTER_BOUND ( 'NONE', #3139, .T. ) ;
#629 = CARTESIAN_POINT ( 'NONE',  ( -11.05928699750809585, 61.68354270291770547, 0.4999999999999726885 ) ) ;
#630 = CARTESIAN_POINT ( 'NONE',  ( 37.28354270291769978, 41.65928699750809727, 0.4999999999999761302 ) ) ;
#631 = ORIENTED_EDGE ( 'NONE', *, *, #1849, .F. ) ;
#632 = ORIENTED_EDGE ( 'NONE', *, *, #221, .T. ) ;
#633 = DIRECTION ( 'NONE',  ( -0.000000000000000000, -0.000000000000000000, 1.000000000000000000 ) ) ;
#634 = VECTOR ( 'NONE', #2512, 1000.000000000000000 ) ;
#635 = EDGE_CURVE ( 'NONE', #3541, #3990, #2361, .T. ) ;
#636 = AXIS2_PLACEMENT_3D ( 'NONE', #809, #835, #2622 ) ;
#637 = ORIENTED_EDGE ( 'NONE', *, *, #50, .F. ) ;
#638 = CARTESIAN_POINT ( 'NONE',  ( -14.15928699750810082, 61.68354270291770547, 9.500000000000023093 ) ) ;
#639 = DIRECTION ( 'NONE',  ( 0.000000000000000000, -0.000000000000000000, -1.000000000000000000 ) ) ;
#640 = ORIENTED_EDGE ( 'NONE', *, *, #3109, .T. ) ;
#641 = VECTOR ( 'NONE', #3673, 1000.000000000000000 ) ;
#642 = AXIS2_PLACEMENT_3D ( 'NONE', #1701, #1067, #2806 ) ;
#643 = DIRECTION ( 'NONE',  ( 0.000000000000000000, 0.000000000000000000, -1.000000000000000000 ) ) ;
#644 = ORIENTED_EDGE ( 'NONE', *, *, #2126, .T. ) ;
#645 = CONICAL_SURFACE ( 'NONE', #203, 3.099999999999998757, 0.7853981633974657095 ) ;
#646 = EDGE_CURVE ( 'NONE', #1323, #4113, #4503, .T. ) ;
#647 = DIRECTION ( 'NONE',  ( 0.000000000000000000, -0.000000000000000000, -1.000000000000000000 ) ) ;
#648 = LINE ( 'NONE', #3518, #2055 ) ;
#649 = DIRECTION ( 'NONE',  ( 0.7071067811865434649, 8.659560562354883554E-17, -0.7071067811865516806 ) ) ;
#650 = DIRECTION ( 'NONE',  ( 8.410780489584520404E-17, -1.000000000000000000, 0.000000000000000000 ) ) ;
#651 = CARTESIAN_POINT ( 'NONE',  ( 14.15928699750809727, -6.683542702917696587, 4.499999999999983125 ) ) ;
#652 = AXIS2_PLACEMENT_3D ( 'NONE', #3304, #1643, #3732 ) ;
#653 = DIRECTION ( 'NONE',  ( 0.7071067811865475727, 0.7071067811865475727, 0.000000000000000000 ) ) ;
#654 = ORIENTED_EDGE ( 'NONE', *, *, #781, .F. ) ;
#655 = FACE_OUTER_BOUND ( 'NONE', #3087, .T. ) ;
#656 = ORIENTED_EDGE ( 'NONE', *, *, #1779, .T. ) ;
#657 = ORIENTED_EDGE ( 'NONE', *, *, #886, .F. ) ;
#658 = SURFACE_STYLE_FILL_AREA ( #1059 ) ;
#659 = ORIENTED_EDGE ( 'NONE', *, *, #2858, .F. ) ;
#660 = CARTESIAN_POINT ( 'NONE',  ( -74.25000000000005684, -79.60000000000002274, 6.999999999999995559 ) ) ;
#661 = CARTESIAN_POINT ( 'NONE',  ( 68.75000000000000000, -52.60833081536777200, 0.000000000000000000 ) ) ;
#662 = ORIENTED_EDGE ( 'NONE', *, *, #735, .T. ) ;
#663 = EDGE_CURVE ( 'NONE', #4467, #2155, #442, .T. ) ;
#664 = LINE ( 'NONE', #3074, #1430 ) ;
#665 = EDGE_CURVE ( 'NONE', #3062, #3193, #2132, .T. ) ;
#666 = ORIENTED_EDGE ( 'NONE', *, *, #4402, .F. ) ;
#667 = CIRCLE ( 'NONE', #1116, 2.599999999999991207 ) ;
#668 = ORIENTED_EDGE ( 'NONE', *, *, #2881, .F. ) ;
#669 = CARTESIAN_POINT ( 'NONE',  ( 14.15928699750809727, -6.683542702917696587, 0.000000000000000000 ) ) ;
#670 = DIRECTION ( 'NONE',  ( 0.7071067811865434649, 8.659560562354883554E-17, -0.7071067811865516806 ) ) ;
#671 = CARTESIAN_POINT ( 'NONE',  ( 36.43354270291766994, 41.65928699750809727, 10.00000000000000000 ) ) ;
#672 = DIRECTION ( 'NONE',  ( 0.000000000000000000, -0.7071067811865474617, -0.7071067811865474617 ) ) ;
#673 = AXIS2_PLACEMENT_3D ( 'NONE', #38, #2809, #3252 ) ;
#674 = FACE_BOUND ( 'NONE', #457, .T. ) ;
#675 = CIRCLE ( 'NONE', #1650, 2.100000000000004530 ) ;
#676 = ORIENTED_EDGE ( 'NONE', *, *, #2186, .T. ) ;
#677 = CARTESIAN_POINT ( 'NONE',  ( 1.540743955509788682E-30, 27.50000000000000355, 28.99999999999997158 ) ) ;
#678 = ADVANCED_FACE ( 'NONE', ( #3320 ), #4576, .F. ) ;
#679 = EDGE_CURVE ( 'NONE', #2962, #3487, #1113, .T. ) ;
#680 = CONICAL_SURFACE ( 'NONE', #90, 2.100000000000004530, 0.7853981633974331800 ) ;
#681 = VERTEX_POINT ( 'NONE', #68 ) ;
#682 = ORIENTED_EDGE ( 'NONE', *, *, #724, .F. ) ;
#683 = AXIS2_PLACEMENT_3D ( 'NONE', #3111, #3453, #2046 ) ;
#684 = EDGE_LOOP ( 'NONE', ( #2630, #2593, #6, #481 ) ) ;
#685 = FACE_OUTER_BOUND ( 'NONE', #2612, .T. ) ;
#686 = ORIENTED_EDGE ( 'NONE', *, *, #2171, .F. ) ;
#687 = DIRECTION ( 'NONE',  ( 1.000000000000000000, 0.000000000000000000, 0.000000000000000000 ) ) ;
#688 = ORIENTED_EDGE ( 'NONE', *, *, #1484, .T. ) ;
#689 = ORIENTED_EDGE ( 'NONE', *, *, #3615, .F. ) ;
#690 = DIRECTION ( 'NONE',  ( 1.000000000000000000, 0.000000000000000000, 0.000000000000000000 ) ) ;
#691 = CARTESIAN_POINT ( 'NONE',  ( 15.90928699750809905, -6.683542702917696587, 4.499999999999983125 ) ) ;
#692 = DIRECTION ( 'NONE',  ( -0.000000000000000000, -0.000000000000000000, -1.000000000000000000 ) ) ;
#693 = CARTESIAN_POINT ( 'NONE',  ( -74.25000000000005684, -77.50000000000001421, 4.899999999999991473 ) ) ;
#694 = EDGE_CURVE ( 'NONE', #1148, #2103, #3611, .T. ) ;
#695 = DIRECTION ( 'NONE',  ( 0.2141484772416571425, -0.9768011208506465204, 0.000000000000000000 ) ) ;
#696 = DIRECTION ( 'NONE',  ( -0.000000000000000000, -0.000000000000000000, -1.000000000000000000 ) ) ;
#697 = ORIENTED_EDGE ( 'NONE', *, *, #2385, .T. ) ;
#698 = EDGE_CURVE ( 'NONE', #286, #1806, #2504, .T. ) ;
#699 = ORIENTED_EDGE ( 'NONE', *, *, #1299, .F. ) ;
#700 = CARTESIAN_POINT ( 'NONE',  ( 69.75000000000000000, -52.50000000000001421, 1.000000000000000888 ) ) ;
#701 = ORIENTED_EDGE ( 'NONE', *, *, #621, .T. ) ;
#702 = CARTESIAN_POINT ( 'NONE',  ( -15.90928699750810260, 61.68354270291770547, 30.00000000000000000 ) ) ;
#703 = CONICAL_SURFACE ( 'NONE', #2426, 1.749999999999999778, 0.7853981633974423948 ) ;
#704 = ORIENTED_EDGE ( 'NONE', *, *, #4456, .F. ) ;
#705 = AXIS2_PLACEMENT_3D ( 'NONE', #2124, #633, #287 ) ;
#706 = CARTESIAN_POINT ( 'NONE',  ( -69.74999999999997158, -52.50000000000002842, 28.99999999999999645 ) ) ;
#707 = AXIS2_PLACEMENT_3D ( 'NONE', #3517, #3546, #4588 ) ;
#708 = ORIENTED_EDGE ( 'NONE', *, *, #3174, .T. ) ;
#709 = ORIENTED_EDGE ( 'NONE', *, *, #3908, .F. ) ;
#710 = VECTOR ( 'NONE', #2224, 1000.000000000000000 ) ;
#711 = EDGE_CURVE ( 'NONE', #4113, #1315, #138, .T. ) ;
#712 = CONICAL_SURFACE ( 'NONE', #3602, 2.599999999999935696, 0.7853981633974471688 ) ;
#713 = FACE_OUTER_BOUND ( 'NONE', #3434, .T. ) ;
#714 = CONICAL_SURFACE ( 'NONE', #3084, 1.749999999999996447, 0.7853981633974425058 ) ;
#715 = CARTESIAN_POINT ( 'NONE',  ( -34.18354270291752783, 41.65928699750855202, 4.000000000000000000 ) ) ;
#716 = CARTESIAN_POINT ( 'NONE',  ( 74.75000000000002842, -72.50000000000000000, 0.000000000000000000 ) ) ;
#717 = FACE_OUTER_BOUND ( 'NONE', #2723, .T. ) ;
#718 = CONICAL_SURFACE ( 'NONE', #3839, 2.100000000000004530, 0.7853981633974331800 ) ;
#719 = VECTOR ( 'NONE', #1569, 1000.000000000000000 ) ;
#720 = AXIS2_PLACEMENT_3D ( 'NONE', #1567, #2670, #1651 ) ;
#721 = CARTESIAN_POINT ( 'NONE',  ( -24.74999999999996803, 27.50000000000000355, 0.000000000000000000 ) ) ;
#722 = VECTOR ( 'NONE', #84, 1000.000000000000000 ) ;
#723 = DIRECTION ( 'NONE',  ( 0.000000000000000000, 0.000000000000000000, 1.000000000000000000 ) ) ;
#724 = EDGE_CURVE ( 'NONE', #4008, #1582, #1466, .T. ) ;
#725 = EDGE_LOOP ( 'NONE', ( #2340, #1911, #3096, #3651 ) ) ;
#726 = DIRECTION ( 'NONE',  ( 9.570888143320314409E-17, -1.000000000000000000, 0.000000000000000000 ) ) ;
#727 = ORIENTED_EDGE ( 'NONE', *, *, #1121, .F. ) ;
#728 = SURFACE_SIDE_STYLE ('',( #658 ) ) ;
#729 = VECTOR ( 'NONE', #2693, 1000.000000000000114 ) ;
#730 = ADVANCED_FACE ( 'NONE', ( #2210 ), #2604, .T. ) ;
#731 = ORIENTED_EDGE ( 'NONE', *, *, #2465, .F. ) ;
#732 = CARTESIAN_POINT ( 'NONE',  ( 33.74999999999999289, -42.50000000000000000, 22.00000000000000000 ) ) ;
#733 = ORIENTED_EDGE ( 'NONE', *, *, #4510, .T. ) ;
#734 = CARTESIAN_POINT ( 'NONE',  ( -36.43354270291749941, 41.65928699750855202, 4.000000000000000000 ) ) ;
#735 = EDGE_CURVE ( 'NONE', #92, #1898, #2439, .T. ) ;
#736 = ORIENTED_EDGE ( 'NONE', *, *, #402, .F. ) ;
#737 = ADVANCED_FACE ( 'NONE', ( #1543 ), #798, .F. ) ;
#738 = ORIENTED_EDGE ( 'NONE', *, *, #2119, .F. ) ;
#739 = DIRECTION ( 'NONE',  ( 0.000000000000000000, 0.000000000000000000, -1.000000000000000000 ) ) ;
#740 = CARTESIAN_POINT ( 'NONE',  ( -14.15928699750854491, -6.683542702917516287, 4.000000000000000000 ) ) ;
#741 = AXIS2_PLACEMENT_3D ( 'NONE', #1740, #2817, #4241 ) ;
#742 = DIRECTION ( 'NONE',  ( -0.000000000000000000, -0.000000000000000000, -1.000000000000000000 ) ) ;
#743 = AXIS2_PLACEMENT_3D ( 'NONE', #2427, #653, #2514 ) ;
#744 = VECTOR ( 'NONE', #2022, 1000.000000000000114 ) ;
#745 = FACE_OUTER_BOUND ( 'NONE', #3748, .T. ) ;
#746 = ADVANCED_FACE ( 'NONE', ( #1156 ), #2580, .F. ) ;
#747 = AXIS2_PLACEMENT_3D ( 'NONE', #3079, #3762, #4506 ) ;
#749 = AXIS2_PLACEMENT_3D ( 'NONE', #1900, #3303, #125 ) ;
#748 = LINE ( 'NONE', #2165, #1469 ) ;
#750 = AXIS2_PLACEMENT_3D ( 'NONE', #3129, #3471, #1349 ) ;
#751 = ORIENTED_EDGE ( 'NONE', *, *, #3648, .F. ) ;
#752 = CARTESIAN_POINT ( 'NONE',  ( 15.90928699750809905, -6.683542702917696587, 9.499999999999991118 ) ) ;
#753 = VERTEX_POINT ( 'NONE', #4318 ) ;
#754 = DIRECTION ( 'NONE',  ( 0.000000000000000000, 0.000000000000000000, 1.000000000000000000 ) ) ;
#755 = VECTOR ( 'NONE', #4307, 1000.000000000000000 ) ;
#756 = ADVANCED_FACE ( 'NONE', ( #3618 ), #1985, .F. ) ;
#757 = ORIENTED_EDGE ( 'NONE', *, *, #1027, .T. ) ;
#758 = CARTESIAN_POINT ( 'NONE',  ( 30.58354270291770760, 41.65928699750809727, 0.000000000000000000 ) ) ;
#759 = EDGE_CURVE ( 'NONE', #2744, #3964, #3588, .T. ) ;
#760 = VERTEX_POINT ( 'NONE', #3569 ) ;
#761 = DIRECTION ( 'NONE',  ( 0.000000000000000000, 0.000000000000000000, -1.000000000000000000 ) ) ;
#762 = ORIENTED_EDGE ( 'NONE', *, *, #4035, .F. ) ;
#763 = EDGE_CURVE ( 'NONE', #2111, #1478, #2556, .T. ) ;
#764 = CARTESIAN_POINT ( 'NONE',  ( 14.15928699750854847, 61.68354270291752073, 4.499999999999983125 ) ) ;
#765 = VERTEX_POINT ( 'NONE', #466 ) ;
#766 = EDGE_CURVE ( 'NONE', #1282, #4381, #2583, .T. ) ;
#767 = DIRECTION ( 'NONE',  ( 1.000000000000000000, 0.000000000000000000, 0.000000000000000000 ) ) ;
#768 = ORIENTED_EDGE ( 'NONE', *, *, #3875, .F. ) ;
#769 = DIRECTION ( 'NONE',  ( 0.000000000000000000, 0.000000000000000000, -1.000000000000000000 ) ) ;
#770 = CARTESIAN_POINT ( 'NONE',  ( 74.75000000000001421, -77.50000000000001421, 6.999999999999995559 ) ) ;
#771 = CARTESIAN_POINT ( 'NONE',  ( -32.43354270291769836, 13.34071300249190273, 30.00000000000000000 ) ) ;
#772 = VERTEX_POINT ( 'NONE', #4366 ) ;
#773 = LINE ( 'NONE', #4150, #60 ) ;
#774 = EDGE_LOOP ( 'NONE', ( #3469, #942, #2703, #3094 ) ) ;
#775 = FACE_OUTER_BOUND ( 'NONE', #1061, .T. ) ;
#776 = FACE_BOUND ( 'NONE', #1664, .T. ) ;
#777 = ORIENTED_EDGE ( 'NONE', *, *, #1237, .T. ) ;
#778 = CARTESIAN_POINT ( 'NONE',  ( 1.540743955509788682E-30, 27.50000000000000355, 28.99999999999997158 ) ) ;
#779 = CARTESIAN_POINT ( 'NONE',  ( 32.43354270291752073, 13.34071300249146219, 4.499999999999976019 ) ) ;
#780 = ORIENTED_EDGE ( 'NONE', *, *, #1880, .F. ) ;
#781 = EDGE_CURVE ( 'NONE', #1759, #437, #2060, .T. ) ;
#782 = CARTESIAN_POINT ( 'NONE',  ( 54.59251903898037739, 11.96856204546817892, 0.000000000000000000 ) ) ;
#783 = ORIENTED_EDGE ( 'NONE', *, *, #483, .T. ) ;
#784 = DIRECTION ( 'NONE',  ( -1.000000000000000000, 0.000000000000000000, 0.000000000000000000 ) ) ;
#785 = ORIENTED_EDGE ( 'NONE', *, *, #3591, .F. ) ;
#786 = CARTESIAN_POINT ( 'NONE',  ( 23.75000000000000355, 27.50000000000000355, 0.000000000000000000 ) ) ;
#787 = ORIENTED_EDGE ( 'NONE', *, *, #450, .F. ) ;
#788 = CIRCLE ( 'NONE', #1544, 1.750000000000001554 ) ;
#789 = CARTESIAN_POINT ( 'NONE',  ( -74.74999999999998579, -82.50000000000000000, 30.00000000000000000 ) ) ;
#790 = CARTESIAN_POINT ( 'NONE',  ( 14.15928699750854847, 61.68354270291752073, 9.499999999999987566 ) ) ;
#791 = AXIS2_PLACEMENT_3D ( 'NONE', #789, #69, #94 ) ;
#792 = EDGE_CURVE ( 'NONE', #1287, #382, #1263, .T. ) ;
#793 = CONICAL_SURFACE ( 'NONE', #1980, 1.750000000000001554, 0.7853981633974423948 ) ;
#794 = CARTESIAN_POINT ( 'NONE',  ( 73.75000000000001421, -81.50000000000000000, 30.00000000000000355 ) ) ;
#795 = CIRCLE ( 'NONE', #1763, 2.600000000000019185 ) ;
#796 = AXIS2_PLACEMENT_3D ( 'NONE', #1377, #3133, #1406 ) ;
#797 = ORIENTED_EDGE ( 'NONE', *, *, #2306, .F. ) ;
#798 = CONICAL_SURFACE ( 'NONE', #3988, 1.750000000000001554, 0.7853981633974423948 ) ;
#799 = DIRECTION ( 'NONE',  ( -0.000000000000000000, -0.000000000000000000, 1.000000000000000000 ) ) ;
#800 = ORIENTED_EDGE ( 'NONE', *, *, #1165, .T. ) ;
#801 = DIRECTION ( 'NONE',  ( -1.000000000000000000, 0.000000000000000000, 0.000000000000000000 ) ) ;
#802 = CARTESIAN_POINT ( 'NONE',  ( -35.93354270291770547, 13.34071300249190273, 9.500000000000023093 ) ) ;
#803 = VECTOR ( 'NONE', #3350, 1000.000000000000114 ) ;
#804 = DIRECTION ( 'NONE',  ( 0.000000000000000000, 0.000000000000000000, -1.000000000000000000 ) ) ;
#805 = EDGE_LOOP ( 'NONE', ( #3619, #3130, #3308, #292 ) ) ;
#806 = CARTESIAN_POINT ( 'NONE',  ( 37.28354270291752215, 13.34071300249146219, 18.76812408671320398 ) ) ;
#807 = DIRECTION ( 'NONE',  ( -9.912705577010326782E-17, -1.000000000000000000, 0.000000000000000000 ) ) ;
#808 = ORIENTED_EDGE ( 'NONE', *, *, #2390, .F. ) ;
#809 = CARTESIAN_POINT ( 'NONE',  ( 1.540743955509788682E-30, 27.50000000000000355, 10.00000000000000888 ) ) ;
#810 = ORIENTED_EDGE ( 'NONE', *, *, #616, .T. ) ;
#811 = DIRECTION ( 'NONE',  ( -0.000000000000000000, -0.000000000000000000, 1.000000000000000000 ) ) ;
#812 = VERTEX_POINT ( 'NONE', #1972 ) ;
#813 = CARTESIAN_POINT ( 'NONE',  ( -14.15928699750854491, -6.683542702917516287, 9.500000000000023093 ) ) ;
#814 = CARTESIAN_POINT ( 'NONE',  ( 3.081487911019577365E-30, 27.50000000000000355, 0.000000000000000000 ) ) ;
#815 = CARTESIAN_POINT ( 'NONE',  ( 12.40928699750855024, 61.68354270291752073, 4.499999999999983125 ) ) ;
#816 = FACE_OUTER_BOUND ( 'NONE', #1962, .T. ) ;
#817 = DIRECTION ( 'NONE',  ( -0.000000000000000000, -0.000000000000000000, -1.000000000000000000 ) ) ;
#818 = CLOSED_SHELL ( 'NONE', ( #884, #4390, #3024, #4278, #888, #4111, #4015, #3146, #2488, #1935, #3658, #1896, #564, #23, #3929, #99, #3442, #142, #2538, #3342, #3695, #2972, #678, #381, #4102, #3508, #1099, #3206, #3421, #4060, #3199, #3971, #756, #1908, #3568, #3828, #1542, #1515, #933, #1230, #144, #3925, #4252, #2549, #968, #1940, #4044, #1626, #4351, #1416, #1141, #1060, #1029, #2219, #4025, #2629, #1500, #2870, #73, #3682, #1532, #3190, #4182, #4253, #447, #2476, #746, #1010, #3793, #516, #396, #1445, #2276, #824, #4188, #2528, #1618, #1697, #1305, #2118, #1752, #387, #3483, #2334, #847, #193, #3583, #3503, #2615, #1042, #2675, #3216, #2919, #3519, #2245, #3204, #730, #3278, #3426, #3075, #194, #4459, #1196, #532, #392, #3003, #2101, #4333, #1386, #4195, #4477, #424, #2743, #1575, #421, #249, #1809, #2353, #2769, #51, #2074, #737, #1735, #2661, #587, #2297, #2978, #903, #1189, #3731, #3900, #4513, #363, #1758, #1326, #1132, #3800, #2187, #1872, #240, #2403, #3672, #4229, #2805, #602, #3630, #63, #1565, #4340, #82, #1793, #3943, #2493, #1791, #3391, #1653, #4087, #890, #490, #3953, #3106, #2475, #2128, #3936, #44, #1033, #2014 ) ) ;
#819 = ORIENTED_EDGE ( 'NONE', *, *, #4133, .T. ) ;
#820 = AXIS2_PLACEMENT_3D ( 'NONE', #1850, #2591, #2170 ) ;
#821 = CARTESIAN_POINT ( 'NONE',  ( -49.81685716338298420, 38.42157233932451987, 28.99999999999999645 ) ) ;
#822 = CARTESIAN_POINT ( 'NONE',  ( 35.93354270291752073, 13.34071300249146219, 4.499999999999976019 ) ) ;
#823 = EDGE_CURVE ( 'NONE', #1177, #2777, #3768, .T. ) ;
#824 = ADVANCED_FACE ( 'NONE', ( #856 ), #2329, .F. ) ;
#825 = DIRECTION ( 'NONE',  ( 1.000000000000000000, 0.000000000000000000, 0.000000000000000000 ) ) ;
#826 = CIRCLE ( 'NONE', #1276, 24.74999999999996803 ) ;
#827 = CIRCLE ( 'NONE', #1871, 3.099999999999998757 ) ;
#828 = DIRECTION ( 'NONE',  ( -1.000000000000000000, 0.000000000000000000, 0.000000000000000000 ) ) ;
#829 = VERTEX_POINT ( 'NONE', #161 ) ;
#830 = ORIENTED_EDGE ( 'NONE', *, *, #886, .T. ) ;
#831 = CYLINDRICAL_SURFACE ( 'NONE', #1126, 3.099999999999991651 ) ;
#832 = DIRECTION ( 'NONE',  ( -0.000000000000000000, -0.000000000000000000, -1.000000000000000000 ) ) ;
#833 = ORIENTED_EDGE ( 'NONE', *, *, #235, .F. ) ;
#834 = CIRCLE ( 'NONE', #4095, 3.099999999999995204 ) ;
#835 = DIRECTION ( 'NONE',  ( 0.000000000000000000, -0.000000000000000000, -1.000000000000000000 ) ) ;
#836 = CARTESIAN_POINT ( 'NONE',  ( -66.75000000000002842, -77.50000000000001421, 23.00000000000000000 ) ) ;
#837 = DIRECTION ( 'NONE',  ( -1.000000000000000000, -0.000000000000000000, -0.000000000000000000 ) ) ;
#838 = EDGE_LOOP ( 'NONE', ( #2692, #399 ) ) ;
#839 = DIRECTION ( 'NONE',  ( 0.000000000000000000, -0.000000000000000000, -1.000000000000000000 ) ) ;
#840 = DIRECTION ( 'NONE',  ( 1.000000000000000000, 0.000000000000000000, 0.000000000000000000 ) ) ;
#841 =( NAMED_UNIT ( * ) SI_UNIT ( $, .STERADIAN. ) SOLID_ANGLE_UNIT ( ) );
#842 = EDGE_CURVE ( 'NONE', #1526, #829, #945, .T. ) ;
#843 = VERTEX_POINT ( 'NONE', #908 ) ;
#844 = DIRECTION ( 'NONE',  ( -0.000000000000000000, -0.000000000000000000, 1.000000000000000000 ) ) ;
#845 = CARTESIAN_POINT ( 'NONE',  ( -68.77319887914933361, -52.71414847724168595, 30.00000000000000000 ) ) ;
#846 = DIRECTION ( 'NONE',  ( 0.000000000000000000, 1.000000000000000000, 0.000000000000000000 ) ) ;
#847 = ADVANCED_FACE ( 'NONE', ( #536 ), #883, .F. ) ;
#848 = EDGE_LOOP ( 'NONE', ( #1652, #3824, #2790, #2108 ) ) ;
#849 = DIRECTION ( 'NONE',  ( -1.000000000000000000, 0.000000000000000000, 0.000000000000000000 ) ) ;
#850 = CARTESIAN_POINT ( 'NONE',  ( 31.08354270291752286, 13.34071300249146219, 18.76812408671320398 ) ) ;
#851 = ORIENTED_EDGE ( 'NONE', *, *, #2008, .T. ) ;
#852 = DIRECTION ( 'NONE',  ( -1.000000000000000000, 0.000000000000000000, 0.000000000000000000 ) ) ;
#853 = CIRCLE ( 'NONE', #3372, 1.749999999999999778 ) ;
#854 = LINE ( 'NONE', #224, #3231 ) ;
#855 = ORIENTED_EDGE ( 'NONE', *, *, #3908, .T. ) ;
#856 = FACE_OUTER_BOUND ( 'NONE', #1185, .T. ) ;
#857 = CARTESIAN_POINT ( 'NONE',  ( 31.93354270291754560, 13.34071300249146219, 4.000000000000000000 ) ) ;
#858 = CARTESIAN_POINT ( 'NONE',  ( -12.40928699750810082, 61.68354270291770547, 9.500000000000023093 ) ) ;
#859 = FACE_OUTER_BOUND ( 'NONE', #145, .T. ) ;
#860 = SHAPE_DEFINITION_REPRESENTATION ( #1901, #2269 ) ;
#861 = VECTOR ( 'NONE', #2903, 1000.000000000000114 ) ;
#862 = VECTOR ( 'NONE', #4453, 1000.000000000000114 ) ;
#863 = AXIS2_PLACEMENT_3D ( 'NONE', #3288, #4425, #110 ) ;
#864 = VERTEX_POINT ( 'NONE', #4068 ) ;
#865 = AXIS2_PLACEMENT_3D ( 'NONE', #4350, #4027, #2856 ) ;
#866 = EDGE_CURVE ( 'NONE', #1853, #4484, #3739, .T. ) ;
#867 = AXIS2_PLACEMENT_3D ( 'NONE', #3201, #3180, #1443 ) ;
#868 = ORIENTED_EDGE ( 'NONE', *, *, #4129, .T. ) ;
#869 = AXIS2_PLACEMENT_3D ( 'NONE', #982, #1002, #2093 ) ;
#870 = DIRECTION ( 'NONE',  ( -0.6907026964241125278, 0.1514258404383487244, 0.7071067811865475727 ) ) ;
#871 = FACE_BOUND ( 'NONE', #3333, .T. ) ;
#872 = DIRECTION ( 'NONE',  ( -0.000000000000000000, -0.000000000000000000, -1.000000000000000000 ) ) ;
#873 = AXIS2_PLACEMENT_3D ( 'NONE', #3332, #2567, #4332 ) ;
#874 = EDGE_LOOP ( 'NONE', ( #697, #3950, #1922, #2710 ) ) ;
#875 = DIRECTION ( 'NONE',  ( 9.570888143320314409E-17, -1.000000000000000000, 0.000000000000000000 ) ) ;
#876 = DIRECTION ( 'NONE',  ( -1.000000000000000000, 0.000000000000000000, 0.000000000000000000 ) ) ;
#877 = ORIENTED_EDGE ( 'NONE', *, *, #1163, .T. ) ;
#878 = AXIS2_PLACEMENT_3D ( 'NONE', #1335, #4099, #2028 ) ;
#879 = EDGE_CURVE ( 'NONE', #1898, #3883, #3716, .T. ) ;
#880 = CARTESIAN_POINT ( 'NONE',  ( 12.40928699750855202, 61.68354270291752073, 4.499999999999983125 ) ) ;
#881 = FACE_OUTER_BOUND ( 'NONE', #2181, .T. ) ;
#882 = VERTEX_POINT ( 'NONE', #179 ) ;
#883 = CYLINDRICAL_SURFACE ( 'NONE', #349, 3.100000000000001865 ) ;
#884 = ADVANCED_FACE ( 'NONE', ( #3382 ), #2795, .F. ) ;
#885 = ORIENTED_EDGE ( 'NONE', *, *, #4463, .F. ) ;
#886 = EDGE_CURVE ( 'NONE', #1023, #4497, #2227, .T. ) ;
#887 = FACE_OUTER_BOUND ( 'NONE', #2278, .T. ) ;
#888 = ADVANCED_FACE ( 'NONE', ( #505 ), #1317, .F. ) ;
#889 = VECTOR ( 'NONE', #4495, 1000.000000000000114 ) ;
#890 = ADVANCED_FACE ( 'NONE', ( #2914 ), #433, .T. ) ;
#891 = DIRECTION ( 'NONE',  ( 0.000000000000000000, 0.000000000000000000, 1.000000000000000000 ) ) ;
#892 = DIRECTION ( 'NONE',  ( 0.000000000000000000, 0.000000000000000000, 1.000000000000000000 ) ) ;
#893 = FACE_OUTER_BOUND ( 'NONE', #4464, .T. ) ;
#894 = ORIENTED_EDGE ( 'NONE', *, *, #792, .F. ) ;
#895 = EDGE_LOOP ( 'NONE', ( #30, #4565, #1528, #4301, #1599, #222, #3505, #439, #362, #4244 ) ) ;
#896 = DIRECTION ( 'NONE',  ( 0.000000000000000000, 0.000000000000000000, 1.000000000000000000 ) ) ;
#897 = AXIS2_PLACEMENT_3D ( 'NONE', #3223, #3755, #1628 ) ;
#898 = FACE_OUTER_BOUND ( 'NONE', #2730, .T. ) ;
#899 = EDGE_LOOP ( 'NONE', ( #578, #153, #328, #4019 ) ) ;
#900 = CARTESIAN_POINT ( 'NONE',  ( -66.75000000000002842, -77.50000000000001421, 23.00000000000000000 ) ) ;
#901 = ORIENTED_EDGE ( 'NONE', *, *, #2007, .F. ) ;
#902 = VECTOR ( 'NONE', #3386, 1000.000000000000114 ) ;
#903 = ADVANCED_FACE ( 'NONE', ( #2268 ), #645, .F. ) ;
#904 = LINE ( 'NONE', #2325, #2734 ) ;
#905 = AXIS2_PLACEMENT_3D ( 'NONE', #2162, #370, #3203 ) ;
#906 = CARTESIAN_POINT ( 'NONE',  ( -74.74999999999998579, -77.50000000000001421, 20.40000000000006253 ) ) ;
#907 = VERTEX_POINT ( 'NONE', #2634 ) ;
#908 = CARTESIAN_POINT ( 'NONE',  ( 74.25000000000001421, -79.60000000000002274, 6.999999999999995559 ) ) ;
#909 = LINE ( 'NONE', #2626, #1055 ) ;
#910 = VECTOR ( 'NONE', #649, 999.9999999999998863 ) ;
#911 = EDGE_CURVE ( 'NONE', #3915, #2930, #3840, .T. ) ;
#912 = LINE ( 'NONE', #1300, #902 ) ;
#913 = CARTESIAN_POINT ( 'NONE',  ( -31.65000000000001279, -42.49999999999999289, 22.00000000000000000 ) ) ;
#914 = DIRECTION ( 'NONE',  ( -1.000000000000000000, 0.000000000000000000, 0.000000000000000000 ) ) ;
#915 = EDGE_LOOP ( 'NONE', ( #4299, #2925 ) ) ;
#916 = DIRECTION ( 'NONE',  ( 1.000000000000000000, 0.000000000000000000, 0.000000000000000000 ) ) ;
#917 = DIRECTION ( 'NONE',  ( -0.000000000000000000, -0.000000000000000000, -1.000000000000000000 ) ) ;
#918 = VERTEX_POINT ( 'NONE', #1531 ) ;
#919 = LINE ( 'NONE', #3119, #188 ) ;
#920 = ORIENTED_EDGE ( 'NONE', *, *, #3109, .F. ) ;
#921 = DIRECTION ( 'NONE',  ( 0.000000000000000000, 0.000000000000000000, 1.000000000000000000 ) ) ;
#922 = FACE_BOUND ( 'NONE', #4501, .T. ) ;
#923 = ORIENTED_EDGE ( 'NONE', *, *, #50, .T. ) ;
#924 = CARTESIAN_POINT ( 'NONE',  ( -15.90928699750854669, -6.683542702917516287, 4.499999999999979572 ) ) ;
#925 = CARTESIAN_POINT ( 'NONE',  ( 66.75000000000002842, -79.60000000000002274, 6.999999999999995559 ) ) ;
#926 = DIRECTION ( 'NONE',  ( 1.000000000000000000, 0.000000000000000000, 0.000000000000000000 ) ) ;
#927 = ORIENTED_EDGE ( 'NONE', *, *, #4175, .F. ) ;
#928 = EDGE_CURVE ( 'NONE', #2957, #2785, #1879, .T. ) ;
#929 = CARTESIAN_POINT ( 'NONE',  ( 74.75000000000001421, -81.50000000000000000, 1.000000000000001110 ) ) ;
#930 = CARTESIAN_POINT ( 'NONE',  ( -15.90928699750810260, 61.68354270291770547, 9.500000000000023093 ) ) ;
#931 = CARTESIAN_POINT ( 'NONE',  ( -17.25928699750854634, -6.683542702917516287, 0.4999999999999726885 ) ) ;
#932 = CARTESIAN_POINT ( 'NONE',  ( 66.75000000000002842, -75.40000000000000568, 23.00000000000000000 ) ) ;
#933 = ADVANCED_FACE ( 'NONE', ( #4029 ), #2564, .F. ) ;
#934 = ORIENTED_EDGE ( 'NONE', *, *, #4395, .T. ) ;
#935 = DIRECTION ( 'NONE',  ( 9.570888143320314409E-17, -1.000000000000000000, 0.000000000000000000 ) ) ;
#936 = STYLED_ITEM ( 'NONE', ( #4173 ), #3842 ) ;
#937 = AXIS2_PLACEMENT_3D ( 'NONE', #3465, #1969, #288 ) ;
#938 = DIRECTION ( 'NONE',  ( 0.2141484772416570037, 0.9768011208506465204, 0.000000000000000000 ) ) ;
#939 = AXIS2_PLACEMENT_3D ( 'NONE', #2835, #4238, #312 ) ;
#940 = EDGE_LOOP ( 'NONE', ( #3473, #1008, #923, #219 ) ) ;
#941 = AXIS2_PLACEMENT_3D ( 'NONE', #3742, #3037, #3387 ) ;
#942 = ORIENTED_EDGE ( 'NONE', *, *, #402, .T. ) ;
#943 = AXIS2_PLACEMENT_3D ( 'NONE', #1947, #1288, #146 ) ;
#944 = CARTESIAN_POINT ( 'NONE',  ( 0.000000000000000000, 0.000000000000000000, 4.000000000000000000 ) ) ;
#945 = CIRCLE ( 'NONE', #4360, 2.249999999999974243 ) ;
#946 = LINE ( 'NONE', #243, #1082 ) ;
#947 = LINE ( 'NONE', #244, #1182 ) ;
#948 = ORIENTED_EDGE ( 'NONE', *, *, #1283, .T. ) ;
#949 = FACE_BOUND ( 'NONE', #1711, .T. ) ;
#950 = AXIS2_PLACEMENT_3D ( 'NONE', #353, #3812, #1333 ) ;
#951 = AXIS2_PLACEMENT_3D ( 'NONE', #2964, #2595, #3677 ) ;
#952 = LINE ( 'NONE', #1970, #4274 ) ;
#953 = EDGE_LOOP ( 'NONE', ( #4078, #1128 ) ) ;
#954 = LINE ( 'NONE', #3447, #2394 ) ;
#955 = AXIS2_PLACEMENT_3D ( 'NONE', #590, #2362, #4486 ) ;
#956 = EDGE_CURVE ( 'NONE', #1039, #4245, #4072, .T. ) ;
#957 = DIRECTION ( 'NONE',  ( 0.000000000000000000, 0.000000000000000000, -1.000000000000000000 ) ) ;
#958 = DIRECTION ( 'NONE',  ( -1.000000000000000000, 0.000000000000000000, 0.000000000000000000 ) ) ;
#959 = CARTESIAN_POINT ( 'NONE',  ( -31.08354270291770405, 13.34071300249190273, 4.000000000000000000 ) ) ;
#960 = AXIS2_PLACEMENT_3D ( 'NONE', #619, #2519, #1122 ) ;
#961 = CARTESIAN_POINT ( 'NONE',  ( 34.18354270291752073, 13.34071300249146219, 18.76812408671320398 ) ) ;
#962 = DIRECTION ( 'NONE',  ( 0.7071067811865409114, 0.000000000000000000, 0.7071067811865541231 ) ) ;
#963 = EDGE_CURVE ( 'NONE', #1452, #1802, #149, .T. ) ;
#964 = ORIENTED_EDGE ( 'NONE', *, *, #3056, .F. ) ;
#965 = LINE ( 'NONE', #2429, #3241 ) ;
#966 = DIRECTION ( 'NONE',  ( -0.000000000000000000, -0.000000000000000000, -1.000000000000000000 ) ) ;
#967 = EDGE_LOOP ( 'NONE', ( #285, #2736, #2428, #4255 ) ) ;
#968 = ADVANCED_FACE ( 'NONE', ( #1482 ), #403, .F. ) ;
#969 = EDGE_CURVE ( 'NONE', #812, #4497, #4217, .T. ) ;
#970 = ORIENTED_EDGE ( 'NONE', *, *, #1248, .F. ) ;
#971 = VECTOR ( 'NONE', #3887, 1000.000000000000000 ) ;
#972 = CONICAL_SURFACE ( 'NONE', #3552, 1.749999999999999778, 0.7853981633974423948 ) ;
#973 = DIRECTION ( 'NONE',  ( 0.7050412921387257947, 0.07637769804534316753, 0.7050412921387302356 ) ) ;
#974 = ORIENTED_EDGE ( 'NONE', *, *, #4487, .T. ) ;
#975 = CARTESIAN_POINT ( 'NONE',  ( -74.74999999999998579, -77.50000000000001421, 20.40000000000006253 ) ) ;
#976 = AXIS2_PLACEMENT_3D ( 'NONE', #1657, #1597, #2374 ) ;
#977 = FACE_OUTER_BOUND ( 'NONE', #2645, .T. ) ;
#978 = ORIENTED_EDGE ( 'NONE', *, *, #4463, .T. ) ;
#979 = CARTESIAN_POINT ( 'NONE',  ( -33.75000000000000711, -42.49999999999999289, 30.00000000000000000 ) ) ;
#980 = ORIENTED_EDGE ( 'NONE', *, *, #3712, .F. ) ;
#981 = VECTOR ( 'NONE', #672, 1000.000000000000114 ) ;
#982 = CARTESIAN_POINT ( 'NONE',  ( -33.75000000000000711, -42.49999999999999289, 22.00000000000000000 ) ) ;
#983 = DIRECTION ( 'NONE',  ( 1.000000000000000000, 9.570888143320314409E-17, 0.000000000000000000 ) ) ;
#984 = CARTESIAN_POINT ( 'NONE',  ( -69.74999999999997158, -52.50000000000002842, 0.000000000000000000 ) ) ;
#986 = CIRCLE ( 'NONE', #3275, 2.599999999999991207 ) ;
#985 = CARTESIAN_POINT ( 'NONE',  ( 16.40928699750854847, 61.68354270291752073, 10.00000000000000000 ) ) ;
#987 = CARTESIAN_POINT ( 'NONE',  ( -31.08354270291753352, 41.65928699750855202, 0.4999999999999796274 ) ) ;
#988 = EDGE_LOOP ( 'NONE', ( #1045, #610 ) ) ;
#989 = DIRECTION ( 'NONE',  ( 1.000000000000000000, 0.000000000000000000, 0.000000000000000000 ) ) ;
#990 = EDGE_CURVE ( 'NONE', #4125, #2671, #1927, .T. ) ;
#991 = ORIENTED_EDGE ( 'NONE', *, *, #1146, .F. ) ;
#992 = DIRECTION ( 'NONE',  ( 1.000000000000000000, 0.000000000000000000, 0.000000000000000000 ) ) ;
#993 = ORIENTED_EDGE ( 'NONE', *, *, #3174, .F. ) ;
#994 = CARTESIAN_POINT ( 'NONE',  ( -34.18354270291752783, 41.65928699750855202, 9.500000000000015987 ) ) ;
#995 = EDGE_CURVE ( 'NONE', #2203, #3196, #2592, .T. ) ;
#996 = VERTEX_POINT ( 'NONE', #4354 ) ;
#997 = FACE_OUTER_BOUND ( 'NONE', #3941, .T. ) ;
#998 = DIRECTION ( 'NONE',  ( 8.410780489584520404E-17, -1.000000000000000000, 0.000000000000000000 ) ) ;
#999 = VERTEX_POINT ( 'NONE', #4305 ) ;
#1000 = CARTESIAN_POINT ( 'NONE',  ( 74.75000000000002842, -72.50000000000000000, 1.000000000000001554 ) ) ;
#1001 = ORIENTED_EDGE ( 'NONE', *, *, #4001, .F. ) ;
#1002 = DIRECTION ( 'NONE',  ( 0.000000000000000000, 0.000000000000000000, 1.000000000000000000 ) ) ;
#1003 = CARTESIAN_POINT ( 'NONE',  ( -34.18354270291752783, 41.65928699750855202, 0.000000000000000000 ) ) ;
#1004 = DIRECTION ( 'NONE',  ( 1.000000000000000000, 0.000000000000000000, 0.000000000000000000 ) ) ;
#1005 = PLANE ( 'NONE',  #4051 ) ;
#1006 = CARTESIAN_POINT ( 'NONE',  ( 11.90928699750857334, 61.68354270291752073, 4.000000000000000000 ) ) ;
#1007 = DIRECTION ( 'NONE',  ( 0.000000000000000000, 0.000000000000000000, -1.000000000000000000 ) ) ;
#1008 = ORIENTED_EDGE ( 'NONE', *, *, #1201, .T. ) ;
#1009 = CARTESIAN_POINT ( 'NONE',  ( 29.90557280899987092, 14.95278640450001895, 0.000000000000000000 ) ) ;
#1010 = ADVANCED_FACE ( 'NONE', ( #2172, #3579, #1127, #776, #2195, #3954, #1176, #2249, #3656, #476 ), #1902, .T. ) ;
#1011 = ORIENTED_EDGE ( 'NONE', *, *, #1989, .T. ) ;
#1012 = EDGE_CURVE ( 'NONE', #2103, #1148, #2292, .T. ) ;
#1013 = ORIENTED_EDGE ( 'NONE', *, *, #1619, .F. ) ;
#1014 = AXIS2_PLACEMENT_3D ( 'NONE', #61, #1487, #1459 ) ;
#1015 = FACE_OUTER_BOUND ( 'NONE', #1131, .T. ) ;
#1016 = AXIS2_PLACEMENT_3D ( 'NONE', #2324, #3735, #4336 ) ;
#1017 = ORIENTED_EDGE ( 'NONE', *, *, #215, .F. ) ;
#1018 = DIRECTION ( 'NONE',  ( 0.7071067811865601183, 8.659560562355085700E-17, -0.7071067811865349162 ) ) ;
#1019 = DIRECTION ( 'NONE',  ( 8.410780489584520404E-17, -1.000000000000000000, 0.000000000000000000 ) ) ;
#1020 = ORIENTED_EDGE ( 'NONE', *, *, #3319, .T. ) ;
#1021 = AXIS2_PLACEMENT_3D ( 'NONE', #1925, #1642, #1221 ) ;
#1022 = DIRECTION ( 'NONE',  ( -1.000000000000000000, 0.000000000000000000, 0.000000000000000000 ) ) ;
#1023 = VERTEX_POINT ( 'NONE', #2383 ) ;
#1024 = CONICAL_SURFACE ( 'NONE', #4063, 41.00000000000000000, 0.7853981633974517207 ) ;
#1025 = AXIS2_PLACEMENT_3D ( 'NONE', #597, #3444, #1320 ) ;
#1026 = DIRECTION ( 'NONE',  ( 1.000000000000000000, 0.000000000000000000, 0.000000000000000000 ) ) ;
#1027 = EDGE_CURVE ( 'NONE', #681, #378, #134, .T. ) ;
#1028 = DIRECTION ( 'NONE',  ( 1.000000000000000000, 0.000000000000000000, 0.000000000000000000 ) ) ;
#1029 = ADVANCED_FACE ( 'NONE', ( #1603 ), #1966, .F. ) ;
#1030 = CARTESIAN_POINT ( 'NONE',  ( 74.25000000000000000, -79.60000000000002274, 23.00000000000000000 ) ) ;
#1031 = DIRECTION ( 'NONE',  ( -1.000000000000000000, 0.000000000000000000, 0.000000000000000000 ) ) ;
#1032 = CARTESIAN_POINT ( 'NONE',  ( 74.75000000000001421, -77.50000000000001421, 23.00000000000000000 ) ) ;
#1033 = ADVANCED_FACE ( 'NONE', ( #898 ), #512, .F. ) ;
#1034 = FACE_OUTER_BOUND ( 'NONE', #1112, .T. ) ;
#1035 = ORIENTED_EDGE ( 'NONE', *, *, #4591, .F. ) ;
#1036 = CARTESIAN_POINT ( 'NONE',  ( -37.28354270291769268, 13.34071300249190273, 0.4999999999999796274 ) ) ;
#1037 = ORIENTED_EDGE ( 'NONE', *, *, #356, .T. ) ;
#1038 = ORIENTED_EDGE ( 'NONE', *, *, #2821, .T. ) ;
#1039 = VERTEX_POINT ( 'NONE', #2663 ) ;
#1040 = DIRECTION ( 'NONE',  ( -0.7071067811865483499, 8.659560562354921765E-17, -0.7071067811865465735 ) ) ;
#1041 = ORIENTED_EDGE ( 'NONE', *, *, #1556, .F. ) ;
#1042 = ADVANCED_FACE ( 'NONE', ( #1949, #3417 ), #3396, .F. ) ;
#1043 = FACE_OUTER_BOUND ( 'NONE', #1255, .T. ) ;
#1044 = EDGE_CURVE ( 'NONE', #4520, #3196, #354, .T. ) ;
#1045 = ORIENTED_EDGE ( 'NONE', *, *, #323, .F. ) ;
#1046 = ORIENTED_EDGE ( 'NONE', *, *, #271, .F. ) ;
#1047 = FACE_OUTER_BOUND ( 'NONE', #495, .T. ) ;
#1048 = CARTESIAN_POINT ( 'NONE',  ( -74.25000000000005684, -77.50000000000001421, 6.999999999999995559 ) ) ;
#1049 = CARTESIAN_POINT ( 'NONE',  ( 49.81685716338298420, 38.42157233932453408, 28.99999999999999645 ) ) ;
#1050 = AXIS2_PLACEMENT_3D ( 'NONE', #4144, #3797, #3095 ) ;
#1051 = DIRECTION ( 'NONE',  ( 1.000000000000000000, 0.000000000000000000, 0.000000000000000000 ) ) ;
#1052 = AXIS2_PLACEMENT_3D ( 'NONE', #2960, #4374, #2616 ) ;
#1053 = EDGE_CURVE ( 'NONE', #1950, #2918, #3462, .T. ) ;
#1054 = PLANE ( 'NONE',  #743 ) ;
#1055 = VECTOR ( 'NONE', #555, 1000.000000000000000 ) ;
#1056 = CARTESIAN_POINT ( 'NONE',  ( 17.25928699750855344, 61.68354270291752073, 0.5000000000000559552 ) ) ;
#1057 = EDGE_LOOP ( 'NONE', ( #2560, #289, #1170, #3973 ) ) ;
#1058 = VERTEX_POINT ( 'NONE', #238 ) ;
#1059 = FILL_AREA_STYLE ('',( #3846 ) ) ;
#1060 = ADVANCED_FACE ( 'NONE', ( #259 ), #3747, .F. ) ;
#1061 = EDGE_LOOP ( 'NONE', ( #1732, #659, #970, #2388 ) ) ;
#1062 = LINE ( 'NONE', #702, #3336 ) ;
#1063 = ORIENTED_EDGE ( 'NONE', *, *, #3560, .F. ) ;
#1064 = DIRECTION ( 'NONE',  ( -0.7071067811865632269, 8.659560562355125143E-17, 0.7071067811865318076 ) ) ;
#1065 = ORIENTED_EDGE ( 'NONE', *, *, #2871, .T. ) ;
#1066 = CARTESIAN_POINT ( 'NONE',  ( -74.75000000000000000, -72.50000000000001421, 28.99999999999999645 ) ) ;
#1067 = DIRECTION ( 'NONE',  ( 0.000000000000000000, 0.000000000000000000, -1.000000000000000000 ) ) ;
#1068 = LINE ( 'NONE', #3202, #3228 ) ;
#1069 = FACE_OUTER_BOUND ( 'NONE', #3638, .T. ) ;
#1070 = DIRECTION ( 'NONE',  ( 1.000000000000000000, 0.000000000000000000, 0.000000000000000000 ) ) ;
#1071 = CARTESIAN_POINT ( 'NONE',  ( -16.40928699750807596, 61.68354270291770547, 4.000000000000000000 ) ) ;
#1072 = EDGE_CURVE ( 'NONE', #1362, #185, #3536, .T. ) ;
#1073 = EDGE_LOOP ( 'NONE', ( #4450, #3212, #1077, #4574, #689 ) ) ;
#1074 = EDGE_LOOP ( 'NONE', ( #318, #1513, #808, #3558, #1374 ) ) ;
#1075 = DIRECTION ( 'NONE',  ( 0.000000000000000000, 0.000000000000000000, 1.000000000000000000 ) ) ;
#1076 = EDGE_CURVE ( 'NONE', #3709, #3690, #3436, .T. ) ;
#1077 = ORIENTED_EDGE ( 'NONE', *, *, #1736, .F. ) ;
#1078 = LINE ( 'NONE', #1130, #369 ) ;
#1079 = ORIENTED_EDGE ( 'NONE', *, *, #3502, .T. ) ;
#1080 = CIRCLE ( 'NONE', #3449, 1.750000000000001554 ) ;
#1081 = FACE_OUTER_BOUND ( 'NONE', #272, .T. ) ;
#1082 = VECTOR ( 'NONE', #973, 1000.000000000000000 ) ;
#1083 = ORIENTED_EDGE ( 'NONE', *, *, #2584, .T. ) ;
#1084 = ORIENTED_EDGE ( 'NONE', *, *, #2052, .F. ) ;
#1085 = CIRCLE ( 'NONE', #1021, 2.599999999999991207 ) ;
#1086 = CIRCLE ( 'NONE', #1687, 3.599999999999992095 ) ;
#1087 = DIRECTION ( 'NONE',  ( 0.000000000000000000, 0.000000000000000000, 1.000000000000000000 ) ) ;
#1088 = AXIS2_PLACEMENT_3D ( 'NONE', #2159, #2843, #1154 ) ;
#1089 = DIRECTION ( 'NONE',  ( -1.000000000000000000, -0.000000000000000000, -0.000000000000000000 ) ) ;
#1090 = DIRECTION ( 'NONE',  ( -1.000000000000000000, 0.000000000000000000, 0.000000000000000000 ) ) ;
#1091 = CARTESIAN_POINT ( 'NONE',  ( -14.15928699750810082, 61.68354270291770547, 0.000000000000000000 ) ) ;
#1092 = AXIS2_PLACEMENT_3D ( 'NONE', #4461, #2333, #585 ) ;
#1093 = AXIS2_PLACEMENT_3D ( 'NONE', #1295, #1343, #2754 ) ;
#1094 = VECTOR ( 'NONE', #1813, 1000.000000000000000 ) ;
#1095 = AXIS2_PLACEMENT_3D ( 'NONE', #1207, #1254, #3310 ) ;
#1096 = DIRECTION ( 'NONE',  ( 1.000000000000000000, 0.000000000000000000, 0.000000000000000000 ) ) ;
#1097 = AXIS2_PLACEMENT_3D ( 'NONE', #1783, #2083, #1394 ) ;
#1098 = DIRECTION ( 'NONE',  ( -0.000000000000000000, -0.000000000000000000, 1.000000000000000000 ) ) ;
#1099 = ADVANCED_FACE ( 'NONE', ( #3064 ), #4284, .F. ) ;
#1100 = ORIENTED_EDGE ( 'NONE', *, *, #559, .F. ) ;
#1101 = DIRECTION ( 'NONE',  ( 1.000000000000000000, 0.000000000000000000, 0.000000000000000000 ) ) ;
#1102 = ORIENTED_EDGE ( 'NONE', *, *, #2042, .T. ) ;
#1103 = DIRECTION ( 'NONE',  ( -1.000000000000000000, -0.000000000000000000, -0.000000000000000000 ) ) ;
#1104 = VECTOR ( 'NONE', #3445, 1000.000000000000000 ) ;
#1105 = EDGE_CURVE ( 'NONE', #1440, #7, #612, .T. ) ;
#1106 = ORIENTED_EDGE ( 'NONE', *, *, #2691, .T. ) ;
#1107 = CARTESIAN_POINT ( 'NONE',  ( 69.75000000000000000, -62.50000000000001421, 1.000000000000001110 ) ) ;
#1108 = ORIENTED_EDGE ( 'NONE', *, *, #297, .F. ) ;
#1109 = DIRECTION ( 'NONE',  ( -0.000000000000000000, -0.000000000000000000, -1.000000000000000000 ) ) ;
#1110 = ORIENTED_EDGE ( 'NONE', *, *, #1471, .F. ) ;
#1111 = DIRECTION ( 'NONE',  ( 0.000000000000000000, -0.000000000000000000, -1.000000000000000000 ) ) ;
#1112 = EDGE_LOOP ( 'NONE', ( #4337, #2244, #1483, #3625 ) ) ;
#1113 = LINE ( 'NONE', #3666, #127 ) ;
#1114 = LINE ( 'NONE', #368, #2643 ) ;
#1115 = DIRECTION ( 'NONE',  ( 0.7071067811865500152, 5.947319919256745892E-17, 0.7071067811865451302 ) ) ;
#1116 = AXIS2_PLACEMENT_3D ( 'NONE', #3138, #4, #2141 ) ;
#1117 = CONICAL_SURFACE ( 'NONE', #3115, 1.750000000000001554, 0.7853981633974391752 ) ;
#1118 = DIRECTION ( 'NONE',  ( -1.000000000000000000, 0.000000000000000000, 0.000000000000000000 ) ) ;
#1119 = AXIS2_PLACEMENT_3D ( 'NONE', #579, #643, #1672 ) ;
#1120 = EDGE_LOOP ( 'NONE', ( #2758, #296 ) ) ;
#1121 = EDGE_CURVE ( 'NONE', #3446, #1307, #3773, .T. ) ;
#1122 = DIRECTION ( 'NONE',  ( -1.000000000000000000, 0.000000000000000000, 0.000000000000000000 ) ) ;
#1123 = ORIENTED_EDGE ( 'NONE', *, *, #711, .T. ) ;
#1124 = CYLINDRICAL_SURFACE ( 'NONE', #120, 1.750000000000001554 ) ;
#1125 = FACE_OUTER_BOUND ( 'NONE', #1396, .T. ) ;
#1126 = AXIS2_PLACEMENT_3D ( 'NONE', #2620, #4032, #849 ) ;
#1127 = FACE_BOUND ( 'NONE', #2273, .T. ) ;
#1128 = ORIENTED_EDGE ( 'NONE', *, *, #2535, .T. ) ;
#1129 = DIRECTION ( 'NONE',  ( 0.000000000000000000, 0.000000000000000000, -1.000000000000000000 ) ) ;
#1130 = CARTESIAN_POINT ( 'NONE',  ( -35.93354270291752073, 41.65928699750855202, 30.00000000000000000 ) ) ;
#1131 = EDGE_LOOP ( 'NONE', ( #4259, #2508, #3296, #2196 ) ) ;
#1132 = ADVANCED_FACE ( 'NONE', ( #3025 ), #3795, .F. ) ;
#1133 = DIRECTION ( 'NONE',  ( -0.000000000000000000, 0.000000000000000000, 1.000000000000000000 ) ) ;
#1134 = ORIENTED_EDGE ( 'NONE', *, *, #3968, .F. ) ;
#1135 = CARTESIAN_POINT ( 'NONE',  ( -17.75928699750808804, 61.68354270291770547, 0.000000000000000000 ) ) ;
#1136 = ORIENTED_EDGE ( 'NONE', *, *, #1719, .F. ) ;
#1137 = CARTESIAN_POINT ( 'NONE',  ( -74.74999999999998579, -77.50000000000001421, 6.999999999999995559 ) ) ;
#1138 = VERTEX_POINT ( 'NONE', #3093 ) ;
#1139 = FACE_OUTER_BOUND ( 'NONE', #1591, .T. ) ;
#1140 = DIRECTION ( 'NONE',  ( 0.6974565623330584163, -0.1646471600639120569, 0.6974565623330540864 ) ) ;
#1141 = ADVANCED_FACE ( 'NONE', ( #2296 ), #3705, .F. ) ;
#1142 = CARTESIAN_POINT ( 'NONE',  ( 15.90928699750854669, 61.68354270291752073, 4.499999999999983125 ) ) ;
#1143 = ORIENTED_EDGE ( 'NONE', *, *, #309, .F. ) ;
#1144 = CARTESIAN_POINT ( 'NONE',  ( 33.74999999999999289, -42.50000000000000000, 22.00000000000000000 ) ) ;
#1145 = DIRECTION ( 'NONE',  ( -0.7071067811865594521, 0.000000000000000000, -0.7071067811865355823 ) ) ;
#1146 = EDGE_CURVE ( 'NONE', #4240, #3617, #1321, .T. ) ;
#1147 = CARTESIAN_POINT ( 'NONE',  ( 74.25000000000001421, -77.50000000000001421, 9.099999999999999645 ) ) ;
#1148 = VERTEX_POINT ( 'NONE', #2797 ) ;
#1149 = CARTESIAN_POINT ( 'NONE',  ( 69.21150569079530612, -52.55833552758706162, 29.53849430920470098 ) ) ;
#1150 = DIRECTION ( 'NONE',  ( 1.000000000000000000, 0.000000000000000000, 0.000000000000000000 ) ) ;
#1151 = ORIENTED_EDGE ( 'NONE', *, *, #1358, .F. ) ;
#1152 = DIRECTION ( 'NONE',  ( 0.000000000000000000, 0.000000000000000000, -1.000000000000000000 ) ) ;
#1153 = ORIENTED_EDGE ( 'NONE', *, *, #1399, .F. ) ;
#1154 = DIRECTION ( 'NONE',  ( 1.000000000000000000, 0.000000000000000000, 0.000000000000000000 ) ) ;
#1155 = ORIENTED_EDGE ( 'NONE', *, *, #506, .F. ) ;
#1156 = FACE_OUTER_BOUND ( 'NONE', #1461, .T. ) ;
#1157 = VECTOR ( 'NONE', #3542, 1000.000000000000000 ) ;
#1158 = CARTESIAN_POINT ( 'NONE',  ( -74.24999999999997158, -82.00000000000001421, 28.99999999999999645 ) ) ;
#1159 = CARTESIAN_POINT ( 'NONE',  ( 73.75000000000001421, -81.50000000000000000, 30.00000000000000000 ) ) ;
#1160 = VECTOR ( 'NONE', #4342, 1000.000000000000000 ) ;
#1161 = CONICAL_SURFACE ( 'NONE', #2726, 1.749999999999994671, 0.7853981633974389531 ) ;
#1162 = AXIS2_PLACEMENT_3D ( 'NONE', #1441, #4527, #1376 ) ;
#1163 = EDGE_CURVE ( 'NONE', #1462, #3351, #2524, .T. ) ;
#1164 = CYLINDRICAL_SURFACE ( 'NONE', #2459, 3.100000000000003642 ) ;
#1165 = EDGE_CURVE ( 'NONE', #3443, #765, #1257, .T. ) ;
#1166 = DIRECTION ( 'NONE',  ( 0.000000000000000000, -1.000000000000000000, 0.000000000000000000 ) ) ;
#1167 = AXIS2_PLACEMENT_3D ( 'NONE', #715, #1353, #2762 ) ;
#1168 = AXIS2_PLACEMENT_3D ( 'NONE', #3127, #4197, #2190 ) ;
#1169 = VECTOR ( 'NONE', #2849, 1000.000000000000114 ) ;
#1170 = ORIENTED_EDGE ( 'NONE', *, *, #2530, .F. ) ;
#1171 = AXIS2_PLACEMENT_3D ( 'NONE', #2672, #1938, #517 ) ;
#1172 = CARTESIAN_POINT ( 'NONE',  ( -32.43354270291769836, 13.34071300249190273, 9.500000000000023093 ) ) ;
#1173 = ORIENTED_EDGE ( 'NONE', *, *, #545, .F. ) ;
#1174 = FACE_OUTER_BOUND ( 'NONE', #2731, .T. ) ;
#1175 = DIRECTION ( 'NONE',  ( -0.000000000000000000, 0.000000000000000000, 1.000000000000000000 ) ) ;
#1176 = FACE_BOUND ( 'NONE', #3355, .T. ) ;
#1177 = VERTEX_POINT ( 'NONE', #3848 ) ;
#1178 = VERTEX_POINT ( 'NONE', #660 ) ;
#1179 = DIRECTION ( 'NONE',  ( -0.000000000000000000, -0.000000000000000000, -1.000000000000000000 ) ) ;
#1180 = DIRECTION ( 'NONE',  ( 1.000000000000000000, 0.000000000000000000, 0.000000000000000000 ) ) ;
#1181 = ORIENTED_EDGE ( 'NONE', *, *, #109, .T. ) ;
#1182 = VECTOR ( 'NONE', #2061, 1000.000000000000000 ) ;
#1183 = CARTESIAN_POINT ( 'NONE',  ( -11.90928699750857334, -6.683542702917516287, 4.000000000000000000 ) ) ;
#1184 = CARTESIAN_POINT ( 'NONE',  ( 14.15928699750854847, 61.68354270291752073, 4.499999999999983125 ) ) ;
#1185 = EDGE_LOOP ( 'NONE', ( #668, #3757, #3778, #386 ) ) ;
#1186 = CYLINDRICAL_SURFACE ( 'NONE', #3177, 2.100000000000004530 ) ;
#1187 = CARTESIAN_POINT ( 'NONE',  ( 82.10259125088356313, -70.76428865402111512, 21.64740874911639779 ) ) ;
#1188 = EDGE_LOOP ( 'NONE', ( #225, #1437, #3715, #218 ) ) ;
#1189 = ADVANCED_FACE ( 'NONE', ( #3512 ), #4138, .F. ) ;
#1190 = CARTESIAN_POINT ( 'NONE',  ( 34.18354270291769836, 41.65928699750809727, 4.499999999999976019 ) ) ;
#1191 = ORIENTED_EDGE ( 'NONE', *, *, #1848, .T. ) ;
#1192 = CARTESIAN_POINT ( 'NONE',  ( -34.18354270291769836, 13.34071300249190273, 4.000000000000000000 ) ) ;
#1193 = EDGE_CURVE ( 'NONE', #2454, #1853, #2872, .T. ) ;
#1194 = DIRECTION ( 'NONE',  ( 1.000000000000000000, 0.000000000000000000, 0.000000000000000000 ) ) ;
#1195 = APPLICATION_PROTOCOL_DEFINITION ( 'draft international standard', 'automotive_design', 1998, #2242 ) ;
#1196 = ADVANCED_FACE ( 'NONE', ( #2252 ), #581, .F. ) ;
#1197 = CONICAL_SURFACE ( 'NONE', #1866, 1.749999999999994671, 0.7853981633974425058 ) ;
#1198 = ORIENTED_EDGE ( 'NONE', *, *, #2194, .F. ) ;
#1199 = DIRECTION ( 'NONE',  ( 0.000000000000000000, -0.000000000000000000, -1.000000000000000000 ) ) ;
#1200 = CARTESIAN_POINT ( 'NONE',  ( -34.18354270291769836, 13.34071300249190273, 9.500000000000023093 ) ) ;
#1201 = EDGE_CURVE ( 'NONE', #92, #9, #4356, .T. ) ;
#1202 = CIRCLE ( 'NONE', #2087, 1.749999999999994671 ) ;
#1203 = DIRECTION ( 'NONE',  ( -1.000000000000000000, 0.000000000000000000, 0.000000000000000000 ) ) ;
#1204 = ORIENTED_EDGE ( 'NONE', *, *, #1449, .F. ) ;
#1205 = ORIENTED_EDGE ( 'NONE', *, *, #1719, .T. ) ;
#1206 = LINE ( 'NONE', #806, #2096 ) ;
#1207 = CARTESIAN_POINT ( 'NONE',  ( -34.18354270291752783, 41.65928699750855202, 4.499999999999983125 ) ) ;
#1208 = EDGE_CURVE ( 'NONE', #2841, #3915, #2299, .T. ) ;
#1209 = EDGE_LOOP ( 'NONE', ( #4555, #3934, #4024, #993 ) ) ;
#1210 = CARTESIAN_POINT ( 'NONE',  ( -14.15928699750810082, 61.68354270291770547, 0.4999999999999726885 ) ) ;
#1211 = EDGE_CURVE ( 'NONE', #2135, #3553, #4437, .T. ) ;
#1212 = DIRECTION ( 'NONE',  ( 1.000000000000000000, 0.000000000000000000, 0.000000000000000000 ) ) ;
#1213 = ORIENTED_EDGE ( 'NONE', *, *, #2823, .T. ) ;
#1214 = DIRECTION ( 'NONE',  ( 1.000000000000000000, 0.000000000000000000, 0.000000000000000000 ) ) ;
#1215 = CARTESIAN_POINT ( 'NONE',  ( 74.75000000000001421, -81.50000000000000000, 30.00000000000000000 ) ) ;
#1216 = EDGE_CURVE ( 'NONE', #2481, #2484, #1882, .T. ) ;
#1217 = CARTESIAN_POINT ( 'NONE',  ( 17.25928699750809869, -6.683542702917696587, 18.76812408671320398 ) ) ;
#1218 = LINE ( 'NONE', #2002, #4575 ) ;
#1219 = ORIENTED_EDGE ( 'NONE', *, *, #1248, .T. ) ;
#1220 = EDGE_CURVE ( 'NONE', #3367, #4475, #1929, .T. ) ;
#1221 = DIRECTION ( 'NONE',  ( 0.000000000000000000, -1.000000000000000000, 0.000000000000000000 ) ) ;
#1222 = CARTESIAN_POINT ( 'NONE',  ( 66.75000000000002842, -75.40000000000000568, 6.999999999999995559 ) ) ;
#1223 = EDGE_LOOP ( 'NONE', ( #3191, #1886, #1268 ) ) ;
#1224 = CARTESIAN_POINT ( 'NONE',  ( 31.08354270291752286, 13.34071300249146219, 0.4999999999999761302 ) ) ;
#1225 = FACE_OUTER_BOUND ( 'NONE', #805, .T. ) ;
#1226 = EDGE_CURVE ( 'NONE', #4103, #3250, #1534, .T. ) ;
#1227 = EDGE_CURVE ( 'NONE', #918, #2565, #172, .T. ) ;
#1228 = EDGE_LOOP ( 'NONE', ( #2483, #335 ) ) ;
#1229 = DIRECTION ( 'NONE',  ( -0.000000000000000000, -0.000000000000000000, -1.000000000000000000 ) ) ;
#1230 = ADVANCED_FACE ( 'NONE', ( #151 ), #131, .F. ) ;
#1231 = APPLICATION_CONTEXT ( 'automotive_design' ) ;
#1232 = DIRECTION ( 'NONE',  ( -0.000000000000000000, 0.000000000000000000, 1.000000000000000000 ) ) ;
#1233 = EDGE_LOOP ( 'NONE', ( #537, #2951, #631, #3636 ) ) ;
#1234 = CARTESIAN_POINT ( 'NONE',  ( 14.15928699750809727, -6.683542702917696587, 18.76812408671320398 ) ) ;
#1235 = VERTEX_POINT ( 'NONE', #1224 ) ;
#1236 = LINE ( 'NONE', #3805, #461 ) ;
#1237 = EDGE_CURVE ( 'NONE', #882, #3313, #1409, .T. ) ;
#1238 = AXIS2_PLACEMENT_3D ( 'NONE', #2037, #270, #1698 ) ;
#1239 = CARTESIAN_POINT ( 'NONE',  ( -14.15928699750854491, -6.683542702917516287, 4.499999999999979572 ) ) ;
#1240 = LINE ( 'NONE', #2678, #2139 ) ;
#1241 = CIRCLE ( 'NONE', #2492, 1.749999999999994671 ) ;
#1242 = CIRCLE ( 'NONE', #1830, 2.600000000000019185 ) ;
#1243 = ORIENTED_EDGE ( 'NONE', *, *, #2614, .F. ) ;
#1244 = AXIS2_PLACEMENT_3D ( 'NONE', #1453, #2147, #2562 ) ;
#1245 = EDGE_LOOP ( 'NONE', ( #1020, #2813, #2149, #2251 ) ) ;
#1246 = AXIS2_PLACEMENT_3D ( 'NONE', #112, #1111, #2602 ) ;
#1247 = CARTESIAN_POINT ( 'NONE',  ( 3.081487911019577365E-30, 27.50000000000000355, 9.000000000000008882 ) ) ;
#1248 = EDGE_CURVE ( 'NONE', #1435, #2671, #4399, .T. ) ;
#1249 = AXIS2_PLACEMENT_3D ( 'NONE', #1870, #2929, #3970 ) ;
#1250 = AXIS2_PLACEMENT_3D ( 'NONE', #4387, #4341, #1214 ) ;
#1251 = CARTESIAN_POINT ( 'NONE',  ( 33.74999999999999289, -42.50000000000000000, 30.00000000000000000 ) ) ;
#1252 = ORIENTED_EDGE ( 'NONE', *, *, #2842, .T. ) ;
#1253 = CARTESIAN_POINT ( 'NONE',  ( 0.000000000000000000, 0.000000000000000000, 4.000000000000000000 ) ) ;
#1254 = DIRECTION ( 'NONE',  ( 0.000000000000000000, 0.000000000000000000, -1.000000000000000000 ) ) ;
#1255 = EDGE_LOOP ( 'NONE', ( #1457, #1641, #708, #267 ) ) ;
#1256 = PRODUCT_DEFINITION_FORMATION_WITH_SPECIFIED_SOURCE ( '浠', '', #3298, .NOT_KNOWN. ) ;
#1257 = CIRCLE ( 'NONE', #2956, 1.750000000000001554 ) ;
#1258 = AXIS2_PLACEMENT_3D ( 'NONE', #266, #2735, #998 ) ;
#1259 = FACE_OUTER_BOUND ( 'NONE', #4183, .T. ) ;
#1260 = EDGE_CURVE ( 'NONE', #382, #4194, #4082, .T. ) ;
#1261 = DIRECTION ( 'NONE',  ( 1.000000000000000000, 0.000000000000000000, 0.000000000000000000 ) ) ;
#1262 = EDGE_LOOP ( 'NONE', ( #885, #1533 ) ) ;
#1263 = LINE ( 'NONE', #2991, #3688 ) ;
#1264 = CARTESIAN_POINT ( 'NONE',  ( 31.93354270291773389, 41.65928699750809727, 10.00000000000000000 ) ) ;
#1265 = DIRECTION ( 'NONE',  ( -1.000000000000000000, 0.000000000000000000, 0.000000000000000000 ) ) ;
#1266 = CARTESIAN_POINT ( 'NONE',  ( 37.78354270291751504, 13.34071300249146219, 0.000000000000000000 ) ) ;
#1267 = DIRECTION ( 'NONE',  ( 1.000000000000000000, 0.000000000000000000, 0.000000000000000000 ) ) ;
#1268 = ORIENTED_EDGE ( 'NONE', *, *, #3777, .T. ) ;
#1269 = CARTESIAN_POINT ( 'NONE',  ( 3.081487911019577365E-30, 27.50000000000000355, 0.9999999999999626965 ) ) ;
#1270 = AXIS2_PLACEMENT_3D ( 'NONE', #1253, #4083, #2387 ) ;
#1271 = DIRECTION ( 'NONE',  ( 0.6907026964241125278, -0.1514258404383487244, 0.7071067811865475727 ) ) ;
#1272 = EDGE_CURVE ( 'NONE', #2744, #765, #2939, .T. ) ;
#1273 = ORIENTED_EDGE ( 'NONE', *, *, #3623, .T. ) ;
#1274 = ORIENTED_EDGE ( 'NONE', *, *, #2323, .T. ) ;
#1275 = DIRECTION ( 'NONE',  ( 1.000000000000000000, 0.000000000000000000, 0.000000000000000000 ) ) ;
#1276 = AXIS2_PLACEMENT_3D ( 'NONE', #4042, #3969, #3646 ) ;
#1277 = AXIS2_PLACEMENT_3D ( 'NONE', #1530, #2193, #3600 ) ;
#1278 = ORIENTED_EDGE ( 'NONE', *, *, #623, .T. ) ;
#1279 = DIRECTION ( 'NONE',  ( 0.000000000000000000, 1.000000000000000000, 0.000000000000000000 ) ) ;
#1280 = VECTOR ( 'NONE', #1524, 1000.000000000000114 ) ;
#1281 = DIRECTION ( 'NONE',  ( -0.000000000000000000, 0.000000000000000000, 1.000000000000000000 ) ) ;
#1282 = VERTEX_POINT ( 'NONE', #2197 ) ;
#1283 = EDGE_CURVE ( 'NONE', #2826, #2089, #1953, .T. ) ;
#1284 = DIRECTION ( 'NONE',  ( 0.000000000000000000, 0.000000000000000000, -1.000000000000000000 ) ) ;
#1285 = LINE ( 'NONE', #931, #3083 ) ;
#1286 =( LENGTH_UNIT ( ) NAMED_UNIT ( * ) SI_UNIT ( .MILLI., .METRE. ) );
#1287 = VERTEX_POINT ( 'NONE', #435 ) ;
#1288 = DIRECTION ( 'NONE',  ( -1.000000000000000000, -9.570888143320314409E-17, 0.000000000000000000 ) ) ;
#1289 = CARTESIAN_POINT ( 'NONE',  ( -34.18354270291769836, 13.34071300249190273, 4.000000000000000000 ) ) ;
#1290 = EDGE_LOOP ( 'NONE', ( #1108, #3533, #3511, #3238 ) ) ;
#1291 = ORIENTED_EDGE ( 'NONE', *, *, #4222, .T. ) ;
#1292 = CYLINDRICAL_SURFACE ( 'NONE', #1617, 2.100000000000004530 ) ;
#1293 = EDGE_CURVE ( 'NONE', #2597, #1287, #1206, .T. ) ;
#1294 = ORIENTED_EDGE ( 'NONE', *, *, #2348, .T. ) ;
#1295 = CARTESIAN_POINT ( 'NONE',  ( 34.18354270291752073, 13.34071300249146219, 0.4999999999999761302 ) ) ;
#1296 = DIRECTION ( 'NONE',  ( -0.5773502691896258421, -0.5773502691896258421, -0.5773502691896258421 ) ) ;
#1297 = ORIENTED_EDGE ( 'NONE', *, *, #1595, .T. ) ;
#1298 = CARTESIAN_POINT ( 'NONE',  ( 37.78354270291769268, 41.65928699750809727, 0.000000000000000000 ) ) ;
#1299 = EDGE_CURVE ( 'NONE', #7, #4449, #3126, .T. ) ;
#1300 = CARTESIAN_POINT ( 'NONE',  ( -37.28354270291752215, 41.65928699750855202, 0.4999999999999796274 ) ) ;
#1301 = DIRECTION ( 'NONE',  ( 1.000000000000000000, 0.000000000000000000, 0.000000000000000000 ) ) ;
#1302 = DIRECTION ( 'NONE',  ( 1.000000000000000000, 0.000000000000000000, 0.000000000000000000 ) ) ;
#1303 = DIRECTION ( 'NONE',  ( -0.000000000000000000, -0.000000000000000000, -1.000000000000000000 ) ) ;
#1304 = CYLINDRICAL_SURFACE ( 'NONE', #3865, 41.00000000000000000 ) ;
#1305 = ADVANCED_FACE ( 'NONE', ( #509 ), #831, .F. ) ;
#1306 = EDGE_CURVE ( 'NONE', #772, #4443, #4315, .T. ) ;
#1307 = VERTEX_POINT ( 'NONE', #300 ) ;
#1308 = LINE ( 'NONE', #2727, #3979 ) ;
#1309 = VECTOR ( 'NONE', #3122, 1000.000000000000000 ) ;
#1310 = AXIS2_PLACEMENT_3D ( 'NONE', #2304, #2694, #1212 ) ;
#1311 = CONICAL_SURFACE ( 'NONE', #937, 1.750000000000001554, 0.7853981633974423948 ) ;
#1312 = CARTESIAN_POINT ( 'NONE',  ( -34.18354270291769836, 13.34071300249190273, 4.499999999999976019 ) ) ;
#1313 = CONICAL_SURFACE ( 'NONE', #1916, 23.75000000000000355, 0.7853981633974482790 ) ;
#1314 = ORIENTED_EDGE ( 'NONE', *, *, #2372, .T. ) ;
#1315 = VERTEX_POINT ( 'NONE', #1030 ) ;
#1316 = AXIS2_PLACEMENT_3D ( 'NONE', #184, #4411, #4094 ) ;
#1317 = CONICAL_SURFACE ( 'NONE', #2866, 3.099999999999991651, 0.7853981633974660426 ) ;
#1318 = PLANE ( 'NONE',  #3772 ) ;
#1319 = ORIENTED_EDGE ( 'NONE', *, *, #2721, .F. ) ;
#1320 = DIRECTION ( 'NONE',  ( 1.000000000000000000, 0.000000000000000000, 0.000000000000000000 ) ) ;
#1321 = CIRCLE ( 'NONE', #1097, 2.100000000000004530 ) ;
#1322 = FACE_BOUND ( 'NONE', #168, .T. ) ;
#1323 = VERTEX_POINT ( 'NONE', #932 ) ;
#1324 = FACE_OUTER_BOUND ( 'NONE', #4084, .T. ) ;
#1325 = ORIENTED_EDGE ( 'NONE', *, *, #3502, .F. ) ;
#1326 = ADVANCED_FACE ( 'NONE', ( #4549 ), #3831, .F. ) ;
#1327 = DIRECTION ( 'NONE',  ( 0.000000000000000000, 0.000000000000000000, -1.000000000000000000 ) ) ;
#1328 = CIRCLE ( 'NONE', #4064, 2.249999999999974243 ) ;
#1329 = PLANE ( 'NONE',  #3522 ) ;
#1330 = CARTESIAN_POINT ( 'NONE',  ( 17.75928699750859607, 61.68354270291752073, 0.000000000000000000 ) ) ;
#1331 = ORIENTED_EDGE ( 'NONE', *, *, #2807, .T. ) ;
#1332 = EDGE_CURVE ( 'NONE', #2987, #907, #2717, .T. ) ;
#1333 = DIRECTION ( 'NONE',  ( 1.000000000000000000, 0.000000000000000000, 0.000000000000000000 ) ) ;
#1334 = EDGE_CURVE ( 'NONE', #1235, #1287, #3493, .T. ) ;
#1335 = CARTESIAN_POINT ( 'NONE',  ( 34.18354270291769836, 41.65928699750809727, 30.00000000000000000 ) ) ;
#1336 = ORIENTED_EDGE ( 'NONE', *, *, #4558, .T. ) ;
#1337 = EDGE_CURVE ( 'NONE', #2963, #2321, #2001, .T. ) ;
#1338 = VERTEX_POINT ( 'NONE', #4481 ) ;
#1339 = VECTOR ( 'NONE', #1455, 999.9999999999998863 ) ;
#1340 = CARTESIAN_POINT ( 'NONE',  ( -14.15928699750854491, -6.683542702917516287, 0.4999999999999726885 ) ) ;
#1341 = AXIS2_PLACEMENT_3D ( 'NONE', #3880, #2116, #1429 ) ;
#1342 = VERTEX_POINT ( 'NONE', #2740 ) ;
#1343 = DIRECTION ( 'NONE',  ( 0.000000000000000000, 0.000000000000000000, -1.000000000000000000 ) ) ;
#1344 = AXIS2_PLACEMENT_3D ( 'NONE', #4073, #4092, #557 ) ;
#1345 = DIRECTION ( 'NONE',  ( 0.000000000000000000, -0.000000000000000000, -1.000000000000000000 ) ) ;
#1346 = ORIENTED_EDGE ( 'NONE', *, *, #2275, .T. ) ;
#1347 = CONICAL_SURFACE ( 'NONE', #80, 1.749999999999999778, 0.7853981633974396193 ) ;
#1348 = EDGE_CURVE ( 'NONE', #3574, #191, #4157, .T. ) ;
#1349 = DIRECTION ( 'NONE',  ( 0.000000000000000000, 0.000000000000000000, -1.000000000000000000 ) ) ;
#1350 = VERTEX_POINT ( 'NONE', #4160 ) ;
#1351 = CONICAL_SURFACE ( 'NONE', #2243, 3.100000000000003642, 0.7853981633974361776 ) ;
#1352 = CARTESIAN_POINT ( 'NONE',  ( 35.84999999999999432, -42.50000000000000000, 29.50000000000000000 ) ) ;
#1353 = DIRECTION ( 'NONE',  ( -0.000000000000000000, 0.000000000000000000, 1.000000000000000000 ) ) ;
#1354 = CARTESIAN_POINT ( 'NONE',  ( -33.75000000000000711, -42.49999999999999289, 29.50000000000000000 ) ) ;
#1356 = AXIS2_PLACEMENT_3D ( 'NONE', #1905, #3309, #1561 ) ;
#1355 = CARTESIAN_POINT ( 'NONE',  ( 74.25000000000001421, -77.50000000000001421, 6.999999999999995559 ) ) ;
#1357 = CARTESIAN_POINT ( 'NONE',  ( 3.081487911019577365E-30, 27.50000000000000355, 9.000000000000008882 ) ) ;
#1358 = EDGE_CURVE ( 'NONE', #3487, #1350, #1867, .T. ) ;
#1359 = CARTESIAN_POINT ( 'NONE',  ( 34.18354270291769836, 41.65928699750809727, 4.499999999999976019 ) ) ;
#1360 = ORIENTED_EDGE ( 'NONE', *, *, #1334, .F. ) ;
#1361 = DIRECTION ( 'NONE',  ( 0.000000000000000000, 0.000000000000000000, 1.000000000000000000 ) ) ;
#1362 = VERTEX_POINT ( 'NONE', #959 ) ;
#1363 = ORIENTED_EDGE ( 'NONE', *, *, #484, .F. ) ;
#1364 = LINE ( 'NONE', #2057, #1309 ) ;
#1365 = PLANE ( 'NONE',  #4346 ) ;
#1366 = DIRECTION ( 'NONE',  ( 1.000000000000000000, 8.410780489584520404E-17, -0.000000000000000000 ) ) ;
#1367 = EDGE_CURVE ( 'NONE', #4371, #2599, #2375, .T. ) ;
#1368 = EDGE_CURVE ( 'NONE', #4475, #3585, #525, .T. ) ;
#1369 = DIRECTION ( 'NONE',  ( 1.000000000000000000, 9.912705577010326782E-17, -0.000000000000000000 ) ) ;
#1370 = FACE_BOUND ( 'NONE', #59, .T. ) ;
#1371 = ORIENTED_EDGE ( 'NONE', *, *, #1044, .T. ) ;
#1372 = CYLINDRICAL_SURFACE ( 'NONE', #2090, 3.099999999999991651 ) ;
#1373 = EDGE_CURVE ( 'NONE', #3667, #46, #3080, .T. ) ;
#1374 = ORIENTED_EDGE ( 'NONE', *, *, #542, .F. ) ;
#1375 = ORIENTED_EDGE ( 'NONE', *, *, #1227, .F. ) ;
#1376 = DIRECTION ( 'NONE',  ( 0.000000000000000000, 0.000000000000000000, 1.000000000000000000 ) ) ;
#1377 = CARTESIAN_POINT ( 'NONE',  ( 34.18354270291752073, 13.34071300249146219, 9.500000000000023093 ) ) ;
#1378 = DIRECTION ( 'NONE',  ( 1.000000000000000000, 0.000000000000000000, 0.000000000000000000 ) ) ;
#1379 = DIRECTION ( 'NONE',  ( -1.000000000000000000, 0.000000000000000000, 0.000000000000000000 ) ) ;
#1380 = EDGE_CURVE ( 'NONE', #3667, #159, #2680, .T. ) ;
#1381 = CARTESIAN_POINT ( 'NONE',  ( 74.25000000000000000, -77.50000000000001421, 20.89999999999999858 ) ) ;
#1382 = CARTESIAN_POINT ( 'NONE',  ( 69.75000000000000000, -52.50000000000001421, 28.99999999999999645 ) ) ;
#1383 = ORIENTED_EDGE ( 'NONE', *, *, #3428, .T. ) ;
#1384 = LINE ( 'NONE', #2786, #4430 ) ;
#1385 = VERTEX_POINT ( 'NONE', #431 ) ;
#1386 = ADVANCED_FACE ( 'NONE', ( #3282 ), #1117, .F. ) ;
#1387 = ORIENTED_EDGE ( 'NONE', *, *, #1211, .F. ) ;
#1388 = VECTOR ( 'NONE', #1766, 1000.000000000000114 ) ;
#1389 = CYLINDRICAL_SURFACE ( 'NONE', #939, 3.099999999999998757 ) ;
#1390 = EDGE_CURVE ( 'NONE', #3676, #1831, #2312, .T. ) ;
#1391 = VECTOR ( 'NONE', #1031, 1000.000000000000000 ) ;
#1392 = CIRCLE ( 'NONE', #1088, 2.249999999999974243 ) ;
#1393 = ORIENTED_EDGE ( 'NONE', *, *, #1105, .T. ) ;
#1394 = DIRECTION ( 'NONE',  ( 0.000000000000000000, 1.000000000000000000, 0.000000000000000000 ) ) ;
#1395 = DIRECTION ( 'NONE',  ( 1.000000000000000000, 0.000000000000000000, 0.000000000000000000 ) ) ;
#1396 = EDGE_LOOP ( 'NONE', ( #3055, #2015, #4116, #3642 ) ) ;
#1397 = AXIS2_PLACEMENT_3D ( 'NONE', #2590, #1877, #400 ) ;
#1398 = CONICAL_SURFACE ( 'NONE', #3980, 3.099999999999991651, 0.7853981633974660426 ) ;
#1399 = EDGE_CURVE ( 'NONE', #1435, #449, #3978, .T. ) ;
#1400 = EDGE_CURVE ( 'NONE', #681, #1039, #2887, .T. ) ;
#1401 = FACE_OUTER_BOUND ( 'NONE', #1884, .T. ) ;
#1402 = ORIENTED_EDGE ( 'NONE', *, *, #3470, .F. ) ;
#1403 = VECTOR ( 'NONE', #3581, 1000.000000000000000 ) ;
#1404 = AXIS2_PLACEMENT_3D ( 'NONE', #1190, #1863, #488 ) ;
#1405 = CARTESIAN_POINT ( 'NONE',  ( -41.00000000000000000, 27.50000000000000711, 10.00000000000000888 ) ) ;
#1406 = DIRECTION ( 'NONE',  ( 1.000000000000000000, 0.000000000000000000, 0.000000000000000000 ) ) ;
#1407 = DIRECTION ( 'NONE',  ( -1.000000000000000000, 0.000000000000000000, 0.000000000000000000 ) ) ;
#1408 = PLANE ( 'NONE',  #3645 ) ;
#1409 = CIRCLE ( 'NONE', #1553, 2.600000000000019185 ) ;
#1410 = DIRECTION ( 'NONE',  ( 1.000000000000000000, 0.000000000000000000, 0.000000000000000000 ) ) ;
#1411 = CIRCLE ( 'NONE', #4369, 2.249999999999974243 ) ;
#1412 = DIRECTION ( 'NONE',  ( -1.000000000000000000, 0.000000000000000000, 0.000000000000000000 ) ) ;
#1413 = ORIENTED_EDGE ( 'NONE', *, *, #3326, .F. ) ;
#1414 = ORIENTED_EDGE ( 'NONE', *, *, #1816, .F. ) ;
#1415 = DIRECTION ( 'NONE',  ( -1.000000000000000000, 0.000000000000000000, 0.000000000000000000 ) ) ;
#1416 = ADVANCED_FACE ( 'NONE', ( #1822 ), #1480, .F. ) ;
#1417 = ORIENTED_EDGE ( 'NONE', *, *, #963, .F. ) ;
#1418 = CARTESIAN_POINT ( 'NONE',  ( -14.15928699750854491, -6.683542702917516287, 4.000000000000000000 ) ) ;
#1419 = CIRCLE ( 'NONE', #873, 24.74999999999996803 ) ;
#1420 = ORIENTED_EDGE ( 'NONE', *, *, #2360, .T. ) ;
#1421 = CARTESIAN_POINT ( 'NONE',  ( -14.15928699750810082, 61.68354270291770547, 9.500000000000023093 ) ) ;
#1422 = VERTEX_POINT ( 'NONE', #3260 ) ;
#1423 = CIRCLE ( 'NONE', #2606, 3.100000000000001865 ) ;
#1424 = EDGE_CURVE ( 'NONE', #4443, #772, #1428, .T. ) ;
#1425 = CYLINDRICAL_SURFACE ( 'NONE', #869, 2.099999999999997868 ) ;
#1426 = CARTESIAN_POINT ( 'NONE',  ( 14.15928699750809727, -6.683542702917696587, 9.499999999999991118 ) ) ;
#1427 = DIRECTION ( 'NONE',  ( 0.7071067811865647812, 0.000000000000000000, -0.7071067811865302533 ) ) ;
#1428 = CIRCLE ( 'NONE', #2899, 2.249999999999974243 ) ;
#1429 = DIRECTION ( 'NONE',  ( 0.000000000000000000, 1.000000000000000000, 0.000000000000000000 ) ) ;
#1430 = VECTOR ( 'NONE', #2371, 1000.000000000000114 ) ;
#1431 = CARTESIAN_POINT ( 'NONE',  ( 30.58354270291752641, 13.34071300249146219, 0.000000000000000000 ) ) ;
#1432 = ORIENTED_EDGE ( 'NONE', *, *, #2948, .F. ) ;
#1433 = ORIENTED_EDGE ( 'NONE', *, *, #995, .F. ) ;
#1434 = CARTESIAN_POINT ( 'NONE',  ( -24.74999999999999289, 27.50000000000000711, 10.00000000000000000 ) ) ;
#1435 = VERTEX_POINT ( 'NONE', #4005 ) ;
#1436 = LINE ( 'NONE', #3539, #2968 ) ;
#1437 = ORIENTED_EDGE ( 'NONE', *, *, #4268, .T. ) ;
#1438 = LINE ( 'NONE', #2088, #2431 ) ;
#1439 = VERTEX_POINT ( 'NONE', #1507 ) ;
#1440 = VERTEX_POINT ( 'NONE', #4303 ) ;
#1441 = CARTESIAN_POINT ( 'NONE',  ( 74.25000000000000000, -77.50000000000001421, 23.00000000000000000 ) ) ;
#1442 = EDGE_CURVE ( 'NONE', #1287, #1235, #827, .T. ) ;
#1443 = DIRECTION ( 'NONE',  ( 1.000000000000000000, 0.000000000000000000, 0.000000000000000000 ) ) ;
#1444 = DIRECTION ( 'NONE',  ( 1.000000000000000000, -9.912705577010326782E-17, -0.000000000000000000 ) ) ;
#1445 = ADVANCED_FACE ( 'NONE', ( #1125 ), #2225, .F. ) ;
#1446 = CARTESIAN_POINT ( 'NONE',  ( -34.18354270291752783, 41.65928699750855202, 4.499999999999983125 ) ) ;
#1447 = CARTESIAN_POINT ( 'NONE',  ( -34.18354270291769836, 13.34071300249190273, 30.00000000000000000 ) ) ;
#1448 = EDGE_CURVE ( 'NONE', #2589, #191, #3930, .T. ) ;
#1449 = EDGE_CURVE ( 'NONE', #3845, #261, #2913, .T. ) ;
#1450 = EDGE_LOOP ( 'NONE', ( #3729, #404, #522, #1371, #1433 ) ) ;
#1451 = FACE_OUTER_BOUND ( 'NONE', #3847, .T. ) ;
#1452 = VERTEX_POINT ( 'NONE', #3655 ) ;
#1453 = CARTESIAN_POINT ( 'NONE',  ( 69.75000000000000000, -62.50000000000001421, 28.99999999999999645 ) ) ;
#1454 = VERTEX_POINT ( 'NONE', #1926 ) ;
#1455 = DIRECTION ( 'NONE',  ( 0.6974565623330584163, -0.1646471600639120569, -0.6974565623330540864 ) ) ;
#1456 = AXIS2_PLACEMENT_3D ( 'NONE', #31, #3244, #2178 ) ;
#1457 = ORIENTED_EDGE ( 'NONE', *, *, #1208, .F. ) ;
#1458 = AXIS2_PLACEMENT_3D ( 'NONE', #4530, #4507, #2114 ) ;
#1459 = DIRECTION ( 'NONE',  ( 1.000000000000000000, 0.000000000000000000, 0.000000000000000000 ) ) ;
#1460 = CONICAL_SURFACE ( 'NONE', #3377, 3.100000000000001865, 0.7853981633974639331 ) ;
#1461 = EDGE_LOOP ( 'NONE', ( #2529, #3706, #1862, #3401 ) ) ;
#1462 = VERTEX_POINT ( 'NONE', #4352 ) ;
#1463 = AXIS2_PLACEMENT_3D ( 'NONE', #2247, #379, #3951 ) ;
#1464 = CYLINDRICAL_SURFACE ( 'NONE', #4568, 23.75000000000000355 ) ;
#1465 = ORIENTED_EDGE ( 'NONE', *, *, #1710, .T. ) ;
#1466 = LINE ( 'NONE', #4293, #1624 ) ;
#1467 = FACE_OUTER_BOUND ( 'NONE', #1928, .T. ) ;
#1468 = LINE ( 'NONE', #3548, #233 ) ;
#1469 = VECTOR ( 'NONE', #3647, 1000.000000000000114 ) ;
#1470 = CIRCLE ( 'NONE', #4065, 2.099999999999997868 ) ;
#1471 = EDGE_CURVE ( 'NONE', #2089, #2826, #2609, .T. ) ;
#1472 = AXIS2_PLACEMENT_3D ( 'NONE', #1289, #3045, #4466 ) ;
#1473 = DIRECTION ( 'NONE',  ( 0.7071067811865434649, 8.659560562354883554E-17, -0.7071067811865516806 ) ) ;
#1474 = CONICAL_SURFACE ( 'NONE', #4076, 1.750000000000001554, 0.7853981633974391752 ) ;
#1475 = VERTEX_POINT ( 'NONE', #2248 ) ;
#1476 = EDGE_CURVE ( 'NONE', #2777, #1177, #2013, .T. ) ;
#1477 = DIRECTION ( 'NONE',  ( 1.000000000000000000, 0.000000000000000000, 0.000000000000000000 ) ) ;
#1478 = VERTEX_POINT ( 'NONE', #1557 ) ;
#1479 = DIRECTION ( 'NONE',  ( 0.7071067811865434649, 8.659560562354883554E-17, -0.7071067811865516806 ) ) ;
#1480 = CYLINDRICAL_SURFACE ( 'NONE', #3931, 1.750000000000001554 ) ;
#1481 = CONICAL_SURFACE ( 'NONE', #1025, 1.750000000000001554, 0.7853981633974391752 ) ;
#1482 = FACE_OUTER_BOUND ( 'NONE', #940, .T. ) ;
#1483 = ORIENTED_EDGE ( 'NONE', *, *, #3777, .F. ) ;
#1484 = EDGE_CURVE ( 'NONE', #2918, #1950, #3042, .T. ) ;
#1485 = DIRECTION ( 'NONE',  ( -0.000000000000000000, -0.000000000000000000, -1.000000000000000000 ) ) ;
#1486 = ORIENTED_EDGE ( 'NONE', *, *, #2821, .F. ) ;
#1487 = DIRECTION ( 'NONE',  ( 0.000000000000000000, 0.000000000000000000, 1.000000000000000000 ) ) ;
#1488 = EDGE_LOOP ( 'NONE', ( #4582, #384 ) ) ;
#1489 = FACE_OUTER_BOUND ( 'NONE', #4172, .T. ) ;
#1490 = ORIENTED_EDGE ( 'NONE', *, *, #4199, .F. ) ;
#1491 = DIRECTION ( 'NONE',  ( 0.000000000000000000, 0.000000000000000000, -1.000000000000000000 ) ) ;
#1492 = ORIENTED_EDGE ( 'NONE', *, *, #3397, .T. ) ;
#1493 = CARTESIAN_POINT ( 'NONE',  ( -74.74999999999998579, -81.50000000000000000, 1.000000000000000888 ) ) ;
#1494 = CARTESIAN_POINT ( 'NONE',  ( 32.43354270291769836, 41.65928699750809727, 9.500000000000023093 ) ) ;
#1495 = VECTOR ( 'NONE', #52, 1000.000000000000114 ) ;
#1496 = CIRCLE ( 'NONE', #2313, 2.100000000000000977 ) ;
#1498 = AXIS2_PLACEMENT_3D ( 'NONE', #3082, #3112, #4508 ) ;
#1497 = DIRECTION ( 'NONE',  ( 0.7071067811865450192, -4.807406715958908900E-15, -0.7071067811865500152 ) ) ;
#1499 = EDGE_CURVE ( 'NONE', #3806, #918, #4028, .T. ) ;
#1500 = ADVANCED_FACE ( 'NONE', ( #3328 ), #1304, .F. ) ;
#1501 = AXIS2_PLACEMENT_3D ( 'NONE', #1091, #3621, #3222 ) ;
#1502 = EDGE_LOOP ( 'NONE', ( #4213, #3265 ) ) ;
#1503 = FACE_OUTER_BOUND ( 'NONE', #526, .T. ) ;
#1504 = ORIENTED_EDGE ( 'NONE', *, *, #1237, .F. ) ;
#1505 = CARTESIAN_POINT ( 'NONE',  ( -31.08354270291753352, 41.65928699750855202, 4.000000000000000000 ) ) ;
#1506 = EDGE_CURVE ( 'NONE', #286, #4443, #2097, .T. ) ;
#1507 = CARTESIAN_POINT ( 'NONE',  ( -36.35000000000002984, -42.49999999999999289, 30.00000000000000000 ) ) ;
#1508 = AXIS2_PLACEMENT_3D ( 'NONE', #583, #3038, #1378 ) ;
#1509 = DIRECTION ( 'NONE',  ( 1.000000000000000000, 0.000000000000000000, 0.000000000000000000 ) ) ;
#1510 = ORIENTED_EDGE ( 'NONE', *, *, #2144, .F. ) ;
#1511 = CARTESIAN_POINT ( 'NONE',  ( -14.15928699750810082, 61.68354270291770547, 18.76812408671320398 ) ) ;
#1512 = DIRECTION ( 'NONE',  ( 0.000000000000000000, 0.000000000000000000, 1.000000000000000000 ) ) ;
#1513 = ORIENTED_EDGE ( 'NONE', *, *, #3256, .T. ) ;
#1514 = CARTESIAN_POINT ( 'NONE',  ( -48.84005604253233912, 38.20742386208286234, 0.000000000000000000 ) ) ;
#1515 = ADVANCED_FACE ( 'NONE', ( #3061 ), #4483, .F. ) ;
#1516 = EDGE_CURVE ( 'NONE', #4540, #1881, #2024, .T. ) ;
#1517 = ORIENTED_EDGE ( 'NONE', *, *, #1816, .T. ) ;
#1518 = EDGE_CURVE ( 'NONE', #3073, #3066, #228, .T. ) ;
#1519 = DIRECTION ( 'NONE',  ( -1.000000000000000000, 0.000000000000000000, 0.000000000000000000 ) ) ;
#1520 = ORIENTED_EDGE ( 'NONE', *, *, #1373, .T. ) ;
#1521 = DIRECTION ( 'NONE',  ( 0.7071067811865410224, 0.000000000000000000, 0.7071067811865540120 ) ) ;
#1522 = ORIENTED_EDGE ( 'NONE', *, *, #1400, .T. ) ;
#1523 = CARTESIAN_POINT ( 'NONE',  ( -74.75000000000000000, -72.50000000000001421, 1.000000000000001554 ) ) ;
#1524 = DIRECTION ( 'NONE',  ( 0.7071067811865500152, 0.000000000000000000, 0.7071067811865451302 ) ) ;
#1525 = CARTESIAN_POINT ( 'NONE',  ( -66.75000000000002842, -77.50000000000001421, 6.999999999999995559 ) ) ;
#1526 = VERTEX_POINT ( 'NONE', #1006 ) ;
#1527 = LINE ( 'NONE', #100, #1932 ) ;
#1528 = ORIENTED_EDGE ( 'NONE', *, *, #4539, .T. ) ;
#1529 = CARTESIAN_POINT ( 'NONE',  ( 36.35000000000001563, -42.50000000000000000, 30.00000000000000000 ) ) ;
#1530 = CARTESIAN_POINT ( 'NONE',  ( 34.18354270291769836, 41.65928699750809727, 30.00000000000000000 ) ) ;
#1531 = CARTESIAN_POINT ( 'NONE',  ( -68.74999999999997158, -52.60833081536779332, 30.00000000000000000 ) ) ;
#1532 = ADVANCED_FACE ( 'NONE', ( #1729, #871, #4048, #2452 ), #3501, .T. ) ;
#1533 = ORIENTED_EDGE ( 'NONE', *, *, #1710, .F. ) ;
#1534 = LINE ( 'NONE', #479, #432 ) ;
#1535 = DIRECTION ( 'NONE',  ( 1.000000000000000000, -9.912705577010326782E-17, 0.000000000000000000 ) ) ;
#1536 = EDGE_CURVE ( 'NONE', #4484, #2367, #4533, .T. ) ;
#1537 = ORIENTED_EDGE ( 'NONE', *, *, #3629, .T. ) ;
#1538 = LINE ( 'NONE', #880, #4563 ) ;
#1539 = ORIENTED_EDGE ( 'NONE', *, *, #4314, .F. ) ;
#1540 = CARTESIAN_POINT ( 'NONE',  ( 12.40928699750855024, 61.68354270291752073, 9.499999999999987566 ) ) ;
#1541 = ORIENTED_EDGE ( 'NONE', *, *, #549, .T. ) ;
#1542 = ADVANCED_FACE ( 'NONE', ( #2719 ), #4137, .F. ) ;
#1543 = FACE_OUTER_BOUND ( 'NONE', #2824, .T. ) ;
#1544 = AXIS2_PLACEMENT_3D ( 'NONE', #1596, #2651, #4108 ) ;
#1545 = CARTESIAN_POINT ( 'NONE',  ( 41.00000000000000000, 27.50000000000000355, 28.99999999999997158 ) ) ;
#1546 = AXIS2_PLACEMENT_3D ( 'NONE', #275, #2112, #2827 ) ;
#1547 = DIRECTION ( 'NONE',  ( 0.7071067811865450192, -4.683503006024102313E-15, 0.7071067811865500152 ) ) ;
#1548 = VECTOR ( 'NONE', #1843, 1000.000000000000000 ) ;
#1549 = VECTOR ( 'NONE', #3995, 1000.000000000000000 ) ;
#1550 = AXIS2_PLACEMENT_3D ( 'NONE', #3379, #1296, #2641 ) ;
#1551 = AXIS2_PLACEMENT_3D ( 'NONE', #1447, #4345, #1118 ) ;
#1552 = EDGE_LOOP ( 'NONE', ( #4355, #2056, #4236, #2893 ) ) ;
#1553 = AXIS2_PLACEMENT_3D ( 'NONE', #4331, #2637, #3606 ) ;
#1554 = DIRECTION ( 'NONE',  ( 0.000000000000000000, 0.000000000000000000, -1.000000000000000000 ) ) ;
#1555 = PLANE ( 'NONE',  #4057 ) ;
#1556 = EDGE_CURVE ( 'NONE', #2105, #248, #234, .T. ) ;
#1557 = CARTESIAN_POINT ( 'NONE',  ( 23.75000000000000355, 27.50000000000000355, 9.000000000000008882 ) ) ;
#1558 = DIRECTION ( 'NONE',  ( -0.4472135954999599261, 0.8944271909999148562, 0.000000000000000000 ) ) ;
#1559 = EDGE_LOOP ( 'NONE', ( #3287, #3753 ) ) ;
#1560 = ORIENTED_EDGE ( 'NONE', *, *, #4016, .T. ) ;
#1561 = DIRECTION ( 'NONE',  ( 1.000000000000000000, 0.000000000000000000, 0.000000000000000000 ) ) ;
#1562 = DIRECTION ( 'NONE',  ( -0.000000000000000000, -0.000000000000000000, -1.000000000000000000 ) ) ;
#1563 = VERTEX_POINT ( 'NONE', #1705 ) ;
#1564 = VECTOR ( 'NONE', #3652, 1000.000000000000114 ) ;
#1565 = ADVANCED_FACE ( 'NONE', ( #628 ), #3135, .T. ) ;
#1566 = CARTESIAN_POINT ( 'NONE',  ( -11.05928699750854172, -6.683542702917516287, 0.4999999999999726885 ) ) ;
#1567 = CARTESIAN_POINT ( 'NONE',  ( 1.540743955509788682E-30, 27.50000000000000355, 30.00000000000000000 ) ) ;
#1568 = VERTEX_POINT ( 'NONE', #1330 ) ;
#1569 = DIRECTION ( 'NONE',  ( 1.000000000000000000, 9.912705577010326782E-17, -0.000000000000000000 ) ) ;
#1570 = DIRECTION ( 'NONE',  ( -0.000000000000000000, -0.000000000000000000, -1.000000000000000000 ) ) ;
#1571 = EDGE_CURVE ( 'NONE', #4287, #4103, #3486, .T. ) ;
#1572 = LINE ( 'NONE', #925, #295 ) ;
#1573 = AXIS2_PLACEMENT_3D ( 'NONE', #132, #2665, #4421 ) ;
#1574 = EDGE_CURVE ( 'NONE', #3026, #2987, #4091, .T. ) ;
#1575 = ADVANCED_FACE ( 'NONE', ( #2742 ), #1347, .F. ) ;
#1576 = ORIENTED_EDGE ( 'NONE', *, *, #1165, .F. ) ;
#1577 = EDGE_LOOP ( 'NONE', ( #2639, #15, #2494, #2837 ) ) ;
#1578 = LINE ( 'NONE', #1662, #2204 ) ;
#1579 = CARTESIAN_POINT ( 'NONE',  ( -14.15928699750854491, -6.683542702917516287, 30.00000000000000000 ) ) ;
#1580 = CIRCLE ( 'NONE', #4166, 2.249999999999974243 ) ;
#1581 = CARTESIAN_POINT ( 'NONE',  ( 69.75000000000000000, -52.50000000000001421, 0.000000000000000000 ) ) ;
#1582 = VERTEX_POINT ( 'NONE', #987 ) ;
#1583 = DIRECTION ( 'NONE',  ( -0.000000000000000000, 0.000000000000000000, 1.000000000000000000 ) ) ;
#1584 = DIRECTION ( 'NONE',  ( 1.000000000000000000, 0.000000000000000000, 0.000000000000000000 ) ) ;
#1585 = EDGE_CURVE ( 'NONE', #4467, #195, #1202, .T. ) ;
#1586 = ORIENTED_EDGE ( 'NONE', *, *, #3292, .T. ) ;
#1587 = AXIS2_PLACEMENT_3D ( 'NONE', #4021, #1892, #468 ) ;
#1588 = EDGE_CURVE ( 'NONE', #1478, #2841, #1946, .T. ) ;
#1589 = DIRECTION ( 'NONE',  ( -0.7071067811865414665, 0.000000000000000000, -0.7071067811865536790 ) ) ;
#1590 = CARTESIAN_POINT ( 'NONE',  ( -74.74999999999998579, -77.50000000000001421, 25.59999999999993392 ) ) ;
#1591 = EDGE_LOOP ( 'NONE', ( #2346, #4553, #2166, #1767 ) ) ;
#1592 = DIRECTION ( 'NONE',  ( 1.000000000000000000, 0.000000000000000000, 0.000000000000000000 ) ) ;
#1593 = EDGE_LOOP ( 'NONE', ( #600, #4203, #1294, #3033, #3198 ) ) ;
#1594 = DIRECTION ( 'NONE',  ( 0.7071067811865474617, 0.7071067811865474617, -0.000000000000000000 ) ) ;
#1595 = EDGE_CURVE ( 'NONE', #130, #3073, #4551, .T. ) ;
#1596 = CARTESIAN_POINT ( 'NONE',  ( 34.18354270291752073, 13.34071300249146219, 4.499999999999976019 ) ) ;
#1597 = DIRECTION ( 'NONE',  ( -0.000000000000000000, 0.000000000000000000, 1.000000000000000000 ) ) ;
#1598 = CARTESIAN_POINT ( 'NONE',  ( 24.74999999999996803, 27.50000000000000711, 0.000000000000000000 ) ) ;
#1599 = ORIENTED_EDGE ( 'NONE', *, *, #1227, .T. ) ;
#1600 = ORIENTED_EDGE ( 'NONE', *, *, #2119, .T. ) ;
#1601 = CYLINDRICAL_SURFACE ( 'NONE', #1920, 1.750000000000001554 ) ;
#1602 = EDGE_CURVE ( 'NONE', #3804, #2122, #2683, .T. ) ;
#1603 = FACE_OUTER_BOUND ( 'NONE', #2533, .T. ) ;
#1604 = ORIENTED_EDGE ( 'NONE', *, *, #1585, .T. ) ;
#1605 = DIRECTION ( 'NONE',  ( -1.000000000000000000, 0.000000000000000000, 0.000000000000000000 ) ) ;
#1606 = CARTESIAN_POINT ( 'NONE',  ( 35.93354270291770547, 41.65928699750809727, 9.500000000000023093 ) ) ;
#1607 = EDGE_LOOP ( 'NONE', ( #3076, #2915, #3227, #2883 ) ) ;
#1608 = DIRECTION ( 'NONE',  ( -1.000000000000000000, -0.000000000000000000, -0.000000000000000000 ) ) ;
#1609 = DIRECTION ( 'NONE',  ( 0.000000000000000000, 0.000000000000000000, -1.000000000000000000 ) ) ;
#1610 = CARTESIAN_POINT ( 'NONE',  ( -32.43354270291753494, 41.65928699750855202, 30.00000000000000000 ) ) ;
#1611 = ORIENTED_EDGE ( 'NONE', *, *, #1293, .T. ) ;
#1612 = DIRECTION ( 'NONE',  ( -0.000000000000000000, -0.000000000000000000, -1.000000000000000000 ) ) ;
#1613 = CARTESIAN_POINT ( 'NONE',  ( 69.75000000000000000, -62.50000000000001421, 1.000000000000001554 ) ) ;
#1614 = CARTESIAN_POINT ( 'NONE',  ( -68.74999999999997158, -62.73606797749980757, 0.000000000000000000 ) ) ;
#1615 = DIRECTION ( 'NONE',  ( -9.570888143320314409E-17, 1.000000000000000000, 0.000000000000000000 ) ) ;
#1616 = FACE_OUTER_BOUND ( 'NONE', #3932, .T. ) ;
#1617 = AXIS2_PLACEMENT_3D ( 'NONE', #4119, #3067, #4491 ) ;
#1618 = ADVANCED_FACE ( 'NONE', ( #1069 ), #2140, .F. ) ;
#1619 = EDGE_CURVE ( 'NONE', #1644, #286, #4248, .T. ) ;
#1620 = VERTEX_POINT ( 'NONE', #693 ) ;
#1621 = CIRCLE ( 'NONE', #4210, 2.249999999999974243 ) ;
#1622 = CIRCLE ( 'NONE', #4061, 2.249999999999974243 ) ;
#1623 = CARTESIAN_POINT ( 'NONE',  ( -33.75000000000000711, -42.49999999999999289, 30.00000000000000000 ) ) ;
#1624 = VECTOR ( 'NONE', #2160, 1000.000000000000000 ) ;
#1625 = DIRECTION ( 'NONE',  ( -1.000000000000000000, 0.000000000000000000, 0.000000000000000000 ) ) ;
#1626 = ADVANCED_FACE ( 'NONE', ( #1865 ), #3894, .F. ) ;
#1627 = ORIENTED_EDGE ( 'NONE', *, *, #4419, .T. ) ;
#1628 = DIRECTION ( 'NONE',  ( 1.000000000000000000, 0.000000000000000000, 0.000000000000000000 ) ) ;
#1629 = ORIENTED_EDGE ( 'NONE', *, *, #3312, .T. ) ;
#1630 = DIRECTION ( 'NONE',  ( 1.000000000000000000, 0.000000000000000000, 0.000000000000000000 ) ) ;
#1631 = VERTEX_POINT ( 'NONE', #3571 ) ;
#1632 = FACE_BOUND ( 'NONE', #4030, .T. ) ;
#1633 = CONICAL_SURFACE ( 'NONE', #3916, 3.100000000000003642, 0.7853981633974361776 ) ;
#1634 = LINE ( 'NONE', #1936, #3904 ) ;
#1635 = ORIENTED_EDGE ( 'NONE', *, *, #3014, .T. ) ;
#1636 = DIRECTION ( 'NONE',  ( -1.000000000000000000, -0.000000000000000000, -0.000000000000000000 ) ) ;
#1637 = CARTESIAN_POINT ( 'NONE',  ( 14.15928699750854847, 61.68354270291752073, 4.000000000000000000 ) ) ;
#1638 = DIRECTION ( 'NONE',  ( -1.000000000000000000, 0.000000000000000000, 0.000000000000000000 ) ) ;
#1639 = CARTESIAN_POINT ( 'NONE',  ( -74.25000000000004263, -77.50000000000001421, 23.00000000000000000 ) ) ;
#1640 = DIRECTION ( 'NONE',  ( 0.7071067811865412445, 0.000000000000000000, 0.7071067811865537900 ) ) ;
#1641 = ORIENTED_EDGE ( 'NONE', *, *, #1588, .F. ) ;
#1642 = DIRECTION ( 'NONE',  ( -1.000000000000000000, -8.410780489584520404E-17, 0.000000000000000000 ) ) ;
#1643 = DIRECTION ( 'NONE',  ( -0.000000000000000000, 0.000000000000000000, 1.000000000000000000 ) ) ;
#1644 = VERTEX_POINT ( 'NONE', #1494 ) ;
#1645 = EDGE_LOOP ( 'NONE', ( #355, #2526 ) ) ;
#1646 = FACE_OUTER_BOUND ( 'NONE', #2603, .T. ) ;
#1647 = AXIS2_PLACEMENT_3D ( 'NONE', #4438, #164, #1265 ) ;
#1648 = VERTEX_POINT ( 'NONE', #2115 ) ;
#1649 = CARTESIAN_POINT ( 'NONE',  ( 66.75000000000002842, -77.50000000000001421, 23.00000000000000000 ) ) ;
#1650 = AXIS2_PLACEMENT_3D ( 'NONE', #19, #1444, #2847 ) ;
#1651 = DIRECTION ( 'NONE',  ( 1.000000000000000000, 0.000000000000000000, 0.000000000000000000 ) ) ;
#1652 = ORIENTED_EDGE ( 'NONE', *, *, #4148, .T. ) ;
#1653 = ADVANCED_FACE ( 'NONE', ( #717 ), #70, .T. ) ;
#1654 = DIRECTION ( 'NONE',  ( 0.000000000000000000, -1.000000000000000000, 0.000000000000000000 ) ) ;
#1655 = EDGE_CURVE ( 'NONE', #1968, #2997, #4384, .T. ) ;
#1656 = LINE ( 'NONE', #2310, #2818 ) ;
#1657 = CARTESIAN_POINT ( 'NONE',  ( 0.000000000000000000, 0.000000000000000000, 4.000000000000000000 ) ) ;
#1658 = CARTESIAN_POINT ( 'NONE',  ( -71.58292867608211907, -52.30143734200916583, 2.832928676082135500 ) ) ;
#1659 = CARTESIAN_POINT ( 'NONE',  ( 1.540743955509788682E-30, 27.50000000000000355, -115.9655121145937926 ) ) ;
#1660 = ORIENTED_EDGE ( 'NONE', *, *, #694, .F. ) ;
#1661 = DIRECTION ( 'NONE',  ( -0.7071067811865389130, 0.000000000000000000, -0.7071067811865561215 ) ) ;
#1662 = CARTESIAN_POINT ( 'NONE',  ( 69.75000000000000000, -62.50000000000001421, 0.000000000000000000 ) ) ;
#1663 = CARTESIAN_POINT ( 'NONE',  ( -74.74999999999998579, -81.50000000000000000, 1.000000000000000888 ) ) ;
#1664 = EDGE_LOOP ( 'NONE', ( #2611, #2819 ) ) ;
#1665 = CARTESIAN_POINT ( 'NONE',  ( 34.18354270291752073, 13.34071300249146219, 9.500000000000023093 ) ) ;
#1666 = LINE ( 'NONE', #3068, #1975 ) ;
#1667 = EDGE_CURVE ( 'NONE', #4165, #2565, #2904, .T. ) ;
#1668 = ORIENTED_EDGE ( 'NONE', *, *, #3312, .F. ) ;
#1669 = DIRECTION ( 'NONE',  ( 1.000000000000000000, 0.000000000000000000, 0.000000000000000000 ) ) ;
#1670 = CARTESIAN_POINT ( 'NONE',  ( 15.90928699750809905, -6.683542702917696587, 30.00000000000000000 ) ) ;
#1671 = ORIENTED_EDGE ( 'NONE', *, *, #4471, .T. ) ;
#1672 = DIRECTION ( 'NONE',  ( -1.000000000000000000, 0.000000000000000000, 0.000000000000000000 ) ) ;
#1673 = ORIENTED_EDGE ( 'NONE', *, *, #3120, .T. ) ;
#1674 = EDGE_CURVE ( 'NONE', #1385, #1844, #1580, .T. ) ;
#1675 = DIRECTION ( 'NONE',  ( 1.000000000000000000, 0.000000000000000000, 0.000000000000000000 ) ) ;
#1676 = FACE_BOUND ( 'NONE', #1228, .T. ) ;
#1677 = DIRECTION ( 'NONE',  ( 1.000000000000000000, 0.000000000000000000, 0.000000000000000000 ) ) ;
#1678 = LINE ( 'NONE', #3060, #1391 ) ;
#1679 = DIRECTION ( 'NONE',  ( 0.5773502691896258421, -0.5773502691896257311, -0.5773502691896257311 ) ) ;
#1680 = EDGE_LOOP ( 'NONE', ( #637, #4081, #3838, #1363 ) ) ;
#1681 = DIRECTION ( 'NONE',  ( 0.4472135954999599261, -0.8944271909999148562, 0.000000000000000000 ) ) ;
#1682 = MECHANICAL_DESIGN_GEOMETRIC_PRESENTATION_REPRESENTATION (  '', ( #936 ), #2121 ) ;
#1683 = CIRCLE ( 'NONE', #3593, 1.749999999999998002 ) ;
#1684 = DIRECTION ( 'NONE',  ( 0.000000000000000000, 0.000000000000000000, 1.000000000000000000 ) ) ;
#1685 = VECTOR ( 'NONE', #2080, 1000.000000000000114 ) ;
#1686 = ORIENTED_EDGE ( 'NONE', *, *, #34, .T. ) ;
#1687 = AXIS2_PLACEMENT_3D ( 'NONE', #1003, #1727, #3877 ) ;
#1688 = ORIENTED_EDGE ( 'NONE', *, *, #3911, .F. ) ;
#1689 = LINE ( 'NONE', #3817, #3675 ) ;
#1690 = AXIS2_PLACEMENT_3D ( 'NONE', #5, #4192, #1412 ) ;
#1691 = FACE_OUTER_BOUND ( 'NONE', #1993, .T. ) ;
#1692 = CIRCLE ( 'NONE', #4279, 3.599999999999992095 ) ;
#1693 = PLANE ( 'NONE',  #3610 ) ;
#1694 = AXIS2_PLACEMENT_3D ( 'NONE', #217, #872, #4516 ) ;
#1695 = DIRECTION ( 'NONE',  ( 1.000000000000000000, 0.000000000000000000, 0.000000000000000000 ) ) ;
#1696 = EDGE_LOOP ( 'NONE', ( #2231, #2130, #4281, #150, #1291 ) ) ;
#1697 = ADVANCED_FACE ( 'NONE', ( #2, #2829 ), #1408, .F. ) ;
#1698 = DIRECTION ( 'NONE',  ( 1.000000000000000000, 0.000000000000000000, 0.000000000000000000 ) ) ;
#1699 = VERTEX_POINT ( 'NONE', #445 ) ;
#1700 = PLANE ( 'NONE',  #3603 ) ;
#1701 = CARTESIAN_POINT ( 'NONE',  ( 14.15928699750854847, 61.68354270291752073, 4.499999999999983125 ) ) ;
#1702 = DIRECTION ( 'NONE',  ( 0.7071067811865632269, 0.000000000000000000, 0.7071067811865318076 ) ) ;
#1703 = VECTOR ( 'NONE', #3423, 1000.000000000000227 ) ;
#1704 = CARTESIAN_POINT ( 'NONE',  ( -31.65000000000001279, -42.49999999999999289, 29.50000000000000000 ) ) ;
#1705 = CARTESIAN_POINT ( 'NONE',  ( -74.74999999999998579, -77.50000000000001421, 4.400000000000060751 ) ) ;
#1706 = EDGE_CURVE ( 'NONE', #3446, #3690, #1468, .T. ) ;
#1707 = CARTESIAN_POINT ( 'NONE',  ( 35.93354270291770547, 41.65928699750809727, 30.00000000000000000 ) ) ;
#1708 = DIRECTION ( 'NONE',  ( -0.6324555320336752162, -0.3162277660168393845, 0.7071067811865474617 ) ) ;
#1709 = EDGE_CURVE ( 'NONE', #1620, #1178, #3868, .T. ) ;
#1710 = EDGE_CURVE ( 'NONE', #1342, #4290, #675, .T. ) ;
#1711 = EDGE_LOOP ( 'NONE', ( #48, #4317 ) ) ;
#1712 = EDGE_LOOP ( 'NONE', ( #2587, #644, #2065, #3608 ) ) ;
#1713 =( NAMED_UNIT ( * ) SI_UNIT ( $, .STERADIAN. ) SOLID_ANGLE_UNIT ( ) );
#1714 = CONICAL_SURFACE ( 'NONE', #4452, 1.749999999999994671, 0.7853981633974389531 ) ;
#1715 = CARTESIAN_POINT ( 'NONE',  ( -74.74999999999998579, -77.50000000000001421, 6.999999999999995559 ) ) ;
#1716 = EDGE_LOOP ( 'NONE', ( #3653, #3121, #654, #3294, #3488 ) ) ;
#1717 = DIRECTION ( 'NONE',  ( 1.000000000000000000, 0.000000000000000000, 0.000000000000000000 ) ) ;
#1718 = CONICAL_SURFACE ( 'NONE', #3485, 1.750000000000001554, 0.7853981633974391752 ) ;
#1719 = EDGE_CURVE ( 'NONE', #3351, #1802, #3966, .T. ) ;
#1720 = CARTESIAN_POINT ( 'NONE',  ( 73.75000000000000000, 6.202950611068583326E-15, 0.000000000000000000 ) ) ;
#1721 = ORIENTED_EDGE ( 'NONE', *, *, #1053, .F. ) ;
#1722 = LINE ( 'NONE', #2446, #2685 ) ;
#1723 = ORIENTED_EDGE ( 'NONE', *, *, #506, .T. ) ;
#1724 = CIRCLE ( 'NONE', #4310, 3.100000000000005418 ) ;
#1725 = ORIENTED_EDGE ( 'NONE', *, *, #2153, .T. ) ;
#1726 = PLANE ( 'NONE',  #3685 ) ;
#1727 = DIRECTION ( 'NONE',  ( -0.000000000000000000, 0.000000000000000000, 1.000000000000000000 ) ) ;
#1728 = CARTESIAN_POINT ( 'NONE',  ( -74.74999999999998579, -82.50000000000000000, 1.000000000000000888 ) ) ;
#1729 = FACE_BOUND ( 'NONE', #4358, .T. ) ;
#1730 = EDGE_CURVE ( 'NONE', #2554, #2885, #2825, .T. ) ;
#1731 = FACE_BOUND ( 'NONE', #953, .T. ) ;
#1732 = ORIENTED_EDGE ( 'NONE', *, *, #1449, .T. ) ;
#1733 = CARTESIAN_POINT ( 'NONE',  ( 74.75000000000002842, -72.50000000000000000, 0.000000000000000000 ) ) ;
#1734 = ORIENTED_EDGE ( 'NONE', *, *, #2465, .T. ) ;
#1735 = ADVANCED_FACE ( 'NONE', ( #4295 ), #4022, .F. ) ;
#1736 = EDGE_CURVE ( 'NONE', #3049, #2785, #986, .T. ) ;
#1737 = ORIENTED_EDGE ( 'NONE', *, *, #281, .F. ) ;
#1738 = LINE ( 'NONE', #8, #3306 ) ;
#1739 = ORIENTED_EDGE ( 'NONE', *, *, #2408, .F. ) ;
#1740 = CARTESIAN_POINT ( 'NONE',  ( -74.25000000000004263, -77.50000000000001421, 23.00000000000000000 ) ) ;
#1741 = ORIENTED_EDGE ( 'NONE', *, *, #3085, .T. ) ;
#1742 = LINE ( 'NONE', #706, #1157 ) ;
#1743 = VERTEX_POINT ( 'NONE', #2674 ) ;
#1744 = ORIENTED_EDGE ( 'NONE', *, *, #2029, .F. ) ;
#1745 = DIRECTION ( 'NONE',  ( -0.4472135954999599261, -0.8944271909999148562, 0.000000000000000000 ) ) ;
#1746 = CARTESIAN_POINT ( 'NONE',  ( -74.74999999999998579, -77.50000000000001421, 6.999999999999995559 ) ) ;
#1747 = DIRECTION ( 'NONE',  ( 1.000000000000000000, -0.000000000000000000, 0.000000000000000000 ) ) ;
#1748 = DIRECTION ( 'NONE',  ( 1.000000000000000000, 9.912705577010326782E-17, -0.000000000000000000 ) ) ;
#1749 = DIRECTION ( 'NONE',  ( 0.000000000000000000, 0.000000000000000000, 1.000000000000000000 ) ) ;
#1750 = EDGE_LOOP ( 'NONE', ( #901, #2979, #3151, #1297, #3398 ) ) ;
#1751 = LINE ( 'NONE', #3461, #4275 ) ;
#1752 = ADVANCED_FACE ( 'NONE', ( #3321 ), #3340, .F. ) ;
#1753 = ORIENTED_EDGE ( 'NONE', *, *, #1887, .F. ) ;
#1754 = ORIENTED_EDGE ( 'NONE', *, *, #759, .F. ) ;
#1755 = CIRCLE ( 'NONE', #636, 41.00000000000000000 ) ;
#1756 = DIRECTION ( 'NONE',  ( 0.000000000000000000, 0.000000000000000000, -1.000000000000000000 ) ) ;
#1757 = VECTOR ( 'NONE', #1773, 1000.000000000000114 ) ;
#1758 = ADVANCED_FACE ( 'NONE', ( #3718 ), #3297, .T. ) ;
#1759 = VERTEX_POINT ( 'NONE', #2953 ) ;
#1760 = CARTESIAN_POINT ( 'NONE',  ( 34.18354270291752073, 13.34071300249146219, 0.4999999999999761302 ) ) ;
#1761 = CARTESIAN_POINT ( 'NONE',  ( 14.15928699750854847, 61.68354270291752073, 0.000000000000000000 ) ) ;
#1762 = EDGE_LOOP ( 'NONE', ( #3796, #768, #4180, #797 ) ) ;
#1763 = AXIS2_PLACEMENT_3D ( 'NONE', #1623, #2294, #3023 ) ;
#1764 = CIRCLE ( 'NONE', #1770, 1.749999999999994671 ) ;
#1765 = VECTOR ( 'NONE', #726, 1000.000000000000000 ) ;
#1766 = DIRECTION ( 'NONE',  ( -0.000000000000000000, 0.7071067811865474617, -0.7071067811865474617 ) ) ;
#1767 = ORIENTED_EDGE ( 'NONE', *, *, #2440, .F. ) ;
#1768 = VECTOR ( 'NONE', #3764, 1000.000000000000114 ) ;
#1769 = ORIENTED_EDGE ( 'NONE', *, *, #284, .T. ) ;
#1770 = AXIS2_PLACEMENT_3D ( 'NONE', #2420, #3829, #2450 ) ;
#1771 = CARTESIAN_POINT ( 'NONE',  ( -73.74999999999998579, -72.73606797749975783, 0.000000000000000000 ) ) ;
#1772 = DIRECTION ( 'NONE',  ( -0.7071067811865500152, -5.947319919256745892E-17, 0.7071067811865451302 ) ) ;
#1773 = DIRECTION ( 'NONE',  ( -0.4472135954999599261, -0.8944271909999148562, 0.000000000000000000 ) ) ;
#1774 = DIRECTION ( 'NONE',  ( -0.000000000000000000, -0.000000000000000000, -1.000000000000000000 ) ) ;
#1775 = CARTESIAN_POINT ( 'NONE',  ( -31.14999999999999147, -42.49999999999999289, 30.00000000000000000 ) ) ;
#1776 = CIRCLE ( 'NONE', #1995, 1.749999999999999778 ) ;
#1777 = FACE_OUTER_BOUND ( 'NONE', #473, .T. ) ;
#1778 = EDGE_LOOP ( 'NONE', ( #1490, #3850, #3816, #3728 ) ) ;
#1779 = EDGE_CURVE ( 'NONE', #4287, #1895, #909, .T. ) ;
#1780 = VERTEX_POINT ( 'NONE', #1613 ) ;
#1781 =( NAMED_UNIT ( * ) PLANE_ANGLE_UNIT ( ) SI_UNIT ( $, .RADIAN. ) );
#1782 = ORIENTED_EDGE ( 'NONE', *, *, #1860, .F. ) ;
#1783 = CARTESIAN_POINT ( 'NONE',  ( -66.75000000000002842, -77.50000000000001421, 23.00000000000000000 ) ) ;
#1784 = LINE ( 'NONE', #3492, #971 ) ;
#1785 = EDGE_LOOP ( 'NONE', ( #4257, #1808, #1769, #521 ) ) ;
#1786 = AXIS2_PLACEMENT_3D ( 'NONE', #3678, #1930, #1584 ) ;
#1787 = CARTESIAN_POINT ( 'NONE',  ( 23.75000000000000355, 27.50000000000000355, 0.9999999999999626965 ) ) ;
#1788 = EDGE_LOOP ( 'NONE', ( #4202, #991 ) ) ;
#1789 = CIRCLE ( 'NONE', #3411, 3.099999999999998757 ) ;
#1790 = ORIENTED_EDGE ( 'NONE', *, *, #3347, .F. ) ;
#1791 = ADVANCED_FACE ( 'NONE', ( #887 ), #116, .T. ) ;
#1792 = DIRECTION ( 'NONE',  ( -1.000000000000000000, 0.000000000000000000, 0.000000000000000000 ) ) ;
#1793 = ADVANCED_FACE ( 'NONE', ( #4041 ), #538, .F. ) ;
#1794 = CARTESIAN_POINT ( 'NONE',  ( -14.15928699750810082, 61.68354270291770547, 0.4999999999999726885 ) ) ;
#1795 = EDGE_CURVE ( 'NONE', #2491, #3873, #2309, .T. ) ;
#1796 = DIRECTION ( 'NONE',  ( 0.000000000000000000, 0.000000000000000000, 1.000000000000000000 ) ) ;
#1797 = CARTESIAN_POINT ( 'NONE',  ( 73.75000000000001421, 6.202950611068584115E-15, 30.00000000000000000 ) ) ;
#1798 = AXIS2_PLACEMENT_3D ( 'NONE', #1797, #1115, #2877 ) ;
#1799 = FACE_OUTER_BOUND ( 'NONE', #988, .T. ) ;
#1800 = VECTOR ( 'NONE', #2347, 1000.000000000000114 ) ;
#1801 = LINE ( 'NONE', #771, #2058 ) ;
#1802 = VERTEX_POINT ( 'NONE', #95 ) ;
#1803 = CARTESIAN_POINT ( 'NONE',  ( -32.43354270291769836, 13.34071300249190273, 4.499999999999976019 ) ) ;
#1804 = ORIENTED_EDGE ( 'NONE', *, *, #646, .T. ) ;
#1805 = DIRECTION ( 'NONE',  ( 1.000000000000000000, 0.000000000000000000, 0.000000000000000000 ) ) ;
#1806 = VERTEX_POINT ( 'NONE', #3668 ) ;
#1807 = DIRECTION ( 'NONE',  ( 0.000000000000000000, 0.000000000000000000, -1.000000000000000000 ) ) ;
#1808 = ORIENTED_EDGE ( 'NONE', *, *, #1854, .F. ) ;
#1809 = ADVANCED_FACE ( 'NONE', ( #3694 ), #3490, .F. ) ;
#1810 = CARTESIAN_POINT ( 'NONE',  ( -37.28354270291769268, 13.34071300249190273, 18.76812408671320398 ) ) ;
#1811 = ORIENTED_EDGE ( 'NONE', *, *, #1424, .F. ) ;
#1812 = DIRECTION ( 'NONE',  ( 0.7050412921387321230, -0.07637769804530909756, 0.7050412921387275711 ) ) ;
#1813 = DIRECTION ( 'NONE',  ( -0.7071067811865434649, 0.000000000000000000, -0.7071067811865516806 ) ) ;
#1814 = DIRECTION ( 'NONE',  ( 1.000000000000000000, 0.000000000000000000, 0.000000000000000000 ) ) ;
#1815 = CARTESIAN_POINT ( 'NONE',  ( 0.000000000000000000, 0.000000000000000000, 4.000000000000000000 ) ) ;
#1816 = EDGE_CURVE ( 'NONE', #2454, #2367, #4436, .T. ) ;
#1817 = CARTESIAN_POINT ( 'NONE',  ( 31.93354270291772679, 41.65928699750809727, 4.000000000000000000 ) ) ;
#1818 = ORIENTED_EDGE ( 'NONE', *, *, #330, .T. ) ;
#1819 = DIRECTION ( 'NONE',  ( 0.000000000000000000, 0.000000000000000000, 1.000000000000000000 ) ) ;
#1820 = ORIENTED_EDGE ( 'NONE', *, *, #1306, .T. ) ;
#1821 = CARTESIAN_POINT ( 'NONE',  ( -15.90928699750854669, -6.683542702917516287, 30.00000000000000000 ) ) ;
#1822 = FACE_OUTER_BOUND ( 'NONE', #3404, .T. ) ;
#1823 = DIRECTION ( 'NONE',  ( -0.000000000000000000, -0.000000000000000000, -1.000000000000000000 ) ) ;
#1824 = ORIENTED_EDGE ( 'NONE', *, *, #1260, .F. ) ;
#1825 = CARTESIAN_POINT ( 'NONE',  ( 34.18354270291752073, 13.34071300249146219, 4.499999999999976019 ) ) ;
#1826 = DIRECTION ( 'NONE',  ( 1.000000000000000000, 0.000000000000000000, 0.000000000000000000 ) ) ;
#1827 = VERTEX_POINT ( 'NONE', #4343 ) ;
#1828 = AXIS2_PLACEMENT_3D ( 'NONE', #3878, #2023, #2402 ) ;
#1829 = CARTESIAN_POINT ( 'NONE',  ( -35.93354270291770547, 13.34071300249190273, 30.00000000000000000 ) ) ;
#1830 = AXIS2_PLACEMENT_3D ( 'NONE', #1954, #3050, #4120 ) ;
#1831 = VERTEX_POINT ( 'NONE', #1264 ) ;
#1832 = CIRCLE ( 'NONE', #4353, 23.75000000000000355 ) ;
#1833 = EDGE_CURVE ( 'NONE', #4449, #2554, #1959, .T. ) ;
#1834 = LINE ( 'NONE', #3567, #423 ) ;
#1835 = ORIENTED_EDGE ( 'NONE', *, *, #3356, .F. ) ;
#1836 = CIRCLE ( 'NONE', #2434, 2.100000000000004530 ) ;
#1837 = DIRECTION ( 'NONE',  ( 1.000000000000000000, 0.000000000000000000, 0.000000000000000000 ) ) ;
#1838 = ORIENTED_EDGE ( 'NONE', *, *, #665, .F. ) ;
#1839 = CARTESIAN_POINT ( 'NONE',  ( -69.74999999999997158, -62.50000000000002842, 28.99999999999999645 ) ) ;
#1840 = VECTOR ( 'NONE', #670, 1000.000000000000000 ) ;
#1841 = DIRECTION ( 'NONE',  ( 0.000000000000000000, 0.000000000000000000, 1.000000000000000000 ) ) ;
#1842 = VECTOR ( 'NONE', #1951, 1000.000000000000114 ) ;
#1843 = DIRECTION ( 'NONE',  ( 8.410780489584520404E-17, -1.000000000000000000, 0.000000000000000000 ) ) ;
#1844 = VERTEX_POINT ( 'NONE', #857 ) ;
#1845 = CARTESIAN_POINT ( 'NONE',  ( -37.28354270291769268, 13.34071300249190273, 0.4999999999999796274 ) ) ;
#1846 = ORIENTED_EDGE ( 'NONE', *, *, #4016, .F. ) ;
#1847 = FACE_OUTER_BOUND ( 'NONE', #592, .T. ) ;
#1848 = EDGE_CURVE ( 'NONE', #185, #1362, #834, .T. ) ;
#1849 = EDGE_CURVE ( 'NONE', #1881, #1462, #489, .T. ) ;
#1850 = CARTESIAN_POINT ( 'NONE',  ( 34.18354270291769836, 41.65928699750809727, 10.00000000000000000 ) ) ;
#1851 = AXIS2_PLACEMENT_3D ( 'NONE', #638, #3802, #1994 ) ;
#1852 = DIRECTION ( 'NONE',  ( 0.000000000000000000, -0.000000000000000000, -1.000000000000000000 ) ) ;
#1853 = VERTEX_POINT ( 'NONE', #2605 ) ;
#1854 = EDGE_CURVE ( 'NONE', #1338, #1582, #157, .T. ) ;
#1855 = DIRECTION ( 'NONE',  ( 0.000000000000000000, 0.000000000000000000, 1.000000000000000000 ) ) ;
#1856 = CARTESIAN_POINT ( 'NONE',  ( -14.15928699750810082, 61.68354270291770547, 4.000000000000000000 ) ) ;
#1857 = VERTEX_POINT ( 'NONE', #815 ) ;
#1858 = CYLINDRICAL_SURFACE ( 'NONE', #3972, 1.750000000000001554 ) ;
#1859 = ORIENTED_EDGE ( 'NONE', *, *, #34, .F. ) ;
#1860 = EDGE_CURVE ( 'NONE', #2223, #2111, #4536, .T. ) ;
#1861 = CARTESIAN_POINT ( 'NONE',  ( -69.21150569079550507, -52.55833552758703320, 29.53849430920446295 ) ) ;
#1862 = ORIENTED_EDGE ( 'NONE', *, *, #3859, .T. ) ;
#1863 = DIRECTION ( 'NONE',  ( 0.000000000000000000, 0.000000000000000000, -1.000000000000000000 ) ) ;
#1864 = ORIENTED_EDGE ( 'NONE', *, *, #2836, .F. ) ;
#1865 = FACE_OUTER_BOUND ( 'NONE', #2574, .T. ) ;
#1866 = AXIS2_PLACEMENT_3D ( 'NONE', #1446, #4250, #2473 ) ;
#1867 = CIRCLE ( 'NONE', #2895, 2.249999999999998668 ) ;
#1868 = DIRECTION ( 'NONE',  ( -0.9768011208506465204, -0.2141484772416571425, 0.000000000000000000 ) ) ;
#1869 = AXIS2_PLACEMENT_3D ( 'NONE', #539, #2373, #1675 ) ;
#1871 = AXIS2_PLACEMENT_3D ( 'NONE', #2544, #3952, #401 ) ;
#1870 = CARTESIAN_POINT ( 'NONE',  ( -73.74999999999997158, -81.50000000000000000, 30.00000000000000000 ) ) ;
#1872 = ADVANCED_FACE ( 'NONE', ( #518 ), #1939, .F. ) ;
#1873 = VECTOR ( 'NONE', #1594, 1000.000000000000114 ) ;
#1874 = ORIENTED_EDGE ( 'NONE', *, *, #614, .F. ) ;
#1875 = DIRECTION ( 'NONE',  ( 1.000000000000000000, 0.000000000000000000, 0.000000000000000000 ) ) ;
#1876 = ORIENTED_EDGE ( 'NONE', *, *, #969, .F. ) ;
#1877 = DIRECTION ( 'NONE',  ( 0.000000000000000000, -0.000000000000000000, -1.000000000000000000 ) ) ;
#1878 = DIRECTION ( 'NONE',  ( 0.000000000000000000, 0.000000000000000000, 1.000000000000000000 ) ) ;
#1879 = LINE ( 'NONE', #1147, #3390 ) ;
#1880 = EDGE_CURVE ( 'NONE', #2207, #1350, #1236, .T. ) ;
#1881 = VERTEX_POINT ( 'NONE', #4153 ) ;
#1882 = LINE ( 'NONE', #2229, #722 ) ;
#1883 = DIRECTION ( 'NONE',  ( 1.000000000000000000, 0.000000000000000000, 0.000000000000000000 ) ) ;
#1884 = EDGE_LOOP ( 'NONE', ( #2594, #4067 ) ) ;
#1885 = DIRECTION ( 'NONE',  ( -0.7071067811865434649, 0.000000000000000000, -0.7071067811865516806 ) ) ;
#1886 = ORIENTED_EDGE ( 'NONE', *, *, #2749, .F. ) ;
#1887 = EDGE_CURVE ( 'NONE', #1307, #3351, #2066, .T. ) ;
#1888 = DIRECTION ( 'NONE',  ( 0.000000000000000000, 0.000000000000000000, -1.000000000000000000 ) ) ;
#1889 = EDGE_LOOP ( 'NONE', ( #4056, #4518 ) ) ;
#1890 = CARTESIAN_POINT ( 'NONE',  ( -74.25000000000004263, -77.50000000000001421, 23.00000000000000000 ) ) ;
#1891 = VERTEX_POINT ( 'NONE', #3822 ) ;
#1892 = DIRECTION ( 'NONE',  ( 0.000000000000000000, 0.000000000000000000, 1.000000000000000000 ) ) ;
#1893 = LINE ( 'NONE', #469, #227 ) ;
#1894 = CARTESIAN_POINT ( 'NONE',  ( 12.40928699750855202, 61.68354270291752073, 30.00000000000000000 ) ) ;
#1895 = VERTEX_POINT ( 'NONE', #1298 ) ;
#1896 = ADVANCED_FACE ( 'NONE', ( #4107 ), #2755, .F. ) ;
#1897 = CYLINDRICAL_SURFACE ( 'NONE', #140, 2.099999999999997868 ) ;
#1898 = VERTEX_POINT ( 'NONE', #3759 ) ;
#1899 = CARTESIAN_POINT ( 'NONE',  ( -34.18354270291769836, 13.34071300249190273, 10.00000000000000000 ) ) ;
#1900 = CARTESIAN_POINT ( 'NONE',  ( 14.15928699750809727, -6.683542702917696587, 0.4999999999999726885 ) ) ;
#1901 = PRODUCT_DEFINITION_SHAPE ( 'NONE', 'NONE',  #2756 ) ;
#1902 = PLANE ( 'NONE',  #652 ) ;
#1903 = EDGE_LOOP ( 'NONE', ( #4420, #964, #2760, #1956 ) ) ;
#1904 = ORIENTED_EDGE ( 'NONE', *, *, #3029, .T. ) ;
#1905 = CARTESIAN_POINT ( 'NONE',  ( 14.15928699750809727, -6.683542702917696587, 4.000000000000000000 ) ) ;
#1906 = CARTESIAN_POINT ( 'NONE',  ( -31.08354270291753352, 41.65928699750855202, 0.4999999999999796274 ) ) ;
#1907 = ORIENTED_EDGE ( 'NONE', *, *, #1574, .F. ) ;
#1908 = ADVANCED_FACE ( 'NONE', ( #3427 ), #2610, .F. ) ;
#1909 = CARTESIAN_POINT ( 'NONE',  ( -74.74999999999998579, -77.50000000000001421, 23.00000000000000000 ) ) ;
#1910 = CYLINDRICAL_SURFACE ( 'NONE', #568, 3.100000000000003642 ) ;
#1911 = ORIENTED_EDGE ( 'NONE', *, *, #694, .T. ) ;
#1912 = AXIS2_PLACEMENT_3D ( 'NONE', #262, #3489, #4541 ) ;
#1913 = DIRECTION ( 'NONE',  ( 0.000000000000000000, 1.000000000000000000, 0.000000000000000000 ) ) ;
#1914 = CIRCLE ( 'NONE', #2568, 2.599999999999935696 ) ;
#1915 = CARTESIAN_POINT ( 'NONE',  ( 3.081487911019577365E-30, 27.50000000000000355, 0.9999999999999626965 ) ) ;
#1916 = AXIS2_PLACEMENT_3D ( 'NONE', #1247, #896, #4394 ) ;
#1917 = CONICAL_SURFACE ( 'NONE', #3835, 1.750000000000001554, 0.7853981633974393972 ) ;
#1918 = CIRCLE ( 'NONE', #1246, 24.74999999999999289 ) ;
#1919 = DIRECTION ( 'NONE',  ( 1.000000000000000000, 0.000000000000000000, 0.000000000000000000 ) ) ;
#1920 = AXIS2_PLACEMENT_3D ( 'NONE', #4415, #2660, #4079 ) ;
#1921 = AXIS2_PLACEMENT_3D ( 'NONE', #2094, #320, #412 ) ;
#1922 = ORIENTED_EDGE ( 'NONE', *, *, #2889, .F. ) ;
#1923 = VECTOR ( 'NONE', #4397, 1000.000000000000114 ) ;
#1924 = CIRCLE ( 'NONE', #3248, 3.100000000000005418 ) ;
#1925 = CARTESIAN_POINT ( 'NONE',  ( 74.75000000000001421, -77.50000000000001421, 6.999999999999995559 ) ) ;
#1926 = CARTESIAN_POINT ( 'NONE',  ( 41.00000000000000000, 27.50000000000000355, 10.00000000000000888 ) ) ;
#1927 = LINE ( 'NONE', #1581, #3991 ) ;
#1928 = EDGE_LOOP ( 'NONE', ( #548, #1560, #3811, #4002 ) ) ;
#1929 = LINE ( 'NONE', #3660, #2443 ) ;
#1930 = DIRECTION ( 'NONE',  ( -0.000000000000000000, 0.000000000000000000, 1.000000000000000000 ) ) ;
#1931 = ORIENTED_EDGE ( 'NONE', *, *, #4498, .F. ) ;
#1932 = VECTOR ( 'NONE', #799, 1000.000000000000000 ) ;
#1933 = LINE ( 'NONE', #1566, #2351 ) ;
#1934 = CARTESIAN_POINT ( 'NONE',  ( 74.25000000000000000, -77.50000000000001421, 23.00000000000000000 ) ) ;
#1935 = ADVANCED_FACE ( 'NONE', ( #207 ), #1351, .F. ) ;
#1936 = CARTESIAN_POINT ( 'NONE',  ( -23.75000000000000355, 27.50000000000000711, 0.000000000000000000 ) ) ;
#1937 = EDGE_LOOP ( 'NONE', ( #819, #1904 ) ) ;
#1938 = DIRECTION ( 'NONE',  ( 0.000000000000000000, 0.000000000000000000, -1.000000000000000000 ) ) ;
#1939 = PLANE ( 'NONE',  #3727 ) ;
#1940 = ADVANCED_FACE ( 'NONE', ( #293 ), #1372, .F. ) ;
#1941 = CARTESIAN_POINT ( 'NONE',  ( -29.90557280899984960, 14.95278640450000651, 0.000000000000000000 ) ) ;
#1942 = CARTESIAN_POINT ( 'NONE',  ( 68.75000000000000000, 6.579985598532717000E-15, 0.000000000000000000 ) ) ;
#1943 = FACE_OUTER_BOUND ( 'NONE', #2409, .T. ) ;
#1944 = AXIS2_PLACEMENT_3D ( 'NONE', #1639, #540, #3808 ) ;
#1945 = ORIENTED_EDGE ( 'NONE', *, *, #2398, .T. ) ;
#1946 = CIRCLE ( 'NONE', #2531, 23.75000000000000355 ) ;
#1947 = CARTESIAN_POINT ( 'NONE',  ( 69.75000000000000000, -62.50000000000001421, 0.000000000000000000 ) ) ;
#1948 = AXIS2_PLACEMENT_3D ( 'NONE', #979, #2397, #622 ) ;
#1949 = FACE_BOUND ( 'NONE', #1120, .T. ) ;
#1950 = VERTEX_POINT ( 'NONE', #3405 ) ;
#1951 = DIRECTION ( 'NONE',  ( -0.7071067811865474617, 8.659560562354932858E-17, 0.7071067811865474617 ) ) ;
#1952 = DIRECTION ( 'NONE',  ( 1.000000000000000000, 0.000000000000000000, 0.000000000000000000 ) ) ;
#1953 = CIRCLE ( 'NONE', #1356, 2.249999999999974243 ) ;
#1954 = CARTESIAN_POINT ( 'NONE',  ( -33.75000000000000711, -42.49999999999999289, 30.00000000000000000 ) ) ;
#1955 = FACE_OUTER_BOUND ( 'NONE', #2177, .T. ) ;
#1956 = ORIENTED_EDGE ( 'NONE', *, *, #2857, .F. ) ;
#1957 = CARTESIAN_POINT ( 'NONE',  ( -17.25928699750854634, -6.683542702917516287, 18.76812408671320398 ) ) ;
#1958 = ORIENTED_EDGE ( 'NONE', *, *, #3181, .F. ) ;
#1959 = LINE ( 'NONE', #2927, #163 ) ;
#1960 = FACE_OUTER_BOUND ( 'NONE', #2076, .T. ) ;
#1961 = EDGE_CURVE ( 'NONE', #4045, #1023, #1724, .T. ) ;
#1962 = EDGE_LOOP ( 'NONE', ( #4052, #830, #2869, #236 ) ) ;
#1963 = CARTESIAN_POINT ( 'NONE',  ( 34.18354270291752073, 13.34071300249146219, 4.000000000000000000 ) ) ;
#1964 = ORIENTED_EDGE ( 'NONE', *, *, #3397, .F. ) ;
#1965 = CARTESIAN_POINT ( 'NONE',  ( 14.15928699750854847, 61.68354270291752073, 9.499999999999987566 ) ) ;
#1966 = CYLINDRICAL_SURFACE ( 'NONE', #878, 1.750000000000001554 ) ;
#1967 = EDGE_LOOP ( 'NONE', ( #74, #2305 ) ) ;
#1968 = VERTEX_POINT ( 'NONE', #2712 ) ;
#1969 = DIRECTION ( 'NONE',  ( 0.000000000000000000, 0.000000000000000000, -1.000000000000000000 ) ) ;
#1970 = CARTESIAN_POINT ( 'NONE',  ( -69.74999999999997158, -62.50000000000002842, 1.000000000000000666 ) ) ;
#1971 = EDGE_LOOP ( 'NONE', ( #4292, #3960 ) ) ;
#1972 = CARTESIAN_POINT ( 'NONE',  ( 11.05928699750854349, 61.68354270291752073, 0.5000000000000559552 ) ) ;
#1973 = DIRECTION ( 'NONE',  ( 0.000000000000000000, 0.000000000000000000, -1.000000000000000000 ) ) ;
#1974 = EDGE_CURVE ( 'NONE', #829, #1526, #380, .T. ) ;
#1975 = VECTOR ( 'NONE', #3098, 1000.000000000000114 ) ;
#1976 = FACE_OUTER_BOUND ( 'NONE', #1903, .T. ) ;
#1977 = CARTESIAN_POINT ( 'NONE',  ( 34.18354270291769836, 41.65928699750809727, 4.000000000000000000 ) ) ;
#1978 = CARTESIAN_POINT ( 'NONE',  ( 74.75000000000001421, -81.50000000000000000, 30.00000000000000000 ) ) ;
#1979 = AXIS2_PLACEMENT_3D ( 'NONE', #2623, #4474, #4124 ) ;
#1980 = AXIS2_PLACEMENT_3D ( 'NONE', #388, #1888, #3918 ) ;
#1981 = EDGE_LOOP ( 'NONE', ( #3188, #1037, #3886, #4580 ) ) ;
#1982 = CIRCLE ( 'NONE', #348, 2.249999999999968914 ) ;
#1983 = CARTESIAN_POINT ( 'NONE',  ( -66.75000000000002842, -75.40000000000000568, 23.00000000000000000 ) ) ;
#1984 = CIRCLE ( 'NONE', #3901, 2.099999999999997868 ) ;
#1985 = CONICAL_SURFACE ( 'NONE', #3089, 2.599999999999935696, 0.7853981633974471688 ) ;
#1986 = CARTESIAN_POINT ( 'NONE',  ( -34.18354270291769836, 13.34071300249190273, 9.500000000000023093 ) ) ;
#1987 = EDGE_LOOP ( 'NONE', ( #2460, #2396 ) ) ;
#1988 = EDGE_CURVE ( 'NONE', #1644, #1831, #1722, .T. ) ;
#1989 = EDGE_CURVE ( 'NONE', #4045, #812, #954, .T. ) ;
#1990 = ORIENTED_EDGE ( 'NONE', *, *, #2209, .F. ) ;
#1991 = CARTESIAN_POINT ( 'NONE',  ( -48.84005604253233912, 38.20742386208286234, 30.00000000000000000 ) ) ;
#1992 = VECTOR ( 'NONE', #4115, 1000.000000000000000 ) ;
#1993 = EDGE_LOOP ( 'NONE', ( #2005, #594 ) ) ;
#1994 = DIRECTION ( 'NONE',  ( 1.000000000000000000, 0.000000000000000000, 0.000000000000000000 ) ) ;
#1995 = AXIS2_PLACEMENT_3D ( 'NONE', #472, #121, #428 ) ;
#1996 = CARTESIAN_POINT ( 'NONE',  ( 34.18354270291769836, 41.65928699750809727, 0.000000000000000000 ) ) ;
#1997 = EDGE_LOOP ( 'NONE', ( #3425, #3906 ) ) ;
#1998 = CARTESIAN_POINT ( 'NONE',  ( -34.18354270291769836, 13.34071300249190273, 18.76812408671320398 ) ) ;
#1999 = EDGE_CURVE ( 'NONE', #2520, #2203, #3935, .T. ) ;
#2000 = DIRECTION ( 'NONE',  ( -0.7071067811865594521, 0.000000000000000000, -0.7071067811865355823 ) ) ;
#2001 = LINE ( 'NONE', #2699, #4096 ) ;
#2002 = CARTESIAN_POINT ( 'NONE',  ( -54.59251903898034897, 11.96856204546816471, 0.000000000000000000 ) ) ;
#2003 = DIRECTION ( 'NONE',  ( 1.000000000000000000, 0.000000000000000000, 0.000000000000000000 ) ) ;
#2004 = AXIS2_PLACEMENT_3D ( 'NONE', #4583, #405, #1826 ) ;
#2005 = ORIENTED_EDGE ( 'NONE', *, *, #4034, .T. ) ;
#2006 = FACE_OUTER_BOUND ( 'NONE', #260, .T. ) ;
#2007 = EDGE_CURVE ( 'NONE', #4170, #3066, #664, .T. ) ;
#2008 = EDGE_CURVE ( 'NONE', #3193, #3062, #3044, .T. ) ;
#2009 = DIRECTION ( 'NONE',  ( -1.000000000000000000, 0.000000000000000000, 0.000000000000000000 ) ) ;
#2010 = ORIENTED_EDGE ( 'NONE', *, *, #1072, .F. ) ;
#2011 = FACE_OUTER_BOUND ( 'NONE', #1788, .T. ) ;
#2012 = VERTEX_POINT ( 'NONE', #3783 ) ;
#2013 = CIRCLE ( 'NONE', #749, 3.100000000000001865 ) ;
#2014 = ADVANCED_FACE ( 'NONE', ( #1324 ), #3197, .F. ) ;
#2015 = ORIENTED_EDGE ( 'NONE', *, *, #4589, .T. ) ;
#2016 = CARTESIAN_POINT ( 'NONE',  ( 35.93354270291770547, 41.65928699750809727, 4.499999999999976019 ) ) ;
#2017 = DIRECTION ( 'NONE',  ( 0.4472135954999599261, 0.8944271909999148562, 0.000000000000000000 ) ) ;
#2018 = EDGE_LOOP ( 'NONE', ( #1173, #4564, #1151, #397 ) ) ;
#2019 = DIRECTION ( 'NONE',  ( 0.7071067811865474617, -0.7071067811865474617, 0.000000000000000000 ) ) ;
#2020 = CARTESIAN_POINT ( 'NONE',  ( 33.74999999999999289, -42.50000000000000000, 22.00000000000000000 ) ) ;
#2021 = CARTESIAN_POINT ( 'NONE',  ( -74.25000000000005684, -75.40000000000000568, 6.999999999999995559 ) ) ;
#2022 = DIRECTION ( 'NONE',  ( -0.7071067811865410224, 8.659560562354852739E-17, 0.7071067811865540120 ) ) ;
#2023 = DIRECTION ( 'NONE',  ( 0.000000000000000000, 0.000000000000000000, -1.000000000000000000 ) ) ;
#2024 = LINE ( 'NONE', #586, #981 ) ;
#2025 = EDGE_CURVE ( 'NONE', #3709, #3446, #4476, .T. ) ;
#2026 = ORIENTED_EDGE ( 'NONE', *, *, #2955, .F. ) ;
#2027 = CYLINDRICAL_SURFACE ( 'NONE', #4502, 2.099999999999997868 ) ;
#2028 = DIRECTION ( 'NONE',  ( -1.000000000000000000, 0.000000000000000000, 0.000000000000000000 ) ) ;
#2029 = EDGE_CURVE ( 'NONE', #2990, #2619, #3565, .T. ) ;
#2030 = VERTEX_POINT ( 'NONE', #3104 ) ;
#2031 = ORIENTED_EDGE ( 'NONE', *, *, #2348, .F. ) ;
#2032 = ORIENTED_EDGE ( 'NONE', *, *, #330, .F. ) ;
#2033 = FACE_OUTER_BOUND ( 'NONE', #4362, .T. ) ;
#2034 = LINE ( 'NONE', #1720, #4440 ) ;
#2035 = EDGE_LOOP ( 'NONE', ( #1958, #4334, #1721, #833 ) ) ;
#2036 = EDGE_CURVE ( 'NONE', #1802, #1780, #4524, .T. ) ;
#2037 = CARTESIAN_POINT ( 'NONE',  ( 14.15928699750809727, -6.683542702917696587, 0.000000000000000000 ) ) ;
#2038 = ORIENTED_EDGE ( 'NONE', *, *, #1730, .T. ) ;
#2039 = EDGE_CURVE ( 'NONE', #4540, #4309, #407, .T. ) ;
#2040 = EDGE_CURVE ( 'NONE', #67, #3446, #4226, .T. ) ;
#2041 = CARTESIAN_POINT ( 'NONE',  ( -34.18354270291769836, 13.34071300249190273, 30.00000000000000000 ) ) ;
#2042 = EDGE_CURVE ( 'NONE', #378, #681, #3154, .T. ) ;
#2043 = PLANE ( 'NONE',  #2576 ) ;
#2044 = EDGE_CURVE ( 'NONE', #681, #3026, #2133, .T. ) ;
#2045 = DIRECTION ( 'NONE',  ( 0.000000000000000000, -0.000000000000000000, -1.000000000000000000 ) ) ;
#2046 = DIRECTION ( 'NONE',  ( 0.000000000000000000, 1.000000000000000000, 0.000000000000000000 ) ) ;
#2047 = DIRECTION ( 'NONE',  ( 1.000000000000000000, 0.000000000000000000, 0.000000000000000000 ) ) ;
#2048 = CARTESIAN_POINT ( 'NONE',  ( -11.05928699750854172, -6.683542702917516287, 0.4999999999999726885 ) ) ;
#2049 = DIRECTION ( 'NONE',  ( -0.7071067811865601183, 0.000000000000000000, -0.7071067811865349162 ) ) ;
#2050 = VECTOR ( 'NONE', #3885, 1000.000000000000114 ) ;
#2051 = AXIS2_PLACEMENT_3D ( 'NONE', #364, #3195, #385 ) ;
#2052 = EDGE_CURVE ( 'NONE', #1475, #2963, #3823, .T. ) ;
#2053 = CONICAL_SURFACE ( 'NONE', #43, 3.100000000000001865, 0.7853981633974651544 ) ;
#2054 = ORIENTED_EDGE ( 'NONE', *, *, #1348, .F. ) ;
#2055 = VECTOR ( 'NONE', #4264, 1000.000000000000227 ) ;
#2056 = ORIENTED_EDGE ( 'NONE', *, *, #1602, .F. ) ;
#2057 = CARTESIAN_POINT ( 'NONE',  ( 41.00000000000000000, 27.50000000000000355, -115.9655121145937926 ) ) ;
#2058 = VECTOR ( 'NONE', #71, 1000.000000000000000 ) ;
#2059 = DIRECTION ( 'NONE',  ( 1.000000000000000000, 9.912705577010326782E-17, -0.000000000000000000 ) ) ;
#2060 = CIRCLE ( 'NONE', #2215, 2.100000000000004530 ) ;
#2061 = DIRECTION ( 'NONE',  ( -9.570888143320314409E-17, 1.000000000000000000, 0.000000000000000000 ) ) ;
#2062 = ORIENTED_EDGE ( 'NONE', *, *, #3629, .F. ) ;
#2063 = DIRECTION ( 'NONE',  ( -0.000000000000000000, -0.000000000000000000, -1.000000000000000000 ) ) ;
#2064 = DIRECTION ( 'NONE',  ( 0.000000000000000000, 0.000000000000000000, 1.000000000000000000 ) ) ;
#2065 = ORIENTED_EDGE ( 'NONE', *, *, #2323, .F. ) ;
#2066 = LINE ( 'NONE', #929, #1800 ) ;
#2067 = EDGE_CURVE ( 'NONE', #4423, #1338, #4562, .T. ) ;
#2068 = ORIENTED_EDGE ( 'NONE', *, *, #4062, .F. ) ;
#2069 = DIRECTION ( 'NONE',  ( -0.000000000000000000, -0.000000000000000000, 1.000000000000000000 ) ) ;
#2070 = CARTESIAN_POINT ( 'NONE',  ( -34.18354270291752783, 41.65928699750855202, 0.4999999999999796274 ) ) ;
#2071 = CIRCLE ( 'NONE', #4442, 3.600000000000047606 ) ;
#2072 = CARTESIAN_POINT ( 'NONE',  ( -35.85000000000000853, -42.49999999999999289, 22.00000000000000000 ) ) ;
#2073 = DIRECTION ( 'NONE',  ( 0.000000000000000000, 1.000000000000000000, 0.000000000000000000 ) ) ;
#2074 = ADVANCED_FACE ( 'NONE', ( #1081 ), #703, .F. ) ;
#2075 = DIRECTION ( 'NONE',  ( 1.000000000000000000, 8.410780489584520404E-17, -0.000000000000000000 ) ) ;
#2076 = EDGE_LOOP ( 'NONE', ( #4145, #3413, #1671, #1314 ) ) ;
#2077 = CARTESIAN_POINT ( 'NONE',  ( -31.93354270291773389, 13.34071300249190273, 10.00000000000000000 ) ) ;
#2078 = ORIENTED_EDGE ( 'NONE', *, *, #1674, .F. ) ;
#2079 = ORIENTED_EDGE ( 'NONE', *, *, #4412, .F. ) ;
#2080 = DIRECTION ( 'NONE',  ( -0.7071067811865412445, 8.659560562354855205E-17, 0.7071067811865537900 ) ) ;
#2081 = AXIS2_PLACEMENT_3D ( 'NONE', #4489, #4171, #992 ) ;
#2082 = ORIENTED_EDGE ( 'NONE', *, *, #2882, .F. ) ;
#2083 = DIRECTION ( 'NONE',  ( 1.000000000000000000, -9.912705577010326782E-17, -0.000000000000000000 ) ) ;
#2084 = CARTESIAN_POINT ( 'NONE',  ( 15.90928699750854669, 61.68354270291752073, 9.499999999999987566 ) ) ;
#2085 = AXIS2_PLACEMENT_3D ( 'NONE', #2677, #4075, #3430 ) ;
#2086 = ORIENTED_EDGE ( 'NONE', *, *, #1471, .T. ) ;
#2087 = AXIS2_PLACEMENT_3D ( 'NONE', #3454, #279, #4532 ) ;
#2088 = CARTESIAN_POINT ( 'NONE',  ( -36.35000000000002984, -42.49999999999999289, 30.00000000000000000 ) ) ;
#2089 = VERTEX_POINT ( 'NONE', #2109 ) ;
#2090 = AXIS2_PLACEMENT_3D ( 'NONE', #1998, #4200, #2696 ) ;
#2091 = ORIENTED_EDGE ( 'NONE', *, *, #866, .T. ) ;
#2092 = EDGE_CURVE ( 'NONE', #185, #3062, #3959, .T. ) ;
#2093 = DIRECTION ( 'NONE',  ( 1.000000000000000000, 0.000000000000000000, 0.000000000000000000 ) ) ;
#2094 = CARTESIAN_POINT ( 'NONE',  ( -33.75000000000000711, -42.49999999999999289, 22.00000000000000000 ) ) ;
#2096 = VECTOR ( 'NONE', #1179, 1000.000000000000000 ) ;
#2095 = CARTESIAN_POINT ( 'NONE',  ( 74.25000000000001421, -77.50000000000001421, 6.999999999999995559 ) ) ;
#2097 = LINE ( 'NONE', #2633, #3640 ) ;
#2098 = CARTESIAN_POINT ( 'NONE',  ( -74.75000000000000000, 82.50000000000000000, 30.00000000000000000 ) ) ;
#2099 = EDGE_LOOP ( 'NONE', ( #3538, #1635, #3576, #3496 ) ) ;
#2100 = CARTESIAN_POINT ( 'NONE',  ( -33.75000000000000711, -42.49999999999999289, 22.00000000000000000 ) ) ;
#2101 = ADVANCED_FACE ( 'NONE', ( #1043 ), #2281, .F. ) ;
#2102 = ORIENTED_EDGE ( 'NONE', *, *, #2008, .F. ) ;
#2103 = VERTEX_POINT ( 'NONE', #2896 ) ;
#2104 = CARTESIAN_POINT ( 'NONE',  ( -17.25928699750854634, -6.683542702917516287, 0.4999999999999726885 ) ) ;
#2105 = VERTEX_POINT ( 'NONE', #3495 ) ;
#2106 = DIRECTION ( 'NONE',  ( 0.000000000000000000, 0.000000000000000000, -1.000000000000000000 ) ) ;
#2107 = DIRECTION ( 'NONE',  ( -0.000000000000000000, 0.000000000000000000, 1.000000000000000000 ) ) ;
#2108 = ORIENTED_EDGE ( 'NONE', *, *, #2036, .T. ) ;
#2109 = CARTESIAN_POINT ( 'NONE',  ( 16.40928699750807240, -6.683542702917696587, 4.000000000000000000 ) ) ;
#2110 = ORIENTED_EDGE ( 'NONE', *, *, #759, .T. ) ;
#2111 = VERTEX_POINT ( 'NONE', #1787 ) ;
#2112 = DIRECTION ( 'NONE',  ( 1.000000000000000000, 8.410780489584520404E-17, -0.000000000000000000 ) ) ;
#2113 = DIRECTION ( 'NONE',  ( 0.7071067811865414665, 8.659560562354857670E-17, -0.7071067811865536790 ) ) ;
#2114 = DIRECTION ( 'NONE',  ( 1.000000000000000000, 0.000000000000000000, 0.000000000000000000 ) ) ;
#2115 = CARTESIAN_POINT ( 'NONE',  ( 31.08354270291752286, 13.34071300249146219, 4.000000000000000000 ) ) ;
#2116 = DIRECTION ( 'NONE',  ( 1.000000000000000000, 9.912705577010326782E-17, 0.000000000000000000 ) ) ;
#2117 = DIRECTION ( 'NONE',  ( -0.8944271909999148562, -0.4472135954999599261, 0.000000000000000000 ) ) ;
#2118 = ADVANCED_FACE ( 'NONE', ( #3515, #2527 ), #2505, .F. ) ;
#2119 = EDGE_CURVE ( 'NONE', #1307, #2012, #2822, .T. ) ;
#2120 = ORIENTED_EDGE ( 'NONE', *, *, #1499, .F. ) ;
#2121 =( GEOMETRIC_REPRESENTATION_CONTEXT ( 3 ) GLOBAL_UNCERTAINTY_ASSIGNED_CONTEXT ( ( #3019 ) ) GLOBAL_UNIT_ASSIGNED_CONTEXT ( ( #4581, #1781, #1713 ) ) REPRESENTATION_CONTEXT ( 'NONE', 'WORKASPACE' ) );
#2122 = VERTEX_POINT ( 'NONE', #4243 ) ;
#2123 = AXIS2_PLACEMENT_3D ( 'NONE', #4479, #892, #1301 ) ;
#2124 = CARTESIAN_POINT ( 'NONE',  ( 33.74999999999999289, -42.50000000000000000, 29.50000000000000000 ) ) ;
#2125 = VECTOR ( 'NONE', #3249, 1000.000000000000114 ) ;
#2126 = EDGE_CURVE ( 'NONE', #159, #1439, #1438, .T. ) ;
#2127 = ORIENTED_EDGE ( 'NONE', *, *, #2335, .F. ) ;
#2128 = ADVANCED_FACE ( 'NONE', ( #1401 ), #4289, .F. ) ;
#2129 = LINE ( 'NONE', #1107, #1403 ) ;
#2130 = ORIENTED_EDGE ( 'NONE', *, *, #2148, .F. ) ;
#2131 = VECTOR ( 'NONE', #3592, 1000.000000000000114 ) ;
#2132 = CIRCLE ( 'NONE', #1250, 3.099999999999995204 ) ;
#2133 = LINE ( 'NONE', #1829, #2934 ) ;
#2134 = EDGE_LOOP ( 'NONE', ( #3399, #1375, #3392, #1510 ) ) ;
#2135 = VERTEX_POINT ( 'NONE', #3889 ) ;
#2136 = DIRECTION ( 'NONE',  ( 0.000000000000000000, 0.000000000000000000, -1.000000000000000000 ) ) ;
#2137 = FACE_OUTER_BOUND ( 'NONE', #2624, .T. ) ;
#2138 = CARTESIAN_POINT ( 'NONE',  ( 34.18354270291752073, 13.34071300249146219, 4.499999999999976019 ) ) ;
#2139 = VECTOR ( 'NONE', #1547, 1000.000000000000000 ) ;
#2140 = CYLINDRICAL_SURFACE ( 'NONE', #2389, 1.749999999999994671 ) ;
#2141 = DIRECTION ( 'NONE',  ( 0.000000000000000000, -1.000000000000000000, 0.000000000000000000 ) ) ;
#2142 = CARTESIAN_POINT ( 'NONE',  ( -74.75000000000000000, 82.50000000000000000, 1.000000000000000888 ) ) ;
#2143 = ORIENTED_EDGE ( 'NONE', *, *, #4370, .T. ) ;
#2144 = EDGE_CURVE ( 'NONE', #4165, #1058, #1742, .T. ) ;
#2145 = DIRECTION ( 'NONE',  ( 1.000000000000000000, 0.000000000000000000, 0.000000000000000000 ) ) ;
#2146 = ORIENTED_EDGE ( 'NONE', *, *, #1588, .T. ) ;
#2147 = DIRECTION ( 'NONE',  ( 0.7071067811865496822, 6.767639908119740098E-17, 0.7071067811865453523 ) ) ;
#2148 = EDGE_CURVE ( 'NONE', #2203, #2520, #2783, .T. ) ;
#2149 = ORIENTED_EDGE ( 'NONE', *, *, #1216, .F. ) ;
#2150 = CARTESIAN_POINT ( 'NONE',  ( 36.35000000000001563, -42.50000000000000000, 30.00000000000000000 ) ) ;
#2151 = ORIENTED_EDGE ( 'NONE', *, *, #2186, .F. ) ;
#2152 = AXIS2_PLACEMENT_3D ( 'NONE', #1856, #4011, #1150 ) ;
#2153 = EDGE_CURVE ( 'NONE', #3420, #3676, #3215, .T. ) ;
#2154 = LINE ( 'NONE', #2867, #3827 ) ;
#2155 = VERTEX_POINT ( 'NONE', #734 ) ;
#2156 = VECTOR ( 'NONE', #3344, 999.9999999999998863 ) ;
#2157 = ORIENTED_EDGE ( 'NONE', *, *, #2845, .F. ) ;
#2158 = VECTOR ( 'NONE', #2266, 1000.000000000000114 ) ;
#2159 = CARTESIAN_POINT ( 'NONE',  ( 34.18354270291752073, 13.34071300249146219, 4.000000000000000000 ) ) ;
#2160 = DIRECTION ( 'NONE',  ( -0.000000000000000000, -0.000000000000000000, -1.000000000000000000 ) ) ;
#2161 = LINE ( 'NONE', #3944, #634 ) ;
#2162 = CARTESIAN_POINT ( 'NONE',  ( -74.25000000000005684, -77.50000000000001421, 6.999999999999995559 ) ) ;
#2163 = CARTESIAN_POINT ( 'NONE',  ( -73.74999999999998579, -82.50000000000000000, 28.99999999999999645 ) ) ;
#2164 = AXIS2_PLACEMENT_3D ( 'NONE', #1215, #2237, #1973 ) ;
#2165 = CARTESIAN_POINT ( 'NONE',  ( -69.74999999999997158, -52.50000000000002842, 1.000000000000001554 ) ) ;
#2166 = ORIENTED_EDGE ( 'NONE', *, *, #3967, .T. ) ;
#2167 = PLANE ( 'NONE',  #1258 ) ;
#2168 = ORIENTED_EDGE ( 'NONE', *, *, #2658, .T. ) ;
#2169 = CARTESIAN_POINT ( 'NONE',  ( -31.65000000000001279, -42.49999999999999289, 22.00000000000000000 ) ) ;
#2170 = DIRECTION ( 'NONE',  ( 1.000000000000000000, 0.000000000000000000, 0.000000000000000000 ) ) ;
#2171 = EDGE_CURVE ( 'NONE', #1058, #2321, #2154, .T. ) ;
#2172 = FACE_BOUND ( 'NONE', #1971, .T. ) ;
#2173 = EDGE_CURVE ( 'NONE', #4407, #2963, #4361, .T. ) ;
#2174 = EDGE_LOOP ( 'NONE', ( #620, #573, #3325, #2146 ) ) ;
#2175 = CARTESIAN_POINT ( 'NONE',  ( 74.75000000000001421, -81.50000000000000000, 30.00000000000000000 ) ) ;
#2176 = CARTESIAN_POINT ( 'NONE',  ( -74.74999999999998579, -77.50000000000001421, 4.400000000000060751 ) ) ;
#2177 = EDGE_LOOP ( 'NONE', ( #3217, #3545, #434, #4009 ) ) ;
#2178 = DIRECTION ( 'NONE',  ( 1.000000000000000000, 0.000000000000000000, 0.000000000000000000 ) ) ;
#2179 = ORIENTED_EDGE ( 'NONE', *, *, #1736, .T. ) ;
#2180 = DIRECTION ( 'NONE',  ( 0.000000000000000000, 0.000000000000000000, -1.000000000000000000 ) ) ;
#2181 = EDGE_LOOP ( 'NONE', ( #2874, #3507, #4472 ) ) ;
#2182 = CARTESIAN_POINT ( 'NONE',  ( 66.75000000000002842, -77.50000000000001421, 23.00000000000000000 ) ) ;
#2183 = ORIENTED_EDGE ( 'NONE', *, *, #181, .T. ) ;
#2184 = LINE ( 'NONE', #1158, #861 ) ;
#2185 = DIRECTION ( 'NONE',  ( -1.000000000000000000, -8.410780489584520404E-17, 0.000000000000000000 ) ) ;
#2186 = EDGE_CURVE ( 'NONE', #2816, #3145, #1914, .T. ) ;
#2187 = ADVANCED_FACE ( 'NONE', ( #88 ), #2640, .F. ) ;
#2188 = LINE ( 'NONE', #2142, #1548 ) ;
#2189 = ORIENTED_EDGE ( 'NONE', *, *, #4471, .F. ) ;
#2190 = DIRECTION ( 'NONE',  ( 1.000000000000000000, 0.000000000000000000, 0.000000000000000000 ) ) ;
#2191 = EDGE_LOOP ( 'NONE', ( #699, #4405, #4413, #2365 ) ) ;
#2192 = DIRECTION ( 'NONE',  ( -1.000000000000000000, 0.000000000000000000, -0.000000000000000000 ) ) ;
#2193 = DIRECTION ( 'NONE',  ( -0.000000000000000000, -0.000000000000000000, -1.000000000000000000 ) ) ;
#2194 = EDGE_CURVE ( 'NONE', #1454, #2500, #1755, .T. ) ;
#2195 = FACE_BOUND ( 'NONE', #1559, .T. ) ;
#2196 = ORIENTED_EDGE ( 'NONE', *, *, #3450, .F. ) ;
#2197 = CARTESIAN_POINT ( 'NONE',  ( -74.25000000000004263, -77.50000000000001421, 20.89999999999999858 ) ) ;
#2198 = DIRECTION ( 'NONE',  ( 1.000000000000000000, 0.000000000000000000, 0.000000000000000000 ) ) ;
#2199 = AXIS2_PLACEMENT_3D ( 'NONE', #2255, #3357, #2668 ) ;
#2200 = ORIENTED_EDGE ( 'NONE', *, *, #4152, .F. ) ;
#2201 = VECTOR ( 'NONE', #220, 1000.000000000000114 ) ;
#2202 = CARTESIAN_POINT ( 'NONE',  ( 12.40928699750809727, -6.683542702917696587, 4.499999999999983125 ) ) ;
#2203 = VERTEX_POINT ( 'NONE', #4058 ) ;
#2204 = VECTOR ( 'NONE', #844, 1000.000000000000000 ) ;
#2205 = AXIS2_PLACEMENT_3D ( 'NONE', #230, #4132, #958 ) ;
#2206 = DIRECTION ( 'NONE',  ( 0.000000000000000000, 1.000000000000000000, 0.000000000000000000 ) ) ;
#2207 = VERTEX_POINT ( 'NONE', #135 ) ;
#2208 = AXIS2_PLACEMENT_3D ( 'NONE', #3424, #4385, #1261 ) ;
#2209 = EDGE_CURVE ( 'NONE', #426, #1282, #3232, .T. ) ;
#2210 = FACE_OUTER_BOUND ( 'NONE', #3561, .T. ) ;
#2211 = CARTESIAN_POINT ( 'NONE',  ( -34.18354270291752783, 41.65928699750855202, 4.499999999999983125 ) ) ;
#2212 = DIRECTION ( 'NONE',  ( 0.000000000000000000, 0.000000000000000000, 1.000000000000000000 ) ) ;
#2213 = EDGE_CURVE ( 'NONE', #3010, #2826, #2232, .T. ) ;
#2214 = CIRCLE ( 'NONE', #1316, 1.749999999999999778 ) ;
#2215 = AXIS2_PLACEMENT_3D ( 'NONE', #3691, #1636, #4040 ) ;
#2216 = CARTESIAN_POINT ( 'NONE',  ( 14.15928699750854847, 61.68354270291752073, 18.76812408671320398 ) ) ;
#2217 = PLANE ( 'NONE',  #3864 ) ;
#2218 = DIRECTION ( 'NONE',  ( 0.4472135954999599261, -0.8944271909999148562, 0.000000000000000000 ) ) ;
#2219 = ADVANCED_FACE ( 'NONE', ( #1259 ), #3637, .F. ) ;
#2220 = AXIS2_PLACEMENT_3D ( 'NONE', #3949, #639, #1695 ) ;
#2221 = EDGE_LOOP ( 'NONE', ( #757, #1627, #3566, #4523 ) ) ;
#2222 = CARTESIAN_POINT ( 'NONE',  ( 12.40928699750809727, -6.683542702917696587, 4.499999999999983125 ) ) ;
#2223 = VERTEX_POINT ( 'NONE', #2572 ) ;
#2224 = DIRECTION ( 'NONE',  ( 0.7071067811865632269, 0.000000000000000000, 0.7071067811865318076 ) ) ;
#2225 = CYLINDRICAL_SURFACE ( 'NONE', #1277, 1.750000000000001554 ) ;
#2226 = PRODUCT_RELATED_PRODUCT_CATEGORY ( 'part', '', ( #3298 ) ) ;
#2227 = LINE ( 'NONE', #104, #2725 ) ;
#2228 = ORIENTED_EDGE ( 'NONE', *, *, #1795, .F. ) ;
#2229 = CARTESIAN_POINT ( 'NONE',  ( -92.54930754969181805, -68.29815346584776137, 18.79930754969170437 ) ) ;
#2230 = FACE_OUTER_BOUND ( 'NONE', #4069, .T. ) ;
#2231 = ORIENTED_EDGE ( 'NONE', *, *, #160, .F. ) ;
#2232 = LINE ( 'NONE', #2202, #40 ) ;
#2233 = ORIENTED_EDGE ( 'NONE', *, *, #109, .F. ) ;
#2234 = DIRECTION ( 'NONE',  ( -0.000000000000000000, -0.000000000000000000, -1.000000000000000000 ) ) ;
#2235 = ORIENTED_EDGE ( 'NONE', *, *, #2378, .T. ) ;
#2236 = DIRECTION ( 'NONE',  ( 0.000000000000000000, 0.000000000000000000, 1.000000000000000000 ) ) ;
#2237 = DIRECTION ( 'NONE',  ( -0.7071067811865475727, 0.7071067811865475727, 0.000000000000000000 ) ) ;
#2238 = AXIS2_PLACEMENT_3D ( 'NONE', #3409, #560, #3110 ) ;
#2239 = EDGE_CURVE ( 'NONE', #3443, #1844, #3006, .T. ) ;
#2240 = AXIS2_PLACEMENT_3D ( 'NONE', #4409, #957, #251 ) ;
#2241 = LINE ( 'NONE', #4297, #1169 ) ;
#2242 = APPLICATION_CONTEXT ( 'automotive_design' ) ;
#2243 = AXIS2_PLACEMENT_3D ( 'NONE', #4500, #4545, #1022 ) ;
#2244 = ORIENTED_EDGE ( 'NONE', *, *, #2040, .F. ) ;
#2245 = ADVANCED_FACE ( 'NONE', ( #4403 ), #513, .F. ) ;
#2246 = DIRECTION ( 'NONE',  ( 1.000000000000000000, 0.000000000000000000, 0.000000000000000000 ) ) ;
#2247 = CARTESIAN_POINT ( 'NONE',  ( 14.15928699750809727, -6.683542702917696587, 4.000000000000000000 ) ) ;
#2248 = CARTESIAN_POINT ( 'NONE',  ( 49.81685716338298420, 38.42157233932453408, 1.000000000000000888 ) ) ;
#2249 = FACE_BOUND ( 'NONE', #4031, .T. ) ;
#2250 = ORIENTED_EDGE ( 'NONE', *, *, #928, .F. ) ;
#2251 = ORIENTED_EDGE ( 'NONE', *, *, #3744, .F. ) ;
#2252 = FACE_OUTER_BOUND ( 'NONE', #1750, .T. ) ;
#2253 = CARTESIAN_POINT ( 'NONE',  ( -14.15928699750810082, 61.68354270291770547, 9.500000000000023093 ) ) ;
#2254 = EDGE_LOOP ( 'NONE', ( #4117, #1136, #1035, #1432 ) ) ;
#2255 = CARTESIAN_POINT ( 'NONE',  ( -66.75000000000002842, -77.50000000000001421, 23.00000000000000000 ) ) ;
#2256 = EDGE_CURVE ( 'NONE', #1857, #1526, #1538, .T. ) ;
#2257 = DIRECTION ( 'NONE',  ( 0.000000000000000000, 0.000000000000000000, -1.000000000000000000 ) ) ;
#2258 = VERTEX_POINT ( 'NONE', #1183 ) ;
#2259 = DIRECTION ( 'NONE',  ( 1.000000000000000000, 9.912705577010326782E-17, 0.000000000000000000 ) ) ;
#2260 = DIRECTION ( 'NONE',  ( 1.000000000000000000, 0.000000000000000000, 0.000000000000000000 ) ) ;
#2261 = DIRECTION ( 'NONE',  ( 0.000000000000000000, 0.000000000000000000, 1.000000000000000000 ) ) ;
#2262 = CARTESIAN_POINT ( 'NONE',  ( 0.000000000000000000, 0.000000000000000000, 0.000000000000000000 ) ) ;
#2263 = ORIENTED_EDGE ( 'NONE', *, *, #2042, .F. ) ;
#2264 = CARTESIAN_POINT ( 'NONE',  ( -12.40928699750810082, 61.68354270291770547, 30.00000000000000000 ) ) ;
#2265 = EDGE_CURVE ( 'NONE', #261, #3105, #2598, .T. ) ;
#2266 = DIRECTION ( 'NONE',  ( -0.2141484772416570037, -0.9768011208506465204, 0.000000000000000000 ) ) ;
#2267 = EDGE_CURVE ( 'NONE', #9, #1891, #1933, .T. ) ;
#2268 = FACE_OUTER_BOUND ( 'NONE', #2542, .T. ) ;
#2269 = ADVANCED_BREP_SHAPE_REPRESENTATION ( '\X2\7535673a5bf962d65e7353f0\X0\-\X2\7535673a69fd\X0\', ( #3842, #3246 ), #2507 ) ;
#2270 = EDGE_LOOP ( 'NONE', ( #3733, #4546, #340, #3422 ) ) ;
#2271 = CARTESIAN_POINT ( 'NONE',  ( -23.75000000000000355, 27.50000000000000711, 9.000000000000008882 ) ) ;
#2272 = CARTESIAN_POINT ( 'NONE',  ( -35.93354270291770547, 13.34071300249190273, 4.499999999999976019 ) ) ;
#2273 = EDGE_LOOP ( 'NONE', ( #3284, #4538 ) ) ;
#2274 = LINE ( 'NONE', #782, #418 ) ;
#2275 = EDGE_CURVE ( 'NONE', #3617, #4240, #3752, .T. ) ;
#2276 = ADVANCED_FACE ( 'NONE', ( #3663 ), #1858, .F. ) ;
#2277 = CARTESIAN_POINT ( 'NONE',  ( -74.74999999999998579, -77.50000000000001421, 9.599999999999932143 ) ) ;
#2278 = EDGE_LOOP ( 'NONE', ( #4401, #4330, #666 ) ) ;
#2279 = AXIS2_PLACEMENT_3D ( 'NONE', #1340, #2751, #1415 ) ;
#2280 = DIRECTION ( 'NONE',  ( -0.000000000000000000, -0.000000000000000000, -1.000000000000000000 ) ) ;
#2281 = CONICAL_SURFACE ( 'NONE', #1014, 23.75000000000000355, 0.7853981633974482790 ) ;
#2282 = CARTESIAN_POINT ( 'NONE',  ( -34.18354270291752783, 41.65928699750855202, 0.4999999999999796274 ) ) ;
#2283 = AXIS2_PLACEMENT_3D ( 'NONE', #49, #1103, #754 ) ;
#2284 = CIRCLE ( 'NONE', #3385, 1.750000000000001554 ) ;
#2285 = PLANE ( 'NONE',  #154 ) ;
#2286 = CARTESIAN_POINT ( 'NONE',  ( -33.75000000000000711, -42.49999999999999289, 29.50000000000000000 ) ) ;
#2287 = VECTOR ( 'NONE', #1640, 1000.000000000000114 ) ;
#2288 = VECTOR ( 'NONE', #1040, 1000.000000000000114 ) ;
#2289 = AXIS2_PLACEMENT_3D ( 'NONE', #3002, #436, #1883 ) ;
#2290 = EDGE_LOOP ( 'NONE', ( #327, #3262 ) ) ;
#2291 = AXIS2_PLACEMENT_3D ( 'NONE', #1418, #3870, #2461 ) ;
#2292 = CIRCLE ( 'NONE', #3696, 1.749999999999999778 ) ;
#2293 = ORIENTED_EDGE ( 'NONE', *, *, #1226, .T. ) ;
#2294 = DIRECTION ( 'NONE',  ( 0.000000000000000000, -0.000000000000000000, -1.000000000000000000 ) ) ;
#2295 = DIRECTION ( 'NONE',  ( 0.000000000000000000, -1.000000000000000000, 0.000000000000000000 ) ) ;
#2296 = FACE_OUTER_BOUND ( 'NONE', #3774, .T. ) ;
#2297 = ADVANCED_FACE ( 'NONE', ( #4383 ), #1460, .F. ) ;
#2298 = ORIENTED_EDGE ( 'NONE', *, *, #1779, .F. ) ;
#2299 = LINE ( 'NONE', #2271, #1842 ) ;
#2300 = FACE_OUTER_BOUND ( 'NONE', #1262, .T. ) ;
#2301 = ORIENTED_EDGE ( 'NONE', *, *, #1536, .F. ) ;
#2302 = CARTESIAN_POINT ( 'NONE',  ( -49.81685716338298420, 38.42157233932451987, 28.99999999999999645 ) ) ;
#2303 = DIRECTION ( 'NONE',  ( 1.000000000000000000, 0.000000000000000000, 0.000000000000000000 ) ) ;
#2304 = CARTESIAN_POINT ( 'NONE',  ( 14.15928699750809727, -6.683542702917696587, 9.499999999999991118 ) ) ;
#2305 = ORIENTED_EDGE ( 'NONE', *, *, #475, .T. ) ;
#2306 = EDGE_CURVE ( 'NONE', #2445, #3158, #2274, .T. ) ;
#2307 = CARTESIAN_POINT ( 'NONE',  ( -41.00000000000000000, 27.50000000000000711, 28.99999999999997158 ) ) ;
#2308 = EDGE_LOOP ( 'NONE', ( #257, #3938, #2151, #108, #4237 ) ) ;
#2309 = LINE ( 'NONE', #3740, #4168 ) ;
#2310 = CARTESIAN_POINT ( 'NONE',  ( -74.74999999999998579, -81.50000000000000000, 30.00000000000000000 ) ) ;
#2311 = CARTESIAN_POINT ( 'NONE',  ( -69.74999999999997158, -62.50000000000002842, 0.000000000000000000 ) ) ;
#2312 = CIRCLE ( 'NONE', #820, 2.249999999999974243 ) ;
#2313 = AXIS2_PLACEMENT_3D ( 'NONE', #520, #3429, #891 ) ;
#2314 = ORIENTED_EDGE ( 'NONE', *, *, #679, .T. ) ;
#2315 = VECTOR ( 'NONE', #2563, 1000.000000000000114 ) ;
#2316 = ORIENTED_EDGE ( 'NONE', *, *, #4329, .F. ) ;
#2317 = FACE_OUTER_BOUND ( 'NONE', #1577, .T. ) ;
#2318 = AXIS2_PLACEMENT_3D ( 'NONE', #2759, #3034, #1654 ) ;
#2319 = DIRECTION ( 'NONE',  ( 0.000000000000000000, 0.000000000000000000, -1.000000000000000000 ) ) ;
#2320 = ORIENTED_EDGE ( 'NONE', *, *, #4487, .F. ) ;
#2321 = VERTEX_POINT ( 'NONE', #2302 ) ;
#2322 = AXIS2_PLACEMENT_3D ( 'NONE', #3285, #1583, #3984 ) ;
#2323 = EDGE_CURVE ( 'NONE', #46, #1439, #1242, .T. ) ;
#2324 = CARTESIAN_POINT ( 'NONE',  ( 3.081487911019577365E-30, 27.50000000000000355, 0.000000000000000000 ) ) ;
#2325 = CARTESIAN_POINT ( 'NONE',  ( -31.08354270291770405, 13.34071300249190273, 0.4999999999999796274 ) ) ;
#2326 = CONICAL_SURFACE ( 'NONE', #3874, 1.749999999999999778, 0.7853981633974393972 ) ;
#2327 = CARTESIAN_POINT ( 'NONE',  ( -34.18354270291769836, 13.34071300249190273, 4.000000000000000000 ) ) ;
#2328 = ORIENTED_EDGE ( 'NONE', *, *, #1380, .F. ) ;
#2329 = CYLINDRICAL_SURFACE ( 'NONE', #3169, 1.749999999999999778 ) ;
#2330 = CARTESIAN_POINT ( 'NONE',  ( 3.081487911019577365E-30, 27.50000000000000355, 0.000000000000000000 ) ) ;
#2331 = FACE_OUTER_BOUND ( 'NONE', #4097, .T. ) ;
#2332 = DIRECTION ( 'NONE',  ( 0.000000000000000000, 0.000000000000000000, 1.000000000000000000 ) ) ;
#2333 = DIRECTION ( 'NONE',  ( -0.000000000000000000, 0.000000000000000000, 1.000000000000000000 ) ) ;
#2334 = ADVANCED_FACE ( 'NONE', ( #922, #1691 ), #1365, .F. ) ;
#2335 = EDGE_CURVE ( 'NONE', #2445, #1475, #1666, .T. ) ;
#2336 = ORIENTED_EDGE ( 'NONE', *, *, #12, .T. ) ;
#2337 = CARTESIAN_POINT ( 'NONE',  ( 69.75000000000000000, -52.50000000000001421, 1.000000000000001110 ) ) ;
#2338 = DIRECTION ( 'NONE',  ( 1.000000000000000000, 0.000000000000000000, 0.000000000000000000 ) ) ;
#2339 = ORIENTED_EDGE ( 'NONE', *, *, #1961, .F. ) ;
#2340 = ORIENTED_EDGE ( 'NONE', *, *, #483, .F. ) ;
#2341 = DIRECTION ( 'NONE',  ( 1.000000000000000000, 0.000000000000000000, 0.000000000000000000 ) ) ;
#2342 = ORIENTED_EDGE ( 'NONE', *, *, #2517, .F. ) ;
#2343 = DIRECTION ( 'NONE',  ( -0.000000000000000000, 0.000000000000000000, 1.000000000000000000 ) ) ;
#2344 = DIRECTION ( 'NONE',  ( 1.000000000000000000, 9.912705577010326782E-17, -0.000000000000000000 ) ) ;
#2345 = LINE ( 'NONE', #906, #493 ) ;
#2346 = ORIENTED_EDGE ( 'NONE', *, *, #4370, .F. ) ;
#2347 = DIRECTION ( 'NONE',  ( 0.7071067811865474617, 0.7071067811865474617, 1.196099074440433369E-16 ) ) ;
#2348 = EDGE_CURVE ( 'NONE', #1323, #2030, #550, .T. ) ;
#2349 = DIRECTION ( 'NONE',  ( 0.000000000000000000, 0.000000000000000000, 1.000000000000000000 ) ) ;
#2350 = PLANE ( 'NONE',  #3311 ) ;
#2351 = VECTOR ( 'NONE', #4014, 1000.000000000000114 ) ;
#2352 = DIRECTION ( 'NONE',  ( 8.410780489584520404E-17, -1.000000000000000000, 0.000000000000000000 ) ) ;
#2353 = ADVANCED_FACE ( 'NONE', ( #4174 ), #1311, .F. ) ;
#2354 = DIRECTION ( 'NONE',  ( 1.000000000000000000, 0.000000000000000000, 0.000000000000000000 ) ) ;
#2355 = AXIS2_PLACEMENT_3D ( 'NONE', #961, #3832, #1407 ) ;
#2356 = EDGE_LOOP ( 'NONE', ( #4469, #3214 ) ) ;
#2357 = CONICAL_SURFACE ( 'NONE', #2283, 2.599999999999935696, 0.7853981633974378429 ) ;
#2358 = AXIS2_PLACEMENT_3D ( 'NONE', #4231, #2828, #17 ) ;
#2359 = LINE ( 'NONE', #1983, #641 ) ;
#2360 = EDGE_CURVE ( 'NONE', #4407, #2445, #3523, .T. ) ;
#2361 = CIRCLE ( 'NONE', #1921, 2.099999999999997868 ) ;
#2362 = DIRECTION ( 'NONE',  ( 0.000000000000000000, -0.000000000000000000, -1.000000000000000000 ) ) ;
#2363 = ORIENTED_EDGE ( 'NONE', *, *, #4412, .T. ) ;
#2364 = PLANE ( 'NONE',  #3862 ) ;
#2365 = ORIENTED_EDGE ( 'NONE', *, *, #1833, .F. ) ;
#2366 = AXIS2_PLACEMENT_3D ( 'NONE', #4007, #1852, #2935 ) ;
#2367 = VERTEX_POINT ( 'NONE', #3289 ) ;
#2368 = FACE_BOUND ( 'NONE', #1997, .T. ) ;
#2369 = DIRECTION ( 'NONE',  ( 9.570888143320314409E-17, -1.000000000000000000, 0.000000000000000000 ) ) ;
#2370 = ORIENTED_EDGE ( 'NONE', *, *, #2067, .T. ) ;
#2371 = DIRECTION ( 'NONE',  ( 0.7071067811865647812, 8.659560562354722084E-17, 0.7071067811865302533 ) ) ;
#2372 = EDGE_CURVE ( 'NONE', #1857, #1422, #1683, .T. ) ;
#2373 = DIRECTION ( 'NONE',  ( 0.000000000000000000, 0.000000000000000000, 1.000000000000000000 ) ) ;
#2374 = DIRECTION ( 'NONE',  ( 1.000000000000000000, 0.000000000000000000, 0.000000000000000000 ) ) ;
#2375 = LINE ( 'NONE', #3787, #744 ) ;
#2376 = FACE_OUTER_BOUND ( 'NONE', #3869, .T. ) ;
#2377 = CARTESIAN_POINT ( 'NONE',  ( 74.75000000000001421, -81.50000000000000000, 1.000000000000001110 ) ) ;
#2378 = EDGE_CURVE ( 'NONE', #4194, #382, #4269, .T. ) ;
#2379 = CONICAL_SURFACE ( 'NONE', #4375, 1.750000000000001554, 0.7853981633974391752 ) ;
#2380 = EDGE_LOOP ( 'NONE', ( #315, #4313, #2228, #1668 ) ) ;
#2381 = CYLINDRICAL_SURFACE ( 'NONE', #3609, 3.099999999999998757 ) ;
#2382 = CIRCLE ( 'NONE', #2681, 1.750000000000001554 ) ;
#2383 = CARTESIAN_POINT ( 'NONE',  ( 17.25928699750855344, 61.68354270291752073, 4.000000000000000000 ) ) ;
#2384 = AXIS2_PLACEMENT_3D ( 'NONE', #3431, #254, #1677 ) ;
#2385 = EDGE_CURVE ( 'NONE', #3158, #4125, #946, .T. ) ;
#2386 = ORIENTED_EDGE ( 'NONE', *, *, #1595, .F. ) ;
#2387 = DIRECTION ( 'NONE',  ( 1.000000000000000000, 0.000000000000000000, 0.000000000000000000 ) ) ;
#2388 = ORIENTED_EDGE ( 'NONE', *, *, #3776, .F. ) ;
#2389 = AXIS2_PLACEMENT_3D ( 'NONE', #2487, #742, #347 ) ;
#2390 = EDGE_CURVE ( 'NONE', #1827, #1563, #4492, .T. ) ;
#2391 = ORIENTED_EDGE ( 'NONE', *, *, #4049, .F. ) ;
#2392 = EDGE_CURVE ( 'NONE', #812, #1631, #919, .T. ) ;
#2393 = CARTESIAN_POINT ( 'NONE',  ( 3.081487911019577365E-30, 27.50000000000000355, 0.000000000000000000 ) ) ;
#2394 = VECTOR ( 'NONE', #3384, 1000.000000000000000 ) ;
#2395 = DIRECTION ( 'NONE',  ( 1.000000000000000000, 0.000000000000000000, 0.000000000000000000 ) ) ;
#2396 = ORIENTED_EDGE ( 'NONE', *, *, #911, .T. ) ;
#2397 = DIRECTION ( 'NONE',  ( -0.000000000000000000, -0.000000000000000000, 1.000000000000000000 ) ) ;
#2398 = EDGE_CURVE ( 'NONE', #765, #3443, #788, .T. ) ;
#2399 = VERTEX_POINT ( 'NONE', #930 ) ;
#2400 = DIRECTION ( 'NONE',  ( 0.8944271909999148562, -0.4472135954999599261, 0.000000000000000000 ) ) ;
#2401 = CARTESIAN_POINT ( 'NONE',  ( 14.15928699750809727, -6.683542702917696587, 9.499999999999991118 ) ) ;
#2402 = DIRECTION ( 'NONE',  ( 1.000000000000000000, 0.000000000000000000, 0.000000000000000000 ) ) ;
#2403 = ADVANCED_FACE ( 'NONE', ( #3698 ), #2350, .F. ) ;
#2404 = DIRECTION ( 'NONE',  ( -0.7071067811865434649, 0.000000000000000000, -0.7071067811865516806 ) ) ;
#2405 = ORIENTED_EDGE ( 'NONE', *, *, #3693, .T. ) ;
#2406 = LINE ( 'NONE', #1036, #4359 ) ;
#2407 = ORIENTED_EDGE ( 'NONE', *, *, #2882, .T. ) ;
#2408 = EDGE_CURVE ( 'NONE', #2962, #2207, #4121, .T. ) ;
#2409 = EDGE_LOOP ( 'NONE', ( #3161, #465, #2110, #11 ) ) ;
#2410 = FACE_OUTER_BOUND ( 'NONE', #3070, .T. ) ;
#2411 = EDGE_CURVE ( 'NONE', #83, #1058, #3724, .T. ) ;
#2412 = ORIENTED_EDGE ( 'NONE', *, *, #3721, .F. ) ;
#2413 = DIRECTION ( 'NONE',  ( 0.7071067811865434649, 8.659560562354883554E-17, -0.7071067811865516806 ) ) ;
#2414 = CARTESIAN_POINT ( 'NONE',  ( -14.15928699750810082, 61.68354270291770547, 0.000000000000000000 ) ) ;
#2415 = VERTEX_POINT ( 'NONE', #4547 ) ;
#2416 = EDGE_CURVE ( 'NONE', #2987, #3026, #2715, .T. ) ;
#2417 = DIRECTION ( 'NONE',  ( -0.4472135954999599261, 0.8944271909999148562, 0.000000000000000000 ) ) ;
#2418 = ORIENTED_EDGE ( 'NONE', *, *, #4071, .F. ) ;
#2419 = LINE ( 'NONE', #3107, #2722 ) ;
#2420 = CARTESIAN_POINT ( 'NONE',  ( -34.18354270291752783, 41.65928699750855202, 9.500000000000015987 ) ) ;
#2421 = DIRECTION ( 'NONE',  ( -0.000000000000000000, 0.000000000000000000, 1.000000000000000000 ) ) ;
#2422 = VECTOR ( 'NONE', #2417, 1000.000000000000114 ) ;
#2423 = DIRECTION ( 'NONE',  ( 0.7071067811865451302, 5.947319919256703984E-17, 0.7071067811865500152 ) ) ;
#2424 = EDGE_CURVE ( 'NONE', #1138, #4449, #298, .T. ) ;
#2425 = DIRECTION ( 'NONE',  ( 0.000000000000000000, 0.000000000000000000, 1.000000000000000000 ) ) ;
#2426 = AXIS2_PLACEMENT_3D ( 'NONE', #1421, #3872, #687 ) ;
#2427 = CARTESIAN_POINT ( 'NONE',  ( -73.74999999999998579, -82.50000000000000000, 30.00000000000000000 ) ) ;
#2428 = ORIENTED_EDGE ( 'NONE', *, *, #3307, .F. ) ;
#2429 = CARTESIAN_POINT ( 'NONE',  ( -15.90928699750810260, 61.68354270291770547, 9.500000000000023093 ) ) ;
#2430 = CONICAL_SURFACE ( 'NONE', #3160, 3.100000000000001865, 0.7853981633974651544 ) ;
#2431 = VECTOR ( 'NONE', #1064, 1000.000000000000000 ) ;
#2432 = VERTEX_POINT ( 'NONE', #3498 ) ;
#2433 = AXIS2_PLACEMENT_3D ( 'NONE', #1794, #2470, #367 ) ;
#2434 = AXIS2_PLACEMENT_3D ( 'NONE', #3293, #4263, #1087 ) ;
#2435 = EDGE_LOOP ( 'NONE', ( #3962, #2263, #4414, #4392 ) ) ;
#2436 = LINE ( 'NONE', #4256, #1685 ) ;
#2437 = AXIS2_PLACEMENT_3D ( 'NONE', #3207, #1098, #2539 ) ;
#2438 = AXIS2_PLACEMENT_3D ( 'NONE', #2442, #2733, #618 ) ;
#2439 = CIRCLE ( 'NONE', #504, 3.100000000000001865 ) ;
#2440 = EDGE_CURVE ( 'NONE', #2619, #2990, #494, .T. ) ;
#2441 = ORIENTED_EDGE ( 'NONE', *, *, #1146, .T. ) ;
#2442 = CARTESIAN_POINT ( 'NONE',  ( 0.000000000000000000, 0.000000000000000000, 0.000000000000000000 ) ) ;
#2443 = VECTOR ( 'NONE', #3352, 999.9999999999998863 ) ;
#2444 = FACE_OUTER_BOUND ( 'NONE', #365, .T. ) ;
#2445 = VERTEX_POINT ( 'NONE', #3152 ) ;
#2446 = CARTESIAN_POINT ( 'NONE',  ( 32.43354270291769836, 41.65928699750809727, 9.500000000000023093 ) ) ;
#2447 = EDGE_LOOP ( 'NONE', ( #167, #317, #4026, #624 ) ) ;
#2448 = EDGE_CURVE ( 'NONE', #4223, #2155, #3679, .T. ) ;
#2449 = DIRECTION ( 'NONE',  ( -1.000000000000000000, 0.000000000000000000, 0.000000000000000000 ) ) ;
#2450 = DIRECTION ( 'NONE',  ( 1.000000000000000000, 0.000000000000000000, 0.000000000000000000 ) ) ;
#2451 = DIRECTION ( 'NONE',  ( -1.000000000000000000, 9.912705577010326782E-17, -0.000000000000000000 ) ) ;
#2452 = FACE_BOUND ( 'NONE', #2290, .T. ) ;
#2453 = CARTESIAN_POINT ( 'NONE',  ( -73.74999999999998579, -6.202950611068581748E-15, 30.00000000000000000 ) ) ;
#2454 = VERTEX_POINT ( 'NONE', #625 ) ;
#2455 = DIRECTION ( 'NONE',  ( 8.410780489584520404E-17, -1.000000000000000000, 0.000000000000000000 ) ) ;
#2456 = ORIENTED_EDGE ( 'NONE', *, *, #72, .T. ) ;
#2457 = ORIENTED_EDGE ( 'NONE', *, *, #3164, .F. ) ;
#2458 = CARTESIAN_POINT ( 'NONE',  ( -73.74999999999997158, -72.73606797749972941, 30.00000000000000000 ) ) ;
#2459 = AXIS2_PLACEMENT_3D ( 'NONE', #2216, #4344, #4321 ) ;
#2460 = ORIENTED_EDGE ( 'NONE', *, *, #2607, .T. ) ;
#2461 = DIRECTION ( 'NONE',  ( 1.000000000000000000, 0.000000000000000000, 0.000000000000000000 ) ) ;
#2462 = CIRCLE ( 'NONE', #2898, 41.00000000000000000 ) ;
#2463 = ORIENTED_EDGE ( 'NONE', *, *, #4314, .T. ) ;
#2464 = VECTOR ( 'NONE', #3578, 1000.000000000000000 ) ;
#2465 = EDGE_CURVE ( 'NONE', #3368, #4165, #2419, .T. ) ;
#2466 = CARTESIAN_POINT ( 'NONE',  ( -37.28354270291752215, 41.65928699750855202, 18.76812408671320398 ) ) ;
#2467 = ORIENTED_EDGE ( 'NONE', *, *, #3086, .T. ) ;
#2468 = ORIENTED_EDGE ( 'NONE', *, *, #2378, .F. ) ;
#2469 = CARTESIAN_POINT ( 'NONE',  ( -34.18354270291769836, 13.34071300249190273, 4.000000000000000000 ) ) ;
#2470 = DIRECTION ( 'NONE',  ( 0.000000000000000000, 0.000000000000000000, -1.000000000000000000 ) ) ;
#2471 = CYLINDRICAL_SURFACE ( 'NONE', #683, 2.100000000000004530 ) ;
#2472 = CARTESIAN_POINT ( 'NONE',  ( -34.18354270291752783, 41.65928699750855202, 30.00000000000000000 ) ) ;
#2473 = DIRECTION ( 'NONE',  ( -1.000000000000000000, 0.000000000000000000, 0.000000000000000000 ) ) ;
#2474 = CARTESIAN_POINT ( 'NONE',  ( -31.93354270291755270, 41.65928699750855202, 4.000000000000000000 ) ) ;
#2475 = ADVANCED_FACE ( 'NONE', ( #3892 ), #1425, .F. ) ;
#2476 = ADVANCED_FACE ( 'NONE', ( #713 ), #1726, .F. ) ;
#2477 = ORIENTED_EDGE ( 'NONE', *, *, #4062, .T. ) ;
#2478 = ORIENTED_EDGE ( 'NONE', *, *, #284, .F. ) ;
#2479 = ORIENTED_EDGE ( 'NONE', *, *, #4268, .F. ) ;
#2480 = CARTESIAN_POINT ( 'NONE',  ( 14.15928699750809727, -6.683542702917696587, 4.499999999999983125 ) ) ;
#2481 = VERTEX_POINT ( 'NONE', #3807 ) ;
#2482 = DIRECTION ( 'NONE',  ( -0.000000000000000000, -0.000000000000000000, -1.000000000000000000 ) ) ;
#2483 = ORIENTED_EDGE ( 'NONE', *, *, #3347, .T. ) ;
#2484 = VERTEX_POINT ( 'NONE', #1771 ) ;
#2485 = CARTESIAN_POINT ( 'NONE',  ( 34.18354270291769836, 41.65928699750809727, 0.4999999999999761302 ) ) ;
#2486 = DIRECTION ( 'NONE',  ( -1.000000000000000000, -0.000000000000000000, -0.000000000000000000 ) ) ;
#2487 = CARTESIAN_POINT ( 'NONE',  ( -34.18354270291752783, 41.65928699750855202, 30.00000000000000000 ) ) ;
#2488 = ADVANCED_FACE ( 'NONE', ( #3826 ), #192, .F. ) ;
#2489 = CARTESIAN_POINT ( 'NONE',  ( -69.74999999999997158, -52.50000000000002842, 1.000000000000000666 ) ) ;
#2490 = CARTESIAN_POINT ( 'NONE',  ( -14.15928699750854491, -6.683542702917516287, 9.500000000000023093 ) ) ;
#2491 = VERTEX_POINT ( 'NONE', #3132 ) ;
#2492 = AXIS2_PLACEMENT_3D ( 'NONE', #2211, #769, #3221 ) ;
#2493 = ADVANCED_FACE ( 'NONE', ( #1047 ), #1700, .T. ) ;
#2494 = ORIENTED_EDGE ( 'NONE', *, *, #4148, .F. ) ;
#2495 = VECTOR ( 'NONE', #4260, 1000.000000000000114 ) ;
#2496 = SURFACE_STYLE_USAGE ( .BOTH. , #728 ) ;
#2497 = CONICAL_SURFACE ( 'NONE', #3601, 1.750000000000001554, 0.7853981633974393972 ) ;
#2498 = AXIS2_PLACEMENT_3D ( 'NONE', #2311, #983, #1615 ) ;
#2499 = AXIS2_PLACEMENT_3D ( 'NONE', #2041, #343, #2449 ) ;
#2500 = VERTEX_POINT ( 'NONE', #1405 ) ;
#2501 = CARTESIAN_POINT ( 'NONE',  ( 15.90928699750854669, 61.68354270291752073, 30.00000000000000000 ) ) ;
#2502 = ORIENTED_EDGE ( 'NONE', *, *, #3290, .F. ) ;
#2503 = VECTOR ( 'NONE', #1267, 1000.000000000000000 ) ;
#2504 = CIRCLE ( 'NONE', #1404, 1.750000000000001554 ) ;
#2505 = PLANE ( 'NONE',  #409 ) ;
#2506 = VERTEX_POINT ( 'NONE', #1352 ) ;
#2507 =( GEOMETRIC_REPRESENTATION_CONTEXT ( 3 ) GLOBAL_UNCERTAINTY_ASSIGNED_CONTEXT ( ( #3765 ) ) GLOBAL_UNIT_ASSIGNED_CONTEXT ( ( #1286, #3323, #841 ) ) REPRESENTATION_CONTEXT ( 'NONE', 'WORKASPACE' ) );
#2508 = ORIENTED_EDGE ( 'NONE', *, *, #3046, .F. ) ;
#2509 = AXIS2_PLACEMENT_3D ( 'NONE', #54, #3283, #846 ) ;
#2510 = CARTESIAN_POINT ( 'NONE',  ( -14.15928699750810082, 61.68354270291770547, 4.499999999999979572 ) ) ;
#2511 = DIRECTION ( 'NONE',  ( 0.000000000000000000, 0.000000000000000000, -1.000000000000000000 ) ) ;
#2512 = DIRECTION ( 'NONE',  ( -0.000000000000000000, -0.000000000000000000, -1.000000000000000000 ) ) ;
#2513 = DIRECTION ( 'NONE',  ( 1.000000000000000000, 0.000000000000000000, 0.000000000000000000 ) ) ;
#2514 = DIRECTION ( 'NONE',  ( -0.000000000000000000, 0.000000000000000000, -1.000000000000000000 ) ) ;
#2515 = AXIS2_PLACEMENT_3D ( 'NONE', #1934, #3069, #200 ) ;
#2516 = LINE ( 'NONE', #794, #126 ) ;
#2517 = EDGE_CURVE ( 'NONE', #2122, #3804, #2946, .T. ) ;
#2518 = ORIENTED_EDGE ( 'NONE', *, *, #2789, .F. ) ;
#2519 = DIRECTION ( 'NONE',  ( -0.000000000000000000, -0.000000000000000000, -1.000000000000000000 ) ) ;
#2520 = VERTEX_POINT ( 'NONE', #2804 ) ;
#2521 = CARTESIAN_POINT ( 'NONE',  ( 36.43354270291748520, 13.34071300249146219, 10.00000000000000000 ) ) ;
#2522 = EDGE_CURVE ( 'NONE', #2030, #4170, #2573, .T. ) ;
#2523 = ORIENTED_EDGE ( 'NONE', *, *, #446, .F. ) ;
#2524 = LINE ( 'NONE', #2175, #208 ) ;
#2525 = DIRECTION ( 'NONE',  ( 0.7071067811865409114, 0.000000000000000000, 0.7071067811865541231 ) ) ;
#2526 = ORIENTED_EDGE ( 'NONE', *, *, #2440, .T. ) ;
#2527 = FACE_OUTER_BOUND ( 'NONE', #2657, .T. ) ;
#2528 = ADVANCED_FACE ( 'NONE', ( #16 ), #2779, .F. ) ;
#2529 = ORIENTED_EDGE ( 'NONE', *, *, #3014, .F. ) ;
#2530 = EDGE_CURVE ( 'NONE', #999, #907, #1622, .T. ) ;
#2531 = AXIS2_PLACEMENT_3D ( 'NONE', #1357, #2425, #3833 ) ;
#2532 = FACE_OUTER_BOUND ( 'NONE', #2447, .T. ) ;
#2533 = EDGE_LOOP ( 'NONE', ( #4193, #2336, #3271, #1013 ) ) ;
#2534 = DIRECTION ( 'NONE',  ( 1.000000000000000000, 0.000000000000000000, 0.000000000000000000 ) ) ;
#2535 = EDGE_CURVE ( 'NONE', #1563, #1827, #2787, .T. ) ;
#2536 = LINE ( 'NONE', #2926, #1160 ) ;
#2537 = DIRECTION ( 'NONE',  ( 0.000000000000000000, -0.000000000000000000, -1.000000000000000000 ) ) ;
#2538 = ADVANCED_FACE ( 'NONE', ( #4246 ), #793, .F. ) ;
#2539 = DIRECTION ( 'NONE',  ( 1.000000000000000000, 0.000000000000000000, 0.000000000000000000 ) ) ;
#2540 = ORIENTED_EDGE ( 'NONE', *, *, #1571, .T. ) ;
#2541 = CARTESIAN_POINT ( 'NONE',  ( -35.93354270291752073, 41.65928699750855202, 9.500000000000015987 ) ) ;
#2542 = EDGE_LOOP ( 'NONE', ( #2298, #2854, #2293, #3300 ) ) ;
#2543 = DIRECTION ( 'NONE',  ( -0.000000000000000000, -0.000000000000000000, -1.000000000000000000 ) ) ;
#2544 = CARTESIAN_POINT ( 'NONE',  ( 34.18354270291752073, 13.34071300249146219, 0.4999999999999761302 ) ) ;
#2545 = CARTESIAN_POINT ( 'NONE',  ( -34.18354270291769836, 13.34071300249190273, 0.4999999999999796274 ) ) ;
#2546 = ORIENTED_EDGE ( 'NONE', *, *, #1448, .T. ) ;
#2547 = DIRECTION ( 'NONE',  ( -1.000000000000000000, 0.000000000000000000, 0.000000000000000000 ) ) ;
#2548 = DIRECTION ( 'NONE',  ( 0.000000000000000000, -1.000000000000000000, 0.000000000000000000 ) ) ;
#2549 = ADVANCED_FACE ( 'NONE', ( #3664 ), #4316, .F. ) ;
#2550 = ORIENTED_EDGE ( 'NONE', *, *, #2239, .T. ) ;
#2551 = DIRECTION ( 'NONE',  ( -8.410780489584520404E-17, 1.000000000000000000, 0.000000000000000000 ) ) ;
#2552 = ORIENTED_EDGE ( 'NONE', *, *, #4177, .F. ) ;
#2553 = CARTESIAN_POINT ( 'NONE',  ( -74.25000000000005684, -77.50000000000001421, 6.999999999999995559 ) ) ;
#2554 = VERTEX_POINT ( 'NONE', #1135 ) ;
#2555 = EDGE_CURVE ( 'NONE', #4309, #3105, #2900, .T. ) ;
#2556 = LINE ( 'NONE', #786, #1549 ) ;
#2557 = DIRECTION ( 'NONE',  ( -0.000000000000000000, -0.000000000000000000, 1.000000000000000000 ) ) ;
#2558 = DIRECTION ( 'NONE',  ( -0.000000000000000000, 0.000000000000000000, 1.000000000000000000 ) ) ;
#2559 = CARTESIAN_POINT ( 'NONE',  ( -74.25000000000004263, -79.60000000000002274, 23.00000000000000000 ) ) ;
#2560 = ORIENTED_EDGE ( 'NONE', *, *, #2416, .F. ) ;
#2561 = CARTESIAN_POINT ( 'NONE',  ( 74.75000000000001421, -77.50000000000001421, 25.59999999999999076 ) ) ;
#2562 = DIRECTION ( 'NONE',  ( -9.570888143320314409E-17, 1.000000000000000000, 0.000000000000000000 ) ) ;
#2563 = DIRECTION ( 'NONE',  ( 0.6974565623330519770, 0.1646471600639295985, -0.6974565623330563069 ) ) ;
#2564 = CYLINDRICAL_SURFACE ( 'NONE', #2509, 2.100000000000004530 ) ;
#2565 = VERTEX_POINT ( 'NONE', #410 ) ;
#2566 = DIRECTION ( 'NONE',  ( -0.000000000000000000, -0.000000000000000000, -1.000000000000000000 ) ) ;
#2567 = DIRECTION ( 'NONE',  ( -0.000000000000000000, 0.000000000000000000, 1.000000000000000000 ) ) ;
#2568 = AXIS2_PLACEMENT_3D ( 'NONE', #1909, #482, #3989 ) ;
#2569 = ORIENTED_EDGE ( 'NONE', *, *, #1448, .F. ) ;
#2570 = CONICAL_SURFACE ( 'NONE', #567, 1.750000000000001554, 0.7853981633974423948 ) ;
#2571 = EDGE_CURVE ( 'NONE', #437, #1620, #123, .T. ) ;
#2572 = CARTESIAN_POINT ( 'NONE',  ( -23.75000000000000355, 27.50000000000000711, 0.9999999999999626965 ) ) ;
#2573 = CIRCLE ( 'NONE', #1162, 2.100000000000000977 ) ;
#2574 = EDGE_LOOP ( 'NONE', ( #855, #553, #613, #4036 ) ) ;
#2575 = VECTOR ( 'NONE', #4465, 1000.000000000000000 ) ;
#2576 = AXIS2_PLACEMENT_3D ( 'NONE', #3452, #1772, #3893 ) ;
#2577 = CARTESIAN_POINT ( 'NONE',  ( 14.15928699750854847, 61.68354270291752073, 18.76812408671320398 ) ) ;
#2578 = ORIENTED_EDGE ( 'NONE', *, *, #2040, .T. ) ;
#2579 = AXIS2_PLACEMENT_3D ( 'NONE', #2989, #4085, #177 ) ;
#2580 = CYLINDRICAL_SURFACE ( 'NONE', #2656, 41.00000000000000000 ) ;
#2581 = FACE_OUTER_BOUND ( 'NONE', #2174, .T. ) ;
#2582 = DIRECTION ( 'NONE',  ( 0.000000000000000000, -0.000000000000000000, -1.000000000000000000 ) ) ;
#2583 = CIRCLE ( 'NONE', #576, 2.100000000000000977 ) ;
#2584 = EDGE_CURVE ( 'NONE', #2012, #3690, #1834, .T. ) ;
#2585 = AXIS2_PLACEMENT_3D ( 'NONE', #1760, #4053, #2547 ) ;
#2586 = CARTESIAN_POINT ( 'NONE',  ( -48.84005604253233912, 38.20742386208286234, 0.000000000000000000 ) ) ;
#2587 = ORIENTED_EDGE ( 'NONE', *, *, #4510, .F. ) ;
#2588 = DIRECTION ( 'NONE',  ( 1.000000000000000000, 0.000000000000000000, 0.000000000000000000 ) ) ;
#2589 = VERTEX_POINT ( 'NONE', #1540 ) ;
#2590 = CARTESIAN_POINT ( 'NONE',  ( -34.18354270291752783, 41.65928699750855202, 4.000000000000000000 ) ) ;
#2591 = DIRECTION ( 'NONE',  ( 0.000000000000000000, -0.000000000000000000, -1.000000000000000000 ) ) ;
#2592 = LINE ( 'NONE', #1222, #4509 ) ;
#2593 = ORIENTED_EDGE ( 'NONE', *, *, #1585, .F. ) ;
#2594 = ORIENTED_EDGE ( 'NONE', *, *, #621, .F. ) ;
#2595 = DIRECTION ( 'NONE',  ( -0.000000000000000000, 0.000000000000000000, 1.000000000000000000 ) ) ;
#2596 = LINE ( 'NONE', #850, #3186 ) ;
#2597 = VERTEX_POINT ( 'NONE', #3270 ) ;
#2598 = LINE ( 'NONE', #438, #2646 ) ;
#2599 = VERTEX_POINT ( 'NONE', #4364 ) ;
#2600 = CIRCLE ( 'NONE', #2004, 2.249999999999970690 ) ;
#2601 = CIRCLE ( 'NONE', #2152, 3.100000000000003642 ) ;
#2602 = DIRECTION ( 'NONE',  ( 1.000000000000000000, 0.000000000000000000, 0.000000000000000000 ) ) ;
#2603 = EDGE_LOOP ( 'NONE', ( #1346, #3924, #3494, #441, #325 ) ) ;
#2604 = PLANE ( 'NONE',  #3243 ) ;
#2605 = CARTESIAN_POINT ( 'NONE',  ( -41.00000000000000000, 27.50000000000000711, 28.99999999999997158 ) ) ;
#2606 = AXIS2_PLACEMENT_3D ( 'NONE', #4212, #4535, #1096 ) ;
#2607 = EDGE_CURVE ( 'NONE', #2930, #3915, #1918, .T. ) ;
#2609 = CIRCLE ( 'NONE', #3414, 2.249999999999974243 ) ;
#2608 = CARTESIAN_POINT ( 'NONE',  ( 17.25928699750855344, 61.68354270291752073, 0.5000000000000559552 ) ) ;
#2610 = CONICAL_SURFACE ( 'NONE', #750, 2.100000000000000977, 0.7853981633974239651 ) ;
#2611 = ORIENTED_EDGE ( 'NONE', *, *, #166, .T. ) ;
#2612 = EDGE_LOOP ( 'NONE', ( #2771, #1465, #1336, #4101, #3516 ) ) ;
#2613 = DIRECTION ( 'NONE',  ( -0.000000000000000000, -0.7071067811865475727, 0.7071067811865475727 ) ) ;
#2614 = EDGE_CURVE ( 'NONE', #3145, #2816, #3836, .T. ) ;
#2615 = ADVANCED_FACE ( 'NONE', ( #3317 ), #3616, .F. ) ;
#2616 = DIRECTION ( 'NONE',  ( 1.000000000000000000, 0.000000000000000000, 0.000000000000000000 ) ) ;
#2617 = DIRECTION ( 'NONE',  ( 0.000000000000000000, -0.000000000000000000, -1.000000000000000000 ) ) ;
#2618 = ORIENTED_EDGE ( 'NONE', *, *, #2862, .T. ) ;
#2619 = VERTEX_POINT ( 'NONE', #35 ) ;
#2620 = CARTESIAN_POINT ( 'NONE',  ( -34.18354270291752783, 41.65928699750855202, 18.76812408671320398 ) ) ;
#2621 = PLANE ( 'NONE',  #4505 ) ;
#2622 = DIRECTION ( 'NONE',  ( 1.000000000000000000, 0.000000000000000000, 0.000000000000000000 ) ) ;
#2623 = CARTESIAN_POINT ( 'NONE',  ( -14.15928699750854491, -6.683542702917516287, 0.000000000000000000 ) ) ;
#2624 = EDGE_LOOP ( 'NONE', ( #2552, #3150, #4398, #463 ) ) ;
#2625 = CARTESIAN_POINT ( 'NONE',  ( 14.15928699750854847, 61.68354270291752073, 4.000000000000000000 ) ) ;
#2626 = CARTESIAN_POINT ( 'NONE',  ( 37.28354270291769978, 41.65928699750809727, 0.4999999999999761302 ) ) ;
#2627 = DIRECTION ( 'NONE',  ( -0.000000000000000000, -0.000000000000000000, -1.000000000000000000 ) ) ;
#2628 = CARTESIAN_POINT ( 'NONE',  ( 34.18354270291769836, 41.65928699750809727, 9.500000000000023093 ) ) ;
#2629 = ADVANCED_FACE ( 'NONE', ( #3219 ), #1464, .F. ) ;
#2630 = ORIENTED_EDGE ( 'NONE', *, *, #623, .F. ) ;
#2631 = ORIENTED_EDGE ( 'NONE', *, *, #166, .F. ) ;
#2632 = DIRECTION ( 'NONE',  ( -0.000000000000000000, -0.000000000000000000, -1.000000000000000000 ) ) ;
#2633 = CARTESIAN_POINT ( 'NONE',  ( 32.43354270291769836, 41.65928699750809727, 4.499999999999976019 ) ) ;
#2634 = CARTESIAN_POINT ( 'NONE',  ( -31.93354270291772679, 13.34071300249190273, 4.000000000000000000 ) ) ;
#2635 = EDGE_CURVE ( 'NONE', #1058, #918, #66, .T. ) ;
#2636 = ORIENTED_EDGE ( 'NONE', *, *, #2392, .T. ) ;
#2637 = DIRECTION ( 'NONE',  ( 0.000000000000000000, -0.000000000000000000, -1.000000000000000000 ) ) ;
#2638 = CARTESIAN_POINT ( 'NONE',  ( 3.081487911019577365E-30, 27.50000000000000355, 28.99999999999999645 ) ) ;
#2639 = ORIENTED_EDGE ( 'NONE', *, *, #990, .T. ) ;
#2640 = PLANE ( 'NONE',  #263 ) ;
#2641 = DIRECTION ( 'NONE',  ( -0.7071067811865475727, 0.000000000000000000, 0.7071067811865475727 ) ) ;
#2642 = ORIENTED_EDGE ( 'NONE', *, *, #3334, .T. ) ;
#2643 = VECTOR ( 'NONE', #1796, 1000.000000000000000 ) ;
#2644 = DIRECTION ( 'NONE',  ( -1.000000000000000000, 0.000000000000000000, 0.000000000000000000 ) ) ;
#2645 = EDGE_LOOP ( 'NONE', ( #4219, #1325, #443, #1723 ) ) ;
#2646 = VECTOR ( 'NONE', #2988, 1000.000000000000114 ) ;
#2647 = DIRECTION ( 'NONE',  ( -0.000000000000000000, -0.000000000000000000, -1.000000000000000000 ) ) ;
#2648 = CIRCLE ( 'NONE', #2579, 2.600000000000019185 ) ;
#2649 = AXIS2_PLACEMENT_3D ( 'NONE', #2950, #2234, #3940 ) ;
#2650 = CARTESIAN_POINT ( 'NONE',  ( 1.540743955509788682E-30, 27.50000000000000355, 10.00000000000000888 ) ) ;
#2651 = DIRECTION ( 'NONE',  ( 0.000000000000000000, 0.000000000000000000, -1.000000000000000000 ) ) ;
#2652 = DIRECTION ( 'NONE',  ( 1.000000000000000000, 0.000000000000000000, 0.000000000000000000 ) ) ;
#2653 = CARTESIAN_POINT ( 'NONE',  ( -66.75000000000002842, -79.60000000000002274, 6.999999999999995559 ) ) ;
#2654 = PRODUCT_DEFINITION_CONTEXT ( 'detailed design', #1231, 'design' ) ;
#2655 = AXIS2_PLACEMENT_3D ( 'NONE', #1733, #2117, #3525 ) ;
#2656 = AXIS2_PLACEMENT_3D ( 'NONE', #3942, #2902, #767 ) ;
#2657 = EDGE_LOOP ( 'NONE', ( #1191, #4139 ) ) ;
#2658 = EDGE_CURVE ( 'NONE', #1235, #4194, #91, .T. ) ;
#2659 = EDGE_LOOP ( 'NONE', ( #3210, #3021, #1204, #4372 ) ) ;
#2660 = DIRECTION ( 'NONE',  ( -0.000000000000000000, -0.000000000000000000, -1.000000000000000000 ) ) ;
#2661 = ADVANCED_FACE ( 'NONE', ( #2532 ), #714, .F. ) ;
#2662 = VECTOR ( 'NONE', #3209, 1000.000000000000000 ) ;
#2663 = CARTESIAN_POINT ( 'NONE',  ( -36.43354270291766994, 13.34071300249190273, 10.00000000000000000 ) ) ;
#2664 = ORIENTED_EDGE ( 'NONE', *, *, #665, .T. ) ;
#2665 = DIRECTION ( 'NONE',  ( -0.7071067811865453523, -6.767639908119699422E-17, 0.7071067811865496822 ) ) ;
#2666 = VERTEX_POINT ( 'NONE', #4338 ) ;
#2667 = AXIS2_PLACEMENT_3D ( 'NONE', #1649, #1369, #1279 ) ;
#2668 = DIRECTION ( 'NONE',  ( 0.000000000000000000, 1.000000000000000000, 0.000000000000000000 ) ) ;
#2669 = DIRECTION ( 'NONE',  ( 1.000000000000000000, 0.000000000000000000, 0.000000000000000000 ) ) ;
#2670 = DIRECTION ( 'NONE',  ( 0.000000000000000000, -0.000000000000000000, -1.000000000000000000 ) ) ;
#2671 = VERTEX_POINT ( 'NONE', #3586 ) ;
#2672 = CARTESIAN_POINT ( 'NONE',  ( 14.15928699750809727, -6.683542702917696587, 0.4999999999999726885 ) ) ;
#2673 = EDGE_CURVE ( 'NONE', #1844, #1385, #1392, .T. ) ;
#2674 = CARTESIAN_POINT ( 'NONE',  ( -12.40928699750809905, 61.68354270291770547, 4.499999999999979572 ) ) ;
#2675 = ADVANCED_FACE ( 'NONE', ( #1489 ), #1910, .F. ) ;
#2676 = EDGE_CURVE ( 'NONE', #3196, #2957, #1836, .T. ) ;
#2677 = CARTESIAN_POINT ( 'NONE',  ( -74.74999999999998579, -77.50000000000001421, 23.00000000000000000 ) ) ;
#2678 = CARTESIAN_POINT ( 'NONE',  ( 74.75000000000001421, -81.50000000000000000, 1.000000000000001110 ) ) ;
#2679 = VECTOR ( 'NONE', #2784, 1000.000000000000114 ) ;
#2680 = CIRCLE ( 'NONE', #4455, 2.099999999999997868 ) ;
#2681 = AXIS2_PLACEMENT_3D ( 'NONE', #3785, #3364, #604 ) ;
#2682 = ORIENTED_EDGE ( 'NONE', *, *, #1674, .T. ) ;
#2683 = CIRCLE ( 'NONE', #673, 3.099999999999998757 ) ;
#2684 = DIRECTION ( 'NONE',  ( 0.000000000000000000, -0.000000000000000000, -1.000000000000000000 ) ) ;
#2685 = VECTOR ( 'NONE', #2776, 1000.000000000000114 ) ;
#2686 = CARTESIAN_POINT ( 'NONE',  ( 14.15928699750809727, -6.683542702917696587, 30.00000000000000000 ) ) ;
#2687 = ORIENTED_EDGE ( 'NONE', *, *, #72, .F. ) ;
#2688 = ORIENTED_EDGE ( 'NONE', *, *, #1833, .T. ) ;
#2689 = AXIS2_PLACEMENT_3D ( 'NONE', #1977, #2421, #4110 ) ;
#2690 = FACE_OUTER_BOUND ( 'NONE', #2738, .T. ) ;
#2691 = EDGE_CURVE ( 'NONE', #1743, #3367, #853, .T. ) ;
#2692 = ORIENTED_EDGE ( 'NONE', *, *, #1211, .T. ) ;
#2693 = DIRECTION ( 'NONE',  ( -0.7071067811865412445, 0.000000000000000000, -0.7071067811865537900 ) ) ;
#2694 = DIRECTION ( 'NONE',  ( 0.000000000000000000, 0.000000000000000000, 1.000000000000000000 ) ) ;
#2695 = ORIENTED_EDGE ( 'NONE', *, *, #3799, .T. ) ;
#2696 = DIRECTION ( 'NONE',  ( -1.000000000000000000, 0.000000000000000000, 0.000000000000000000 ) ) ;
#2697 = EDGE_CURVE ( 'NONE', #4012, #1891, #2708, .T. ) ;
#2698 = LINE ( 'NONE', #183, #3557 ) ;
#2699 = CARTESIAN_POINT ( 'NONE',  ( -49.81685716338298420, 38.42157233932451987, 0.000000000000000000 ) ) ;
#2700 = EDGE_LOOP ( 'NONE', ( #3866, #1213 ) ) ;
#2701 = DIRECTION ( 'NONE',  ( 0.000000000000000000, 0.000000000000000000, -1.000000000000000000 ) ) ;
#2702 = CARTESIAN_POINT ( 'NONE',  ( -74.74999999999998579, -82.50000000000000000, 1.000000000000000888 ) ) ;
#2703 = ORIENTED_EDGE ( 'NONE', *, *, #1368, .F. ) ;
#2704 = ORIENTED_EDGE ( 'NONE', *, *, #3164, .T. ) ;
#2705 = CARTESIAN_POINT ( 'NONE',  ( -69.74999999999997158, -62.50000000000002842, 28.99999999999999645 ) ) ;
#2706 = ORIENTED_EDGE ( 'NONE', *, *, #1961, .T. ) ;
#2707 = DIRECTION ( 'NONE',  ( 0.000000000000000000, 0.000000000000000000, 1.000000000000000000 ) ) ;
#2708 = CIRCLE ( 'NONE', #1979, 3.599999999999992095 ) ;
#2709 = PLANE ( 'NONE',  #1550 ) ;
#2710 = ORIENTED_EDGE ( 'NONE', *, *, #4129, .F. ) ;
#2711 = EDGE_CURVE ( 'NONE', #4309, #3845, #4105, .T. ) ;
#2712 = CARTESIAN_POINT ( 'NONE',  ( 17.25928699750809869, -6.683542702917696587, 4.000000000000000000 ) ) ;
#2713 = CIRCLE ( 'NONE', #705, 2.099999999999997868 ) ;
#2714 = CARTESIAN_POINT ( 'NONE',  ( 32.43354270291769836, 41.65928699750809727, 4.499999999999976019 ) ) ;
#2715 = CIRCLE ( 'NONE', #707, 1.750000000000001554 ) ;
#2716 = CARTESIAN_POINT ( 'NONE',  ( 48.84005604253234623, 38.20742386208287655, 30.00000000000000000 ) ) ;
#2717 = LINE ( 'NONE', #606, #910 ) ;
#2718 = LINE ( 'NONE', #278, #3974 ) ;
#2719 = FACE_OUTER_BOUND ( 'NONE', #2936, .T. ) ;
#2720 = AXIS2_PLACEMENT_3D ( 'NONE', #329, #1756, #3166 ) ;
#2721 = EDGE_CURVE ( 'NONE', #3250, #1895, #417, .T. ) ;
#2722 = VECTOR ( 'NONE', #2069, 1000.000000000000000 ) ;
#2723 = EDGE_LOOP ( 'NONE', ( #487, #2316, #3338, #3178 ) ) ;
#2724 = VECTOR ( 'NONE', #3299, 1000.000000000000000 ) ;
#2725 = VECTOR ( 'NONE', #3632, 1000.000000000000000 ) ;
#2726 = AXIS2_PLACEMENT_3D ( 'NONE', #3403, #3359, #926 ) ;
#2727 = CARTESIAN_POINT ( 'NONE',  ( 68.75000000000000000, 6.579985598532717000E-15, 0.000000000000000000 ) ) ;
#2728 = AXIS2_PLACEMENT_3D ( 'NONE', #1511, #3707, #1605 ) ;
#2729 = DIRECTION ( 'NONE',  ( 0.000000000000000000, 0.000000000000000000, 1.000000000000000000 ) ) ;
#2730 = EDGE_LOOP ( 'NONE', ( #980, #3861, #4347, #1504 ) ) ;
#2731 = EDGE_LOOP ( 'NONE', ( #3165, #2143, #1744, #3680 ) ) ;
#2732 = EDGE_LOOP ( 'NONE', ( #2010, #2992, #851, #2938 ) ) ;
#2733 = DIRECTION ( 'NONE',  ( -0.000000000000000000, 0.000000000000000000, 1.000000000000000000 ) ) ;
#2734 = VECTOR ( 'NONE', #1018, 1000.000000000000114 ) ;
#2735 = DIRECTION ( 'NONE',  ( -1.000000000000000000, -8.410780489584520404E-17, 0.000000000000000000 ) ) ;
#2736 = ORIENTED_EDGE ( 'NONE', *, *, #4539, .F. ) ;
#2737 = CARTESIAN_POINT ( 'NONE',  ( -34.18354270291769836, 13.34071300249190273, 0.4999999999999796274 ) ) ;
#2738 = EDGE_LOOP ( 'NONE', ( #178, #1084, #2127, #3884 ) ) ;
#2739 = CARTESIAN_POINT ( 'NONE',  ( 34.18354270291752073, 13.34071300249146219, 9.500000000000023093 ) ) ;
#2740 = CARTESIAN_POINT ( 'NONE',  ( -66.75000000000002842, -75.40000000000000568, 6.999999999999995559 ) ) ;
#2741 = LINE ( 'NONE', #3809, #4418 ) ;
#2742 = FACE_OUTER_BOUND ( 'NONE', #3734, .T. ) ;
#2743 = ADVANCED_FACE ( 'NONE', ( #3689 ), #4205, .F. ) ;
#2744 = VERTEX_POINT ( 'NONE', #3714 ) ;
#2745 = AXIS2_PLACEMENT_3D ( 'NONE', #3478, #1007, #3897 ) ;
#2746 = CARTESIAN_POINT ( 'NONE',  ( 73.75000000000001421, -72.73606797749974362, 30.00000000000000000 ) ) ;
#2747 = DIRECTION ( 'NONE',  ( 1.000000000000000000, 0.000000000000000000, 0.000000000000000000 ) ) ;
#2748 = VERTEX_POINT ( 'NONE', #158 ) ;
#2749 = EDGE_CURVE ( 'NONE', #3245, #498, #854, .T. ) ;
#2750 = ORIENTED_EDGE ( 'NONE', *, *, #2845, .T. ) ;
#2751 = DIRECTION ( 'NONE',  ( 0.000000000000000000, 0.000000000000000000, -1.000000000000000000 ) ) ;
#2752 = AXIS2_PLACEMENT_3D ( 'NONE', #790, #2212, #3945 ) ;
#2753 = ORIENTED_EDGE ( 'NONE', *, *, #1516, .F. ) ;
#2754 = DIRECTION ( 'NONE',  ( -1.000000000000000000, 0.000000000000000000, 0.000000000000000000 ) ) ;
#2755 = CONICAL_SURFACE ( 'NONE', #1119, 3.099999999999991651, 0.7853981633974660426 ) ;
#2756 = PRODUCT_DEFINITION ( '鏈', '', #1256, #2654 ) ;
#2757 = FACE_OUTER_BOUND ( 'NONE', #2947, .T. ) ;
#2758 = ORIENTED_EDGE ( 'NONE', *, *, #842, .T. ) ;
#2759 = CARTESIAN_POINT ( 'NONE',  ( 66.75000000000002842, -77.50000000000001421, 6.999999999999995559 ) ) ;
#2760 = ORIENTED_EDGE ( 'NONE', *, *, #3136, .T. ) ;
#2761 = DIRECTION ( 'NONE',  ( 1.000000000000000000, 0.000000000000000000, 0.000000000000000000 ) ) ;
#2762 = DIRECTION ( 'NONE',  ( 1.000000000000000000, 0.000000000000000000, 0.000000000000000000 ) ) ;
#2763 = DIRECTION ( 'NONE',  ( 1.000000000000000000, 0.000000000000000000, 0.000000000000000000 ) ) ;
#2764 = DIRECTION ( 'NONE',  ( 1.000000000000000000, 0.000000000000000000, 0.000000000000000000 ) ) ;
#2765 = CARTESIAN_POINT ( 'NONE',  ( -34.18354270291769836, 13.34071300249190273, 4.499999999999976019 ) ) ;
#2766 = DIRECTION ( 'NONE',  ( 0.000000000000000000, 0.000000000000000000, -1.000000000000000000 ) ) ;
#2767 = ORIENTED_EDGE ( 'NONE', *, *, #199, .F. ) ;
#2768 = PLANE ( 'NONE',  #3020 ) ;
#2769 = ADVANCED_FACE ( 'NONE', ( #1955 ), #1161, .F. ) ;
#2770 = ORIENTED_EDGE ( 'NONE', *, *, #1332, .F. ) ;
#2771 = ORIENTED_EDGE ( 'NONE', *, *, #221, .F. ) ;
#2772 = EDGE_CURVE ( 'NONE', #1282, #3145, #2345, .T. ) ;
#2773 = DIRECTION ( 'NONE',  ( -1.000000000000000000, 0.000000000000000000, 0.000000000000000000 ) ) ;
#2774 = DIRECTION ( 'NONE',  ( 0.000000000000000000, 0.000000000000000000, -1.000000000000000000 ) ) ;
#2775 = ORIENTED_EDGE ( 'NONE', *, *, #2411, .F. ) ;
#2776 = DIRECTION ( 'NONE',  ( -0.7071067811865410224, 8.659560562354852739E-17, 0.7071067811865540120 ) ) ;
#2777 = VERTEX_POINT ( 'NONE', #514 ) ;
#2778 = EDGE_LOOP ( 'NONE', ( #2861, #662 ) ) ;
#2779 = CYLINDRICAL_SURFACE ( 'NONE', #2499, 1.750000000000001554 ) ;
#2780 = DIRECTION ( 'NONE',  ( 0.000000000000000000, 0.000000000000000000, -1.000000000000000000 ) ) ;
#2781 = CARTESIAN_POINT ( 'NONE',  ( 74.25000000000001421, -77.50000000000001421, 4.899999999999991473 ) ) ;
#2782 = CARTESIAN_POINT ( 'NONE',  ( -32.43354270291753494, 41.65928699750855202, 9.500000000000015987 ) ) ;
#2783 = CIRCLE ( 'NONE', #2051, 2.100000000000004530 ) ;
#2784 = DIRECTION ( 'NONE',  ( -0.7071067811865474617, 0.000000000000000000, -0.7071067811865474617 ) ) ;
#2785 = VERTEX_POINT ( 'NONE', #534 ) ;
#2786 = CARTESIAN_POINT ( 'NONE',  ( -12.40928699750854491, -6.683542702917516287, 4.499999999999979572 ) ) ;
#2787 = CIRCLE ( 'NONE', #1546, 2.599999999999935696 ) ;
#2788 = CIRCLE ( 'NONE', #3526, 2.249999999999974243 ) ;
#2789 = EDGE_CURVE ( 'NONE', #2367, #4484, #3981, .T. ) ;
#2790 = ORIENTED_EDGE ( 'NONE', *, *, #3693, .F. ) ;
#2791 = EDGE_LOOP ( 'NONE', ( #785, #4100, #1790, #55 ) ) ;
#2792 = DIRECTION ( 'NONE',  ( 0.000000000000000000, 0.000000000000000000, 1.000000000000000000 ) ) ;
#2793 = CONICAL_SURFACE ( 'NONE', #1690, 1.750000000000001554, 0.7853981633974423948 ) ;
#2794 = CIRCLE ( 'NONE', #503, 2.099999999999997868 ) ;
#2795 = CONICAL_SURFACE ( 'NONE', #4128, 2.600000000000019185, 0.7853981633974704835 ) ;
#2796 = EDGE_LOOP ( 'NONE', ( #751, #3814, #3464, #2664 ) ) ;
#2797 = CARTESIAN_POINT ( 'NONE',  ( -12.40928699750854491, -6.683542702917516287, 9.500000000000023093 ) ) ;
#2798 = CYLINDRICAL_SURFACE ( 'NONE', #4283, 2.100000000000004530 ) ;
#2799 = AXIS2_PLACEMENT_3D ( 'NONE', #524, #189, #3000 ) ;
#2800 = VERTEX_POINT ( 'NONE', #3054 ) ;
#2801 = CARTESIAN_POINT ( 'NONE',  ( 0.000000000000000000, 0.000000000000000000, 4.000000000000000000 ) ) ;
#2802 = ORIENTED_EDGE ( 'NONE', *, *, #3277, .F. ) ;
#2803 = ORIENTED_EDGE ( 'NONE', *, *, #556, .T. ) ;
#2804 = CARTESIAN_POINT ( 'NONE',  ( 66.75000000000002842, -79.60000000000002274, 6.999999999999995559 ) ) ;
#2805 = ADVANCED_FACE ( 'NONE', ( #881 ), #2709, .T. ) ;
#2806 = DIRECTION ( 'NONE',  ( -1.000000000000000000, 0.000000000000000000, 0.000000000000000000 ) ) ;
#2807 = EDGE_CURVE ( 'NONE', #2223, #2841, #1634, .T. ) ;
#2808 = FACE_OUTER_BOUND ( 'NONE', #3001, .T. ) ;
#2809 = DIRECTION ( 'NONE',  ( 0.000000000000000000, -0.000000000000000000, -1.000000000000000000 ) ) ;
#2810 = FACE_OUTER_BOUND ( 'NONE', #4254, .T. ) ;
#2811 = CARTESIAN_POINT ( 'NONE',  ( 74.25000000000001421, -77.50000000000001421, 6.999999999999995559 ) ) ;
#2812 = ORIENTED_EDGE ( 'NONE', *, *, #3711, .F. ) ;
#2813 = ORIENTED_EDGE ( 'NONE', *, *, #2842, .F. ) ;
#2814 = DIRECTION ( 'NONE',  ( -0.000000000000000000, -0.000000000000000000, 1.000000000000000000 ) ) ;
#2815 = VECTOR ( 'NONE', #1702, 1000.000000000000000 ) ;
#2816 = VERTEX_POINT ( 'NONE', #1590 ) ;
#2817 = DIRECTION ( 'NONE',  ( -1.000000000000000000, -0.000000000000000000, -0.000000000000000000 ) ) ;
#2818 = VECTOR ( 'NONE', #2349, 1000.000000000000000 ) ;
#2819 = ORIENTED_EDGE ( 'NONE', *, *, #4023, .T. ) ;
#2820 = AXIS2_PLACEMENT_3D ( 'NONE', #1032, #4189, #303 ) ;
#2821 = EDGE_CURVE ( 'NONE', #3313, #882, #2648, .T. ) ;
#2822 = LINE ( 'NONE', #337, #1388 ) ;
#2823 = EDGE_CURVE ( 'NONE', #907, #999, #4427, .T. ) ;
#2824 = EDGE_LOOP ( 'NONE', ( #736, #1931, #3375, #2523 ) ) ;
#2825 = CIRCLE ( 'NONE', #1501, 3.599999999999992095 ) ;
#2826 = VERTEX_POINT ( 'NONE', #4066 ) ;
#2827 = DIRECTION ( 'NONE',  ( 0.000000000000000000, 1.000000000000000000, 0.000000000000000000 ) ) ;
#2828 = DIRECTION ( 'NONE',  ( -0.000000000000000000, -0.000000000000000000, -1.000000000000000000 ) ) ;
#2829 = FACE_OUTER_BOUND ( 'NONE', #1967, .T. ) ;
#2830 = EDGE_CURVE ( 'NONE', #83, #3368, #952, .T. ) ;
#2831 = DIRECTION ( 'NONE',  ( -8.410780489584520404E-17, 1.000000000000000000, 0.000000000000000000 ) ) ;
#2832 = CARTESIAN_POINT ( 'NONE',  ( -37.28354270291752215, 41.65928699750855202, 4.000000000000000000 ) ) ;
#2833 = ORIENTED_EDGE ( 'NONE', *, *, #4470, .T. ) ;
#2834 = EDGE_LOOP ( 'NONE', ( #4147, #1820 ) ) ;
#2835 = CARTESIAN_POINT ( 'NONE',  ( 34.18354270291769836, 41.65928699750809727, 18.76812408671320398 ) ) ;
#2836 = EDGE_CURVE ( 'NONE', #2105, #195, #3781, .T. ) ;
#2837 = ORIENTED_EDGE ( 'NONE', *, *, #3225, .T. ) ;
#2838 = DIRECTION ( 'NONE',  ( -0.000000000000000000, 0.000000000000000000, 1.000000000000000000 ) ) ;
#2839 = ORIENTED_EDGE ( 'NONE', *, *, #3853, .F. ) ;
#2840 = CARTESIAN_POINT ( 'NONE',  ( -33.75000000000000711, -42.49999999999999289, 22.00000000000000000 ) ) ;
#2841 = VERTEX_POINT ( 'NONE', #4433 ) ;
#2842 = EDGE_CURVE ( 'NONE', #2484, #313, #599, .T. ) ;
#2843 = DIRECTION ( 'NONE',  ( -0.000000000000000000, 0.000000000000000000, 1.000000000000000000 ) ) ;
#2844 = FACE_OUTER_BOUND ( 'NONE', #1716, .T. ) ;
#2845 = EDGE_CURVE ( 'NONE', #1582, #1338, #3016, .T. ) ;
#2846 = DIRECTION ( 'NONE',  ( 0.000000000000000000, 0.000000000000000000, -1.000000000000000000 ) ) ;
#2847 = DIRECTION ( 'NONE',  ( 0.000000000000000000, -1.000000000000000000, 0.000000000000000000 ) ) ;
#2848 = CARTESIAN_POINT ( 'NONE',  ( 14.15928699750854847, 61.68354270291752073, 9.499999999999987566 ) ) ;
#2849 = DIRECTION ( 'NONE',  ( 0.7071067811865594521, 8.659560562355078304E-17, -0.7071067811865355823 ) ) ;
#2850 = EDGE_CURVE ( 'NONE', #1759, #1827, #4038, .T. ) ;
#2851 = ORIENTED_EDGE ( 'NONE', *, *, #4152, .T. ) ;
#2852 = VECTOR ( 'NONE', #2557, 1000.000000000000000 ) ;
#2853 = LINE ( 'NONE', #1670, #2662 ) ;
#2854 = ORIENTED_EDGE ( 'NONE', *, *, #580, .F. ) ;
#2855 = AXIS2_PLACEMENT_3D ( 'NONE', #533, #3612, #462 ) ;
#2856 = DIRECTION ( 'NONE',  ( 1.000000000000000000, 0.000000000000000000, 0.000000000000000000 ) ) ;
#2857 = EDGE_CURVE ( 'NONE', #2258, #753, #3163, .T. ) ;
#2858 = EDGE_CURVE ( 'NONE', #2671, #261, #3803, .T. ) ;
#2859 = CIRCLE ( 'NONE', #1463, 3.100000000000001865 ) ;
#2860 = CIRCLE ( 'NONE', #867, 23.75000000000000355 ) ;
#2861 = ORIENTED_EDGE ( 'NONE', *, *, #3290, .T. ) ;
#2862 = EDGE_CURVE ( 'NONE', #1023, #4045, #1924, .T. ) ;
#2863 = LINE ( 'NONE', #2084, #3551 ) ;
#2864 = ORIENTED_EDGE ( 'NONE', *, *, #4514, .T. ) ;
#2865 = VECTOR ( 'NONE', #2996, 1000.000000000000000 ) ;
#2866 = AXIS2_PLACEMENT_3D ( 'NONE', #2545, #3261, #828 ) ;
#2867 = CARTESIAN_POINT ( 'NONE',  ( -49.81685716338298420, 38.42157233932451987, 28.99999999999999645 ) ) ;
#2868 = AXIS2_PLACEMENT_3D ( 'NONE', #2638, #1562, #1952 ) ;
#2869 = ORIENTED_EDGE ( 'NONE', *, *, #253, .T. ) ;
#2870 = ADVANCED_FACE ( 'NONE', ( #1370, #1322, #25 ), #2167, .F. ) ;
#2871 = EDGE_CURVE ( 'NONE', #1422, #1857, #4288, .T. ) ;
#2872 = CIRCLE ( 'NONE', #3540, 41.00000000000000000 ) ;
#2873 = CARTESIAN_POINT ( 'NONE',  ( 31.08354270291752286, 13.34071300249146219, 0.4999999999999761302 ) ) ;
#2874 = ORIENTED_EDGE ( 'NONE', *, *, #2025, .F. ) ;
#2875 = CARTESIAN_POINT ( 'NONE',  ( -35.93354270291752073, 41.65928699750855202, 4.499999999999983125 ) ) ;
#2876 = DIRECTION ( 'NONE',  ( -1.000000000000000000, 0.000000000000000000, 0.000000000000000000 ) ) ;
#2877 = DIRECTION ( 'NONE',  ( 8.410780489584520404E-17, -1.000000000000000000, 0.000000000000000000 ) ) ;
#2878 = CIRCLE ( 'NONE', #3101, 3.599999999999992095 ) ;
#2879 = CONICAL_SURFACE ( 'NONE', #1093, 3.099999999999998757, 0.7853981633974652654 ) ;
#2880 = LINE ( 'NONE', #1894, #2724 ) ;
#2881 = EDGE_CURVE ( 'NONE', #2962, #4218, #2853, .T. ) ;
#2882 = EDGE_CURVE ( 'NONE', #2885, #2554, #2878, .T. ) ;
#2883 = ORIENTED_EDGE ( 'NONE', *, *, #3851, .T. ) ;
#2884 = CARTESIAN_POINT ( 'NONE',  ( -49.81685716338298420, 38.42157233932451987, 1.000000000000001554 ) ) ;
#2885 = VERTEX_POINT ( 'NONE', #4300 ) ;
#2886 = CARTESIAN_POINT ( 'NONE',  ( 34.18354270291752073, 13.34071300249146219, 10.00000000000000000 ) ) ;
#2887 = LINE ( 'NONE', #802, #304 ) ;
#2888 = DIRECTION ( 'NONE',  ( 1.000000000000000000, 0.000000000000000000, 0.000000000000000000 ) ) ;
#2889 = EDGE_CURVE ( 'NONE', #2432, #1780, #773, .T. ) ;
#2890 = ORIENTED_EDGE ( 'NONE', *, *, #1854, .T. ) ;
#2891 = DIRECTION ( 'NONE',  ( 1.000000000000000000, 0.000000000000000000, 0.000000000000000000 ) ) ;
#2892 = CARTESIAN_POINT ( 'NONE',  ( -66.75000000000002842, -77.50000000000001421, 6.999999999999995559 ) ) ;
#2893 = ORIENTED_EDGE ( 'NONE', *, *, #580, .T. ) ;
#2894 = CIRCLE ( 'NONE', #897, 2.249999999999974243 ) ;
#2895 = AXIS2_PLACEMENT_3D ( 'NONE', #231, #2045, #2763 ) ;
#2896 = CARTESIAN_POINT ( 'NONE',  ( -15.90928699750854669, -6.683542702917516287, 9.500000000000023093 ) ) ;
#2897 = ORIENTED_EDGE ( 'NONE', *, *, #2658, .F. ) ;
#2898 = AXIS2_PLACEMENT_3D ( 'NONE', #2650, #4478, #3741 ) ;
#2899 = AXIS2_PLACEMENT_3D ( 'NONE', #2982, #78, #453 ) ;
#2900 = LINE ( 'NONE', #1187, #2125 ) ;
#2901 = ORIENTED_EDGE ( 'NONE', *, *, #2036, .F. ) ;
#2902 = DIRECTION ( 'NONE',  ( -0.000000000000000000, -0.000000000000000000, 1.000000000000000000 ) ) ;
#2903 = DIRECTION ( 'NONE',  ( 0.7071067811865474617, -0.7071067811865474617, 9.185433182841322774E-17 ) ) ;
#2904 = LINE ( 'NONE', #1839, #3562 ) ;
#2905 = VECTOR ( 'NONE', #2019, 1000.000000000000114 ) ;
#2906 = AXIS2_PLACEMENT_3D ( 'NONE', #984, #3763, #4134 ) ;
#2907 = DIRECTION ( 'NONE',  ( 1.000000000000000000, -9.912705577010326782E-17, -0.000000000000000000 ) ) ;
#2908 = ORIENTED_EDGE ( 'NONE', *, *, #415, .T. ) ;
#2909 = EDGE_CURVE ( 'NONE', #1853, #2454, #4221, .T. ) ;
#2910 = FACE_OUTER_BOUND ( 'NONE', #1981, .T. ) ;
#2911 = ORIENTED_EDGE ( 'NONE', *, *, #4329, .T. ) ;
#2912 = CARTESIAN_POINT ( 'NONE',  ( -34.18354270291752783, 41.65928699750855202, 18.76812408671320398 ) ) ;
#2913 = LINE ( 'NONE', #4327, #2315 ) ;
#2914 = FACE_OUTER_BOUND ( 'NONE', #2659, .T. ) ;
#2915 = ORIENTED_EDGE ( 'NONE', *, *, #3253, .T. ) ;
#2916 = CARTESIAN_POINT ( 'NONE',  ( 74.25000000000000000, -77.50000000000001421, 23.00000000000000000 ) ) ;
#2917 = DIRECTION ( 'NONE',  ( 1.000000000000000000, 0.000000000000000000, 0.000000000000000000 ) ) ;
#2918 = VERTEX_POINT ( 'NONE', #247 ) ;
#2919 = ADVANCED_FACE ( 'NONE', ( #977 ), #3575, .F. ) ;
#2920 = CARTESIAN_POINT ( 'NONE',  ( -74.25000000000004263, -77.50000000000001421, 23.00000000000000000 ) ) ;
#2921 = EDGE_LOOP ( 'NONE', ( #1017, #617, #3917, #2386, #2457 ) ) ;
#2922 = CARTESIAN_POINT ( 'NONE',  ( 3.081487911019577365E-30, 27.50000000000000355, 0.000000000000000000 ) ) ;
#2923 = EDGE_LOOP ( 'NONE', ( #2569, #2418, #508, #762 ) ) ;
#2924 = DIRECTION ( 'NONE',  ( -1.000000000000000000, 0.000000000000000000, 0.000000000000000000 ) ) ;
#2925 = ORIENTED_EDGE ( 'NONE', *, *, #2517, .T. ) ;
#2926 = CARTESIAN_POINT ( 'NONE',  ( 68.75000000000000000, -52.50000000000001421, 30.00000000000000000 ) ) ;
#2927 = CARTESIAN_POINT ( 'NONE',  ( -17.25928699750810225, 61.68354270291770547, 0.4999999999999726885 ) ) ;
#2928 = CARTESIAN_POINT ( 'NONE',  ( -32.43354270291769836, 13.34071300249190273, 9.500000000000023093 ) ) ;
#2929 = DIRECTION ( 'NONE',  ( -0.5773502691896231775, -0.5773502691896230665, 0.5773502691896310601 ) ) ;
#2930 = VERTEX_POINT ( 'NONE', #291 ) ;
#2931 = CARTESIAN_POINT ( 'NONE',  ( -34.18354270291752783, 41.65928699750855202, 10.00000000000000000 ) ) ;
#2932 = FACE_OUTER_BOUND ( 'NONE', #1209, .T. ) ;
#2933 = CARTESIAN_POINT ( 'NONE',  ( 12.40928699750855202, 61.68354270291752073, 9.499999999999987566 ) ) ;
#2934 = VECTOR ( 'NONE', #2482, 1000.000000000000000 ) ;
#2935 = DIRECTION ( 'NONE',  ( 1.000000000000000000, 0.000000000000000000, 0.000000000000000000 ) ) ;
#2936 = EDGE_LOOP ( 'NONE', ( #978, #632, #4151, #3258, #467 ) ) ;
#2937 = CONICAL_SURFACE ( 'NONE', #416, 50.00000000000001421, 0.7853981633974482790 ) ;
#2938 = ORIENTED_EDGE ( 'NONE', *, *, #2092, .F. ) ;
#2939 = LINE ( 'NONE', #3956, #755 ) ;
#2940 = CARTESIAN_POINT ( 'NONE',  ( -15.90928699750810260, 61.68354270291770547, 4.499999999999979572 ) ) ;
#2941 = VECTOR ( 'NONE', #2059, 1000.000000000000000 ) ;
#2942 = ORIENTED_EDGE ( 'NONE', *, *, #3830, .F. ) ;
#2943 = COLOUR_RGB ( '',0.7921568627450980005, 0.8196078431372548767, 0.9333333333333333481 ) ;
#2944 = DIRECTION ( 'NONE',  ( -0.7071067811865434649, 0.000000000000000000, -0.7071067811865516806 ) ) ;
#2945 = AXIS2_PLACEMENT_3D ( 'NONE', #1996, #1281, #4404 ) ;
#2946 = CIRCLE ( 'NONE', #3528, 3.099999999999998757 ) ;
#2947 = EDGE_LOOP ( 'NONE', ( #3380, #406, #2631, #1754 ) ) ;
#2948 = EDGE_CURVE ( 'NONE', #1452, #2012, #2034, .T. ) ;
#2949 = AXIS2_PLACEMENT_3D ( 'NONE', #3654, #1199, #1805 ) ;
#2950 = CARTESIAN_POINT ( 'NONE',  ( 14.15928699750809727, -6.683542702917696587, 18.76812408671320398 ) ) ;
#2951 = ORIENTED_EDGE ( 'NONE', *, *, #1163, .F. ) ;
#2952 = DIRECTION ( 'NONE',  ( 0.000000000000000000, 0.000000000000000000, 1.000000000000000000 ) ) ;
#2953 = CARTESIAN_POINT ( 'NONE',  ( -74.25000000000005684, -77.50000000000001421, 9.099999999999999645 ) ) ;
#2954 = EDGE_CURVE ( 'NONE', #996, #2415, #3926, .T. ) ;
#2955 = EDGE_CURVE ( 'NONE', #2597, #1648, #4515, .T. ) ;
#2956 = AXIS2_PLACEMENT_3D ( 'NONE', #1825, #2106, #2891 ) ;
#2957 = VERTEX_POINT ( 'NONE', #3102 ) ;
#2958 = DIRECTION ( 'NONE',  ( 0.000000000000000000, 0.000000000000000000, 1.000000000000000000 ) ) ;
#2959 = PLANE ( 'NONE',  #1244 ) ;
#2960 = CARTESIAN_POINT ( 'NONE',  ( -14.15928699750810082, 61.68354270291770547, 10.00000000000000000 ) ) ;
#2961 = CARTESIAN_POINT ( 'NONE',  ( -14.15928699750854491, -6.683542702917516287, 18.76812408671320398 ) ) ;
#2962 = VERTEX_POINT ( 'NONE', #752 ) ;
#2963 = VERTEX_POINT ( 'NONE', #2884 ) ;
#2964 = CARTESIAN_POINT ( 'NONE',  ( -34.18354270291752783, 41.65928699750855202, 0.000000000000000000 ) ) ;
#2965 = DIRECTION ( 'NONE',  ( -0.000000000000000000, -0.000000000000000000, -1.000000000000000000 ) ) ;
#2966 = VERTEX_POINT ( 'NONE', #4522 ) ;
#2967 = CARTESIAN_POINT ( 'NONE',  ( 34.18354270291752073, 13.34071300249146219, 30.00000000000000000 ) ) ;
#2968 = VECTOR ( 'NONE', #3513, 1000.000000000000114 ) ;
#2969 = VECTOR ( 'NONE', #695, 1000.000000000000114 ) ;
#2970 = CARTESIAN_POINT ( 'NONE',  ( 68.85557280900009403, -62.94721359549996720, 30.00000000000000000 ) ) ;
#2971 = EDGE_LOOP ( 'NONE', ( #2770, #1907, #1383, #3291 ) ) ;
#2972 = ADVANCED_FACE ( 'NONE', ( #2757 ), #1474, .F. ) ;
#2973 = CARTESIAN_POINT ( 'NONE',  ( -14.15928699750810082, 61.68354270291770547, 4.499999999999979572 ) ) ;
#2974 = CARTESIAN_POINT ( 'NONE',  ( -34.18354270291769836, 13.34071300249190273, 18.76812408671320398 ) ) ;
#2975 = CONICAL_SURFACE ( 'NONE', #454, 1.750000000000001554, 0.7853981633974396193 ) ;
#2976 = CARTESIAN_POINT ( 'NONE',  ( -74.25000000000004263, -77.50000000000001421, 25.10000000000000142 ) ) ;
#2977 = PRODUCT_CONTEXT ( 'NONE', #2242, 'mechanical' ) ;
#2978 = ADVANCED_FACE ( 'NONE', ( #2444 ), #1633, .F. ) ;
#2979 = ORIENTED_EDGE ( 'NONE', *, *, #2522, .F. ) ;
#2980 = EDGE_LOOP ( 'NONE', ( #3986, #3230, #1725, #32 ) ) ;
#2981 = CARTESIAN_POINT ( 'NONE',  ( 31.08354270291770050, 41.65928699750809727, 18.76812408671320398 ) ) ;
#2982 = CARTESIAN_POINT ( 'NONE',  ( 34.18354270291769836, 41.65928699750809727, 4.000000000000000000 ) ) ;
#2983 = DIRECTION ( 'NONE',  ( 1.000000000000000000, 9.912705577010326782E-17, -0.000000000000000000 ) ) ;
#2984 = EDGE_LOOP ( 'NONE', ( #1198, #1046 ) ) ;
#2985 = CARTESIAN_POINT ( 'NONE',  ( -14.15928699750810082, 61.68354270291770547, 0.4999999999999726885 ) ) ;
#2986 = CARTESIAN_POINT ( 'NONE',  ( -73.74999999999998579, -82.50000000000000000, 1.000000000000000888 ) ) ;
#2987 = VERTEX_POINT ( 'NONE', #1803 ) ;
#2988 = DIRECTION ( 'NONE',  ( 0.4472135954999599261, -0.8944271909999148562, 0.000000000000000000 ) ) ;
#2989 = CARTESIAN_POINT ( 'NONE',  ( 33.74999999999999289, -42.50000000000000000, 30.00000000000000000 ) ) ;
#2990 = VERTEX_POINT ( 'NONE', #3229 ) ;
#2991 = CARTESIAN_POINT ( 'NONE',  ( 37.28354270291752215, 13.34071300249146219, 0.4999999999999761302 ) ) ;
#2992 = ORIENTED_EDGE ( 'NONE', *, *, #3648, .T. ) ;
#2993 = DIRECTION ( 'NONE',  ( -0.6907026964241131939, -0.1514258404383489742, 0.7071067811865469066 ) ) ;
#2994 = DIRECTION ( 'NONE',  ( 0.7071067811865434649, 0.000000000000000000, 0.7071067811865516806 ) ) ;
#2995 = PLANE ( 'NONE',  #976 ) ;
#2996 = DIRECTION ( 'NONE',  ( -1.000000000000000000, 9.912705577010326782E-17, -0.000000000000000000 ) ) ;
#2997 = VERTEX_POINT ( 'NONE', #398 ) ;
#2998 = EDGE_LOOP ( 'NONE', ( #2405, #2911, #877, #1205 ) ) ;
#2999 = DIRECTION ( 'NONE',  ( -0.2141484772416570037, -0.9768011208506465204, 0.000000000000000000 ) ) ;
#3000 = DIRECTION ( 'NONE',  ( 0.000000000000000000, 0.000000000000000000, 1.000000000000000000 ) ) ;
#3001 = EDGE_LOOP ( 'NONE', ( #3330, #3472, #738, #727 ) ) ;
#3002 = CARTESIAN_POINT ( 'NONE',  ( 1.540743955509788682E-30, 27.50000000000000355, 28.99999999999997158 ) ) ;
#3003 = ADVANCED_FACE ( 'NONE', ( #1451 ), #211, .F. ) ;
#3004 = EDGE_CURVE ( 'NONE', #2321, #3806, #3626, .T. ) ;
#3005 = ORIENTED_EDGE ( 'NONE', *, *, #4444, .T. ) ;
#3006 = LINE ( 'NONE', #4037, #565 ) ;
#3007 = CARTESIAN_POINT ( 'NONE',  ( 34.18354270291752073, 13.34071300249146219, 0.000000000000000000 ) ) ;
#3008 = AXIS2_PLACEMENT_3D ( 'NONE', #3007, #4428, #2669 ) ;
#3009 = DIRECTION ( 'NONE',  ( -0.000000000000000000, -0.000000000000000000, -1.000000000000000000 ) ) ;
#3010 = VERTEX_POINT ( 'NONE', #2222 ) ;
#3011 = AXIS2_PLACEMENT_3D ( 'NONE', #1355, #321, #3081 ) ;
#3012 = DIRECTION ( 'NONE',  ( -0.000000000000000000, 0.000000000000000000, 1.000000000000000000 ) ) ;
#3013 = DIRECTION ( 'NONE',  ( 0.5773502691896258421, -0.5773502691896258421, 0.5773502691896258421 ) ) ;
#3014 = EDGE_CURVE ( 'NONE', #2500, #1853, #1527, .T. ) ;
#3015 = AXIS2_PLACEMENT_3D ( 'NONE', #3063, #870, #2999 ) ;
#3016 = CIRCLE ( 'NONE', #2208, 3.099999999999995204 ) ;
#3017 = AXIS2_PLACEMENT_3D ( 'NONE', #4184, #4204, #3474 ) ;
#3018 = LINE ( 'NONE', #913, #122 ) ;
#3019 = UNCERTAINTY_MEASURE_WITH_UNIT (LENGTH_MEASURE( 1.000000000000000082E-05 ), #4581, 'distance_accuracy_value', 'NONE');
#3020 = AXIS2_PLACEMENT_3D ( 'NONE', #1009, #1708, #1681 ) ;
#3021 = ORIENTED_EDGE ( 'NONE', *, *, #2265, .F. ) ;
#3022 = VECTOR ( 'NONE', #875, 1000.000000000000000 ) ;
#3023 = DIRECTION ( 'NONE',  ( 1.000000000000000000, 0.000000000000000000, 0.000000000000000000 ) ) ;
#3024 = ADVANCED_FACE ( 'NONE', ( #2910 ), #1897, .F. ) ;
#3025 = FACE_OUTER_BOUND ( 'NONE', #14, .T. ) ;
#3026 = VERTEX_POINT ( 'NONE', #3975 ) ;
#3027 = ORIENTED_EDGE ( 'NONE', *, *, #56, .T. ) ;
#3028 = DIRECTION ( 'NONE',  ( 0.000000000000000000, 0.000000000000000000, 1.000000000000000000 ) ) ;
#3029 = EDGE_CURVE ( 'NONE', #2415, #248, #1411, .T. ) ;
#3030 = ORIENTED_EDGE ( 'NONE', *, *, #4444, .F. ) ;
#3031 = PLANE ( 'NONE',  #2438 ) ;
#3032 = DIRECTION ( 'NONE',  ( 1.000000000000000000, 0.000000000000000000, 0.000000000000000000 ) ) ;
#3033 = ORIENTED_EDGE ( 'NONE', *, *, #2522, .T. ) ;
#3034 = DIRECTION ( 'NONE',  ( 1.000000000000000000, 9.912705577010326782E-17, -0.000000000000000000 ) ) ;
#3035 = EDGE_CURVE ( 'NONE', #378, #4245, #3596, .T. ) ;
#3036 = LINE ( 'NONE', #1217, #4162 ) ;
#3037 = DIRECTION ( 'NONE',  ( 0.000000000000000000, -0.000000000000000000, -1.000000000000000000 ) ) ;
#3038 = DIRECTION ( 'NONE',  ( 0.000000000000000000, 0.000000000000000000, -1.000000000000000000 ) ) ;
#3039 = CARTESIAN_POINT ( 'NONE',  ( 74.25000000000001421, -77.50000000000001421, 4.899999999999991473 ) ) ;
#3040 = VECTOR ( 'NONE', #229, 1000.000000000000000 ) ;
#3041 = ORIENTED_EDGE ( 'NONE', *, *, #4322, .F. ) ;
#3042 = CIRCLE ( 'NONE', #1052, 2.249999999999972466 ) ;
#3043 = DIRECTION ( 'NONE',  ( 1.000000000000000000, 0.000000000000000000, 0.000000000000000000 ) ) ;
#3044 = CIRCLE ( 'NONE', #608, 3.099999999999995204 ) ;
#3045 = DIRECTION ( 'NONE',  ( 0.000000000000000000, -0.000000000000000000, -1.000000000000000000 ) ) ;
#3046 = EDGE_CURVE ( 'NONE', #3883, #9, #3999, .T. ) ;
#3047 = ORIENTED_EDGE ( 'NONE', *, *, #2067, .F. ) ;
#3048 = FACE_BOUND ( 'NONE', #3208, .T. ) ;
#3049 = VERTEX_POINT ( 'NONE', #4325 ) ;
#3050 = DIRECTION ( 'NONE',  ( 0.000000000000000000, -0.000000000000000000, -1.000000000000000000 ) ) ;
#3051 = ORIENTED_EDGE ( 'NONE', *, *, #1053, .T. ) ;
#3052 = CARTESIAN_POINT ( 'NONE',  ( -74.74999999999998579, -77.50000000000001421, 25.59999999999993392 ) ) ;
#3053 = VECTOR ( 'NONE', #2451, 1000.000000000000000 ) ;
#3054 = CARTESIAN_POINT ( 'NONE',  ( 15.90928699750854669, 61.68354270291752073, 9.499999999999987566 ) ) ;
#3055 = ORIENTED_EDGE ( 'NONE', *, *, #12, .F. ) ;
#3056 = EDGE_CURVE ( 'NONE', #1699, #3791, #1776, .T. ) ;
#3057 = DIRECTION ( 'NONE',  ( 1.000000000000000000, 0.000000000000000000, 0.000000000000000000 ) ) ;
#3058 = DIRECTION ( 'NONE',  ( 0.6324555320336752162, -0.3162277660168393845, 0.7071067811865474617 ) ) ;
#3059 = DIRECTION ( 'NONE',  ( -0.000000000000000000, -0.000000000000000000, -1.000000000000000000 ) ) ;
#3060 = CARTESIAN_POINT ( 'NONE',  ( -74.74999999999998579, -82.50000000000000000, 28.99999999999999645 ) ) ;
#3061 = FACE_OUTER_BOUND ( 'NONE', #115, .T. ) ;
#3062 = VERTEX_POINT ( 'NONE', #1845 ) ;
#3063 = CARTESIAN_POINT ( 'NONE',  ( -69.74999999999997158, -52.50000000000002842, 28.99999999999999645 ) ) ;
#3064 = FACE_OUTER_BOUND ( 'NONE', #1057, .T. ) ;
#3065 = ORIENTED_EDGE ( 'NONE', *, *, #1201, .F. ) ;
#3066 = VERTEX_POINT ( 'NONE', #2561 ) ;
#3067 = DIRECTION ( 'NONE',  ( -1.000000000000000000, 9.912705577010326782E-17, -0.000000000000000000 ) ) ;
#3068 = CARTESIAN_POINT ( 'NONE',  ( 48.84005604253234623, 38.20742386208287655, 0.000000000000000000 ) ) ;
#3069 = DIRECTION ( 'NONE',  ( 1.000000000000000000, 0.000000000000000000, 0.000000000000000000 ) ) ;
#3070 = EDGE_LOOP ( 'NONE', ( #2342, #3871, #2540, #927 ) ) ;
#3071 = DIRECTION ( 'NONE',  ( 0.000000000000000000, -0.000000000000000000, -1.000000000000000000 ) ) ;
#3072 = CARTESIAN_POINT ( 'NONE',  ( 1.540743955509788682E-30, 27.50000000000000355, 28.99999999999997158 ) ) ;
#3073 = VERTEX_POINT ( 'NONE', #3257 ) ;
#3074 = CARTESIAN_POINT ( 'NONE',  ( 74.25000000000000000, -77.50000000000001421, 25.10000000000000142 ) ) ;
#3075 = ADVANCED_FACE ( 'NONE', ( #1503 ), #1186, .F. ) ;
#3076 = ORIENTED_EDGE ( 'NONE', *, *, #356, .F. ) ;
#3077 = AXIS2_PLACEMENT_3D ( 'NONE', #3920, #390, #1814 ) ;
#3078 = AXIS2_PLACEMENT_3D ( 'NONE', #669, #3855, #2761 ) ;
#3079 = CARTESIAN_POINT ( 'NONE',  ( 14.15928699750854847, 61.68354270291752073, 30.00000000000000000 ) ) ;
#3080 = LINE ( 'NONE', #277, #2815 ) ;
#3081 = DIRECTION ( 'NONE',  ( 0.000000000000000000, 0.000000000000000000, 1.000000000000000000 ) ) ;
#3082 = CARTESIAN_POINT ( 'NONE',  ( 34.18354270291769836, 41.65928699750809727, 0.4999999999999761302 ) ) ;
#3083 = VECTOR ( 'NONE', #2000, 1000.000000000000114 ) ;
#3084 = AXIS2_PLACEMENT_3D ( 'NONE', #764, #2180, #1519 ) ;
#3085 = EDGE_CURVE ( 'NONE', #130, #2030, #584, .T. ) ;
#3086 = EDGE_CURVE ( 'NONE', #313, #3099, #947, .T. ) ;
#3087 = EDGE_LOOP ( 'NONE', ( #2026, #1611, #3597, #4365 ) ) ;
#3088 = CIRCLE ( 'NONE', #1092, 50.00000000000001421 ) ;
#3089 = AXIS2_PLACEMENT_3D ( 'NONE', #1137, #3643, #2236 ) ;
#3090 = DIRECTION ( 'NONE',  ( -0.7071067811865434649, 8.659560562354883554E-17, 0.7071067811865516806 ) ) ;
#3091 = CONICAL_SURFACE ( 'NONE', #1095, 1.749999999999994671, 0.7853981633974425058 ) ;
#3092 = VECTOR ( 'NONE', #966, 1000.000000000000000 ) ;
#3093 = CARTESIAN_POINT ( 'NONE',  ( -17.25928699750810580, 61.68354270291770547, 4.000000000000000000 ) ) ;
#3094 = ORIENTED_EDGE ( 'NONE', *, *, #1220, .F. ) ;
#3095 = DIRECTION ( 'NONE',  ( 1.000000000000000000, 0.000000000000000000, 0.000000000000000000 ) ) ;
#3096 = ORIENTED_EDGE ( 'NONE', *, *, #4001, .T. ) ;
#3097 = DIRECTION ( 'NONE',  ( -0.4472135954999599261, -0.8944271909999148562, 0.000000000000000000 ) ) ;
#3098 = DIRECTION ( 'NONE',  ( 0.6907026964241099742, 0.1514258404383512502, 0.7071067811865493491 ) ) ;
#3099 = VERTEX_POINT ( 'NONE', #551 ) ;
#3100 = LINE ( 'NONE', #2016, #519 ) ;
#3101 = AXIS2_PLACEMENT_3D ( 'NONE', #2414, #3820, #2145 ) ;
#3102 = CARTESIAN_POINT ( 'NONE',  ( 74.25000000000001421, -77.50000000000001421, 9.099999999999999645 ) ) ;
#3103 = ORIENTED_EDGE ( 'NONE', *, *, #1484, .F. ) ;
#3104 = CARTESIAN_POINT ( 'NONE',  ( 74.25000000000000000, -75.40000000000000568, 23.00000000000000000 ) ) ;
#3105 = VERTEX_POINT ( 'NONE', #4146 ) ;
#3106 = ADVANCED_FACE ( 'NONE', ( #4493 ), #1318, .T. ) ;
#3107 = CARTESIAN_POINT ( 'NONE',  ( -69.74999999999997158, -62.50000000000002842, 0.000000000000000000 ) ) ;
#3108 = DIRECTION ( 'NONE',  ( 0.000000000000000000, 0.000000000000000000, -1.000000000000000000 ) ) ;
#3109 = EDGE_CURVE ( 'NONE', #3193, #101, #904, .T. ) ;
#3110 = DIRECTION ( 'NONE',  ( 1.000000000000000000, 0.000000000000000000, 0.000000000000000000 ) ) ;
#3111 = CARTESIAN_POINT ( 'NONE',  ( 66.75000000000002842, -77.50000000000001421, 6.999999999999995559 ) ) ;
#3112 = DIRECTION ( 'NONE',  ( 0.000000000000000000, 0.000000000000000000, -1.000000000000000000 ) ) ;
#3113 = CARTESIAN_POINT ( 'NONE',  ( 74.25000000000000000, -77.50000000000001421, 20.89999999999999858 ) ) ;
#3115 = AXIS2_PLACEMENT_3D ( 'NONE', #1200, #1878, #501 ) ;
#3114 = DIRECTION ( 'NONE',  ( -0.000000000000000000, -0.000000000000000000, -1.000000000000000000 ) ) ;
#3116 = EDGE_CURVE ( 'NONE', #1806, #772, #3100, .T. ) ;
#3117 = AXIS2_PLACEMENT_3D ( 'NONE', #322, #3156, #3433 ) ;
#3118 = ORIENTED_EDGE ( 'NONE', *, *, #1193, .F. ) ;
#3119 = CARTESIAN_POINT ( 'NONE',  ( 11.05928699750854349, 61.68354270291752073, 0.5000000000000559552 ) ) ;
#3120 = EDGE_CURVE ( 'NONE', #357, #2816, #4521, .T. ) ;
#3121 = ORIENTED_EDGE ( 'NONE', *, *, #2571, .F. ) ;
#3122 = DIRECTION ( 'NONE',  ( -0.000000000000000000, -0.000000000000000000, 1.000000000000000000 ) ) ;
#3123 = AXIS2_PLACEMENT_3D ( 'NONE', #1915, #1570, #180 ) ;
#3124 = ORIENTED_EDGE ( 'NONE', *, *, #4249, .F. ) ;
#3125 = CARTESIAN_POINT ( 'NONE',  ( 74.25000000000000000, -77.50000000000001421, 23.00000000000000000 ) ) ;
#3126 = CIRCLE ( 'NONE', #3939, 3.100000000000003642 ) ;
#3127 = CARTESIAN_POINT ( 'NONE',  ( -14.15928699750854491, -6.683542702917516287, 4.000000000000000000 ) ) ;
#3128 = EDGE_LOOP ( 'NONE', ( #3587, #1102, #3902, #4227 ) ) ;
#3129 = CARTESIAN_POINT ( 'NONE',  ( 74.25000000000000000, -77.50000000000001421, 23.00000000000000000 ) ) ;
#3130 = ORIENTED_EDGE ( 'NONE', *, *, #3911, .T. ) ;
#3131 = ORIENTED_EDGE ( 'NONE', *, *, #2144, .T. ) ;
#3132 = CARTESIAN_POINT ( 'NONE',  ( -74.75000000000000000, -72.50000000000001421, 28.99999999999999645 ) ) ;
#3133 = DIRECTION ( 'NONE',  ( 0.000000000000000000, 0.000000000000000000, 1.000000000000000000 ) ) ;
#3134 = DIRECTION ( 'NONE',  ( 0.7050412921387321230, -0.07637769804530909756, -0.7050412921387275711 ) ) ;
#3135 = PLANE ( 'NONE',  #3194 ) ;
#3136 = EDGE_CURVE ( 'NONE', #1699, #753, #4104, .T. ) ;
#3137 = EDGE_CURVE ( 'NONE', #1895, #3250, #3324, .T. ) ;
#3138 = CARTESIAN_POINT ( 'NONE',  ( 74.75000000000001421, -77.50000000000001421, 23.00000000000000000 ) ) ;
#3139 = EDGE_LOOP ( 'NONE', ( #1600, #3437, #1753 ) ) ;
#3140 = FACE_OUTER_BOUND ( 'NONE', #4285, .T. ) ;
#3141 = ORIENTED_EDGE ( 'NONE', *, *, #990, .F. ) ;
#3142 = EDGE_LOOP ( 'NONE', ( #4242, #2091, #2518, #1414 ) ) ;
#3143 = CARTESIAN_POINT ( 'NONE',  ( 35.84999999999999432, -42.50000000000000000, 22.00000000000000000 ) ) ;
#3144 = EDGE_CURVE ( 'NONE', #1831, #3676, #1328, .T. ) ;
#3145 = VERTEX_POINT ( 'NONE', #975 ) ;
#3146 = ADVANCED_FACE ( 'NONE', ( #3849 ), #2879, .F. ) ;
#3147 = LINE ( 'NONE', #2176, #2288 ) ;
#3148 = EDGE_LOOP ( 'NONE', ( #682, #1134, #2370, #2890 ) ) ;
#3149 = CARTESIAN_POINT ( 'NONE',  ( -73.74999999999998579, -82.50000000000000000, 30.00000000000000000 ) ) ;
#3150 = ORIENTED_EDGE ( 'NONE', *, *, #3470, .T. ) ;
#3151 = ORIENTED_EDGE ( 'NONE', *, *, #3085, .F. ) ;
#3152 = CARTESIAN_POINT ( 'NONE',  ( 48.84005604253234623, 38.20742386208287655, 0.000000000000000000 ) ) ;
#3153 = DIRECTION ( 'NONE',  ( 0.000000000000000000, 0.000000000000000000, -1.000000000000000000 ) ) ;
#3154 = CIRCLE ( 'NONE', #3376, 1.750000000000001554 ) ;
#3155 = LINE ( 'NONE', #232, #3053 ) ;
#3156 = DIRECTION ( 'NONE',  ( -0.000000000000000000, 0.000000000000000000, 1.000000000000000000 ) ) ;
#3157 = CARTESIAN_POINT ( 'NONE',  ( -73.74999999999998579, -6.202950611068581748E-15, 0.000000000000000000 ) ) ;
#3158 = VERTEX_POINT ( 'NONE', #661 ) ;
#3159 = CARTESIAN_POINT ( 'NONE',  ( 74.75000000000001421, -82.50000000000000000, 28.99999999999999645 ) ) ;
#3160 = AXIS2_PLACEMENT_3D ( 'NONE', #3965, #37, #2876 ) ;
#3161 = ORIENTED_EDGE ( 'NONE', *, *, #1367, .F. ) ;
#3162 = CIRCLE ( 'NONE', #941, 3.099999999999995204 ) ;
#3163 = CIRCLE ( 'NONE', #1168, 2.249999999999970690 ) ;
#3164 = EDGE_CURVE ( 'NONE', #1315, #130, #3242, .T. ) ;
#3165 = ORIENTED_EDGE ( 'NONE', *, *, #1476, .F. ) ;
#3166 = DIRECTION ( 'NONE',  ( -1.000000000000000000, 0.000000000000000000, 0.000000000000000000 ) ) ;
#3167 = VECTOR ( 'NONE', #2455, 1000.000000000000000 ) ;
#3168 = AXIS2_PLACEMENT_3D ( 'NONE', #3192, #4560, #1395 ) ;
#3169 = AXIS2_PLACEMENT_3D ( 'NONE', #4435, #2280, #3339 ) ;
#3170 = ORIENTED_EDGE ( 'NONE', *, *, #2697, .T. ) ;
#3171 = LINE ( 'NONE', #2501, #4154 ) ;
#3172 = AXIS2_PLACEMENT_3D ( 'NONE', #2916, #3634, #458 ) ;
#3173 = VERTEX_POINT ( 'NONE', #574 ) ;
#3174 = EDGE_CURVE ( 'NONE', #1478, #2930, #4178, .T. ) ;
#3175 = DIRECTION ( 'NONE',  ( 0.000000000000000000, 0.000000000000000000, 1.000000000000000000 ) ) ;
#3176 = EDGE_LOOP ( 'NONE', ( #3659, #1393, #3305, #4511 ) ) ;
#3177 = AXIS2_PLACEMENT_3D ( 'NONE', #836, #485, #3686 ) ;
#3178 = ORIENTED_EDGE ( 'NONE', *, *, #2039, .F. ) ;
#3179 = CARTESIAN_POINT ( 'NONE',  ( 34.18354270291769836, 41.65928699750809727, 4.000000000000000000 ) ) ;
#3180 = DIRECTION ( 'NONE',  ( 0.000000000000000000, 0.000000000000000000, 1.000000000000000000 ) ) ;
#3181 = EDGE_CURVE ( 'NONE', #2399, #2966, #4431, .T. ) ;
#3182 = DIRECTION ( 'NONE',  ( -0.000000000000000000, -0.000000000000000000, 1.000000000000000000 ) ) ;
#3183 = DIRECTION ( 'NONE',  ( 1.000000000000000000, 0.000000000000000000, 0.000000000000000000 ) ) ;
#3184 = FACE_OUTER_BOUND ( 'NONE', #684, .T. ) ;
#3185 = DIRECTION ( 'NONE',  ( -1.000000000000000000, 0.000000000000000000, 0.000000000000000000 ) ) ;
#3186 = VECTOR ( 'NONE', #3708, 1000.000000000000000 ) ;
#3187 = ORIENTED_EDGE ( 'NONE', *, *, #2948, .T. ) ;
#3188 = ORIENTED_EDGE ( 'NONE', *, *, #323, .T. ) ;
#3189 = LINE ( 'NONE', #700, #2050 ) ;
#3190 = ADVANCED_FACE ( 'NONE', ( #997, #3466, #3754, #949, #3819, #1632, #201, #4542, #2368, #3402 ), #3031, .F. ) ;
#3191 = ORIENTED_EDGE ( 'NONE', *, *, #4457, .F. ) ;
#3192 = CARTESIAN_POINT ( 'NONE',  ( 33.74999999999999289, -42.50000000000000000, 29.50000000000000000 ) ) ;
#3193 = VERTEX_POINT ( 'NONE', #3780 ) ;
#3194 = AXIS2_PLACEMENT_3D ( 'NONE', #2377, #1679, #3790 ) ;
#3195 = DIRECTION ( 'NONE',  ( 1.000000000000000000, 9.912705577010326782E-17, -0.000000000000000000 ) ) ;
#3196 = VERTEX_POINT ( 'NONE', #265 ) ;
#3197 = CONICAL_SURFACE ( 'NONE', #1948, 2.600000000000019185, 0.7853981633974704835 ) ;
#3198 = ORIENTED_EDGE ( 'NONE', *, *, #215, .T. ) ;
#3199 = ADVANCED_FACE ( 'NONE', ( #223 ), #4215, .F. ) ;
#3200 = CARTESIAN_POINT ( 'NONE',  ( -17.25928699750810225, 61.68354270291770547, 18.76812408671320398 ) ) ;
#3201 = CARTESIAN_POINT ( 'NONE',  ( 3.081487911019577365E-30, 27.50000000000000355, 9.000000000000008882 ) ) ;
#3202 = CARTESIAN_POINT ( 'NONE',  ( 31.14999999999997726, -42.50000000000000000, 30.00000000000000000 ) ) ;
#3203 = DIRECTION ( 'NONE',  ( 0.000000000000000000, 0.000000000000000000, -1.000000000000000000 ) ) ;
#3204 = ADVANCED_FACE ( 'NONE', ( #290 ), #4451, .F. ) ;
#3205 = DIRECTION ( 'NONE',  ( 0.000000000000000000, 0.000000000000000000, 1.000000000000000000 ) ) ;
#3206 = ADVANCED_FACE ( 'NONE', ( #4196 ), #1481, .F. ) ;
#3207 = CARTESIAN_POINT ( 'NONE',  ( 33.74999999999999289, -42.50000000000000000, 30.00000000000000000 ) ) ;
#3208 = EDGE_LOOP ( 'NONE', ( #3867, #2682 ) ) ;
#3209 = DIRECTION ( 'NONE',  ( -0.000000000000000000, -0.000000000000000000, -1.000000000000000000 ) ) ;
#3210 = ORIENTED_EDGE ( 'NONE', *, *, #2555, .T. ) ;
#3211 = LINE ( 'NONE', #822, #4272 ) ;
#3212 = ORIENTED_EDGE ( 'NONE', *, *, #928, .T. ) ;
#3213 = CARTESIAN_POINT ( 'NONE',  ( 34.18354270291769836, 41.65928699750809727, 9.500000000000023093 ) ) ;
#3214 = ORIENTED_EDGE ( 'NONE', *, *, #2955, .T. ) ;
#3215 = LINE ( 'NONE', #13, #2495 ) ;
#3216 = ADVANCED_FACE ( 'NONE', ( #4149, #2033 ), #1693, .F. ) ;
#3217 = ORIENTED_EDGE ( 'NONE', *, *, #2954, .F. ) ;
#3218 = ORIENTED_EDGE ( 'NONE', *, *, #3450, .T. ) ;
#3219 = FACE_OUTER_BOUND ( 'NONE', #3580, .T. ) ;
#3220 = CARTESIAN_POINT ( 'NONE',  ( 14.15928699750809727, -6.683542702917696587, 4.499999999999983125 ) ) ;
#3221 = DIRECTION ( 'NONE',  ( 1.000000000000000000, 0.000000000000000000, 0.000000000000000000 ) ) ;
#3222 = DIRECTION ( 'NONE',  ( 1.000000000000000000, 0.000000000000000000, 0.000000000000000000 ) ) ;
#3223 = CARTESIAN_POINT ( 'NONE',  ( 34.18354270291752073, 13.34071300249146219, 10.00000000000000000 ) ) ;
#3224 = CARTESIAN_POINT ( 'NONE',  ( -73.74999999999997158, -81.50000000000000000, 30.00000000000000000 ) ) ;
#3225 = EDGE_CURVE ( 'NONE', #1780, #4125, #2129, .T. ) ;
#3226 = EDGE_CURVE ( 'NONE', #1631, #1568, #2071, .T. ) ;
#3227 = ORIENTED_EDGE ( 'NONE', *, *, #3909, .T. ) ;
#3228 = VECTOR ( 'NONE', #18, 1000.000000000000000 ) ;
#3229 = CARTESIAN_POINT ( 'NONE',  ( 10.55928699750810473, -6.683542702917696587, 0.000000000000000000 ) ) ;
#3230 = ORIENTED_EDGE ( 'NONE', *, *, #4589, .F. ) ;
#3231 = VECTOR ( 'NONE', #552, 1000.000000000000000 ) ;
#3232 = CIRCLE ( 'NONE', #338, 2.100000000000000977 ) ;
#3233 = DIRECTION ( 'NONE',  ( 0.000000000000000000, 0.000000000000000000, -1.000000000000000000 ) ) ;
#3234 = DIRECTION ( 'NONE',  ( -0.000000000000000000, -0.000000000000000000, -1.000000000000000000 ) ) ;
#3235 = CONICAL_SURFACE ( 'NONE', #2720, 1.750000000000001554, 0.7853981633974423948 ) ;
#3236 = AXIS2_PLACEMENT_3D ( 'NONE', #1048, #1089, #3153 ) ;
#3237 = DIRECTION ( 'NONE',  ( 0.000000000000000000, 0.000000000000000000, -1.000000000000000000 ) ) ;
#3238 = ORIENTED_EDGE ( 'NONE', *, *, #2153, .F. ) ;
#3239 = CARTESIAN_POINT ( 'NONE',  ( -75.95424882832189439, -61.03537552719270565, 7.204248828321878406 ) ) ;
#3240 = ORIENTED_EDGE ( 'NONE', *, *, #2635, .T. ) ;
#3241 = VECTOR ( 'NONE', #3090, 999.9999999999998863 ) ;
#3242 = CIRCLE ( 'NONE', #64, 2.100000000000000977 ) ;
#3243 = AXIS2_PLACEMENT_3D ( 'NONE', #2182, #4020, #93 ) ;
#3244 = DIRECTION ( 'NONE',  ( 0.000000000000000000, 0.000000000000000000, 1.000000000000000000 ) ) ;
#3245 = VERTEX_POINT ( 'NONE', #4308 ) ;
#3246 = AXIS2_PLACEMENT_3D ( 'NONE', #2262, #491, #1919 ) ;
#3247 = AXIS2_PLACEMENT_3D ( 'NONE', #1251, #3373, #2338 ) ;
#3248 = AXIS2_PLACEMENT_3D ( 'NONE', #4496, #1345, #2395 ) ;
#3249 = DIRECTION ( 'NONE',  ( 0.6974565623330516440, 0.1646471600639305977, -0.6974565623330564179 ) ) ;
#3250 = VERTEX_POINT ( 'NONE', #758 ) ;
#3251 = DIRECTION ( 'NONE',  ( -1.000000000000000000, 0.000000000000000000, 0.000000000000000000 ) ) ;
#3252 = DIRECTION ( 'NONE',  ( 1.000000000000000000, 0.000000000000000000, 0.000000000000000000 ) ) ;
#3253 = EDGE_CURVE ( 'NONE', #2748, #2666, #2794, .T. ) ;
#3254 = CYLINDRICAL_SURFACE ( 'NONE', #1551, 1.750000000000001554 ) ;
#3255 = ORIENTED_EDGE ( 'NONE', *, *, #1476, .T. ) ;
#3256 = EDGE_CURVE ( 'NONE', #1620, #1563, #3147, .T. ) ;
#3257 = CARTESIAN_POINT ( 'NONE',  ( 74.75000000000001421, -77.50000000000001421, 20.40000000000000924 ) ) ;
#3258 = ORIENTED_EDGE ( 'NONE', *, *, #1709, .T. ) ;
#3259 = DIRECTION ( 'NONE',  ( 0.000000000000000000, -0.000000000000000000, -1.000000000000000000 ) ) ;
#3260 = CARTESIAN_POINT ( 'NONE',  ( 15.90928699750854669, 61.68354270291752073, 4.499999999999983125 ) ) ;
#3261 = DIRECTION ( 'NONE',  ( 0.000000000000000000, 0.000000000000000000, -1.000000000000000000 ) ) ;
#3262 = ORIENTED_EDGE ( 'NONE', *, *, #1536, .T. ) ;
#3263 = DIRECTION ( 'NONE',  ( -0.7071067811865597852, 0.000000000000000000, -0.7071067811865352493 ) ) ;
#3264 = CARTESIAN_POINT ( 'NONE',  ( -14.15928699750854491, -6.683542702917516287, 9.500000000000023093 ) ) ;
#3265 = ORIENTED_EDGE ( 'NONE', *, *, #3137, .T. ) ;
#3266 = AXIS2_PLACEMENT_3D ( 'NONE', #2098, #2075, #2831 ) ;
#3267 = DIRECTION ( 'NONE',  ( -1.000000000000000000, 0.000000000000000000, 0.000000000000000000 ) ) ;
#3268 = ORIENTED_EDGE ( 'NONE', *, *, #3371, .T. ) ;
#3269 = VECTOR ( 'NONE', #3521, 1000.000000000000000 ) ;
#3270 = CARTESIAN_POINT ( 'NONE',  ( 37.28354270291752215, 13.34071300249146219, 4.000000000000000000 ) ) ;
#3271 = ORIENTED_EDGE ( 'NONE', *, *, #141, .T. ) ;
#3272 = DIRECTION ( 'NONE',  ( 0.000000000000000000, 0.000000000000000000, -1.000000000000000000 ) ) ;
#3273 = LINE ( 'NONE', #4294, #3825 ) ;
#3274 = CARTESIAN_POINT ( 'NONE',  ( 32.43354270291769836, 41.65928699750809727, 30.00000000000000000 ) ) ;
#3275 = AXIS2_PLACEMENT_3D ( 'NONE', #770, #2185, #3590 ) ;
#3276 = CARTESIAN_POINT ( 'NONE',  ( -17.25928699750810580, 61.68354270291770547, 0.4999999999999726885 ) ) ;
#3277 = EDGE_CURVE ( 'NONE', #864, #2506, #3459, .T. ) ;
#3278 = ADVANCED_FACE ( 'NONE', ( #685 ), #2798, .F. ) ;
#3279 = ORIENTED_EDGE ( 'NONE', *, *, #2954, .T. ) ;
#3280 = DIRECTION ( 'NONE',  ( -1.000000000000000000, 0.000000000000000000, 0.000000000000000000 ) ) ;
#3281 = CARTESIAN_POINT ( 'NONE',  ( 0.000000000000000000, -81.50000000000000000, 30.00000000000000000 ) ) ;
#3282 = FACE_OUTER_BOUND ( 'NONE', #2435, .T. ) ;
#3283 = DIRECTION ( 'NONE',  ( 1.000000000000000000, 9.912705577010326782E-17, -0.000000000000000000 ) ) ;
#3284 = ORIENTED_EDGE ( 'NONE', *, *, #1358, .T. ) ;
#3285 = CARTESIAN_POINT ( 'NONE',  ( 34.18354270291752073, 13.34071300249146219, 0.000000000000000000 ) ) ;
#3286 = DIRECTION ( 'NONE',  ( 0.7071067811865601183, 8.659560562355085700E-17, -0.7071067811865349162 ) ) ;
#3287 = ORIENTED_EDGE ( 'NONE', *, *, #1390, .T. ) ;
#3288 = CARTESIAN_POINT ( 'NONE',  ( 66.75000000000002842, -77.50000000000001421, 6.999999999999995559 ) ) ;
#3289 = CARTESIAN_POINT ( 'NONE',  ( 42.00000000000003553, 27.50000000000000355, 30.00000000000000000 ) ) ;
#3290 = EDGE_CURVE ( 'NONE', #1898, #92, #3767, .T. ) ;
#3291 = ORIENTED_EDGE ( 'NONE', *, *, #2823, .F. ) ;
#3292 = EDGE_CURVE ( 'NONE', #996, #4467, #1078, .T. ) ;
#3293 = CARTESIAN_POINT ( 'NONE',  ( 74.25000000000001421, -77.50000000000001421, 6.999999999999995559 ) ) ;
#3294 = ORIENTED_EDGE ( 'NONE', *, *, #2850, .T. ) ;
#3295 = DIRECTION ( 'NONE',  ( -1.000000000000000000, -0.000000000000000000, -0.000000000000000000 ) ) ;
#3296 = ORIENTED_EDGE ( 'NONE', *, *, #484, .T. ) ;
#3297 = CYLINDRICAL_SURFACE ( 'NONE', #306, 51.00000000000001421 ) ;
#3298 = PRODUCT ( '\X2\7535673a5bf962d65e7353f0\X0\-\X2\7535673a69fd\X0\', '\X2\7535673a5bf962d65e7353f0\X0\-\X2\7535673a69fd\X0\', '', ( #2977 ) ) ;
#3299 = DIRECTION ( 'NONE',  ( -0.000000000000000000, -0.000000000000000000, -1.000000000000000000 ) ) ;
#3300 = ORIENTED_EDGE ( 'NONE', *, *, #3137, .F. ) ;
#3301 = DIRECTION ( 'NONE',  ( 0.000000000000000000, -0.000000000000000000, -1.000000000000000000 ) ) ;
#3302 = LINE ( 'NONE', #1529, #710 ) ;
#3303 = DIRECTION ( 'NONE',  ( 0.000000000000000000, 0.000000000000000000, -1.000000000000000000 ) ) ;
#3304 = CARTESIAN_POINT ( 'NONE',  ( 0.000000000000000000, 0.000000000000000000, 10.00000000000000000 ) ) ;
#3305 = ORIENTED_EDGE ( 'NONE', *, *, #1299, .T. ) ;
#3306 = VECTOR ( 'NONE', #2814, 1000.000000000000000 ) ;
#3307 = EDGE_CURVE ( 'NONE', #3530, #449, #1436, .T. ) ;
#3308 = ORIENTED_EDGE ( 'NONE', *, *, #4298, .F. ) ;
#3309 = DIRECTION ( 'NONE',  ( -0.000000000000000000, 0.000000000000000000, 1.000000000000000000 ) ) ;
#3310 = DIRECTION ( 'NONE',  ( -1.000000000000000000, 0.000000000000000000, 0.000000000000000000 ) ) ;
#3311 = AXIS2_PLACEMENT_3D ( 'NONE', #1942, #3407, #4074 ) ;
#3312 = EDGE_CURVE ( 'NONE', #3245, #2491, #1784, .T. ) ;
#3313 = VERTEX_POINT ( 'NONE', #2150 ) ;
#3314 = DIRECTION ( 'NONE',  ( -0.6907026964241124167, 0.1514258404383506951, 0.7071067811865472397 ) ) ;
#3315 = CONICAL_SURFACE ( 'NONE', #273, 1.749999999999999778, 0.7853981633974393972 ) ;
#3316 = AXIS2_PLACEMENT_3D ( 'NONE', #456, #81, #1558 ) ;
#3317 = FACE_OUTER_BOUND ( 'NONE', #1552, .T. ) ;
#3318 = ORIENTED_EDGE ( 'NONE', *, *, #4517, .F. ) ;
#3319 = EDGE_CURVE ( 'NONE', #3368, #313, #4258, .T. ) ;
#3320 = FACE_OUTER_BOUND ( 'NONE', #245, .T. ) ;
#3321 = FACE_OUTER_BOUND ( 'NONE', #2796, .T. ) ;
#3322 = VECTOR ( 'NONE', #106, 1000.000000000000000 ) ;
#3323 =( NAMED_UNIT ( * ) PLANE_ANGLE_UNIT ( ) SI_UNIT ( $, .RADIAN. ) );
#3324 = CIRCLE ( 'NONE', #3699, 3.599999999999992095 ) ;
#3325 = ORIENTED_EDGE ( 'NONE', *, *, #763, .T. ) ;
#3326 = EDGE_CURVE ( 'NONE', #3010, #4218, #148, .T. ) ;
#3327 = PLANE ( 'NONE',  #943 ) ;
#3328 = FACE_OUTER_BOUND ( 'NONE', #2099, .T. ) ;
#3329 = DIRECTION ( 'NONE',  ( -0.000000000000000000, -0.000000000000000000, 1.000000000000000000 ) ) ;
#3330 = ORIENTED_EDGE ( 'NONE', *, *, #1706, .T. ) ;
#3331 = DIRECTION ( 'NONE',  ( 1.000000000000000000, 0.000000000000000000, 0.000000000000000000 ) ) ;
#3332 = CARTESIAN_POINT ( 'NONE',  ( 3.081487911019577365E-30, 27.50000000000000355, 0.000000000000000000 ) ) ;
#3333 = EDGE_LOOP ( 'NONE', ( #1274, #2851 ) ) ;
#3334 = EDGE_CURVE ( 'NONE', #2800, #1422, #3171, .T. ) ;
#3335 = DIRECTION ( 'NONE',  ( 0.2141484772416570037, 0.9768011208506465204, 0.000000000000000000 ) ) ;
#3336 = VECTOR ( 'NONE', #832, 1000.000000000000000 ) ;
#3337 = DIRECTION ( 'NONE',  ( -0.000000000000000000, -0.000000000000000000, 1.000000000000000000 ) ) ;
#3338 = ORIENTED_EDGE ( 'NONE', *, *, #2555, .F. ) ;
#3339 = DIRECTION ( 'NONE',  ( -1.000000000000000000, 0.000000000000000000, 0.000000000000000000 ) ) ;
#3340 = CYLINDRICAL_SURFACE ( 'NONE', #4462, 3.099999999999991651 ) ;
#3341 = CIRCLE ( 'NONE', #1944, 2.100000000000000977 ) ;
#3342 = ADVANCED_FACE ( 'NONE', ( #383 ), #2379, .F. ) ;
#3343 = CARTESIAN_POINT ( 'NONE',  ( -31.93354270291755981, 41.65928699750855202, 10.00000000000000000 ) ) ;
#3344 = DIRECTION ( 'NONE',  ( 0.7071067811865434649, 8.659560562354883554E-17, -0.7071067811865516806 ) ) ;
#3345 = LINE ( 'NONE', #1978, #2503 ) ;
#3346 = EDGE_CURVE ( 'NONE', #2800, #3574, #2863, .T. ) ;
#3347 = EDGE_CURVE ( 'NONE', #753, #2258, #2600, .T. ) ;
#3348 = VERTEX_POINT ( 'NONE', #58 ) ;
#3349 = FACE_OUTER_BOUND ( 'NONE', #725, .T. ) ;
#3350 = DIRECTION ( 'NONE',  ( 0.7071067811865499042, -4.779651140343281564E-15, -0.7071067811865451302 ) ) ;
#3351 = VERTEX_POINT ( 'NONE', #314 ) ;
#3352 = DIRECTION ( 'NONE',  ( -0.7071067811865434649, 0.000000000000000000, -0.7071067811865516806 ) ) ;
#3353 = CARTESIAN_POINT ( 'NONE',  ( 16.40928699750809727, -6.683542702917696587, 10.00000000000000000 ) ) ;
#3354 = EDGE_CURVE ( 'NONE', #4381, #357, #595, .T. ) ;
#3355 = EDGE_LOOP ( 'NONE', ( #3051, #688 ) ) ;
#3356 = EDGE_CURVE ( 'NONE', #2399, #3367, #1062, .T. ) ;
#3357 = DIRECTION ( 'NONE',  ( 1.000000000000000000, -9.912705577010326782E-17, -0.000000000000000000 ) ) ;
#3358 = CARTESIAN_POINT ( 'NONE',  ( 69.75000000000000000, -52.50000000000001421, 28.99999999999999645 ) ) ;
#3359 = DIRECTION ( 'NONE',  ( 0.000000000000000000, 0.000000000000000000, 1.000000000000000000 ) ) ;
#3360 = ORIENTED_EDGE ( 'NONE', *, *, #2126, .F. ) ;
#3361 = DIRECTION ( 'NONE',  ( -0.000000000000000000, -0.000000000000000000, -1.000000000000000000 ) ) ;
#3362 = ORIENTED_EDGE ( 'NONE', *, *, #969, .T. ) ;
#3363 = DIRECTION ( 'NONE',  ( 0.000000000000000000, 0.000000000000000000, -1.000000000000000000 ) ) ;
#3364 = DIRECTION ( 'NONE',  ( 0.000000000000000000, 0.000000000000000000, -1.000000000000000000 ) ) ;
#3365 = DIRECTION ( 'NONE',  ( -0.000000000000000000, 0.000000000000000000, 1.000000000000000000 ) ) ;
#3366 = CARTESIAN_POINT ( 'NONE',  ( -34.18354270291769836, 13.34071300249190273, 0.4999999999999796274 ) ) ;
#3367 = VERTEX_POINT ( 'NONE', #2940 ) ;
#3368 = VERTEX_POINT ( 'NONE', #510 ) ;
#3369 = ORIENTED_EDGE ( 'NONE', *, *, #1044, .F. ) ;
#3370 = CARTESIAN_POINT ( 'NONE',  ( -14.15928699750854491, -6.683542702917516287, 4.499999999999979572 ) ) ;
#3371 = EDGE_CURVE ( 'NONE', #1582, #3553, #3985, .T. ) ;
#3372 = AXIS2_PLACEMENT_3D ( 'NONE', #2510, #739, #3032 ) ;
#3373 = DIRECTION ( 'NONE',  ( -0.000000000000000000, -0.000000000000000000, 1.000000000000000000 ) ) ;
#3374 = ORIENTED_EDGE ( 'NONE', *, *, #3307, .T. ) ;
#3375 = ORIENTED_EDGE ( 'NONE', *, *, #1220, .T. ) ;
#3376 = AXIS2_PLACEMENT_3D ( 'NONE', #3563, #3175, #4311 ) ;
#3377 = AXIS2_PLACEMENT_3D ( 'NONE', #1210, #3710, #852 ) ;
#3378 = CARTESIAN_POINT ( 'NONE',  ( 34.18354270291769836, 41.65928699750809727, 10.00000000000000000 ) ) ;
#3379 = CARTESIAN_POINT ( 'NONE',  ( -74.74999999999998579, -81.50000000000000000, 1.000000000000000888 ) ) ;
#3380 = ORIENTED_EDGE ( 'NONE', *, *, #591, .F. ) ;
#3381 = AXIS2_PLACEMENT_3D ( 'NONE', #3857, #4135, #1379 ) ;
#3382 = FACE_OUTER_BOUND ( 'NONE', #1712, .T. ) ;
#3383 = AXIS2_PLACEMENT_3D ( 'NONE', #2553, #837, #2257 ) ;
#3384 = DIRECTION ( 'NONE',  ( -0.000000000000000000, -0.000000000000000000, -1.000000000000000000 ) ) ;
#3385 = AXIS2_PLACEMENT_3D ( 'NONE', #1426, #4185, #1028 ) ;
#3386 = DIRECTION ( 'NONE',  ( -0.7071067811865601183, 0.000000000000000000, -0.7071067811865349162 ) ) ;
#3387 = DIRECTION ( 'NONE',  ( 1.000000000000000000, 0.000000000000000000, 0.000000000000000000 ) ) ;
#3388 = CARTESIAN_POINT ( 'NONE',  ( -12.40928699750854491, -6.683542702917516287, 9.500000000000023093 ) ) ;
#3389 = VECTOR ( 'NONE', #611, 1000.000000000000000 ) ;
#3390 = VECTOR ( 'NONE', #4050, 999.9999999999998863 ) ;
#3391 = ADVANCED_FACE ( 'NONE', ( #107 ), #3661, .T. ) ;
#3392 = ORIENTED_EDGE ( 'NONE', *, *, #2635, .F. ) ;
#3393 = AXIS2_PLACEMENT_3D ( 'NONE', #3982, #804, #2888 ) ;
#3394 = LINE ( 'NONE', #2981, #571 ) ;
#3395 = AXIS2_PLACEMENT_3D ( 'NONE', #75, #451, #3280 ) ;
#3396 = PLANE ( 'NONE',  #53 ) ;
#3397 = EDGE_CURVE ( 'NONE', #4393, #760, #1419, .T. ) ;
#3398 = ORIENTED_EDGE ( 'NONE', *, *, #65, .F. ) ;
#3399 = ORIENTED_EDGE ( 'NONE', *, *, #1667, .T. ) ;
#3400 = LINE ( 'NONE', #2705, #2201 ) ;
#3401 = ORIENTED_EDGE ( 'NONE', *, *, #1193, .T. ) ;
#3402 = FACE_BOUND ( 'NONE', #615, .T. ) ;
#3403 = CARTESIAN_POINT ( 'NONE',  ( -34.18354270291752783, 41.65928699750855202, 9.500000000000015987 ) ) ;
#3404 = EDGE_LOOP ( 'NONE', ( #111, #783, #4377, #1001 ) ) ;
#3405 = CARTESIAN_POINT ( 'NONE',  ( -11.90928699750812925, 61.68354270291770547, 10.00000000000000000 ) ) ;
#3406 = LINE ( 'NONE', #3723, #3040 ) ;
#3407 = DIRECTION ( 'NONE',  ( -0.7071067811865496822, -6.767639908119740098E-17, 0.7071067811865453523 ) ) ;
#3408 = FACE_OUTER_BOUND ( 'NONE', #967, .T. ) ;
#3409 = CARTESIAN_POINT ( 'NONE',  ( 14.15928699750854847, 61.68354270291752073, 10.00000000000000000 ) ) ;
#3410 = LINE ( 'NONE', #1598, #1768 ) ;
#3411 = AXIS2_PLACEMENT_3D ( 'NONE', #1963, #4270, #350 ) ;
#3412 = CARTESIAN_POINT ( 'NONE',  ( -66.75000000000002842, -77.50000000000001421, 6.999999999999995559 ) ) ;
#3413 = ORIENTED_EDGE ( 'NONE', *, *, #4071, .T. ) ;
#3414 = AXIS2_PLACEMENT_3D ( 'NONE', #3631, #1175, #825 ) ;
#3415 = DIRECTION ( 'NONE',  ( -1.000000000000000000, 0.000000000000000000, 0.000000000000000000 ) ) ;
#3416 = AXIS2_PLACEMENT_3D ( 'NONE', #2282, #3363, #2260 ) ;
#3417 = FACE_OUTER_BOUND ( 'NONE', #3418, .T. ) ;
#3418 = EDGE_LOOP ( 'NONE', ( #2706, #2618 ) ) ;
#3419 = DIRECTION ( 'NONE',  ( 9.912705577010326782E-17, 1.000000000000000000, 0.000000000000000000 ) ) ;
#3420 = VERTEX_POINT ( 'NONE', #1606 ) ;
#3421 = ADVANCED_FACE ( 'NONE', ( #85 ), #3532, .F. ) ;
#3422 = ORIENTED_EDGE ( 'NONE', *, *, #1334, .T. ) ;
#3423 = DIRECTION ( 'NONE',  ( -0.7071067811865549002, 0.000000000000000000, 0.7071067811865401342 ) ) ;
#3424 = CARTESIAN_POINT ( 'NONE',  ( -34.18354270291752783, 41.65928699750855202, 0.4999999999999796274 ) ) ;
#3425 = ORIENTED_EDGE ( 'NONE', *, *, #3721, .T. ) ;
#3426 = ADVANCED_FACE ( 'NONE', ( #2300 ), #2621, .F. ) ;
#3427 = FACE_OUTER_BOUND ( 'NONE', #2921, .T. ) ;
#3428 = EDGE_CURVE ( 'NONE', #3026, #999, #152, .T. ) ;
#3429 = DIRECTION ( 'NONE',  ( 1.000000000000000000, 0.000000000000000000, 0.000000000000000000 ) ) ;
#3430 = DIRECTION ( 'NONE',  ( 0.000000000000000000, 0.000000000000000000, 1.000000000000000000 ) ) ;
#3431 = CARTESIAN_POINT ( 'NONE',  ( -14.15928699750810082, 61.68354270291770547, 4.000000000000000000 ) ) ;
#3432 = CARTESIAN_POINT ( 'NONE',  ( -30.58354270291753352, 41.65928699750855202, 0.000000000000000000 ) ) ;
#3433 = DIRECTION ( 'NONE',  ( 1.000000000000000000, 0.000000000000000000, 0.000000000000000000 ) ) ;
#3434 = EDGE_LOOP ( 'NONE', ( #339, #24, #731, #3589 ) ) ;
#3435 = DIRECTION ( 'NONE',  ( 0.000000000000000000, 0.000000000000000000, 1.000000000000000000 ) ) ;
#3436 = LINE ( 'NONE', #1663, #803 ) ;
#3437 = ORIENTED_EDGE ( 'NONE', *, *, #4591, .T. ) ;
#3438 = DIRECTION ( 'NONE',  ( 0.000000000000000000, 1.000000000000000000, 0.000000000000000000 ) ) ;
#3439 = EDGE_LOOP ( 'NONE', ( #2802, #408, #1486, #2391 ) ) ;
#3440 = CARTESIAN_POINT ( 'NONE',  ( 68.75000000000000000, -62.73606797749979336, 30.00000000000000000 ) ) ;
#3441 = DIRECTION ( 'NONE',  ( -0.000000000000000000, 0.000000000000000000, 1.000000000000000000 ) ) ;
#3442 = ADVANCED_FACE ( 'NONE', ( #2230 ), #3091, .F. ) ;
#3443 = VERTEX_POINT ( 'NONE', #779 ) ;
#3444 = DIRECTION ( 'NONE',  ( 0.000000000000000000, 0.000000000000000000, 1.000000000000000000 ) ) ;
#3445 = DIRECTION ( 'NONE',  ( -0.7071067811865409114, 8.659560562354851507E-17, 0.7071067811865541231 ) ) ;
#3446 = VERTEX_POINT ( 'NONE', #2986 ) ;
#3447 = CARTESIAN_POINT ( 'NONE',  ( 11.05928699750854349, 61.68354270291752073, 18.76812408671320398 ) ) ;
#3448 = ORIENTED_EDGE ( 'NONE', *, *, #3086, .F. ) ;
#3449 = AXIS2_PLACEMENT_3D ( 'NONE', #1665, #3028, #1275 ) ;
#3450 = EDGE_CURVE ( 'NONE', #1891, #4012, #1692, .T. ) ;
#3451 = DIRECTION ( 'NONE',  ( -0.6324555320336752162, 0.3162277660168393845, 0.7071067811865474617 ) ) ;
#3452 = CARTESIAN_POINT ( 'NONE',  ( 74.75000000000000000, 82.50000000000000000, 1.000000000000000888 ) ) ;
#3453 = DIRECTION ( 'NONE',  ( 1.000000000000000000, 9.912705577010326782E-17, -0.000000000000000000 ) ) ;
#3454 = CARTESIAN_POINT ( 'NONE',  ( -34.18354270291752783, 41.65928699750855202, 4.499999999999983125 ) ) ;
#3455 = CIRCLE ( 'NONE', #1397, 3.099999999999995204 ) ;
#3456 = VECTOR ( 'NONE', #3009, 1000.000000000000000 ) ;
#3457 = ORIENTED_EDGE ( 'NONE', *, *, #1272, .F. ) ;
#3458 = CIRCLE ( 'NONE', #4578, 1.750000000000001554 ) ;
#3459 = CIRCLE ( 'NONE', #3168, 2.099999999999997868 ) ;
#3460 = AXIS2_PLACEMENT_3D ( 'NONE', #813, #2952, #1837 ) ;
#3461 = CARTESIAN_POINT ( 'NONE',  ( 11.05928699750809585, -6.683542702917696587, 18.76812408671320398 ) ) ;
#3462 = CIRCLE ( 'NONE', #955, 2.249999999999972466 ) ;
#3463 = EDGE_LOOP ( 'NONE', ( #2102, #640, #2412, #1539 ) ) ;
#3464 = ORIENTED_EDGE ( 'NONE', *, *, #2092, .T. ) ;
#3465 = CARTESIAN_POINT ( 'NONE',  ( 34.18354270291769836, 41.65928699750809727, 4.499999999999976019 ) ) ;
#3466 = FACE_BOUND ( 'NONE', #838, .T. ) ;
#3467 = AXIS2_PLACEMENT_3D ( 'NONE', #2393, #2063, #2773 ) ;
#3468 = DIRECTION ( 'NONE',  ( 1.000000000000000000, 0.000000000000000000, 0.000000000000000000 ) ) ;
#3469 = ORIENTED_EDGE ( 'NONE', *, *, #2691, .F. ) ;
#3470 = EDGE_CURVE ( 'NONE', #2966, #2399, #507, .T. ) ;
#3471 = DIRECTION ( 'NONE',  ( 1.000000000000000000, 0.000000000000000000, 0.000000000000000000 ) ) ;
#3472 = ORIENTED_EDGE ( 'NONE', *, *, #2584, .F. ) ;
#3473 = ORIENTED_EDGE ( 'NONE', *, *, #735, .F. ) ;
#3474 = DIRECTION ( 'NONE',  ( 1.000000000000000000, 0.000000000000000000, 0.000000000000000000 ) ) ;
#3475 = DIRECTION ( 'NONE',  ( 0.000000000000000000, 0.000000000000000000, 1.000000000000000000 ) ) ;
#3476 = DIRECTION ( 'NONE',  ( 0.7071067811865583419, 0.000000000000000000, -0.7071067811865368036 ) ) ;
#3477 = DIRECTION ( 'NONE',  ( 0.000000000000000000, 0.000000000000000000, -1.000000000000000000 ) ) ;
#3478 = CARTESIAN_POINT ( 'NONE',  ( 33.74999999999999289, -42.50000000000000000, 22.00000000000000000 ) ) ;
#3479 = EDGE_CURVE ( 'NONE', #2321, #3530, #274, .T. ) ;
#3480 = ORIENTED_EDGE ( 'NONE', *, *, #3004, .F. ) ;
#3481 = CIRCLE ( 'NONE', #2081, 3.100000000000003642 ) ;
#3482 = CARTESIAN_POINT ( 'NONE',  ( 34.18354270291752073, 13.34071300249146219, 18.76812408671320398 ) ) ;
#3483 = ADVANCED_FACE ( 'NONE', ( #4400 ), #4033, .F. ) ;
#3484 = EDGE_CURVE ( 'NONE', #1648, #1235, #2596, .T. ) ;
#3485 = AXIS2_PLACEMENT_3D ( 'NONE', #2739, #4439, #2652 ) ;
#3486 = CIRCLE ( 'NONE', #1498, 3.099999999999998757 ) ;
#3487 = VERTEX_POINT ( 'NONE', #3353 ) ;
#3488 = ORIENTED_EDGE ( 'NONE', *, *, #2535, .F. ) ;
#3489 = DIRECTION ( 'NONE',  ( 0.000000000000000000, -0.000000000000000000, -1.000000000000000000 ) ) ;
#3490 = CONICAL_SURFACE ( 'NONE', #1587, 1.750000000000001554, 0.7853981633974391752 ) ;
#3491 = EDGE_LOOP ( 'NONE', ( #4349, #3717, #1945, #2079 ) ) ;
#3492 = CARTESIAN_POINT ( 'NONE',  ( -74.74999999999998579, -72.50000000000001421, 28.99999999999999645 ) ) ;
#3493 = CIRCLE ( 'NONE', #1508, 3.099999999999998757 ) ;
#3494 = ORIENTED_EDGE ( 'NONE', *, *, #2209, .T. ) ;
#3495 = CARTESIAN_POINT ( 'NONE',  ( -32.43354270291753494, 41.65928699750855202, 9.500000000000015987 ) ) ;
#3496 = ORIENTED_EDGE ( 'NONE', *, *, #3859, .F. ) ;
#3497 = ORIENTED_EDGE ( 'NONE', *, *, #2889, .T. ) ;
#3498 = CARTESIAN_POINT ( 'NONE',  ( 68.75000000000000000, -62.73606797749979336, 0.000000000000000000 ) ) ;
#3499 = LINE ( 'NONE', #3856, #1840 ) ;
#3500 = CARTESIAN_POINT ( 'NONE',  ( -16.40928699750851649, -6.683542702917516287, 10.00000000000000000 ) ) ;
#3501 = PLANE ( 'NONE',  #3117 ) ;
#3502 = EDGE_CURVE ( 'NONE', #1138, #1440, #2601, .T. ) ;
#3503 = ADVANCED_FACE ( 'NONE', ( #3635, #480 ), #173, .F. ) ;
#3504 = PLANE ( 'NONE',  #3789 ) ;
#3505 = ORIENTED_EDGE ( 'NONE', *, *, #394, .T. ) ;
#3506 = DIRECTION ( 'NONE',  ( 0.000000000000000000, 0.000000000000000000, 1.000000000000000000 ) ) ;
#3507 = ORIENTED_EDGE ( 'NONE', *, *, #1076, .T. ) ;
#3508 = ADVANCED_FACE ( 'NONE', ( #1225 ), #2326, .F. ) ;
#3509 = EDGE_LOOP ( 'NONE', ( #186, #2833, #535, #4367 ) ) ;
#3510 = DIRECTION ( 'NONE',  ( 1.000000000000000000, 0.000000000000000000, 0.000000000000000000 ) ) ;
#3511 = ORIENTED_EDGE ( 'NONE', *, *, #1390, .F. ) ;
#3512 = FACE_OUTER_BOUND ( 'NONE', #4324, .T. ) ;
#3513 = DIRECTION ( 'NONE',  ( -0.6907026964241099742, -0.1514258404383512502, 0.7071067811865493491 ) ) ;
#3514 = ORIENTED_EDGE ( 'NONE', *, *, #4456, .T. ) ;
#3515 = FACE_BOUND ( 'NONE', #2700, .T. ) ;
#3516 = ORIENTED_EDGE ( 'NONE', *, *, #781, .T. ) ;
#3517 = CARTESIAN_POINT ( 'NONE',  ( -34.18354270291769836, 13.34071300249190273, 4.499999999999976019 ) ) ;
#3518 = CARTESIAN_POINT ( 'NONE',  ( -11.05928699750809585, 61.68354270291770547, 0.4999999999999726885 ) ) ;
#3519 = ADVANCED_FACE ( 'NONE', ( #4232 ), #2471, .F. ) ;
#3520 = DIRECTION ( 'NONE',  ( -0.000000000000000000, -0.000000000000000000, 1.000000000000000000 ) ) ;
#3521 = DIRECTION ( 'NONE',  ( -0.000000000000000000, -0.000000000000000000, -1.000000000000000000 ) ) ;
#3522 = AXIS2_PLACEMENT_3D ( 'NONE', #1728, #4482, #1747 ) ;
#3523 = CIRCLE ( 'NONE', #1016, 50.00000000000001421 ) ;
#3524 = PLANE ( 'NONE',  #3266 ) ;
#3525 = DIRECTION ( 'NONE',  ( 0.4472135954999599261, -0.8944271909999148562, 0.000000000000000000 ) ) ;
#3526 = AXIS2_PLACEMENT_3D ( 'NONE', #1899, #452, #3556 ) ;
#3527 = EDGE_CURVE ( 'NONE', #3617, #4381, #3155, .T. ) ;
#3528 = AXIS2_PLACEMENT_3D ( 'NONE', #3179, #647, #1026 ) ;
#3529 = VECTOR ( 'NONE', #3599, 1000.000000000000000 ) ;
#3530 = VERTEX_POINT ( 'NONE', #1049 ) ;
#3531 = AXIS2_PLACEMENT_3D ( 'NONE', #3220, #3272, #2924 ) ;
#3532 = CONICAL_SURFACE ( 'NONE', #2289, 41.00000000000000000, 0.7853981633974517207 ) ;
#3533 = ORIENTED_EDGE ( 'NONE', *, *, #1988, .T. ) ;
#3534 = FACE_OUTER_BOUND ( 'NONE', #1607, .T. ) ;
#3535 = VECTOR ( 'NONE', #2218, 1000.000000000000114 ) ;
#3536 = CIRCLE ( 'NONE', #1472, 3.099999999999995204 ) ;
#3537 = EDGE_CURVE ( 'NONE', #4520, #3049, #607, .T. ) ;
#3538 = ORIENTED_EDGE ( 'NONE', *, *, #2194, .T. ) ;
#3539 = CARTESIAN_POINT ( 'NONE',  ( 49.81685716338298420, 38.42157233932453408, 28.99999999999999645 ) ) ;
#3540 = AXIS2_PLACEMENT_3D ( 'NONE', #778, #1855, #3331 ) ;
#3541 = VERTEX_POINT ( 'NONE', #2072 ) ;
#3542 = DIRECTION ( 'NONE',  ( -9.570888143320314409E-17, 1.000000000000000000, 0.000000000000000000 ) ) ;
#3543 = ORIENTED_EDGE ( 'NONE', *, *, #724, .T. ) ;
#3544 = AXIS2_PLACEMENT_3D ( 'NONE', #4003, #1554, #2246 ) ;
#3545 = ORIENTED_EDGE ( 'NONE', *, *, #616, .F. ) ;
#3546 = DIRECTION ( 'NONE',  ( 0.000000000000000000, 0.000000000000000000, -1.000000000000000000 ) ) ;
#3547 = CARTESIAN_POINT ( 'NONE',  ( -73.74999999999997158, -81.50000000000000000, 30.00000000000000000 ) ) ;
#3548 = CARTESIAN_POINT ( 'NONE',  ( -73.74999999999998579, -82.00000000000000000, 0.5000000000000004441 ) ) ;
#3549 = CARTESIAN_POINT ( 'NONE',  ( -14.15928699750810082, 61.68354270291770547, 9.500000000000023093 ) ) ;
#3550 = DIRECTION ( 'NONE',  ( 1.000000000000000000, 0.000000000000000000, 0.000000000000000000 ) ) ;
#3551 = VECTOR ( 'NONE', #2525, 1000.000000000000000 ) ;
#3552 = AXIS2_PLACEMENT_3D ( 'NONE', #3549, #1749, #324 ) ;
#3553 = VERTEX_POINT ( 'NONE', #3432 ) ;
#3554 = DIRECTION ( 'NONE',  ( 0.000000000000000000, 0.000000000000000000, -1.000000000000000000 ) ) ;
#3555 = ORIENTED_EDGE ( 'NONE', *, *, #65, .T. ) ;
#3556 = DIRECTION ( 'NONE',  ( 1.000000000000000000, 0.000000000000000000, 0.000000000000000000 ) ) ;
#3557 = VECTOR ( 'NONE', #2352, 1000.000000000000000 ) ;
#3558 = ORIENTED_EDGE ( 'NONE', *, *, #2850, .F. ) ;
#3559 = DIRECTION ( 'NONE',  ( 1.000000000000000000, 0.000000000000000000, 0.000000000000000000 ) ) ;
#3560 = EDGE_CURVE ( 'NONE', #83, #3099, #4208, .T. ) ;
#3561 = EDGE_LOOP ( 'NONE', ( #1804, #2456 ) ) ;
#3562 = VECTOR ( 'NONE', #1140, 999.9999999999998863 ) ;
#3563 = CARTESIAN_POINT ( 'NONE',  ( -34.18354270291769836, 13.34071300249190273, 9.500000000000023093 ) ) ;
#3564 = ORIENTED_EDGE ( 'NONE', *, *, #866, .F. ) ;
#3565 = CIRCLE ( 'NONE', #1238, 3.599999999999992095 ) ;
#3566 = ORIENTED_EDGE ( 'NONE', *, *, #2416, .T. ) ;
#3567 = CARTESIAN_POINT ( 'NONE',  ( -0.000000000000000000, -81.50000000000000000, 0.000000000000000000 ) ) ;
#3568 = ADVANCED_FACE ( 'NONE', ( #4187 ), #680, .F. ) ;
#3569 = CARTESIAN_POINT ( 'NONE',  ( -24.74999999999996803, 27.50000000000000355, 0.000000000000000000 ) ) ;
#3570 = PLANE ( 'NONE',  #791 ) ;
#3571 = CARTESIAN_POINT ( 'NONE',  ( 10.55928699750850086, 61.68354270291752073, 0.000000000000000000 ) ) ;
#3572 = FACE_OUTER_BOUND ( 'NONE', #2380, .T. ) ;
#3573 = PLANE ( 'NONE',  #1249 ) ;
#3574 = VERTEX_POINT ( 'NONE', #985 ) ;
#3575 = CYLINDRICAL_SURFACE ( 'NONE', #960, 3.100000000000001865 ) ;
#3576 = ORIENTED_EDGE ( 'NONE', *, *, #2909, .T. ) ;
#3577 = CARTESIAN_POINT ( 'NONE',  ( -17.75928699750853568, -6.683542702917516287, 0.000000000000000000 ) ) ;
#3578 = DIRECTION ( 'NONE',  ( -0.7071067811865409114, 8.659560562354851507E-17, 0.7071067811865541231 ) ) ;
#3579 = FACE_BOUND ( 'NONE', #1889, .T. ) ;
#3580 = EDGE_LOOP ( 'NONE', ( #2477, #1331, #1541, #3671 ) ) ;
#3581 = DIRECTION ( 'NONE',  ( -9.570888143320314409E-17, 1.000000000000000000, 0.000000000000000000 ) ) ;
#3582 = VERTEX_POINT ( 'NONE', #3500 ) ;
#3583 = ADVANCED_FACE ( 'NONE', ( #255 ), #4550, .F. ) ;
#3584 = DIRECTION ( 'NONE',  ( -0.000000000000000000, -0.000000000000000000, -1.000000000000000000 ) ) ;
#3585 = VERTEX_POINT ( 'NONE', #301 ) ;
#3586 = CARTESIAN_POINT ( 'NONE',  ( 69.75000000000000000, -52.50000000000001421, 28.99999999999999645 ) ) ;
#3587 = ORIENTED_EDGE ( 'NONE', *, *, #4419, .F. ) ;
#3588 = LINE ( 'NONE', #3919, #352 ) ;
#3589 = ORIENTED_EDGE ( 'NONE', *, *, #3744, .T. ) ;
#3590 = DIRECTION ( 'NONE',  ( 0.000000000000000000, -1.000000000000000000, 0.000000000000000000 ) ) ;
#3591 = EDGE_CURVE ( 'NONE', #3791, #1699, #3758, .T. ) ;
#3592 = DIRECTION ( 'NONE',  ( -9.807109700556222056E-15, -0.7071067811865474617, -0.7071067811865474617 ) ) ;
#3593 = AXIS2_PLACEMENT_3D ( 'NONE', #1184, #1609, #2303 ) ;
#3594 = ORIENTED_EDGE ( 'NONE', *, *, #3560, .T. ) ;
#3595 = PRESENTATION_LAYER_ASSIGNMENT (  '', '', ( #936 ) ) ;
#3596 = LINE ( 'NONE', #1172, #1564 ) ;
#3597 = ORIENTED_EDGE ( 'NONE', *, *, #1442, .T. ) ;
#3598 = AXIS2_PLACEMENT_3D ( 'NONE', #486, #3992, #136 ) ;
#3599 = DIRECTION ( 'NONE',  ( -0.000000000000000000, -0.000000000000000000, -1.000000000000000000 ) ) ;
#3600 = DIRECTION ( 'NONE',  ( -1.000000000000000000, 0.000000000000000000, 0.000000000000000000 ) ) ;
#3601 = AXIS2_PLACEMENT_3D ( 'NONE', #3370, #2701, #3703 ) ;
#3602 = AXIS2_PLACEMENT_3D ( 'NONE', #1746, #2486, #3475 ) ;
#3603 = AXIS2_PLACEMENT_3D ( 'NONE', #1066, #3451, #1745 ) ;
#3604 = DIRECTION ( 'NONE',  ( -1.000000000000000000, 0.000000000000000000, 0.000000000000000000 ) ) ;
#3605 = ORIENTED_EDGE ( 'NONE', *, *, #4177, .T. ) ;
#3606 = DIRECTION ( 'NONE',  ( 1.000000000000000000, 0.000000000000000000, 0.000000000000000000 ) ) ;
#3607 = CARTESIAN_POINT ( 'NONE',  ( -14.15928699750854491, -6.683542702917516287, 18.76812408671320398 ) ) ;
#3608 = ORIENTED_EDGE ( 'NONE', *, *, #1373, .F. ) ;
#3609 = AXIS2_PLACEMENT_3D ( 'NONE', #3482, #696, #3185 ) ;
#3610 = AXIS2_PLACEMENT_3D ( 'NONE', #4286, #2838, #3933 ) ;
#3611 = CIRCLE ( 'NONE', #3460, 1.749999999999999778 ) ;
#3612 = DIRECTION ( 'NONE',  ( -0.000000000000000000, -0.000000000000000000, -1.000000000000000000 ) ) ;
#3613 = ORIENTED_EDGE ( 'NONE', *, *, #4112, .F. ) ;
#3614 = AXIS2_PLACEMENT_3D ( 'NONE', #1986, #2729, #546 ) ;
#3615 = EDGE_CURVE ( 'NONE', #843, #4520, #336, .T. ) ;
#3616 = CYLINDRICAL_SURFACE ( 'NONE', #3598, 3.099999999999998757 ) ;
#3617 = VERTEX_POINT ( 'NONE', #627 ) ;
#3618 = FACE_OUTER_BOUND ( 'NONE', #1074, .T. ) ;
#3619 = ORIENTED_EDGE ( 'NONE', *, *, #1012, .F. ) ;
#3620 = FACE_OUTER_BOUND ( 'NONE', #294, .T. ) ;
#3621 = DIRECTION ( 'NONE',  ( -0.000000000000000000, 0.000000000000000000, 1.000000000000000000 ) ) ;
#3622 = AXIS2_PLACEMENT_3D ( 'NONE', #47, #2774, #1477 ) ;
#3623 = EDGE_CURVE ( 'NONE', #1881, #67, #1678, .T. ) ;
#3624 = CARTESIAN_POINT ( 'NONE',  ( 32.43354270291752073, 13.34071300249146219, 30.00000000000000000 ) ) ;
#3625 = ORIENTED_EDGE ( 'NONE', *, *, #216, .F. ) ;
#3626 = LINE ( 'NONE', #821, #3701 ) ;
#3627 = EDGE_LOOP ( 'NONE', ( #4198, #376 ) ) ;
#3628 = CARTESIAN_POINT ( 'NONE',  ( -14.15928699750810082, 61.68354270291770547, 30.00000000000000000 ) ) ;
#3629 = EDGE_CURVE ( 'NONE', #2589, #2800, #39, .T. ) ;
#3630 = ADVANCED_FACE ( 'NONE', ( #2808 ), #1329, .F. ) ;
#3631 = CARTESIAN_POINT ( 'NONE',  ( 14.15928699750809727, -6.683542702917696587, 4.000000000000000000 ) ) ;
#3632 = DIRECTION ( 'NONE',  ( -0.000000000000000000, -0.000000000000000000, -1.000000000000000000 ) ) ;
#3633 = ORIENTED_EDGE ( 'NONE', *, *, #3722, .F. ) ;
#3634 = DIRECTION ( 'NONE',  ( 1.000000000000000000, 0.000000000000000000, 0.000000000000000000 ) ) ;
#3635 = FACE_BOUND ( 'NONE', #2834, .T. ) ;
#3636 = ORIENTED_EDGE ( 'NONE', *, *, #3700, .F. ) ;
#3637 = CYLINDRICAL_SURFACE ( 'NONE', #2855, 1.749999999999996447 ) ;
#3638 = EDGE_LOOP ( 'NONE', ( #1864, #810, #1586, #1604 ) ) ;
#3639 = VECTOR ( 'NONE', #2994, 999.9999999999998863 ) ;
#3640 = VECTOR ( 'NONE', #2404, 999.9999999999998863 ) ;
#3641 = DIRECTION ( 'NONE',  ( -0.000000000000000000, -0.000000000000000000, -1.000000000000000000 ) ) ;
#3642 = ORIENTED_EDGE ( 'NONE', *, *, #698, .T. ) ;
#3643 = DIRECTION ( 'NONE',  ( -1.000000000000000000, -0.000000000000000000, -0.000000000000000000 ) ) ;
#3644 = DIRECTION ( 'NONE',  ( 0.6974565623330587494, -0.1646471600639110300, 0.6974565623330538644 ) ) ;
#3645 = AXIS2_PLACEMENT_3D ( 'NONE', #1815, #4233, #2513 ) ;
#3646 = DIRECTION ( 'NONE',  ( 1.000000000000000000, 0.000000000000000000, 0.000000000000000000 ) ) ;
#3647 = DIRECTION ( 'NONE',  ( -0.2141484772416570037, -0.9768011208506465204, 0.000000000000000000 ) ) ;
#3648 = EDGE_CURVE ( 'NONE', #1362, #3193, #2741, .T. ) ;
#3649 = EDGE_CURVE ( 'NONE', #2122, #4287, #2718, .T. ) ;
#3650 = VECTOR ( 'NONE', #3134, 1000.000000000000114 ) ;
#3651 = ORIENTED_EDGE ( 'NONE', *, *, #3056, .T. ) ;
#3652 = DIRECTION ( 'NONE',  ( 0.7071067811865410224, 0.000000000000000000, 0.7071067811865540120 ) ) ;
#3653 = ORIENTED_EDGE ( 'NONE', *, *, #3256, .F. ) ;
#3654 = CARTESIAN_POINT ( 'NONE',  ( 14.15928699750854847, 61.68354270291752073, 10.00000000000000000 ) ) ;
#3655 = CARTESIAN_POINT ( 'NONE',  ( 73.75000000000001421, -72.73606797749974362, 0.000000000000000000 ) ) ;
#3656 = FACE_BOUND ( 'NONE', #1987, .T. ) ;
#3657 = ORIENTED_EDGE ( 'NONE', *, *, #2448, .T. ) ;
#3658 = ADVANCED_FACE ( 'NONE', ( #3788 ), #4566, .F. ) ;
#3659 = ORIENTED_EDGE ( 'NONE', *, *, #181, .F. ) ;
#3660 = CARTESIAN_POINT ( 'NONE',  ( -15.90928699750810260, 61.68354270291770547, 4.499999999999979572 ) ) ;
#3661 = PLANE ( 'NONE',  #1573 ) ;
#3662 = ORIENTED_EDGE ( 'NONE', *, *, #3813, .F. ) ;
#3663 = FACE_OUTER_BOUND ( 'NONE', #26, .T. ) ;
#3664 = FACE_OUTER_BOUND ( 'NONE', #596, .T. ) ;
#3665 = ORIENTED_EDGE ( 'NONE', *, *, #1442, .F. ) ;
#3666 = CARTESIAN_POINT ( 'NONE',  ( 15.90928699750809905, -6.683542702917696587, 9.499999999999991118 ) ) ;
#3667 = VERTEX_POINT ( 'NONE', #1704 ) ;
#3668 = CARTESIAN_POINT ( 'NONE',  ( 35.93354270291770547, 41.65928699750809727, 4.499999999999976019 ) ) ;
#3669 = CARTESIAN_POINT ( 'NONE',  ( -34.18354270291752783, 41.65928699750855202, 9.500000000000015987 ) ) ;
#3670 = CARTESIAN_POINT ( 'NONE',  ( 73.75000000000001421, -81.50000000000000000, 30.00000000000000000 ) ) ;
#3671 = ORIENTED_EDGE ( 'NONE', *, *, #763, .F. ) ;
#3672 = ADVANCED_FACE ( 'NONE', ( #2376 ), #1005, .F. ) ;
#3673 = DIRECTION ( 'NONE',  ( -1.000000000000000000, 9.912705577010326782E-17, -0.000000000000000000 ) ) ;
#3674 = DIRECTION ( 'NONE',  ( 1.000000000000000000, 0.000000000000000000, 0.000000000000000000 ) ) ;
#3675 = VECTOR ( 'NONE', #3097, 1000.000000000000114 ) ;
#3676 = VERTEX_POINT ( 'NONE', #671 ) ;
#3677 = DIRECTION ( 'NONE',  ( 1.000000000000000000, 0.000000000000000000, 0.000000000000000000 ) ) ;
#3678 = CARTESIAN_POINT ( 'NONE',  ( 0.000000000000000000, 0.000000000000000000, 4.000000000000000000 ) ) ;
#3679 = CIRCLE ( 'NONE', #3017, 2.249999999999974243 ) ;
#3680 = ORIENTED_EDGE ( 'NONE', *, *, #3967, .F. ) ;
#3681 = AXIS2_PLACEMENT_3D ( 'NONE', #4004, #3233, #430 ) ;
#3682 = ADVANCED_FACE ( 'NONE', ( #3620 ), #3570, .F. ) ;
#3683 = DIRECTION ( 'NONE',  ( 0.2141484772416571425, -0.9768011208506465204, 0.000000000000000000 ) ) ;
#3684 = CONICAL_SURFACE ( 'NONE', #2205, 51.00000000000001421, 0.7853981633974482790 ) ;
#3685 = AXIS2_PLACEMENT_3D ( 'NONE', #4567, #2400, #319 ) ;
#3686 = DIRECTION ( 'NONE',  ( 0.000000000000000000, -1.000000000000000000, 0.000000000000000000 ) ) ;
#3687 = VECTOR ( 'NONE', #4140, 1000.000000000000000 ) ;
#3688 = VECTOR ( 'NONE', #4406, 1000.000000000000114 ) ;
#3689 = FACE_OUTER_BOUND ( 'NONE', #4225, .T. ) ;
#3690 = VERTEX_POINT ( 'NONE', #346 ) ;
#3691 = CARTESIAN_POINT ( 'NONE',  ( -74.25000000000005684, -77.50000000000001421, 6.999999999999995559 ) ) ;
#3692 = AXIS2_PLACEMENT_3D ( 'NONE', #2253, #459, #2198 ) ;
#3693 = EDGE_CURVE ( 'NONE', #1802, #3105, #1, .T. ) ;
#3694 = FACE_OUTER_BOUND ( 'NONE', #2980, .T. ) ;
#3695 = ADVANCED_FACE ( 'NONE', ( #1467 ), #2570, .F. ) ;
#3696 = AXIS2_PLACEMENT_3D ( 'NONE', #4142, #1684, #4417 ) ;
#3697 = DIRECTION ( 'NONE',  ( 0.4472135954999599261, 0.8944271909999148562, 0.000000000000000000 ) ) ;
#3698 = FACE_OUTER_BOUND ( 'NONE', #874, .T. ) ;
#3699 = AXIS2_PLACEMENT_3D ( 'NONE', #246, #2343, #1669 ) ;
#3700 = EDGE_CURVE ( 'NONE', #1307, #1881, #1114, .T. ) ;
#3701 = VECTOR ( 'NONE', #4348, 1000.000000000000000 ) ;
#3702 = ORIENTED_EDGE ( 'NONE', *, *, #3700, .T. ) ;
#3703 = DIRECTION ( 'NONE',  ( -1.000000000000000000, 0.000000000000000000, 0.000000000000000000 ) ) ;
#3704 = DIRECTION ( 'NONE',  ( 0.000000000000000000, -0.000000000000000000, -1.000000000000000000 ) ) ;
#3705 = CYLINDRICAL_SURFACE ( 'NONE', #4363, 1.749999999999999778 ) ;
#3706 = ORIENTED_EDGE ( 'NONE', *, *, #271, .T. ) ;
#3707 = DIRECTION ( 'NONE',  ( -0.000000000000000000, -0.000000000000000000, -1.000000000000000000 ) ) ;
#3708 = DIRECTION ( 'NONE',  ( -0.000000000000000000, -0.000000000000000000, -1.000000000000000000 ) ) ;
#3709 = VERTEX_POINT ( 'NONE', #1493 ) ;
#3710 = DIRECTION ( 'NONE',  ( 0.000000000000000000, 0.000000000000000000, -1.000000000000000000 ) ) ;
#3711 = EDGE_CURVE ( 'NONE', #2207, #3010, #2161, .T. ) ;
#3712 = EDGE_CURVE ( 'NONE', #864, #882, #1068, .T. ) ;
#3713 = AXIS2_PLACEMENT_3D ( 'NONE', #1359, #2766, #1410 ) ;
#3714 = CARTESIAN_POINT ( 'NONE',  ( 35.93354270291752073, 13.34071300249146219, 9.500000000000023093 ) ) ;
#3715 = ORIENTED_EDGE ( 'NONE', *, *, #3226, .F. ) ;
#3716 = LINE ( 'NONE', #1957, #3903 ) ;
#3717 = ORIENTED_EDGE ( 'NONE', *, *, #1272, .T. ) ;
#3718 = FACE_OUTER_BOUND ( 'NONE', #471, .T. ) ;
#3719 = CIRCLE ( 'NONE', #1869, 1.750000000000001554 ) ;
#3720 = AXIS2_PLACEMENT_3D ( 'NONE', #3810, #3704, #2003 ) ;
#3721 = EDGE_CURVE ( 'NONE', #3348, #101, #190, .T. ) ;
#3722 = EDGE_CURVE ( 'NONE', #195, #4467, #1241, .T. ) ;
#3723 = CARTESIAN_POINT ( 'NONE',  ( -66.75000000000002842, -75.40000000000000568, 6.999999999999995559 ) ) ;
#3724 = LINE ( 'NONE', #4230, #118 ) ;
#3725 = CARTESIAN_POINT ( 'NONE',  ( -74.25000000000004263, -75.40000000000000568, 23.00000000000000000 ) ) ;
#3727 = AXIS2_PLACEMENT_3D ( 'NONE', #162, #2993, #4408 ) ;
#3726 = DIRECTION ( 'NONE',  ( 1.000000000000000000, 0.000000000000000000, 0.000000000000000000 ) ) ;
#3728 = ORIENTED_EDGE ( 'NONE', *, *, #1380, .T. ) ;
#3729 = ORIENTED_EDGE ( 'NONE', *, *, #1999, .F. ) ;
#3730 = CARTESIAN_POINT ( 'NONE',  ( 31.08354270291770050, 41.65928699750809727, 0.4999999999999761302 ) ) ;
#3731 = ADVANCED_FACE ( 'NONE', ( #1139 ), #2430, .F. ) ;
#3732 = DIRECTION ( 'NONE',  ( 1.000000000000000000, 0.000000000000000000, 0.000000000000000000 ) ) ;
#3733 = ORIENTED_EDGE ( 'NONE', *, *, #1293, .F. ) ;
#3734 = EDGE_LOOP ( 'NONE', ( #113, #1413, #4488, #1110 ) ) ;
#3735 = DIRECTION ( 'NONE',  ( 0.000000000000000000, -0.000000000000000000, -1.000000000000000000 ) ) ;
#3736 = DIRECTION ( 'NONE',  ( 1.000000000000000000, 0.000000000000000000, 0.000000000000000000 ) ) ;
#3737 = ORIENTED_EDGE ( 'NONE', *, *, #823, .T. ) ;
#3738 = EDGE_CURVE ( 'NONE', #2481, #2491, #3273, .T. ) ;
#3739 = LINE ( 'NONE', #2307, #4277 ) ;
#3740 = CARTESIAN_POINT ( 'NONE',  ( -82.10259125088262522, -70.76428865402158408, 21.64740874911741386 ) ) ;
#3741 = DIRECTION ( 'NONE',  ( 1.000000000000000000, 0.000000000000000000, 0.000000000000000000 ) ) ;
#3742 = CARTESIAN_POINT ( 'NONE',  ( -34.18354270291752783, 41.65928699750855202, 4.000000000000000000 ) ) ;
#3743 = LINE ( 'NONE', #3388, #2287 ) ;
#3744 = EDGE_CURVE ( 'NONE', #3368, #2481, #444, .T. ) ;
#3745 = EDGE_LOOP ( 'NONE', ( #478, #1990, #4386, #1673, #1243 ) ) ;
#3746 = DIRECTION ( 'NONE',  ( 0.000000000000000000, -0.000000000000000000, -1.000000000000000000 ) ) ;
#3747 = CYLINDRICAL_SURFACE ( 'NONE', #1694, 1.750000000000001554 ) ;
#3748 = EDGE_LOOP ( 'NONE', ( #2062, #2546, #2054, #4586 ) ) ;
#3749 = DIRECTION ( 'NONE',  ( -1.000000000000000000, 9.912705577010326782E-17, 0.000000000000000000 ) ) ;
#3750 = EDGE_LOOP ( 'NONE', ( #2032, #3818, #4039, #3737 ) ) ;
#3751 = CARTESIAN_POINT ( 'NONE',  ( 31.08354270291770050, 41.65928699750809727, 4.000000000000000000 ) ) ;
#3752 = CIRCLE ( 'NONE', #2199, 2.100000000000004530 ) ;
#3753 = ORIENTED_EDGE ( 'NONE', *, *, #3144, .T. ) ;
#3754 = FACE_BOUND ( 'NONE', #4490, .T. ) ;
#3755 = DIRECTION ( 'NONE',  ( 0.000000000000000000, -0.000000000000000000, -1.000000000000000000 ) ) ;
#3756 = DIRECTION ( 'NONE',  ( -0.7071067811865549002, 8.659560562354842879E-17, -0.7071067811865401342 ) ) ;
#3757 = ORIENTED_EDGE ( 'NONE', *, *, #2408, .T. ) ;
#3758 = CIRCLE ( 'NONE', #1828, 1.749999999999999778 ) ;
#3759 = CARTESIAN_POINT ( 'NONE',  ( -17.25928699750854634, -6.683542702917516287, 4.000000000000000000 ) ) ;
#3760 = AXIS2_PLACEMENT_3D ( 'NONE', #2912, #4326, #801 ) ;
#3761 = CIRCLE ( 'NONE', #796, 1.750000000000001554 ) ;
#3762 = DIRECTION ( 'NONE',  ( -0.000000000000000000, -0.000000000000000000, -1.000000000000000000 ) ) ;
#3763 = DIRECTION ( 'NONE',  ( 0.9768011208506466314, -0.2141484772416570315, 0.000000000000000000 ) ) ;
#3764 = DIRECTION ( 'NONE',  ( 0.7071067811865474617, 8.659560562354932858E-17, -0.7071067811865474617 ) ) ;
#3765 = UNCERTAINTY_MEASURE_WITH_UNIT (LENGTH_MEASURE( 1.000000000000000082E-05 ), #1286, 'distance_accuracy_value', 'NONE');
#3766 = AXIS2_PLACEMENT_3D ( 'NONE', #2811, #4537, #1361 ) ;
#3767 = CIRCLE ( 'NONE', #2291, 3.100000000000001865 ) ;
#3768 = CIRCLE ( 'NONE', #1171, 3.100000000000001865 ) ;
#3769 = EDGE_LOOP ( 'NONE', ( #3854, #3605, #1106, #1835 ) ) ;
#3770 = AXIS2_PLACEMENT_3D ( 'NONE', #1312, #2319, #1625 ) ;
#3771 = CARTESIAN_POINT ( 'NONE',  ( -34.18354270291752783, 41.65928699750855202, 10.00000000000000000 ) ) ;
#3772 = AXIS2_PLACEMENT_3D ( 'NONE', #3358, #176, #4429 ) ;
#3773 = LINE ( 'NONE', #2702, #1992 ) ;
#3774 = EDGE_LOOP ( 'NONE', ( #89, #3913, #4494, #2812 ) ) ;
#3775 = FACE_OUTER_BOUND ( 'NONE', #2356, .T. ) ;
#3776 = EDGE_CURVE ( 'NONE', #3845, #1435, #2536, .T. ) ;
#3777 = EDGE_CURVE ( 'NONE', #3245, #67, #2184, .T. ) ;
#3778 = ORIENTED_EDGE ( 'NONE', *, *, #3711, .T. ) ;
#3779 = ORIENTED_EDGE ( 'NONE', *, *, #1216, .T. ) ;
#3780 = CARTESIAN_POINT ( 'NONE',  ( -31.08354270291770405, 13.34071300249190273, 0.4999999999999796274 ) ) ;
#3781 = LINE ( 'NONE', #1610, #3456 ) ;
#3782 = EDGE_LOOP ( 'NONE', ( #3888, #4122, #1811, #411 ) ) ;
#3783 = CARTESIAN_POINT ( 'NONE',  ( 73.75000000000001421, -81.50000000000000000, 0.000000000000000000 ) ) ;
#3784 = AXIS2_PLACEMENT_3D ( 'NONE', #2480, #1807, #3559 ) ;
#3785 = CARTESIAN_POINT ( 'NONE',  ( 14.15928699750809727, -6.683542702917696587, 4.499999999999983125 ) ) ;
#3786 = FACE_OUTER_BOUND ( 'NONE', #2778, .T. ) ;
#3787 = CARTESIAN_POINT ( 'NONE',  ( 32.43354270291752073, 13.34071300249146219, 9.500000000000023093 ) ) ;
#3788 = FACE_OUTER_BOUND ( 'NONE', #2191, .T. ) ;
#3789 = AXIS2_PLACEMENT_3D ( 'NONE', #2453, #305, #4552 ) ;
#3790 = DIRECTION ( 'NONE',  ( -0.7071067811865474617, 0.000000000000000000, -0.7071067811865475727 ) ) ;
#3791 = VERTEX_POINT ( 'NONE', #4319 ) ;
#3792 = LINE ( 'NONE', #1056, #3389 ) ;
#3793 = ADVANCED_FACE ( 'NONE', ( #2581 ), #3997, .F. ) ;
#3794 = VECTOR ( 'NONE', #391, 1000.000000000000000 ) ;
#3795 = PLANE ( 'NONE',  #280 ) ;
#3796 = ORIENTED_EDGE ( 'NONE', *, *, #2335, .T. ) ;
#3797 = DIRECTION ( 'NONE',  ( -0.000000000000000000, 0.000000000000000000, 1.000000000000000000 ) ) ;
#3798 = ORIENTED_EDGE ( 'NONE', *, *, #4534, .T. ) ;
#3799 = EDGE_CURVE ( 'NONE', #2744, #4371, #1080, .T. ) ;
#3800 = ADVANCED_FACE ( 'NONE', ( #2690 ), #2937, .T. ) ;
#3801 = ORIENTED_EDGE ( 'NONE', *, *, #3875, .T. ) ;
#3802 = DIRECTION ( 'NONE',  ( 0.000000000000000000, 0.000000000000000000, 1.000000000000000000 ) ) ;
#3803 = LINE ( 'NONE', #4543, #1765 ) ;
#3804 = VERTEX_POINT ( 'NONE', #3751 ) ;
#3805 = CARTESIAN_POINT ( 'NONE',  ( 12.40928699750809727, -6.683542702917696587, 9.499999999999991118 ) ) ;
#3806 = VERTEX_POINT ( 'NONE', #1991 ) ;
#3807 = CARTESIAN_POINT ( 'NONE',  ( -74.75000000000000000, -72.50000000000001421, 1.000000000000000888 ) ) ;
#3808 = DIRECTION ( 'NONE',  ( 0.000000000000000000, 0.000000000000000000, -1.000000000000000000 ) ) ;
#3809 = CARTESIAN_POINT ( 'NONE',  ( -31.08354270291770405, 13.34071300249190273, 18.76812408671320398 ) ) ;
#3810 = CARTESIAN_POINT ( 'NONE',  ( 1.540743955509788682E-30, 27.50000000000000355, 30.00000000000000000 ) ) ;
#3811 = ORIENTED_EDGE ( 'NONE', *, *, #2673, .F. ) ;
#3812 = DIRECTION ( 'NONE',  ( 0.000000000000000000, -0.000000000000000000, -1.000000000000000000 ) ) ;
#3813 = EDGE_CURVE ( 'NONE', #2491, #4165, #3400, .T. ) ;
#3814 = ORIENTED_EDGE ( 'NONE', *, *, #1848, .F. ) ;
#3815 = PLANE ( 'NONE',  #1270 ) ;
#3816 = ORIENTED_EDGE ( 'NONE', *, *, #450, .T. ) ;
#3817 = CARTESIAN_POINT ( 'NONE',  ( -73.85557280900007981, -72.94721359549996009, 30.00000000000000000 ) ) ;
#3818 = ORIENTED_EDGE ( 'NONE', *, *, #4034, .F. ) ;
#3819 = FACE_BOUND ( 'NONE', #1502, .T. ) ;
#3820 = DIRECTION ( 'NONE',  ( -0.000000000000000000, 0.000000000000000000, 1.000000000000000000 ) ) ;
#3821 = ORIENTED_EDGE ( 'NONE', *, *, #3853, .T. ) ;
#3822 = CARTESIAN_POINT ( 'NONE',  ( -10.55928699750855237, -6.683542702917516287, 0.000000000000000000 ) ) ;
#3823 = CIRCLE ( 'NONE', #1456, 51.00000000000001421 ) ;
#3824 = ORIENTED_EDGE ( 'NONE', *, *, #2265, .T. ) ;
#3825 = VECTOR ( 'NONE', #3520, 1000.000000000000000 ) ;
#3826 = FACE_OUTER_BOUND ( 'NONE', #547, .T. ) ;
#3827 = VECTOR ( 'NONE', #3335, 1000.000000000000114 ) ;
#3828 = ADVANCED_FACE ( 'NONE', ( #1646 ), #1292, .F. ) ;
#3829 = DIRECTION ( 'NONE',  ( 0.000000000000000000, 0.000000000000000000, 1.000000000000000000 ) ) ;
#3830 = EDGE_CURVE ( 'NONE', #2565, #3873, #1689, .T. ) ;
#3831 = PLANE ( 'NONE',  #2906 ) ;
#3832 = DIRECTION ( 'NONE',  ( -0.000000000000000000, -0.000000000000000000, -1.000000000000000000 ) ) ;
#3833 = DIRECTION ( 'NONE',  ( 1.000000000000000000, 0.000000000000000000, 0.000000000000000000 ) ) ;
#3834 = CIRCLE ( 'NONE', #4572, 2.249999999999974243 ) ;
#3835 = AXIS2_PLACEMENT_3D ( 'NONE', #1239, #1327, #4159 ) ;
#3836 = CIRCLE ( 'NONE', #3976, 2.599999999999935696 ) ;
#3837 = PLANE ( 'NONE',  #2745 ) ;
#3838 = ORIENTED_EDGE ( 'NONE', *, *, #2697, .F. ) ;
#3839 = AXIS2_PLACEMENT_3D ( 'NONE', #470, #97, #42 ) ;
#3840 = CIRCLE ( 'NONE', #427, 24.74999999999999289 ) ;
#3841 = LINE ( 'NONE', #308, #3687 ) ;
#3842 = MANIFOLD_SOLID_BREP ( '\X2\501289d2\X0\5', #818 ) ;
#3843 = VECTOR ( 'NONE', #2566, 1000.000000000000000 ) ;
#3844 = ORIENTED_EDGE ( 'NONE', *, *, #2213, .F. ) ;
#3845 = VERTEX_POINT ( 'NONE', #3440 ) ;
#3846 = FILL_AREA_STYLE_COLOUR ( '', #2943 ) ;
#3847 = EDGE_LOOP ( 'NONE', ( #2320, #1782, #3027, #1964 ) ) ;
#3848 = CARTESIAN_POINT ( 'NONE',  ( 11.05928699750809585, -6.683542702917696587, 0.4999999999999726885 ) ) ;
#3849 = FACE_OUTER_BOUND ( 'NONE', #4228, .T. ) ;
#3850 = ORIENTED_EDGE ( 'NONE', *, *, #635, .T. ) ;
#3851 = EDGE_CURVE ( 'NONE', #2506, #864, #2713, .T. ) ;
#3852 = DIRECTION ( 'NONE',  ( -0.000000000000000000, 0.000000000000000000, 1.000000000000000000 ) ) ;
#3853 = EDGE_CURVE ( 'NONE', #1475, #3530, #1738, .T. ) ;
#3854 = ORIENTED_EDGE ( 'NONE', *, *, #3181, .T. ) ;
#3855 = DIRECTION ( 'NONE',  ( -0.000000000000000000, 0.000000000000000000, 1.000000000000000000 ) ) ;
#3856 = CARTESIAN_POINT ( 'NONE',  ( -32.43354270291753494, 41.65928699750855202, 4.499999999999983125 ) ) ;
#3857 = CARTESIAN_POINT ( 'NONE',  ( -14.15928699750810082, 61.68354270291770547, 0.4999999999999726885 ) ) ;
#3858 = CARTESIAN_POINT ( 'NONE',  ( 66.75000000000002842, -77.50000000000001421, 23.00000000000000000 ) ) ;
#3859 = EDGE_CURVE ( 'NONE', #1454, #2454, #1364, .T. ) ;
#3860 = CARTESIAN_POINT ( 'NONE',  ( -11.05928699750854172, -6.683542702917516287, 4.000000000000000000 ) ) ;
#3861 = ORIENTED_EDGE ( 'NONE', *, *, #3851, .F. ) ;
#3862 = AXIS2_PLACEMENT_3D ( 'NONE', #900, #3749, #3419 ) ;
#3863 = FACE_OUTER_BOUND ( 'NONE', #569, .T. ) ;
#3864 = AXIS2_PLACEMENT_3D ( 'NONE', #41, #1868, #4296 ) ;
#3865 = AXIS2_PLACEMENT_3D ( 'NONE', #1659, #609, #256 ) ;
#3866 = ORIENTED_EDGE ( 'NONE', *, *, #2530, .T. ) ;
#3867 = ORIENTED_EDGE ( 'NONE', *, *, #2673, .T. ) ;
#3868 = CIRCLE ( 'NONE', #905, 2.100000000000004530 ) ;
#3869 = EDGE_LOOP ( 'NONE', ( #3779, #2233, #62, #3030 ) ) ;
#3870 = DIRECTION ( 'NONE',  ( 0.000000000000000000, -0.000000000000000000, -1.000000000000000000 ) ) ;
#3871 = ORIENTED_EDGE ( 'NONE', *, *, #3649, .T. ) ;
#3872 = DIRECTION ( 'NONE',  ( 0.000000000000000000, 0.000000000000000000, 1.000000000000000000 ) ) ;
#3873 = VERTEX_POINT ( 'NONE', #2458 ) ;
#3874 = AXIS2_PLACEMENT_3D ( 'NONE', #3264, #1512, #2917 ) ;
#3875 = EDGE_CURVE ( 'NONE', #4125, #1475, #3189, .T. ) ;
#3876 = DIRECTION ( 'NONE',  ( -0.000000000000000000, 0.000000000000000000, 1.000000000000000000 ) ) ;
#3877 = DIRECTION ( 'NONE',  ( 1.000000000000000000, 0.000000000000000000, 0.000000000000000000 ) ) ;
#3878 = CARTESIAN_POINT ( 'NONE',  ( -14.15928699750854491, -6.683542702917516287, 4.499999999999979572 ) ) ;
#3879 = CARTESIAN_POINT ( 'NONE',  ( 14.15928699750809727, -6.683542702917696587, 4.000000000000000000 ) ) ;
#3880 = CARTESIAN_POINT ( 'NONE',  ( 66.75000000000002842, -77.50000000000001421, 23.00000000000000000 ) ) ;
#3881 = PLANE ( 'NONE',  #2655 ) ;
#3882 = EDGE_CURVE ( 'NONE', #1350, #3487, #3895, .T. ) ;
#3883 = VERTEX_POINT ( 'NONE', #2104 ) ;
#3884 = ORIENTED_EDGE ( 'NONE', *, *, #2360, .F. ) ;
#3885 = DIRECTION ( 'NONE',  ( -0.2141484772416571425, 0.9768011208506465204, 0.000000000000000000 ) ) ;
#3886 = ORIENTED_EDGE ( 'NONE', *, *, #3277, .T. ) ;
#3887 = DIRECTION ( 'NONE',  ( -8.410780489584520404E-17, 1.000000000000000000, 0.000000000000000000 ) ) ;
#3888 = ORIENTED_EDGE ( 'NONE', *, *, #141, .F. ) ;
#3889 = CARTESIAN_POINT ( 'NONE',  ( -37.78354270291752215, 41.65928699750855202, 0.000000000000000000 ) ) ;
#3890 = ORIENTED_EDGE ( 'NONE', *, *, #3035, .F. ) ;
#3891 = ORIENTED_EDGE ( 'NONE', *, *, #4112, .T. ) ;
#3892 = FACE_OUTER_BOUND ( 'NONE', #1778, .T. ) ;
#3893 = DIRECTION ( 'NONE',  ( -8.410780489584520404E-17, 1.000000000000000000, -0.000000000000000000 ) ) ;
#3894 = CYLINDRICAL_SURFACE ( 'NONE', #4164, 1.749999999999994671 ) ;
#3895 = CIRCLE ( 'NONE', #1912, 2.249999999999998668 ) ;
#3896 = VECTOR ( 'NONE', #366, 1000.000000000000000 ) ;
#3897 = DIRECTION ( 'NONE',  ( -1.000000000000000000, 0.000000000000000000, -0.000000000000000000 ) ) ;
#3898 = FACE_OUTER_BOUND ( 'NONE', #4559, .T. ) ;
#3899 = VECTOR ( 'NONE', #1145, 1000.000000000000114 ) ;
#3900 = ADVANCED_FACE ( 'NONE', ( #1015 ), #4267, .F. ) ;
#3901 = AXIS2_PLACEMENT_3D ( 'NONE', #2286, #212, #2354 ) ;
#3902 = ORIENTED_EDGE ( 'NONE', *, *, #2044, .T. ) ;
#3903 = VECTOR ( 'NONE', #3361, 1000.000000000000000 ) ;
#3904 = VECTOR ( 'NONE', #3337, 1000.000000000000000 ) ;
#3905 = CARTESIAN_POINT ( 'NONE',  ( 14.15928699750854847, 61.68354270291752073, 0.5000000000000559552 ) ) ;
#3906 = ORIENTED_EDGE ( 'NONE', *, *, #281, .T. ) ;
#3907 = AXIS2_PLACEMENT_3D ( 'NONE', #2961, #1823, #3604 ) ;
#3908 = EDGE_CURVE ( 'NONE', #996, #2105, #492, .T. ) ;
#3909 = EDGE_CURVE ( 'NONE', #2666, #2506, #4557, .T. ) ;
#3910 = ORIENTED_EDGE ( 'NONE', *, *, #1260, .T. ) ;
#3911 = EDGE_CURVE ( 'NONE', #2103, #3582, #2436, .T. ) ;
#3912 = DIRECTION ( 'NONE',  ( -0.000000000000000000, -0.000000000000000000, -1.000000000000000000 ) ) ;
#3913 = ORIENTED_EDGE ( 'NONE', *, *, #2881, .T. ) ;
#3914 = DIRECTION ( 'NONE',  ( -1.000000000000000000, 0.000000000000000000, -0.000000000000000000 ) ) ;
#3915 = VERTEX_POINT ( 'NONE', #1434 ) ;
#3916 = AXIS2_PLACEMENT_3D ( 'NONE', #3905, #3554, #377 ) ;
#3917 = ORIENTED_EDGE ( 'NONE', *, *, #1518, .F. ) ;
#3918 = DIRECTION ( 'NONE',  ( -1.000000000000000000, 0.000000000000000000, 0.000000000000000000 ) ) ;
#3919 = CARTESIAN_POINT ( 'NONE',  ( 35.93354270291752073, 13.34071300249146219, 9.500000000000023093 ) ) ;
#3920 = CARTESIAN_POINT ( 'NONE',  ( -34.18354270291769836, 13.34071300249190273, 0.000000000000000000 ) ) ;
#3921 = CARTESIAN_POINT ( 'NONE',  ( 34.18354270291752073, 13.34071300249146219, 4.000000000000000000 ) ) ;
#3922 = FACE_OUTER_BOUND ( 'NONE', #129, .T. ) ;
#3923 = LINE ( 'NONE', #3624, #4136 ) ;
#3924 = ORIENTED_EDGE ( 'NONE', *, *, #4141, .T. ) ;
#3925 = ADVANCED_FACE ( 'NONE', ( #2410 ), #1389, .F. ) ;
#3926 = LINE ( 'NONE', #2541, #1104 ) ;
#3927 = ORIENTED_EDGE ( 'NONE', *, *, #1226, .F. ) ;
#3928 = LINE ( 'NONE', #4282, #3899 ) ;
#3929 = ADVANCED_FACE ( 'NONE', ( #4220 ), #3235, .F. ) ;
#3930 = LINE ( 'NONE', #2933, #2464 ) ;
#3931 = AXIS2_PLACEMENT_3D ( 'NONE', #1579, #3234, #4396 ) ;
#3932 = EDGE_LOOP ( 'NONE', ( #920, #1838, #2463, #1737 ) ) ;
#3933 = DIRECTION ( 'NONE',  ( 1.000000000000000000, 0.000000000000000000, 0.000000000000000000 ) ) ;
#3934 = ORIENTED_EDGE ( 'NONE', *, *, #1208, .T. ) ;
#3935 = CIRCLE ( 'NONE', #2318, 2.100000000000004530 ) ;
#3936 = ADVANCED_FACE ( 'NONE', ( #3534 ), #358, .F. ) ;
#3937 = CARTESIAN_POINT ( 'NONE',  ( 73.75000000000001421, -72.50000000000000000, 30.00000000000000000 ) ) ;
#3938 = ORIENTED_EDGE ( 'NONE', *, *, #2772, .T. ) ;
#3939 = AXIS2_PLACEMENT_3D ( 'NONE', #2985, #1129, #4010 ) ;
#3940 = DIRECTION ( 'NONE',  ( -1.000000000000000000, 0.000000000000000000, 0.000000000000000000 ) ) ;
#3941 = EDGE_LOOP ( 'NONE', ( #1420, #205, #868, #934, #3187, #1083, #1181, #1252, #2467, #2864 ) ) ;
#3942 = CARTESIAN_POINT ( 'NONE',  ( 1.540743955509788682E-30, 27.50000000000000355, -115.9655121145937926 ) ) ;
#3943 = ADVANCED_FACE ( 'NONE', ( #124 ), #1555, .T. ) ;
#3944 = CARTESIAN_POINT ( 'NONE',  ( 12.40928699750809727, -6.683542702917696587, 30.00000000000000000 ) ) ;
#3945 = DIRECTION ( 'NONE',  ( 1.000000000000000000, 0.000000000000000000, 0.000000000000000000 ) ) ;
#3946 = CARTESIAN_POINT ( 'NONE',  ( -35.85000000000000853, -42.49999999999999289, 29.50000000000000000 ) ) ;
#3947 = LINE ( 'NONE', #4000, #3535 ) ;
#3948 = ORIENTED_EDGE ( 'NONE', *, *, #2830, .T. ) ;
#3949 = CARTESIAN_POINT ( 'NONE',  ( 34.18354270291752073, 13.34071300249146219, 4.000000000000000000 ) ) ;
#3950 = ORIENTED_EDGE ( 'NONE', *, *, #3225, .F. ) ;
#3951 = DIRECTION ( 'NONE',  ( 1.000000000000000000, 0.000000000000000000, 0.000000000000000000 ) ) ;
#3952 = DIRECTION ( 'NONE',  ( 0.000000000000000000, 0.000000000000000000, -1.000000000000000000 ) ) ;
#3953 = ADVANCED_FACE ( 'NONE', ( #775 ), #2959, .T. ) ;
#3954 = FACE_BOUND ( 'NONE', #1937, .T. ) ;
#3955 = ORIENTED_EDGE ( 'NONE', *, *, #3537, .T. ) ;
#3956 = CARTESIAN_POINT ( 'NONE',  ( 35.93354270291752073, 13.34071300249146219, 30.00000000000000000 ) ) ;
#3957 = DIRECTION ( 'NONE',  ( 1.000000000000000000, 0.000000000000000000, 0.000000000000000000 ) ) ;
#3958 = ORIENTED_EDGE ( 'NONE', *, *, #1518, .T. ) ;
#3959 = LINE ( 'NONE', #1810, #4416 ) ;
#3960 = ORIENTED_EDGE ( 'NONE', *, *, #956, .T. ) ;
#3961 = CARTESIAN_POINT ( 'NONE',  ( -74.74999999999998579, -77.50000000000001421, 23.00000000000000000 ) ) ;
#3962 = ORIENTED_EDGE ( 'NONE', *, *, #1400, .F. ) ;
#3963 = CARTESIAN_POINT ( 'NONE',  ( 66.75000000000002842, -79.60000000000002274, 23.00000000000000000 ) ) ;
#3964 = VERTEX_POINT ( 'NONE', #2521 ) ;
#3965 = CARTESIAN_POINT ( 'NONE',  ( 14.15928699750809727, -6.683542702917696587, 0.4999999999999726885 ) ) ;
#3966 = LINE ( 'NONE', #4266, #3794 ) ;
#3967 = EDGE_CURVE ( 'NONE', #1177, #2990, #3928, .T. ) ;
#3968 = EDGE_CURVE ( 'NONE', #4423, #4008, #3455, .T. ) ;
#3969 = DIRECTION ( 'NONE',  ( -0.000000000000000000, 0.000000000000000000, 1.000000000000000000 ) ) ;
#3970 = DIRECTION ( 'NONE',  ( 0.7071067811865523467, 0.000000000000000000, 0.7071067811865426878 ) ) ;
#3971 = ADVANCED_FACE ( 'NONE', ( #3977 ), #2357, .F. ) ;
#3972 = AXIS2_PLACEMENT_3D ( 'NONE', #2967, #1229, #3267 ) ;
#3973 = ORIENTED_EDGE ( 'NONE', *, *, #3428, .F. ) ;
#3974 = VECTOR ( 'NONE', #692, 1000.000000000000000 ) ;
#3975 = CARTESIAN_POINT ( 'NONE',  ( -35.93354270291770547, 13.34071300249190273, 4.499999999999976019 ) ) ;
#3976 = AXIS2_PLACEMENT_3D ( 'NONE', #3961, #4018, #2206 ) ;
#3977 = FACE_OUTER_BOUND ( 'NONE', #2308, .T. ) ;
#3978 = LINE ( 'NONE', #147, #1495 ) ;
#3979 = VECTOR ( 'NONE', #935, 1000.000000000000000 ) ;
#3980 = AXIS2_PLACEMENT_3D ( 'NONE', #2070, #3108, #626 ) ;
#3981 = CIRCLE ( 'NONE', #720, 42.00000000000003553 ) ;
#3982 = CARTESIAN_POINT ( 'NONE',  ( 14.15928699750854847, 61.68354270291752073, 0.5000000000000559552 ) ) ;
#3983 = ORIENTED_EDGE ( 'NONE', *, *, #3882, .F. ) ;
#3984 = DIRECTION ( 'NONE',  ( 1.000000000000000000, 0.000000000000000000, 0.000000000000000000 ) ) ;
#3985 = LINE ( 'NONE', #1906, #4006 ) ;
#3986 = ORIENTED_EDGE ( 'NONE', *, *, #1988, .F. ) ;
#3987 = VECTOR ( 'NONE', #1473, 1000.000000000000000 ) ;
#3988 = AXIS2_PLACEMENT_3D ( 'NONE', #2973, #1491, #3251 ) ;
#3989 = DIRECTION ( 'NONE',  ( 0.000000000000000000, 1.000000000000000000, 0.000000000000000000 ) ) ;
#3990 = VERTEX_POINT ( 'NONE', #2169 ) ;
#3991 = VECTOR ( 'NONE', #3329, 1000.000000000000000 ) ;
#3992 = DIRECTION ( 'NONE',  ( -0.000000000000000000, -0.000000000000000000, -1.000000000000000000 ) ) ;
#3993 = ORIENTED_EDGE ( 'NONE', *, *, #56, .F. ) ;
#3994 = EDGE_CURVE ( 'NONE', #4245, #1039, #2788, .T. ) ;
#3995 = DIRECTION ( 'NONE',  ( -0.000000000000000000, -0.000000000000000000, 1.000000000000000000 ) ) ;
#3996 = ORIENTED_EDGE ( 'NONE', *, *, #1337, .T. ) ;
#3997 = CYLINDRICAL_SURFACE ( 'NONE', #341, 23.75000000000000355 ) ;
#3998 = CARTESIAN_POINT ( 'NONE',  ( 74.25000000000001421, -82.00000000000000000, 28.99999999999999645 ) ) ;
#3999 = CIRCLE ( 'NONE', #3544, 3.100000000000001865 ) ;
#4000 = CARTESIAN_POINT ( 'NONE',  ( 29.90557280899988513, 14.95278640450002605, 0.000000000000000000 ) ) ;
#4001 = EDGE_CURVE ( 'NONE', #2103, #1699, #102, .T. ) ;
#4002 = ORIENTED_EDGE ( 'NONE', *, *, #2239, .F. ) ;
#4003 = CARTESIAN_POINT ( 'NONE',  ( -14.15928699750854491, -6.683542702917516287, 0.4999999999999726885 ) ) ;
#4004 = CARTESIAN_POINT ( 'NONE',  ( 14.15928699750809727, -6.683542702917696587, 0.4999999999999726885 ) ) ;
#4005 = CARTESIAN_POINT ( 'NONE',  ( 68.75000000000000000, -52.60833081536778622, 30.00000000000000000 ) ) ;
#4006 = VECTOR ( 'NONE', #3286, 1000.000000000000114 ) ;
#4007 = CARTESIAN_POINT ( 'NONE',  ( -34.18354270291769836, 13.34071300249190273, 10.00000000000000000 ) ) ;
#4008 = VERTEX_POINT ( 'NONE', #1505 ) ;
#4009 = ORIENTED_EDGE ( 'NONE', *, *, #3029, .F. ) ;
#4010 = DIRECTION ( 'NONE',  ( 1.000000000000000000, 0.000000000000000000, 0.000000000000000000 ) ) ;
#4011 = DIRECTION ( 'NONE',  ( 0.000000000000000000, -0.000000000000000000, -1.000000000000000000 ) ) ;
#4012 = VERTEX_POINT ( 'NONE', #3577 ) ;
#4013 = CONICAL_SURFACE ( 'NONE', #371, 1.749999999999998002, 0.7853981633974389531 ) ;
#4014 = DIRECTION ( 'NONE',  ( 0.7071067811865594521, 8.659560562355078304E-17, -0.7071067811865355823 ) ) ;
#4015 = ADVANCED_FACE ( 'NONE', ( #1174 ), #268, .F. ) ;
#4016 = EDGE_CURVE ( 'NONE', #765, #1385, #3211, .T. ) ;
#4017 = AXIS2_PLACEMENT_3D ( 'NONE', #3412, #4571, #2295 ) ;
#4018 = DIRECTION ( 'NONE',  ( 1.000000000000000000, 8.410780489584520404E-17, -0.000000000000000000 ) ) ;
#4019 = ORIENTED_EDGE ( 'NONE', *, *, #1306, .F. ) ;
#4020 = DIRECTION ( 'NONE',  ( 1.000000000000000000, 9.912705577010326782E-17, 0.000000000000000000 ) ) ;
#4021 = CARTESIAN_POINT ( 'NONE',  ( 34.18354270291769836, 41.65928699750809727, 9.500000000000023093 ) ) ;
#4022 = CONICAL_SURFACE ( 'NONE', #2752, 1.749999999999998002, 0.7853981633974389531 ) ;
#4023 = EDGE_CURVE ( 'NONE', #2599, #3964, #3834, .T. ) ;
#4024 = ORIENTED_EDGE ( 'NONE', *, *, #2607, .F. ) ;
#4025 = ADVANCED_FACE ( 'NONE', ( #4302 ), #1124, .F. ) ;
#4026 = ORIENTED_EDGE ( 'NONE', *, *, #2256, .T. ) ;
#4027 = DIRECTION ( 'NONE',  ( 0.000000000000000000, 0.000000000000000000, 1.000000000000000000 ) ) ;
#4028 = LINE ( 'NONE', #845, #2158 ) ;
#4029 = FACE_OUTER_BOUND ( 'NONE', #1450, .T. ) ;
#4030 = EDGE_LOOP ( 'NONE', ( #2235, #3910 ) ) ;
#4031 = EDGE_LOOP ( 'NONE', ( #241, #86 ) ) ;
#4032 = DIRECTION ( 'NONE',  ( -0.000000000000000000, -0.000000000000000000, -1.000000000000000000 ) ) ;
#4033 = CYLINDRICAL_SURFACE ( 'NONE', #3, 3.100000000000001865 ) ;
#4034 = EDGE_CURVE ( 'NONE', #2997, #1968, #2859, .T. ) ;
#4035 = EDGE_CURVE ( 'NONE', #191, #3574, #4424, .T. ) ;
#4036 = ORIENTED_EDGE ( 'NONE', *, *, #3292, .F. ) ;
#4037 = CARTESIAN_POINT ( 'NONE',  ( 32.43354270291752073, 13.34071300249146219, 4.499999999999976019 ) ) ;
#4038 = LINE ( 'NONE', #2277, #198 ) ;
#4039 = ORIENTED_EDGE ( 'NONE', *, *, #4322, .T. ) ;
#4040 = DIRECTION ( 'NONE',  ( 0.000000000000000000, 0.000000000000000000, -1.000000000000000000 ) ) ;
#4041 = FACE_OUTER_BOUND ( 'NONE', #1233, .T. ) ;
#4042 = CARTESIAN_POINT ( 'NONE',  ( 3.081487911019577365E-30, 27.50000000000000355, 0.000000000000000000 ) ) ;
#4043 = APPLICATION_PROTOCOL_DEFINITION ( 'draft international standard', 'automotive_design', 1998, #1231 ) ;
#4044 = ADVANCED_FACE ( 'NONE', ( #1847 ), #77, .F. ) ;
#4045 = VERTEX_POINT ( 'NONE', #474 ) ;
#4046 = EDGE_LOOP ( 'NONE', ( #1100, #1155, #2688, #2082 ) ) ;
#4047 = DIRECTION ( 'NONE',  ( 1.000000000000000000, 0.000000000000000000, 0.000000000000000000 ) ) ;
#4048 = FACE_OUTER_BOUND ( 'NONE', #895, .T. ) ;
#4049 = EDGE_CURVE ( 'NONE', #2506, #3313, #3302, .T. ) ;
#4050 = DIRECTION ( 'NONE',  ( 0.7071067811865583419, 8.659560562354802203E-17, 0.7071067811865368036 ) ) ;
#4051 = AXIS2_PLACEMENT_3D ( 'NONE', #4161, #2423, #650 ) ;
#4052 = ORIENTED_EDGE ( 'NONE', *, *, #2862, .F. ) ;
#4053 = DIRECTION ( 'NONE',  ( 0.000000000000000000, 0.000000000000000000, -1.000000000000000000 ) ) ;
#4054 = DIRECTION ( 'NONE',  ( -0.000000000000000000, 0.000000000000000000, 1.000000000000000000 ) ) ;
#4055 = AXIS2_PLACEMENT_3D ( 'NONE', #2840, #761, #3914 ) ;
#4056 = ORIENTED_EDGE ( 'NONE', *, *, #4298, .T. ) ;
#4057 = AXIS2_PLACEMENT_3D ( 'NONE', #3281, #2613, #2192 ) ;
#4058 = CARTESIAN_POINT ( 'NONE',  ( 66.75000000000002842, -75.40000000000000568, 6.999999999999995559 ) ) ;
#4059 = VECTOR ( 'NONE', #2113, 1000.000000000000000 ) ;
#4060 = ADVANCED_FACE ( 'NONE', ( #2932 ), #1313, .F. ) ;
#4061 = AXIS2_PLACEMENT_3D ( 'NONE', #2469, #3876, #690 ) ;
#4062 = EDGE_CURVE ( 'NONE', #2111, #2223, #1832, .T. ) ;
#4063 = AXIS2_PLACEMENT_3D ( 'NONE', #677, #3506, #326 ) ;
#4064 = AXIS2_PLACEMENT_3D ( 'NONE', #3378, #3071, #4473 ) ;
#4065 = AXIS2_PLACEMENT_3D ( 'NONE', #4548, #2780, #4207 ) ;
#4066 = CARTESIAN_POINT ( 'NONE',  ( 11.90928699750812214, -6.683542702917696587, 4.000000000000000000 ) ) ;
#4067 = ORIENTED_EDGE ( 'NONE', *, *, #635, .F. ) ;
#4068 = CARTESIAN_POINT ( 'NONE',  ( 31.64999999999999858, -42.50000000000000000, 29.50000000000000000 ) ) ;
#4069 = EDGE_LOOP ( 'NONE', ( #3633, #1278, #1874, #307 ) ) ;
#4070 = DIRECTION ( 'NONE',  ( -1.000000000000000000, 0.000000000000000000, 0.000000000000000000 ) ) ;
#4071 = EDGE_CURVE ( 'NONE', #2800, #2589, #420, .T. ) ;
#4072 = CIRCLE ( 'NONE', #2366, 2.249999999999974243 ) ;
#4073 = CARTESIAN_POINT ( 'NONE',  ( -34.18354270291769836, 13.34071300249190273, 0.000000000000000000 ) ) ;
#4074 = DIRECTION ( 'NONE',  ( 9.570888143320314409E-17, -1.000000000000000000, 0.000000000000000000 ) ) ;
#4075 = DIRECTION ( 'NONE',  ( -1.000000000000000000, -0.000000000000000000, -0.000000000000000000 ) ) ;
#4076 = AXIS2_PLACEMENT_3D ( 'NONE', #4179, #2064, #3468 ) ;
#4077 = ORIENTED_EDGE ( 'NONE', *, *, #4395, .F. ) ;
#4078 = ORIENTED_EDGE ( 'NONE', *, *, #2390, .T. ) ;
#4079 = DIRECTION ( 'NONE',  ( -1.000000000000000000, 0.000000000000000000, 0.000000000000000000 ) ) ;
#4080 = DIRECTION ( 'NONE',  ( -0.000000000000000000, 0.000000000000000000, 1.000000000000000000 ) ) ;
#4081 = ORIENTED_EDGE ( 'NONE', *, *, #2267, .T. ) ;
#4082 = CIRCLE ( 'NONE', #2322, 3.599999999999992095 ) ;
#4083 = DIRECTION ( 'NONE',  ( -0.000000000000000000, 0.000000000000000000, 1.000000000000000000 ) ) ;
#4084 = EDGE_LOOP ( 'NONE', ( #3360, #2328, #1520, #2200 ) ) ;
#4085 = DIRECTION ( 'NONE',  ( 0.000000000000000000, -0.000000000000000000, -1.000000000000000000 ) ) ;
#4086 = EDGE_LOOP ( 'NONE', ( #1688, #1660, #3798, #174 ) ) ;
#4087 = ADVANCED_FACE ( 'NONE', ( #2006 ), #237, .T. ) ;
#4088 = DIRECTION ( 'NONE',  ( -0.000000000000000000, -0.000000000000000000, 1.000000000000000000 ) ) ;
#4089 = DIRECTION ( 'NONE',  ( 0.7071067811865475727, 0.000000000000000000, -0.7071067811865475727 ) ) ;
#4090 = CIRCLE ( 'NONE', #2240, 3.100000000000005418 ) ;
#4091 = CIRCLE ( 'NONE', #155, 1.750000000000001554 ) ;
#4092 = DIRECTION ( 'NONE',  ( -0.000000000000000000, 0.000000000000000000, 1.000000000000000000 ) ) ;
#4093 = CARTESIAN_POINT ( 'NONE',  ( -14.15928699750810082, 61.68354270291770547, 4.000000000000000000 ) ) ;
#4095 = AXIS2_PLACEMENT_3D ( 'NONE', #1192, #2582, #840 ) ;
#4094 = DIRECTION ( 'NONE',  ( 1.000000000000000000, 0.000000000000000000, 0.000000000000000000 ) ) ;
#4096 = VECTOR ( 'NONE', #4529, 1000.000000000000000 ) ;
#4097 = EDGE_LOOP ( 'NONE', ( #1846, #1576, #2550, #2078 ) ) ;
#4098 = DIRECTION ( 'NONE',  ( 1.000000000000000000, 0.000000000000000000, 0.000000000000000000 ) ) ;
#4099 = DIRECTION ( 'NONE',  ( -0.000000000000000000, -0.000000000000000000, -1.000000000000000000 ) ) ;
#4100 = ORIENTED_EDGE ( 'NONE', *, *, #4312, .T. ) ;
#4101 = ORIENTED_EDGE ( 'NONE', *, *, #542, .T. ) ;
#4102 = ADVANCED_FACE ( 'NONE', ( #4485 ), #2497, .F. ) ;
#4103 = VERTEX_POINT ( 'NONE', #3730 ) ;
#4104 = LINE ( 'NONE', #924, #729 ) ;
#4105 = LINE ( 'NONE', #2970, #862 ) ;
#4106 = ORIENTED_EDGE ( 'NONE', *, *, #3738, .F. ) ;
#4107 = FACE_OUTER_BOUND ( 'NONE', #4176, .T. ) ;
#4108 = DIRECTION ( 'NONE',  ( 1.000000000000000000, 0.000000000000000000, 0.000000000000000000 ) ) ;
#4109 = FACE_OUTER_BOUND ( 'NONE', #2018, .T. ) ;
#4110 = DIRECTION ( 'NONE',  ( 1.000000000000000000, 0.000000000000000000, 0.000000000000000000 ) ) ;
#4111 = ADVANCED_FACE ( 'NONE', ( #4114 ), #2053, .F. ) ;
#4112 = EDGE_CURVE ( 'NONE', #2785, #3049, #1085, .T. ) ;
#4113 = VERTEX_POINT ( 'NONE', #169 ) ;
#4114 = FACE_OUTER_BOUND ( 'NONE', #1680, .T. ) ;
#4115 = DIRECTION ( 'NONE',  ( 1.000000000000000000, 0.000000000000000000, 0.000000000000000000 ) ) ;
#4116 = ORIENTED_EDGE ( 'NONE', *, *, #1619, .T. ) ;
#4117 = ORIENTED_EDGE ( 'NONE', *, *, #963, .T. ) ;
#4118 = VECTOR ( 'NONE', #1109, 1000.000000000000000 ) ;
#4119 = CARTESIAN_POINT ( 'NONE',  ( -66.75000000000002842, -77.50000000000001421, 23.00000000000000000 ) ) ;
#4120 = DIRECTION ( 'NONE',  ( 1.000000000000000000, 0.000000000000000000, 0.000000000000000000 ) ) ;
#4121 = CIRCLE ( 'NONE', #2123, 1.750000000000001554 ) ;
#4122 = ORIENTED_EDGE ( 'NONE', *, *, #3116, .T. ) ;
#4123 = CARTESIAN_POINT ( 'NONE',  ( 23.75000000000000355, 27.50000000000000355, 9.000000000000008882 ) ) ;
#4124 = DIRECTION ( 'NONE',  ( 1.000000000000000000, 0.000000000000000000, 0.000000000000000000 ) ) ;
#4125 = VERTEX_POINT ( 'NONE', #2337 ) ;
#4126 = AXIS2_PLACEMENT_3D ( 'NONE', #994, #2792, #3510 ) ;
#4127 = DIRECTION ( 'NONE',  ( -0.7071067811865414665, 8.659560562354857670E-17, 0.7071067811865536790 ) ) ;
#4128 = AXIS2_PLACEMENT_3D ( 'NONE', #206, #4088, #1509 ) ;
#4129 = EDGE_CURVE ( 'NONE', #3158, #2432, #1308, .T. ) ;
#4130 = VECTOR ( 'NONE', #4357, 999.9999999999998863 ) ;
#4131 = FACE_OUTER_BOUND ( 'NONE', #1245, .T. ) ;
#4132 = DIRECTION ( 'NONE',  ( -0.000000000000000000, -0.000000000000000000, -1.000000000000000000 ) ) ;
#4133 = EDGE_CURVE ( 'NONE', #248, #2415, #1621, .T. ) ;
#4134 = DIRECTION ( 'NONE',  ( 0.2141484772416570037, 0.9768011208506465204, 0.000000000000000000 ) ) ;
#4135 = DIRECTION ( 'NONE',  ( 0.000000000000000000, 0.000000000000000000, -1.000000000000000000 ) ) ;
#4136 = VECTOR ( 'NONE', #817, 1000.000000000000000 ) ;
#4137 = CYLINDRICAL_SURFACE ( 'NONE', #4017, 2.100000000000004530 ) ;
#4138 = CONICAL_SURFACE ( 'NONE', #2585, 3.099999999999998757, 0.7853981633974652654 ) ;
#4139 = ORIENTED_EDGE ( 'NONE', *, *, #1072, .T. ) ;
#4140 = DIRECTION ( 'NONE',  ( 0.000000000000000000, 0.000000000000000000, 1.000000000000000000 ) ) ;
#4141 = EDGE_CURVE ( 'NONE', #4240, #426, #2359, .T. ) ;
#4142 = CARTESIAN_POINT ( 'NONE',  ( -14.15928699750854491, -6.683542702917516287, 9.500000000000023093 ) ) ;
#4143 = ORIENTED_EDGE ( 'NONE', *, *, #1795, .T. ) ;
#4144 = CARTESIAN_POINT ( 'NONE',  ( 14.15928699750854847, 61.68354270291752073, 0.000000000000000000 ) ) ;
#4145 = ORIENTED_EDGE ( 'NONE', *, *, #3334, .F. ) ;
#4146 = CARTESIAN_POINT ( 'NONE',  ( 74.75000000000002842, -72.50000000000000000, 28.99999999999999645 ) ) ;
#4147 = ORIENTED_EDGE ( 'NONE', *, *, #1424, .T. ) ;
#4148 = EDGE_CURVE ( 'NONE', #1780, #261, #1578, .T. ) ;
#4149 = FACE_BOUND ( 'NONE', #3627, .T. ) ;
#4150 = CARTESIAN_POINT ( 'NONE',  ( 75.95424882832263336, -61.03537552719236459, 7.204248828322667997 ) ) ;
#4151 = ORIENTED_EDGE ( 'NONE', *, *, #2571, .T. ) ;
#4152 = EDGE_CURVE ( 'NONE', #1439, #46, #795, .T. ) ;
#4153 = CARTESIAN_POINT ( 'NONE',  ( 73.75000000000001421, -82.50000000000000000, 28.99999999999999645 ) ) ;
#4154 = VECTOR ( 'NONE', #3912, 1000.000000000000000 ) ;
#4155 = EDGE_LOOP ( 'NONE', ( #460, #562, #2753, #3318 ) ) ;
#4156 = VECTOR ( 'NONE', #543, 1000.000000000000000 ) ;
#4157 = CIRCLE ( 'NONE', #2238, 2.249999999999998668 ) ;
#4158 = DIRECTION ( 'NONE',  ( -0.000000000000000000, -0.000000000000000000, 1.000000000000000000 ) ) ;
#4159 = DIRECTION ( 'NONE',  ( -1.000000000000000000, 0.000000000000000000, 0.000000000000000000 ) ) ;
#4160 = CARTESIAN_POINT ( 'NONE',  ( 11.90928699750809727, -6.683542702917696587, 10.00000000000000000 ) ) ;
#4161 = CARTESIAN_POINT ( 'NONE',  ( -74.75000000000000000, 82.50000000000000000, 1.000000000000000888 ) ) ;
#4162 = VECTOR ( 'NONE', #2627, 1000.000000000000000 ) ;
#4163 = DIRECTION ( 'NONE',  ( 0.000000000000000000, 0.000000000000000000, -1.000000000000000000 ) ) ;
#4164 = AXIS2_PLACEMENT_3D ( 'NONE', #2472, #1774, #414 ) ;
#4165 = VERTEX_POINT ( 'NONE', #523 ) ;
#4166 = AXIS2_PLACEMENT_3D ( 'NONE', #3921, #2558, #3183 ) ;
#4167 = DIRECTION ( 'NONE',  ( 0.7071067811865412445, 8.659560562354855205E-17, -0.7071067811865537900 ) ) ;
#4168 = VECTOR ( 'NONE', #3644, 1000.000000000000000 ) ;
#4169 = EDGE_CURVE ( 'NONE', #3582, #3173, #1982, .T. ) ;
#4170 = VERTEX_POINT ( 'NONE', #563 ) ;
#4171 = DIRECTION ( 'NONE',  ( 0.000000000000000000, -0.000000000000000000, -1.000000000000000000 ) ) ;
#4172 = EDGE_LOOP ( 'NONE', ( #657, #2339, #1011, #3362 ) ) ;
#4173 = PRESENTATION_STYLE_ASSIGNMENT (( #2496 ) ) ;
#4174 = FACE_OUTER_BOUND ( 'NONE', #899, .T. ) ;
#4175 = EDGE_CURVE ( 'NONE', #3804, #4103, #3394, .T. ) ;
#4176 = EDGE_LOOP ( 'NONE', ( #2157, #3268, #1387, #2478 ) ) ;
#4177 = EDGE_CURVE ( 'NONE', #2966, #1743, #214, .T. ) ;
#4178 = LINE ( 'NONE', #4123, #889 ) ;
#4179 = CARTESIAN_POINT ( 'NONE',  ( 34.18354270291752073, 13.34071300249146219, 9.500000000000023093 ) ) ;
#4180 = ORIENTED_EDGE ( 'NONE', *, *, #2385, .F. ) ;
#4181 = DIRECTION ( 'NONE',  ( 1.000000000000000000, 0.000000000000000000, 0.000000000000000000 ) ) ;
#4182 = ADVANCED_FACE ( 'NONE', ( #2317 ), #3327, .F. ) ;
#4183 = EDGE_LOOP ( 'NONE', ( #1537, #2642, #1065, #2189 ) ) ;
#4184 = CARTESIAN_POINT ( 'NONE',  ( -34.18354270291752783, 41.65928699750855202, 4.000000000000000000 ) ) ;
#4185 = DIRECTION ( 'NONE',  ( 0.000000000000000000, 0.000000000000000000, 1.000000000000000000 ) ) ;
#4186 = DIRECTION ( 'NONE',  ( -0.000000000000000000, -0.000000000000000000, 1.000000000000000000 ) ) ;
#4187 = FACE_OUTER_BOUND ( 'NONE', #1073, .T. ) ;
#4188 = ADVANCED_FACE ( 'NONE', ( #3349 ), #1601, .F. ) ;
#4189 = DIRECTION ( 'NONE',  ( -1.000000000000000000, -8.410780489584520404E-17, 0.000000000000000000 ) ) ;
#4190 = LINE ( 'NONE', #1382, #2969 ) ;
#4191 = ORIENTED_EDGE ( 'NONE', *, *, #475, .F. ) ;
#4192 = DIRECTION ( 'NONE',  ( 0.000000000000000000, 0.000000000000000000, -1.000000000000000000 ) ) ;
#4193 = ORIENTED_EDGE ( 'NONE', *, *, #297, .T. ) ;
#4194 = VERTEX_POINT ( 'NONE', #1431 ) ;
#4195 = ADVANCED_FACE ( 'NONE', ( #258 ), #2793, .F. ) ;
#4196 = FACE_OUTER_BOUND ( 'NONE', #511, .T. ) ;
#4197 = DIRECTION ( 'NONE',  ( -0.000000000000000000, 0.000000000000000000, 1.000000000000000000 ) ) ;
#4198 = ORIENTED_EDGE ( 'NONE', *, *, #1368, .T. ) ;
#4199 = EDGE_CURVE ( 'NONE', #3541, #159, #3841, .T. ) ;
#4200 = DIRECTION ( 'NONE',  ( -0.000000000000000000, -0.000000000000000000, -1.000000000000000000 ) ) ;
#4201 = AXIS2_PLACEMENT_3D ( 'NONE', #1715, #1366, #3438 ) ;
#4202 = ORIENTED_EDGE ( 'NONE', *, *, #2275, .F. ) ;
#4203 = ORIENTED_EDGE ( 'NONE', *, *, #646, .F. ) ;
#4204 = DIRECTION ( 'NONE',  ( -0.000000000000000000, 0.000000000000000000, 1.000000000000000000 ) ) ;
#4205 = CONICAL_SURFACE ( 'NONE', #1310, 1.750000000000001554, 0.7853981633974396193 ) ;
#4206 = VECTOR ( 'NONE', #4291, 1000.000000000000114 ) ;
#4207 = DIRECTION ( 'NONE',  ( -1.000000000000000000, 0.000000000000000000, 0.000000000000000000 ) ) ;
#4208 = LINE ( 'NONE', #1658, #3650 ) ;
#4209 = DIRECTION ( 'NONE',  ( -1.000000000000000000, 0.000000000000000000, 0.000000000000000000 ) ) ;
#4210 = AXIS2_PLACEMENT_3D ( 'NONE', #3771, #3746, #3043 ) ;
#4211 = AXIS2_PLACEMENT_3D ( 'NONE', #345, #2511, #4569 ) ;
#4212 = CARTESIAN_POINT ( 'NONE',  ( -14.15928699750854491, -6.683542702917516287, 0.4999999999999726885 ) ) ;
#4213 = ORIENTED_EDGE ( 'NONE', *, *, #2721, .T. ) ;
#4214 = CIRCLE ( 'NONE', #425, 2.100000000000004530 ) ;
#4215 = CONICAL_SURFACE ( 'NONE', #3467, 24.74999999999996803, 0.7853981633974482790 ) ;
#4216 = LINE ( 'NONE', #3159, #3167 ) ;
#4217 = CIRCLE ( 'NONE', #3393, 3.100000000000005418 ) ;
#4218 = VERTEX_POINT ( 'NONE', #283 ) ;
#4219 = ORIENTED_EDGE ( 'NONE', *, *, #1105, .F. ) ;
#4220 = FACE_OUTER_BOUND ( 'NONE', #774, .T. ) ;
#4221 = CIRCLE ( 'NONE', #359, 41.00000000000000000 ) ;
#4222 = EDGE_CURVE ( 'NONE', #2957, #843, #45, .T. ) ;
#4223 = VERTEX_POINT ( 'NONE', #2474 ) ;
#4224 = DIRECTION ( 'NONE',  ( -1.000000000000000000, 9.912705577010326782E-17, -0.000000000000000000 ) ) ;
#4225 = EDGE_LOOP ( 'NONE', ( #780, #1739, #2314, #3983 ) ) ;
#4226 = LINE ( 'NONE', #3149, #4265 ) ;
#4227 = ORIENTED_EDGE ( 'NONE', *, *, #1574, .T. ) ;
#4228 = EDGE_LOOP ( 'NONE', ( #3665, #588, #2468, #2897 ) ) ;
#4229 = ADVANCED_FACE ( 'NONE', ( #1777 ), #2768, .F. ) ;
#4230 = CARTESIAN_POINT ( 'NONE',  ( -69.74999999999997158, -52.50000000000002842, 0.000000000000000000 ) ) ;
#4231 = CARTESIAN_POINT ( 'NONE',  ( -14.15928699750810082, 61.68354270291770547, 30.00000000000000000 ) ) ;
#4232 = FACE_OUTER_BOUND ( 'NONE', #1696, .T. ) ;
#4233 = DIRECTION ( 'NONE',  ( -0.000000000000000000, 0.000000000000000000, 1.000000000000000000 ) ) ;
#4234 = LINE ( 'NONE', #721, #2679 ) ;
#4235 = FACE_OUTER_BOUND ( 'NONE', #848, .T. ) ;
#4236 = ORIENTED_EDGE ( 'NONE', *, *, #4175, .T. ) ;
#4237 = ORIENTED_EDGE ( 'NONE', *, *, #3354, .F. ) ;
#4238 = DIRECTION ( 'NONE',  ( -0.000000000000000000, -0.000000000000000000, -1.000000000000000000 ) ) ;
#4239 = AXIS2_PLACEMENT_3D ( 'NONE', #1159, #3013, #4089 ) ;
#4240 = VERTEX_POINT ( 'NONE', #4554 ) ;
#4241 = DIRECTION ( 'NONE',  ( 0.000000000000000000, 0.000000000000000000, -1.000000000000000000 ) ) ;
#4242 = ORIENTED_EDGE ( 'NONE', *, *, #2909, .F. ) ;
#4243 = CARTESIAN_POINT ( 'NONE',  ( 37.28354270291769978, 41.65928699750809727, 4.000000000000000000 ) ) ;
#4244 = ORIENTED_EDGE ( 'NONE', *, *, #2711, .T. ) ;
#4245 = VERTEX_POINT ( 'NONE', #2077 ) ;
#4246 = FACE_OUTER_BOUND ( 'NONE', #3782, .T. ) ;
#4247 = FACE_OUTER_BOUND ( 'NONE', #3509, .T. ) ;
#4248 = LINE ( 'NONE', #3274, #3269 ) ;
#4249 = EDGE_CURVE ( 'NONE', #2399, #2918, #965, .T. ) ;
#4250 = DIRECTION ( 'NONE',  ( 0.000000000000000000, 0.000000000000000000, -1.000000000000000000 ) ) ;
#4251 = LINE ( 'NONE', #1142, #3987 ) ;
#4252 = ADVANCED_FACE ( 'NONE', ( #655 ), #2381, .F. ) ;
#4253 = ADVANCED_FACE ( 'NONE', ( #4235 ), #3881, .F. ) ;
#4254 = EDGE_LOOP ( 'NONE', ( #709, #3279, #515, #1041 ) ) ;
#4255 = ORIENTED_EDGE ( 'NONE', *, *, #3479, .F. ) ;
#4256 = CARTESIAN_POINT ( 'NONE',  ( -15.90928699750854669, -6.683542702917516287, 9.500000000000023093 ) ) ;
#4257 = ORIENTED_EDGE ( 'NONE', *, *, #3371, .F. ) ;
#4258 = LINE ( 'NONE', #3239, #1339 ) ;
#4259 = ORIENTED_EDGE ( 'NONE', *, *, #2267, .F. ) ;
#4260 = DIRECTION ( 'NONE',  ( 0.7071067811865410224, 0.000000000000000000, 0.7071067811865540120 ) ) ;
#4261 = EDGE_LOOP ( 'NONE', ( #3594, #3448, #311, #119 ) ) ;
#4262 = ORIENTED_EDGE ( 'NONE', *, *, #332, .T. ) ;
#4263 = DIRECTION ( 'NONE',  ( 1.000000000000000000, 0.000000000000000000, 0.000000000000000000 ) ) ;
#4264 = DIRECTION ( 'NONE',  ( 0.7071067811865585639, 8.659560562355067211E-17, -0.7071067811865364705 ) ) ;
#4265 = VECTOR ( 'NONE', #316, 1000.000000000000000 ) ;
#4266 = CARTESIAN_POINT ( 'NONE',  ( 74.75000000000000000, 82.50000000000000000, 1.000000000000000888 ) ) ;
#4267 = CONICAL_SURFACE ( 'NONE', #2279, 3.100000000000001865, 0.7853981633974651544 ) ;
#4268 = EDGE_CURVE ( 'NONE', #4497, #1568, #3792, .T. ) ;
#4269 = CIRCLE ( 'NONE', #3008, 3.599999999999992095 ) ;
#4270 = DIRECTION ( 'NONE',  ( 0.000000000000000000, -0.000000000000000000, -1.000000000000000000 ) ) ;
#4271 = FACE_OUTER_BOUND ( 'NONE', #3439, .T. ) ;
#4272 = VECTOR ( 'NONE', #1479, 999.9999999999998863 ) ;
#4273 = CIRCLE ( 'NONE', #3236, 2.100000000000004530 ) ;
#4274 = VECTOR ( 'NONE', #2369, 1000.000000000000000 ) ;
#4275 = VECTOR ( 'NONE', #3114, 1000.000000000000000 ) ;
#4276 = ORIENTED_EDGE ( 'NONE', *, *, #2052, .T. ) ;
#4277 = VECTOR ( 'NONE', #554, 1000.000000000000114 ) ;
#4278 = ADVANCED_FACE ( 'NONE', ( #3140 ), #2027, .F. ) ;
#4279 = AXIS2_PLACEMENT_3D ( 'NONE', #4380, #4054, #1180 ) ;
#4280 = DIRECTION ( 'NONE',  ( 0.6974565623330519770, 0.1646471600639295985, 0.6974565623330563069 ) ) ;
#4281 = ORIENTED_EDGE ( 'NONE', *, *, #995, .T. ) ;
#4282 = CARTESIAN_POINT ( 'NONE',  ( 11.05928699750809585, -6.683542702917696587, 0.4999999999999726885 ) ) ;
#4283 = AXIS2_PLACEMENT_3D ( 'NONE', #2892, #4224, #2548 ) ;
#4284 = CONICAL_SURFACE ( 'NONE', #3770, 1.750000000000001554, 0.7853981633974423948 ) ;
#4285 = EDGE_LOOP ( 'NONE', ( #701, #310, #733, #787 ) ) ;
#4286 = CARTESIAN_POINT ( 'NONE',  ( 0.000000000000000000, 0.000000000000000000, 4.000000000000000000 ) ) ;
#4287 = VERTEX_POINT ( 'NONE', #630 ) ;
#4288 = CIRCLE ( 'NONE', #3622, 1.749999999999998002 ) ;
#4289 = PLANE ( 'NONE',  #4055 ) ;
#4290 = VERTEX_POINT ( 'NONE', #4512 ) ;
#4291 = DIRECTION ( 'NONE',  ( -0.7071067811865595631, 0.000000000000000000, -0.7071067811865355823 ) ) ;
#4292 = ORIENTED_EDGE ( 'NONE', *, *, #3994, .T. ) ;
#4293 = CARTESIAN_POINT ( 'NONE',  ( -31.08354270291753352, 41.65928699750855202, 18.76812408671320398 ) ) ;
#4294 = CARTESIAN_POINT ( 'NONE',  ( -74.75000000000000000, -72.50000000000001421, 0.000000000000000000 ) ) ;
#4295 = FACE_OUTER_BOUND ( 'NONE', #2923, .T. ) ;
#4296 = DIRECTION ( 'NONE',  ( 0.2141484772416571425, -0.9768011208506465204, 0.000000000000000000 ) ) ;
#4297 = CARTESIAN_POINT ( 'NONE',  ( 17.25928699750809869, -6.683542702917696587, 0.4999999999999726885 ) ) ;
#4298 = EDGE_CURVE ( 'NONE', #3173, #3582, #351, .T. ) ;
#4299 = ORIENTED_EDGE ( 'NONE', *, *, #1602, .T. ) ;
#4300 = CARTESIAN_POINT ( 'NONE',  ( -10.55928699750810829, 61.68354270291770547, 0.000000000000000000 ) ) ;
#4301 = ORIENTED_EDGE ( 'NONE', *, *, #1499, .T. ) ;
#4302 = FACE_OUTER_BOUND ( 'NONE', #3769, .T. ) ;
#4303 = CARTESIAN_POINT ( 'NONE',  ( -11.05928699750809585, 61.68354270291770547, 4.000000000000000000 ) ) ;
#4304 = AXIS2_PLACEMENT_3D ( 'NONE', #2020, #4389, #1638 ) ;
#4305 = CARTESIAN_POINT ( 'NONE',  ( -36.43354270291767705, 13.34071300249190273, 4.000000000000000000 ) ) ;
#4306 = ORIENTED_EDGE ( 'NONE', *, *, #4141, .F. ) ;
#4307 = DIRECTION ( 'NONE',  ( -0.000000000000000000, -0.000000000000000000, -1.000000000000000000 ) ) ;
#4308 = CARTESIAN_POINT ( 'NONE',  ( -74.74999999999998579, -81.50000000000000000, 28.99999999999999645 ) ) ;
#4309 = VERTEX_POINT ( 'NONE', #2746 ) ;
#4310 = AXIS2_PLACEMENT_3D ( 'NONE', #226, #4458, #4181 ) ;
#4311 = DIRECTION ( 'NONE',  ( 1.000000000000000000, 0.000000000000000000, 0.000000000000000000 ) ) ;
#4312 = EDGE_CURVE ( 'NONE', #3791, #2258, #1384, .T. ) ;
#4313 = ORIENTED_EDGE ( 'NONE', *, *, #394, .F. ) ;
#4314 = EDGE_CURVE ( 'NONE', #3062, #3348, #2406, .T. ) ;
#4315 = CIRCLE ( 'NONE', #2689, 2.249999999999974243 ) ;
#4316 = CYLINDRICAL_SURFACE ( 'NONE', #2649, 3.100000000000001865 ) ;
#4317 = ORIENTED_EDGE ( 'NONE', *, *, #199, .T. ) ;
#4318 = CARTESIAN_POINT ( 'NONE',  ( -16.40928699750851649, -6.683542702917516287, 4.000000000000000000 ) ) ;
#4319 = CARTESIAN_POINT ( 'NONE',  ( -12.40928699750854491, -6.683542702917516287, 4.499999999999979572 ) ) ;
#4320 = DIRECTION ( 'NONE',  ( 0.000000000000000000, 0.7071067811865474617, -0.7071067811865474617 ) ) ;
#4321 = DIRECTION ( 'NONE',  ( -1.000000000000000000, 0.000000000000000000, 0.000000000000000000 ) ) ;
#4322 = EDGE_CURVE ( 'NONE', #2997, #1177, #1751, .T. ) ;
#4323 = CARTESIAN_POINT ( 'NONE',  ( -35.93354270291752073, 41.65928699750855202, 4.499999999999983125 ) ) ;
#4324 = EDGE_LOOP ( 'NONE', ( #894, #1360, #2168, #1824 ) ) ;
#4325 = CARTESIAN_POINT ( 'NONE',  ( 74.75000000000001421, -77.50000000000001421, 4.400000000000006573 ) ) ;
#4326 = DIRECTION ( 'NONE',  ( -0.000000000000000000, -0.000000000000000000, -1.000000000000000000 ) ) ;
#4327 = CARTESIAN_POINT ( 'NONE',  ( 69.75000000000000000, -62.50000000000001421, 28.99999999999999645 ) ) ;
#4328 = CARTESIAN_POINT ( 'NONE',  ( 3.081487911019577365E-30, 27.50000000000000355, 10.00000000000000000 ) ) ;
#4329 = EDGE_CURVE ( 'NONE', #3105, #1462, #4216, .T. ) ;
#4330 = ORIENTED_EDGE ( 'NONE', *, *, #1849, .T. ) ;
#4331 = CARTESIAN_POINT ( 'NONE',  ( 33.74999999999999289, -42.50000000000000000, 30.00000000000000000 ) ) ;
#4332 = DIRECTION ( 'NONE',  ( 1.000000000000000000, 0.000000000000000000, 0.000000000000000000 ) ) ;
#4333 = ADVANCED_FACE ( 'NONE', ( #3863 ), #1024, .F. ) ;
#4334 = ORIENTED_EDGE ( 'NONE', *, *, #4249, .T. ) ;
#4335 = CARTESIAN_POINT ( 'NONE',  ( -68.74999999999997158, -6.579985598532714634E-15, 0.000000000000000000 ) ) ;
#4336 = DIRECTION ( 'NONE',  ( 1.000000000000000000, 0.000000000000000000, 0.000000000000000000 ) ) ;
#4337 = ORIENTED_EDGE ( 'NONE', *, *, #2025, .T. ) ;
#4338 = CARTESIAN_POINT ( 'NONE',  ( 35.84999999999999432, -42.50000000000000000, 22.00000000000000000 ) ) ;
#4339 = ORIENTED_EDGE ( 'NONE', *, *, #1121, .T. ) ;
#4340 = ADVANCED_FACE ( 'NONE', ( #4577 ), #3573, .T. ) ;
#4341 = DIRECTION ( 'NONE',  ( 0.000000000000000000, 0.000000000000000000, -1.000000000000000000 ) ) ;
#4342 = DIRECTION ( 'NONE',  ( -9.570888143320314409E-17, 1.000000000000000000, 0.000000000000000000 ) ) ;
#4343 = CARTESIAN_POINT ( 'NONE',  ( -74.74999999999998579, -77.50000000000001421, 9.599999999999932143 ) ) ;
#4344 = DIRECTION ( 'NONE',  ( -0.000000000000000000, -0.000000000000000000, -1.000000000000000000 ) ) ;
#4345 = DIRECTION ( 'NONE',  ( -0.000000000000000000, -0.000000000000000000, -1.000000000000000000 ) ) ;
#4346 = AXIS2_PLACEMENT_3D ( 'NONE', #944, #3441, #242 ) ;
#4347 = ORIENTED_EDGE ( 'NONE', *, *, #4049, .T. ) ;
#4348 = DIRECTION ( 'NONE',  ( 0.6907026964241126388, -0.1514258404383507228, 0.7071067811865470176 ) ) ;
#4349 = ORIENTED_EDGE ( 'NONE', *, *, #591, .T. ) ;
#4350 = CARTESIAN_POINT ( 'NONE',  ( 33.74999999999999289, -42.50000000000000000, 22.00000000000000000 ) ) ;
#4351 = ADVANCED_FACE ( 'NONE', ( #22 ), #3254, .F. ) ;
#4352 = CARTESIAN_POINT ( 'NONE',  ( 74.75000000000001421, -81.50000000000000000, 28.99999999999999645 ) ) ;
#4353 = AXIS2_PLACEMENT_3D ( 'NONE', #1269, #2632, #916 ) ;
#4354 = CARTESIAN_POINT ( 'NONE',  ( -35.93354270291752073, 41.65928699750855202, 9.500000000000015987 ) ) ;
#4355 = ORIENTED_EDGE ( 'NONE', *, *, #3649, .F. ) ;
#4356 = LINE ( 'NONE', #527, #3843 ) ;
#4357 = DIRECTION ( 'NONE',  ( -0.7071067811865434649, 0.000000000000000000, -0.7071067811865516806 ) ) ;
#4358 = EDGE_LOOP ( 'NONE', ( #1038, #777 ) ) ;
#4359 = VECTOR ( 'NONE', #2049, 1000.000000000000114 ) ;
#4360 = AXIS2_PLACEMENT_3D ( 'NONE', #2625, #3012, #1592 ) ;
#4361 = LINE ( 'NONE', #1514, #4422 ) ;
#4362 = EDGE_LOOP ( 'NONE', ( #1079, #2183 ) ) ;
#4363 = AXIS2_PLACEMENT_3D ( 'NONE', #2686, #917, #2009 ) ;
#4364 = CARTESIAN_POINT ( 'NONE',  ( 31.93354270291755270, 13.34071300249146219, 10.00000000000000000 ) ) ;
#4365 = ORIENTED_EDGE ( 'NONE', *, *, #3484, .F. ) ;
#4366 = CARTESIAN_POINT ( 'NONE',  ( 36.43354270291767705, 41.65928699750809727, 4.000000000000000000 ) ) ;
#4367 = ORIENTED_EDGE ( 'NONE', *, *, #2256, .F. ) ;
#4368 = DIRECTION ( 'NONE',  ( -0.7071067811865585639, 0.000000000000000000, -0.7071067811865364705 ) ) ;
#4369 = AXIS2_PLACEMENT_3D ( 'NONE', #2931, #3301, #2588 ) ;
#4370 = EDGE_CURVE ( 'NONE', #2777, #2619, #2241, .T. ) ;
#4371 = VERTEX_POINT ( 'NONE', #419 ) ;
#4372 = ORIENTED_EDGE ( 'NONE', *, *, #2711, .F. ) ;
#4373 = DIRECTION ( 'NONE',  ( -1.000000000000000000, 0.000000000000000000, 0.000000000000000000 ) ) ;
#4374 = DIRECTION ( 'NONE',  ( 0.000000000000000000, -0.000000000000000000, -1.000000000000000000 ) ) ;
#4375 = AXIS2_PLACEMENT_3D ( 'NONE', #3213, #333, #3957 ) ;
#4376 = CARTESIAN_POINT ( 'NONE',  ( 34.18354270291769836, 41.65928699750809727, 0.4999999999999761302 ) ) ;
#4377 = ORIENTED_EDGE ( 'NONE', *, *, #3591, .T. ) ;
#4378 = ORIENTED_EDGE ( 'NONE', *, *, #216, .T. ) ;
#4379 = CARTESIAN_POINT ( 'NONE',  ( -68.74999999999997158, -62.50000000000002842, 30.00000000000000000 ) ) ;
#4380 = CARTESIAN_POINT ( 'NONE',  ( -14.15928699750854491, -6.683542702917516287, 0.000000000000000000 ) ) ;
#4381 = VERTEX_POINT ( 'NONE', #2559 ) ;
#4382 = VECTOR ( 'NONE', #4573, 1000.000000000000000 ) ;
#4383 = FACE_OUTER_BOUND ( 'NONE', #4046, .T. ) ;
#4384 = CIRCLE ( 'NONE', #375, 3.100000000000001865 ) ;
#4385 = DIRECTION ( 'NONE',  ( 0.000000000000000000, 0.000000000000000000, -1.000000000000000000 ) ) ;
#4386 = ORIENTED_EDGE ( 'NONE', *, *, #415, .F. ) ;
#4387 = CARTESIAN_POINT ( 'NONE',  ( -34.18354270291769836, 13.34071300249190273, 0.4999999999999796274 ) ) ;
#4388 = DIRECTION ( 'NONE',  ( -0.000000000000000000, -0.000000000000000000, 1.000000000000000000 ) ) ;
#4389 = DIRECTION ( 'NONE',  ( 0.000000000000000000, 0.000000000000000000, -1.000000000000000000 ) ) ;
#4390 = ADVANCED_FACE ( 'NONE', ( #4271 ), #575, .F. ) ;
#4391 = DIRECTION ( 'NONE',  ( 0.000000000000000000, 0.000000000000000000, -1.000000000000000000 ) ) ;
#4392 = ORIENTED_EDGE ( 'NONE', *, *, #956, .F. ) ;
#4393 = VERTEX_POINT ( 'NONE', #448 ) ;
#4394 = DIRECTION ( 'NONE',  ( 1.000000000000000000, 0.000000000000000000, 0.000000000000000000 ) ) ;
#4395 = EDGE_CURVE ( 'NONE', #2432, #1452, #3947, .T. ) ;
#4396 = DIRECTION ( 'NONE',  ( -1.000000000000000000, 0.000000000000000000, 0.000000000000000000 ) ) ;
#4397 = DIRECTION ( 'NONE',  ( 0.6974565623330516440, 0.1646471600639305977, 0.6974565623330564179 ) ) ;
#4398 = ORIENTED_EDGE ( 'NONE', *, *, #3356, .T. ) ;
#4399 = LINE ( 'NONE', #1149, #3322 ) ;
#4400 = FACE_OUTER_BOUND ( 'NONE', #239, .T. ) ;
#4401 = ORIENTED_EDGE ( 'NONE', *, *, #1516, .T. ) ;
#4402 = EDGE_CURVE ( 'NONE', #4540, #1462, #2516, .T. ) ;
#4403 = FACE_OUTER_BOUND ( 'NONE', #1488, .T. ) ;
#4404 = DIRECTION ( 'NONE',  ( 1.000000000000000000, 0.000000000000000000, 0.000000000000000000 ) ) ;
#4405 = ORIENTED_EDGE ( 'NONE', *, *, #559, .T. ) ;
#4406 = DIRECTION ( 'NONE',  ( 0.7071067811865595631, 8.659560562355079537E-17, -0.7071067811865355823 ) ) ;
#4407 = VERTEX_POINT ( 'NONE', #2586 ) ;
#4408 = DIRECTION ( 'NONE',  ( 0.2141484772416571425, -0.9768011208506465204, 0.000000000000000000 ) ) ;
#4409 = CARTESIAN_POINT ( 'NONE',  ( 14.15928699750854847, 61.68354270291752073, 0.5000000000000559552 ) ) ;
#4410 = LINE ( 'NONE', #252, #2156 ) ;
#4411 = DIRECTION ( 'NONE',  ( 0.000000000000000000, 0.000000000000000000, -1.000000000000000000 ) ) ;
#4412 = EDGE_CURVE ( 'NONE', #4371, #3443, #3923, .T. ) ;
#4413 = ORIENTED_EDGE ( 'NONE', *, *, #1730, .F. ) ;
#4414 = ORIENTED_EDGE ( 'NONE', *, *, #3035, .T. ) ;
#4415 = CARTESIAN_POINT ( 'NONE',  ( -14.15928699750854491, -6.683542702917516287, 30.00000000000000000 ) ) ;
#4416 = VECTOR ( 'NONE', #3584, 1000.000000000000000 ) ;
#4417 = DIRECTION ( 'NONE',  ( 1.000000000000000000, 0.000000000000000000, 0.000000000000000000 ) ) ;
#4418 = VECTOR ( 'NONE', #1303, 1000.000000000000000 ) ;
#4419 = EDGE_CURVE ( 'NONE', #378, #2987, #1801, .T. ) ;
#4420 = ORIENTED_EDGE ( 'NONE', *, *, #4312, .F. ) ;
#4421 = DIRECTION ( 'NONE',  ( 9.570888143320314409E-17, -1.000000000000000000, 0.000000000000000000 ) ) ;
#4422 = VECTOR ( 'NONE', #3314, 1000.000000000000000 ) ;
#4423 = VERTEX_POINT ( 'NONE', #2832 ) ;
#4424 = CIRCLE ( 'NONE', #2949, 2.249999999999998668 ) ;
#4425 = DIRECTION ( 'NONE',  ( -1.000000000000000000, -9.912705577010326782E-17, 0.000000000000000000 ) ) ;
#4426 = CIRCLE ( 'NONE', #4211, 3.099999999999998757 ) ;
#4427 = CIRCLE ( 'NONE', #4504, 2.249999999999974243 ) ;
#4428 = DIRECTION ( 'NONE',  ( -0.000000000000000000, 0.000000000000000000, 1.000000000000000000 ) ) ;
#4429 = DIRECTION ( 'NONE',  ( -0.2141484772416571425, 0.9768011208506465204, 0.000000000000000000 ) ) ;
#4430 = VECTOR ( 'NONE', #4167, 1000.000000000000114 ) ;
#4431 = CIRCLE ( 'NONE', #1851, 1.749999999999999778 ) ;
#4432 = AXIS2_PLACEMENT_3D ( 'NONE', #389, #2259, #1913 ) ;
#4433 = CARTESIAN_POINT ( 'NONE',  ( -23.75000000000000355, 27.50000000000000711, 9.000000000000008882 ) ) ;
#4434 = ORIENTED_EDGE ( 'NONE', *, *, #3527, .T. ) ;
#4435 = CARTESIAN_POINT ( 'NONE',  ( 14.15928699750809727, -6.683542702917696587, 30.00000000000000000 ) ) ;
#4436 = LINE ( 'NONE', #1545, #1280 ) ;
#4437 = CIRCLE ( 'NONE', #951, 3.599999999999992095 ) ;
#4438 = CARTESIAN_POINT ( 'NONE',  ( 34.18354270291752073, 13.34071300249146219, 4.499999999999976019 ) ) ;
#4439 = DIRECTION ( 'NONE',  ( 0.000000000000000000, 0.000000000000000000, 1.000000000000000000 ) ) ;
#4440 = VECTOR ( 'NONE', #1019, 1000.000000000000000 ) ;
#4441 = LINE ( 'NONE', #2653, #2865 ) ;
#4442 = AXIS2_PLACEMENT_3D ( 'NONE', #1761, #2107, #10 ) ;
#4443 = VERTEX_POINT ( 'NONE', #1817 ) ;
#4444 = EDGE_CURVE ( 'NONE', #2481, #3709, #2188, .T. ) ;
#4445 = CARTESIAN_POINT ( 'NONE',  ( -14.15928699750854491, -6.683542702917516287, 10.00000000000000000 ) ) ;
#4446 = CARTESIAN_POINT ( 'NONE',  ( -54.59251903898036318, 11.96856204546816649, 0.000000000000000000 ) ) ;
#4447 = ORIENTED_EDGE ( 'NONE', *, *, #3479, .T. ) ;
#4448 = CARTESIAN_POINT ( 'NONE',  ( -37.28354270291769268, 13.34071300249190273, 4.000000000000000000 ) ) ;
#4449 = VERTEX_POINT ( 'NONE', #3276 ) ;
#4450 = ORIENTED_EDGE ( 'NONE', *, *, #4222, .F. ) ;
#4451 = CYLINDRICAL_SURFACE ( 'NONE', #2667, 2.100000000000004530 ) ;
#4452 = AXIS2_PLACEMENT_3D ( 'NONE', #3669, #1841, #1194 ) ;
#4453 = DIRECTION ( 'NONE',  ( -0.4472135954999599261, 0.8944271909999148562, 0.000000000000000000 ) ) ;
#4454 = ORIENTED_EDGE ( 'NONE', *, *, #1283, .F. ) ;
#4455 = AXIS2_PLACEMENT_3D ( 'NONE', #1354, #4186, #1004 ) ;
#4456 = EDGE_CURVE ( 'NONE', #2963, #83, #748, .T. ) ;
#4457 = EDGE_CURVE ( 'NONE', #498, #67, #395, .T. ) ;
#4458 = DIRECTION ( 'NONE',  ( 0.000000000000000000, -0.000000000000000000, -1.000000000000000000 ) ) ;
#4459 = ADVANCED_FACE ( 'NONE', ( #3898 ), #718, .F. ) ;
#4460 = CARTESIAN_POINT ( 'NONE',  ( -12.40928699750854491, -6.683542702917516287, 30.00000000000000000 ) ) ;
#4462 = AXIS2_PLACEMENT_3D ( 'NONE', #2974, #2647, #4070 ) ;
#4461 = CARTESIAN_POINT ( 'NONE',  ( 3.081487911019577365E-30, 27.50000000000000355, 30.00000000000000000 ) ) ;
#4463 = EDGE_CURVE ( 'NONE', #4290, #1342, #4214, .T. ) ;
#4464 = EDGE_LOOP ( 'NONE', ( #1734, #3131, #2775, #3948 ) ) ;
#4465 = DIRECTION ( 'NONE',  ( -0.000000000000000000, -0.000000000000000000, -1.000000000000000000 ) ) ;
#4466 = DIRECTION ( 'NONE',  ( 1.000000000000000000, 0.000000000000000000, 0.000000000000000000 ) ) ;
#4467 = VERTEX_POINT ( 'NONE', #4323 ) ;
#4468 = CARTESIAN_POINT ( 'NONE',  ( -32.43354270291753494, 41.65928699750855202, 4.499999999999983125 ) ) ;
#4469 = ORIENTED_EDGE ( 'NONE', *, *, #20, .T. ) ;
#4470 = EDGE_CURVE ( 'NONE', #1422, #829, #4251, .T. ) ;
#4471 = EDGE_CURVE ( 'NONE', #2589, #1857, #2880, .T. ) ;
#4472 = ORIENTED_EDGE ( 'NONE', *, *, #1706, .F. ) ;
#4473 = DIRECTION ( 'NONE',  ( 1.000000000000000000, 0.000000000000000000, 0.000000000000000000 ) ) ;
#4474 = DIRECTION ( 'NONE',  ( -0.000000000000000000, 0.000000000000000000, 1.000000000000000000 ) ) ;
#4475 = VERTEX_POINT ( 'NONE', #1071 ) ;
#4476 = LINE ( 'NONE', #601, #2905 ) ;
#4477 = ADVANCED_FACE ( 'NONE', ( #117 ), #3315, .F. ) ;
#4478 = DIRECTION ( 'NONE',  ( 0.000000000000000000, -0.000000000000000000, -1.000000000000000000 ) ) ;
#4479 = CARTESIAN_POINT ( 'NONE',  ( 14.15928699750809727, -6.683542702917696587, 9.499999999999991118 ) ) ;
#4480 = DIRECTION ( 'NONE',  ( 1.000000000000000000, 0.000000000000000000, 0.000000000000000000 ) ) ;
#4481 = CARTESIAN_POINT ( 'NONE',  ( -37.28354270291752215, 41.65928699750855202, 0.4999999999999796274 ) ) ;
#4482 = DIRECTION ( 'NONE',  ( 0.000000000000000000, 0.7071067811865475727, 0.7071067811865475727 ) ) ;
#4483 = CYLINDRICAL_SURFACE ( 'NONE', #531, 2.100000000000004530 ) ;
#4484 = VERTEX_POINT ( 'NONE', #374 ) ;
#4485 = FACE_OUTER_BOUND ( 'NONE', #2791, .T. ) ;
#4486 = DIRECTION ( 'NONE',  ( 1.000000000000000000, 0.000000000000000000, 0.000000000000000000 ) ) ;
#4487 = EDGE_CURVE ( 'NONE', #2111, #4393, #3410, .T. ) ;
#4488 = ORIENTED_EDGE ( 'NONE', *, *, #2213, .T. ) ;
#4489 = CARTESIAN_POINT ( 'NONE',  ( -14.15928699750810082, 61.68354270291770547, 4.000000000000000000 ) ) ;
#4490 = EDGE_LOOP ( 'NONE', ( #2038, #2407 ) ) ;
#4491 = DIRECTION ( 'NONE',  ( 0.000000000000000000, -1.000000000000000000, 0.000000000000000000 ) ) ;
#4492 = CIRCLE ( 'NONE', #4201, 2.599999999999935696 ) ;
#4493 = FACE_OUTER_BOUND ( 'NONE', #429, .T. ) ;
#4494 = ORIENTED_EDGE ( 'NONE', *, *, #309, .T. ) ;
#4495 = DIRECTION ( 'NONE',  ( 0.7071067811865474617, 0.000000000000000000, 0.7071067811865474617 ) ) ;
#4496 = CARTESIAN_POINT ( 'NONE',  ( 14.15928699750854847, 61.68354270291752073, 4.000000000000000000 ) ) ;
#4497 = VERTEX_POINT ( 'NONE', #2608 ) ;
#4498 = EDGE_CURVE ( 'NONE', #3367, #1743, #2214, .T. ) ;
#4499 = AXIS2_PLACEMENT_3D ( 'NONE', #4093, #3365, #1302 ) ;
#4500 = CARTESIAN_POINT ( 'NONE',  ( 14.15928699750854847, 61.68354270291752073, 0.5000000000000559552 ) ) ;
#4501 = EDGE_LOOP ( 'NONE', ( #948, #2086 ) ) ;
#4502 = AXIS2_PLACEMENT_3D ( 'NONE', #2100, #3435, #989 ) ;
#4503 = CIRCLE ( 'NONE', #4432, 2.100000000000004530 ) ;
#4504 = AXIS2_PLACEMENT_3D ( 'NONE', #2327, #1232, #3736 ) ;
#4505 = AXIS2_PLACEMENT_3D ( 'NONE', #528, #1535, #807 ) ;
#4506 = DIRECTION ( 'NONE',  ( -1.000000000000000000, 0.000000000000000000, 0.000000000000000000 ) ) ;
#4507 = DIRECTION ( 'NONE',  ( 0.000000000000000000, 0.000000000000000000, 1.000000000000000000 ) ) ;
#4508 = DIRECTION ( 'NONE',  ( 1.000000000000000000, 0.000000000000000000, 0.000000000000000000 ) ) ;
#4509 = VECTOR ( 'NONE', #2983, 1000.000000000000000 ) ;
#4510 = EDGE_CURVE ( 'NONE', #159, #3667, #1984, .T. ) ;
#4511 = ORIENTED_EDGE ( 'NONE', *, *, #2424, .F. ) ;
#4512 = CARTESIAN_POINT ( 'NONE',  ( -66.75000000000002842, -79.60000000000002274, 6.999999999999995559 ) ) ;
#4513 = ADVANCED_FACE ( 'NONE', ( #1616 ), #202, .F. ) ;
#4514 = EDGE_CURVE ( 'NONE', #3099, #4407, #1218, .T. ) ;
#4515 = CIRCLE ( 'NONE', #2220, 3.099999999999998757 ) ;
#4516 = DIRECTION ( 'NONE',  ( -1.000000000000000000, 0.000000000000000000, 0.000000000000000000 ) ) ;
#4517 = EDGE_CURVE ( 'NONE', #498, #4540, #3345, .T. ) ;
#4518 = ORIENTED_EDGE ( 'NONE', *, *, #4169, .T. ) ;
#4519 = CARTESIAN_POINT ( 'NONE',  ( 66.75000000000002842, -75.40000000000000568, 23.00000000000000000 ) ) ;
#4520 = VERTEX_POINT ( 'NONE', #3039 ) ;
#4521 = LINE ( 'NONE', #3052, #1703 ) ;
#4522 = CARTESIAN_POINT ( 'NONE',  ( -12.40928699750809905, 61.68354270291770547, 9.500000000000023093 ) ) ;
#4523 = ORIENTED_EDGE ( 'NONE', *, *, #2044, .F. ) ;
#4524 = LINE ( 'NONE', #1000, #2422 ) ;
#4525 = ORIENTED_EDGE ( 'NONE', *, *, #2171, .T. ) ;
#4526 = CIRCLE ( 'NONE', #3713, 1.750000000000001554 ) ;
#4527 = DIRECTION ( 'NONE',  ( 1.000000000000000000, 0.000000000000000000, 0.000000000000000000 ) ) ;
#4528 = FACE_OUTER_BOUND ( 'NONE', #1785, .T. ) ;
#4529 = DIRECTION ( 'NONE',  ( -0.000000000000000000, -0.000000000000000000, 1.000000000000000000 ) ) ;
#4530 = CARTESIAN_POINT ( 'NONE',  ( 14.15928699750854847, 61.68354270291752073, 9.499999999999987566 ) ) ;
#4531 = CIRCLE ( 'NONE', #1344, 3.599999999999992095 ) ;
#4532 = DIRECTION ( 'NONE',  ( 1.000000000000000000, 0.000000000000000000, 0.000000000000000000 ) ) ;
#4533 = CIRCLE ( 'NONE', #3720, 42.00000000000003553 ) ;
#4534 = EDGE_CURVE ( 'NONE', #1148, #3173, #3743, .T. ) ;
#4535 = DIRECTION ( 'NONE',  ( 0.000000000000000000, 0.000000000000000000, -1.000000000000000000 ) ) ;
#4536 = CIRCLE ( 'NONE', #3123, 23.75000000000000355 ) ;
#4537 = DIRECTION ( 'NONE',  ( 1.000000000000000000, 0.000000000000000000, 0.000000000000000000 ) ) ;
#4538 = ORIENTED_EDGE ( 'NONE', *, *, #3882, .T. ) ;
#4539 = EDGE_CURVE ( 'NONE', #449, #3806, #3088, .T. ) ;
#4540 = VERTEX_POINT ( 'NONE', #3670 ) ;
#4541 = DIRECTION ( 'NONE',  ( 1.000000000000000000, 0.000000000000000000, 0.000000000000000000 ) ) ;
#4542 = FACE_BOUND ( 'NONE', #171, .T. ) ;
#4543 = CARTESIAN_POINT ( 'NONE',  ( 69.75000000000000000, -62.50000000000001421, 28.99999999999999645 ) ) ;
#4544 = ORIENTED_EDGE ( 'NONE', *, *, #2676, .F. ) ;
#4545 = DIRECTION ( 'NONE',  ( 0.000000000000000000, 0.000000000000000000, -1.000000000000000000 ) ) ;
#4546 = ORIENTED_EDGE ( 'NONE', *, *, #20, .F. ) ;
#4547 = CARTESIAN_POINT ( 'NONE',  ( -36.43354270291749231, 41.65928699750855202, 10.00000000000000000 ) ) ;
#4548 = CARTESIAN_POINT ( 'NONE',  ( -33.75000000000000711, -42.49999999999999289, 22.00000000000000000 ) ) ;
#4549 = FACE_OUTER_BOUND ( 'NONE', #360, .T. ) ;
#4550 = CYLINDRICAL_SURFACE ( 'NONE', #2355, 3.099999999999998757 ) ;
#4551 = LINE ( 'NONE', #1381, #455 ) ;
#4552 = DIRECTION ( 'NONE',  ( -8.410780489584520404E-17, 1.000000000000000000, 0.000000000000000000 ) ) ;
#4553 = ORIENTED_EDGE ( 'NONE', *, *, #823, .F. ) ;
#4554 = CARTESIAN_POINT ( 'NONE',  ( -66.75000000000002842, -75.40000000000000568, 23.00000000000000000 ) ) ;
#4555 = ORIENTED_EDGE ( 'NONE', *, *, #549, .F. ) ;
#4556 = ORIENTED_EDGE ( 'NONE', *, *, #1667, .F. ) ;
#4557 = LINE ( 'NONE', #3143, #196 ) ;
#4558 = EDGE_CURVE ( 'NONE', #4290, #1178, #4441, .T. ) ;
#4559 = EDGE_LOOP ( 'NONE', ( #2250, #4544, #3369, #3955, #3613 ) ) ;
#4560 = DIRECTION ( 'NONE',  ( -0.000000000000000000, -0.000000000000000000, 1.000000000000000000 ) ) ;
#4561 = ORIENTED_EDGE ( 'NONE', *, *, #3046, .T. ) ;
#4562 = LINE ( 'NONE', #2466, #4118 ) ;
#4563 = VECTOR ( 'NONE', #2944, 1000.000000000000000 ) ;
#4564 = ORIENTED_EDGE ( 'NONE', *, *, #1880, .T. ) ;
#4565 = ORIENTED_EDGE ( 'NONE', *, *, #1399, .T. ) ;
#4566 = CONICAL_SURFACE ( 'NONE', #3381, 3.100000000000001865, 0.7853981633974639331 ) ;
#4567 = CARTESIAN_POINT ( 'NONE',  ( -74.75000000000000000, -72.50000000000001421, 0.000000000000000000 ) ) ;
#4568 = AXIS2_PLACEMENT_3D ( 'NONE', #2922, #811, #440 ) ;
#4569 = DIRECTION ( 'NONE',  ( 1.000000000000000000, 0.000000000000000000, 0.000000000000000000 ) ) ;
#4570 = DIRECTION ( 'NONE',  ( 0.000000000000000000, 0.000000000000000000, -1.000000000000000000 ) ) ;
#4571 = DIRECTION ( 'NONE',  ( -1.000000000000000000, 9.912705577010326782E-17, -0.000000000000000000 ) ) ;
#4572 = AXIS2_PLACEMENT_3D ( 'NONE', #2886, #3259, #27 ) ;
#4573 = DIRECTION ( 'NONE',  ( -8.410780489584520404E-17, 1.000000000000000000, 0.000000000000000000 ) ) ;
#4574 = ORIENTED_EDGE ( 'NONE', *, *, #3537, .F. ) ;
#4575 = VECTOR ( 'NONE', #561, 1000.000000000000114 ) ;
#4576 = CONICAL_SURFACE ( 'NONE', #3531, 1.749999999999999778, 0.7853981633974396193 ) ;
#4577 = FACE_OUTER_BOUND ( 'NONE', #1223, .T. ) ;
#4578 = AXIS2_PLACEMENT_3D ( 'NONE', #2628, #143, #3726 ) ;
#4579 = ORIENTED_EDGE ( 'NONE', *, *, #1027, .F. ) ;
#4580 = ORIENTED_EDGE ( 'NONE', *, *, #3909, .F. ) ;
#4581 =( LENGTH_UNIT ( ) NAMED_UNIT ( * ) SI_UNIT ( .MILLI., .METRE. ) );
#4582 = ORIENTED_EDGE ( 'NONE', *, *, #2148, .T. ) ;
#4583 = CARTESIAN_POINT ( 'NONE',  ( -14.15928699750854491, -6.683542702917516287, 4.000000000000000000 ) ) ;
#4584 = ORIENTED_EDGE ( 'NONE', *, *, #1655, .F. ) ;
#4585 = DIRECTION ( 'NONE',  ( 1.000000000000000000, 0.000000000000000000, 0.000000000000000000 ) ) ;
#4586 = ORIENTED_EDGE ( 'NONE', *, *, #3346, .F. ) ;
#4587 = EDGE_LOOP ( 'NONE', ( #2068, #974, #105, #3993 ) ) ;
#4588 = DIRECTION ( 'NONE',  ( 1.000000000000000000, 0.000000000000000000, 0.000000000000000000 ) ) ;
#4589 = EDGE_CURVE ( 'NONE', #3420, #1644, #3458, .T. ) ;
#4590 = CYLINDRICAL_SURFACE ( 'NONE', #2358, 1.750000000000001554 ) ;
#4591 = EDGE_CURVE ( 'NONE', #2012, #3351, #1240, .T. ) ;
ENDSEC;
END-ISO-10303-21;
